rocada_id,trecho_id,rodovia,sentido,km_mid,grid_cell_id,occurred_on,height_before_cm,height_after_cm,trigger_height_cm,delay_days,reason,source,data_source,provenance,generator_version,generator_seed,generator_params_hash,scenario
SP-021:norte:000000:2023-01-24,SP-021:norte:000000,SP-021,norte,0.25,open-meteo:era5_seamless:-23.4:-46.7,2023-01-24,70.47,6.16,50.17,2,trigger,synthetic,synthetic,synthetic,synth-v1.0.0,1337,932480f22477dd00,baseline
SP-021:norte:000000:2023-02-21,SP-021:norte:000000,SP-021,norte,0.25,open-meteo:era5_seamless:-23.4:-46.7,2023-02-21,65.86,4.68,50.17,2,trigger,synthetic,synthetic,synthetic,synth-v1.0.0,1337,932480f22477dd00,baseline
SP-021:norte:000000:2023-03-21,SP-021:norte:000000,SP-021,norte,0.25,open-meteo:era5_seamless:-23.4:-46.7,2023-03-21,66.4,4.37,50.17,2,trigger,synthetic,synthetic,synthetic,synth-v1.0.0,1337,932480f22477dd00,baseline
SP-021:norte:000000:2023-05-04,SP-021:norte:000000,SP-021,norte,0.25,open-meteo:era5_seamless:-23.4:-46.7,2023-05-04,65.09,5.92,50.17,4,trigger,synthetic,synthetic,synthetic,synth-v1.0.0,1337,932480f22477dd00,baseline
SP-021:norte:000000:2023-08-15,SP-021:norte:000000,SP-021,norte,0.25,open-meteo:era5_seamless:-23.4:-46.7,2023-08-15,75.83,3.45,50.17,16,trigger,synthetic,synthetic,synthetic,synth-v1.0.0,1337,932480f22477dd00,baseline
SP-021:norte:000000:2023-10-16,SP-021:norte:000000,SP-021,norte,0.25,open-meteo:era5_seamless:-23.4:-46.7,2023-10-16,85.61,6.1,50.17,22,trigger,synthetic,synthetic,synthetic,synth-v1.0.0,1337,932480f22477dd00,baseline
SP-021:norte:000000:2023-11-16,SP-021:norte:000000,SP-021,norte,0.25,open-meteo:era5_seamless:-23.4:-46.7,2023-11-16,65.45,7.87,50.17,4,trigger,synthetic,synthetic,synthetic,synth-v1.0.0,1337,932480f22477dd00,baseline
SP-021:norte:000000:2024-01-02,SP-021:norte:000000,SP-021,norte,0.25,open-meteo:era5_seamless:-23.4:-46.7,2024-01-02,89.3,3.63,50.17,16,trigger,synthetic,synthetic,synthetic,synth-v1.0.0,1337,932480f22477dd00,baseline
SP-021:norte:000000:2024-02-08,SP-021:norte:000000,SP-021,norte,0.25,open-meteo:era5_seamless:-23.4:-46.7,2024-02-08,70.69,3.12,50.17,4,trigger,synthetic,synthetic,synthetic,synth-v1.0.0,1337,932480f22477dd00,baseline
SP-021:norte:000000:2024-03-23,SP-021:norte:000000,SP-021,norte,0.25,open-meteo:era5_seamless:-23.4:-46.7,2024-03-23,89.86,4.87,50.17,13,trigger,synthetic,synthetic,synthetic,synth-v1.0.0,1337,932480f22477dd00,baseline
SP-021:norte:000000:2024-04-25,SP-021:norte:000000,SP-021,norte,0.25,open-meteo:era5_seamless:-23.4:-46.7,2024-04-25,65.92,6.77,50.17,4,trigger,synthetic,synthetic,synthetic,synth-v1.0.0,1337,932480f22477dd00,baseline
SP-021:norte:000000:2024-05-26,SP-021:norte:000000,SP-021,norte,0.25,open-meteo:era5_seamless:-23.4:-46.7,2024-05-26,63.77,7.09,50.17,7,trigger,synthetic,synthetic,synthetic,synth-v1.0.0,1337,932480f22477dd00,baseline
SP-021:norte:000000:2024-08-09,SP-021:norte:000000,SP-021,norte,0.25,open-meteo:era5_seamless:-23.4:-46.7,2024-08-09,74.31,7.92,50.17,12,trigger,synthetic,synthetic,synthetic,synth-v1.0.0,1337,932480f22477dd00,baseline
SP-021:norte:000000:2024-09-29,SP-021:norte:000000,SP-021,norte,0.25,open-meteo:era5_seamless:-23.4:-46.7,2024-09-29,80.68,4.73,50.17,14,trigger,synthetic,synthetic,synthetic,synth-v1.0.0,1337,932480f22477dd00,baseline
SP-021:norte:000000:2024-11-03,SP-021:norte:000000,SP-021,norte,0.25,open-meteo:era5_seamless:-23.4:-46.7,2024-11-03,47.78,6.69,50.17,7,proactive,synthetic,synthetic,synthetic,synth-v1.0.0,1337,932480f22477dd00,baseline
SP-021:norte:000000:2024-12-06,SP-021:norte:000000,SP-021,norte,0.25,open-meteo:era5_seamless:-23.4:-46.7,2024-12-06,66.06,3.6,50.17,5,trigger,synthetic,synthetic,synthetic,synth-v1.0.0,1337,932480f22477dd00,baseline
SP-021:norte:000000:2025-01-28,SP-021:norte:000000,SP-021,norte,0.25,open-meteo:era5_seamless:-23.4:-46.7,2025-01-28,90.73,3.21,50.17,16,trigger,synthetic,synthetic,synthetic,synth-v1.0.0,1337,932480f22477dd00,baseline
SP-021:norte:000000:2025-02-20,SP-021:norte:000000,SP-021,norte,0.25,open-meteo:era5_seamless:-23.4:-46.7,2025-02-20,45.04,4.2,50.17,4,proactive,synthetic,synthetic,synthetic,synth-v1.0.0,1337,932480f22477dd00,baseline
SP-021:norte:000000:2025-04-06,SP-021:norte:000000,SP-021,norte,0.25,open-meteo:era5_seamless:-23.4:-46.7,2025-04-06,86.23,5.65,50.17,14,trigger,synthetic,synthetic,synthetic,synth-v1.0.0,1337,932480f22477dd00,baseline
SP-021:norte:000000:2025-05-14,SP-021:norte:000000,SP-021,norte,0.25,open-meteo:era5_seamless:-23.4:-46.7,2025-05-14,54.74,7.33,50.17,3,trigger,synthetic,synthetic,synthetic,synth-v1.0.0,1337,932480f22477dd00,baseline
SP-021:norte:000000:2025-08-19,SP-021:norte:000000,SP-021,norte,0.25,open-meteo:era5_seamless:-23.4:-46.7,2025-08-19,53.18,5.83,50.17,2,trigger,synthetic,synthetic,synthetic,synth-v1.0.0,1337,932480f22477dd00,baseline
SP-021:norte:000000:2025-10-28,SP-021:norte:000000,SP-021,norte,0.25,open-meteo:era5_seamless:-23.4:-46.7,2025-10-28,84.66,3.73,50.17,16,trigger,synthetic,synthetic,synthetic,synth-v1.0.0,1337,932480f22477dd00,baseline
SP-021:norte:000000:2025-12-14,SP-021:norte:000000,SP-021,norte,0.25,open-meteo:era5_seamless:-23.4:-46.7,2025-12-14,71.18,5.32,50.17,7,trigger,synthetic,synthetic,synthetic,synth-v1.0.0,1337,932480f22477dd00,baseline
SP-021:norte:000000:2026-01-13,SP-021:norte:000000,SP-021,norte,0.25,open-meteo:era5_seamless:-23.4:-46.7,2026-01-13,68.94,3.15,50.17,2,trigger,synthetic,synthetic,synthetic,synth-v1.0.0,1337,932480f22477dd00,baseline
SP-021:norte:000000:2026-02-18,SP-021:norte:000000,SP-021,norte,0.25,open-meteo:era5_seamless:-23.4:-46.7,2026-02-18,70.46,6.15,50.17,3,trigger,synthetic,synthetic,synthetic,synth-v1.0.0,1337,932480f22477dd00,baseline
SP-021:norte:000000:2026-03-15,SP-021:norte:000000,SP-021,norte,0.25,open-meteo:era5_seamless:-23.4:-46.7,2026-03-15,50.56,6.41,50.17,7,proactive,synthetic,synthetic,synthetic,synth-v1.0.0,1337,932480f22477dd00,baseline
SP-021:norte:000000:2026-04-17,SP-021:norte:000000,SP-021,norte,0.25,open-meteo:era5_seamless:-23.4:-46.7,2026-04-17,70.59,4.12,50.17,5,trigger,synthetic,synthetic,synthetic,synth-v1.0.0,1337,932480f22477dd00,baseline
SP-021:norte:000000:2026-06-24,SP-021:norte:000000,SP-021,norte,0.25,open-meteo:era5_seamless:-23.4:-46.7,2026-06-24,51.46,7.6,50.17,3,trigger,synthetic,synthetic,synthetic,synth-v1.0.0,1337,932480f22477dd00,baseline
SP-021:norte:000000:2026-08-28,SP-021:norte:000000,SP-021,norte,0.25,open-meteo:era5_seamless:-23.4:-46.7,2026-08-28,65.07,7.34,50.17,5,trigger,synthetic,synthetic,synthetic,synth-v1.0.0,1337,932480f22477dd00,baseline
SP-021:sul:000000:2023-01-31,SP-021:sul:000000,SP-021,sul,0.25,open-meteo:era5_seamless:-23.4:-46.7,2023-01-31,100.65,7.94,49.79,9,trigger,synthetic,synthetic,synthetic,synth-v1.0.0,1337,932480f22477dd00,baseline
SP-021:sul:000000:2023-03-06,SP-021:sul:000000,SP-021,sul,0.25,open-meteo:era5_seamless:-23.4:-46.7,2023-03-06,106.28,6.65,49.79,15,trigger,synthetic,synthetic,synthetic,synth-v1.0.0,1337,932480f22477dd00,baseline
SP-021:sul:000000:2023-04-07,SP-021:sul:000000,SP-021,sul,0.25,open-meteo:era5_seamless:-23.4:-46.7,2023-04-07,100.19,4.67,49.79,12,trigger,synthetic,synthetic,synthetic,synth-v1.0.0,1337,932480f22477dd00,baseline
SP-021:sul:000000:2023-05-09,SP-021:sul:000000,SP-021,sul,0.25,open-meteo:era5_seamless:-23.4:-46.7,2023-05-09,56.31,6.73,49.79,2,trigger,synthetic,synthetic,synthetic,synth-v1.0.0,1337,932480f22477dd00,baseline
SP-021:sul:000000:2023-08-08,SP-021:sul:000000,SP-021,sul,0.25,open-meteo:era5_seamless:-23.4:-46.7,2023-08-08,76.56,4.85,49.79,9,trigger,synthetic,synthetic,synthetic,synth-v1.0.0,1337,932480f22477dd00,baseline
SP-021:sul:000000:2023-09-16,SP-021:sul:000000,SP-021,sul,0.25,open-meteo:era5_seamless:-23.4:-46.7,2023-09-16,68.66,6.09,49.79,6,trigger,synthetic,synthetic,synthetic,synth-v1.0.0,1337,932480f22477dd00,baseline
SP-021:sul:000000:2023-10-17,SP-021:sul:000000,SP-021,sul,0.25,open-meteo:era5_seamless:-23.4:-46.7,2023-10-17,77.93,4.29,49.79,9,trigger,synthetic,synthetic,synthetic,synth-v1.0.0,1337,932480f22477dd00,baseline
SP-021:sul:000000:2023-11-19,SP-021:sul:000000,SP-021,sul,0.25,open-meteo:era5_seamless:-23.4:-46.7,2023-11-19,90.4,5.07,49.79,7,trigger,synthetic,synthetic,synthetic,synth-v1.0.0,1337,932480f22477dd00,baseline
SP-021:sul:000000:2023-12-22,SP-021:sul:000000,SP-021,sul,0.25,open-meteo:era5_seamless:-23.4:-46.7,2023-12-22,92.04,4.78,49.79,5,trigger,synthetic,synthetic,synthetic,synth-v1.0.0,1337,932480f22477dd00,baseline
SP-021:sul:000000:2024-01-28,SP-021:sul:000000,SP-021,sul,0.25,open-meteo:era5_seamless:-23.4:-46.7,2024-01-28,95.82,5.51,49.79,14,trigger,synthetic,synthetic,synthetic,synth-v1.0.0,1337,932480f22477dd00,baseline
SP-021:sul:000000:2024-02-16,SP-021:sul:000000,SP-021,sul,0.25,open-meteo:era5_seamless:-23.4:-46.7,2024-02-16,53.32,7.75,49.79,5,proactive,synthetic,synthetic,synthetic,synth-v1.0.0,1337,932480f22477dd00,baseline
SP-021:sul:000000:2024-03-08,SP-021:sul:000000,SP-021,sul,0.25,open-meteo:era5_seamless:-23.4:-46.7,2024-03-08,74.02,6.69,49.79,5,trigger,synthetic,synthetic,synthetic,synth-v1.0.0,1337,932480f22477dd00,baseline
SP-021:sul:000000:2024-04-03,SP-021:sul:000000,SP-021,sul,0.25,open-meteo:era5_seamless:-23.4:-46.7,2024-04-03,86.4,4.04,49.79,3,trigger,synthetic,synthetic,synthetic,synth-v1.0.0,1337,932480f22477dd00,baseline
SP-021:sul:000000:2024-05-01,SP-021:sul:000000,SP-021,sul,0.25,open-meteo:era5_seamless:-23.4:-46.7,2024-05-01,72.11,5.46,49.79,3,trigger,synthetic,synthetic,synthetic,synth-v1.0.0,1337,932480f22477dd00,baseline
SP-021:sul:000000:2024-06-03,SP-021:sul:000000,SP-021,sul,0.25,open-meteo:era5_seamless:-23.4:-46.7,2024-06-03,56.35,3.32,49.79,8,trigger,synthetic,synthetic,synthetic,synth-v1.0.0,1337,932480f22477dd00,baseline
SP-021:sul:000000:2024-08-06,SP-021:sul:000000,SP-021,sul,0.25,open-meteo:era5_seamless:-23.4:-46.7,2024-08-06,71.4,3.69,49.79,2,trigger,synthetic,synthetic,synthetic,synth-v1.0.0,1337,932480f22477dd00,baseline
SP-021:sul:000000:2024-09-24,SP-021:sul:000000,SP-021,sul,0.25,open-meteo:era5_seamless:-23.4:-46.7,2024-09-24,84.63,3.26,49.79,9,trigger,synthetic,synthetic,synthetic,synth-v1.0.0,1337,932480f22477dd00,baseline
SP-021:sul:000000:2024-11-01,SP-021:sul:000000,SP-021,sul,0.25,open-meteo:era5_seamless:-23.4:-46.7,2024-11-01,70.17,3.67,49.79,5,trigger,synthetic,synthetic,synthetic,synth-v1.0.0,1337,932480f22477dd00,baseline
SP-021:sul:000000:2024-12-10,SP-021:sul:000000,SP-021,sul,0.25,open-meteo:era5_seamless:-23.4:-46.7,2024-12-10,94.35,4.9,49.79,9,trigger,synthetic,synthetic,synthetic,synth-v1.0.0,1337,932480f22477dd00,baseline
SP-021:sul:000000:2025-01-18,SP-021:sul:000000,SP-021,sul,0.25,open-meteo:era5_seamless:-23.4:-46.7,2025-01-18,104.21,4.57,49.79,13,trigger,synthetic,synthetic,synthetic,synth-v1.0.0,1337,932480f22477dd00,baseline
SP-021:sul:000000:2025-02-19,SP-021:sul:000000,SP-021,sul,0.25,open-meteo:era5_seamless:-23.4:-46.7,2025-02-19,102.91,4.07,49.79,10,trigger,synthetic,synthetic,synthetic,synth-v1.0.0,1337,932480f22477dd00,baseline
SP-021:sul:000000:2025-03-29,SP-021:sul:000000,SP-021,sul,0.25,open-meteo:era5_seamless:-23.4:-46.7,2025-03-29,101.76,5.69,49.79,13,trigger,synthetic,synthetic,synthetic,synth-v1.0.0,1337,932480f22477dd00,baseline
SP-021:sul:000000:2025-05-02,SP-021:sul:000000,SP-021,sul,0.25,open-meteo:era5_seamless:-23.4:-46.7,2025-05-02,78.32,7.02,49.79,5,trigger,synthetic,synthetic,synthetic,synth-v1.0.0,1337,932480f22477dd00,baseline
SP-021:sul:000000:2025-06-13,SP-021:sul:000000,SP-021,sul,0.25,open-meteo:era5_seamless:-23.4:-46.7,2025-06-13,52.29,4.96,49.79,5,trigger,synthetic,synthetic,synthetic,synth-v1.0.0,1337,932480f22477dd00,baseline
SP-021:sul:000000:2025-09-08,SP-021:sul:000000,SP-021,sul,0.25,open-meteo:era5_seamless:-23.4:-46.7,2025-09-08,72.6,6.2,49.79,8,trigger,synthetic,synthetic,synthetic,synth-v1.0.0,1337,932480f22477dd00,baseline
SP-021:sul:000000:2025-10-21,SP-021:sul:000000,SP-021,sul,0.25,open-meteo:era5_seamless:-23.4:-46.7,2025-10-21,74.38,6.35,49.79,9,trigger,synthetic,synthetic,synthetic,synth-v1.0.0,1337,932480f22477dd00,baseline
SP-021:sul:000000:2025-11-30,SP-021:sul:000000,SP-021,sul,0.25,open-meteo:era5_seamless:-23.4:-46.7,2025-11-30,83.89,5.59,49.79,7,trigger,synthetic,synthetic,synthetic,synth-v1.0.0,1337,932480f22477dd00,baseline
SP-021:sul:000000:2026-01-05,SP-021:sul:000000,SP-021,sul,0.25,open-meteo:era5_seamless:-23.4:-46.7,2026-01-05,102.12,6.1,49.79,8,trigger,synthetic,synthetic,synthetic,synth-v1.0.0,1337,932480f22477dd00,baseline
SP-021:sul:000000:2026-02-18,SP-021:sul:000000,SP-021,sul,0.25,open-meteo:era5_seamless:-23.4:-46.7,2026-02-18,107.87,6.11,49.79,17,trigger,synthetic,synthetic,synthetic,synth-v1.0.0,1337,932480f22477dd00,baseline
SP-021:sul:000000:2026-03-24,SP-021:sul:000000,SP-021,sul,0.25,open-meteo:era5_seamless:-23.4:-46.7,2026-03-24,100.06,7.02,49.79,9,trigger,synthetic,synthetic,synthetic,synth-v1.0.0,1337,932480f22477dd00,baseline
SP-021:sul:000000:2026-04-15,SP-021:sul:000000,SP-021,sul,0.25,open-meteo:era5_seamless:-23.4:-46.7,2026-04-15,57.46,3.08,49.79,3,trigger,synthetic,synthetic,synthetic,synth-v1.0.0,1337,932480f22477dd00,baseline
SP-021:sul:000000:2026-06-05,SP-021:sul:000000,SP-021,sul,0.25,open-meteo:era5_seamless:-23.4:-46.7,2026-06-05,64.81,5.78,49.79,5,trigger,synthetic,synthetic,synthetic,synth-v1.0.0,1337,932480f22477dd00,baseline
SP-021:sul:000000:2026-08-20,SP-021:sul:000000,SP-021,sul,0.25,open-meteo:era5_seamless:-23.4:-46.7,2026-08-20,83.83,3.96,49.79,11,trigger,synthetic,synthetic,synthetic,synth-v1.0.0,1337,932480f22477dd00,baseline
SP-021:norte:000500:2023-03-11,SP-021:norte:000500,SP-021,norte,0.75,open-meteo:era5_seamless:-23.4:-46.7,2023-03-11,99.16,4.26,58.64,20,trigger,synthetic,synthetic,synthetic,synth-v1.0.0,1337,932480f22477dd00,baseline
SP-021:norte:000500:2023-05-27,SP-021:norte:000500,SP-021,norte,0.75,open-meteo:era5_seamless:-23.4:-46.7,2023-05-27,77.81,6.74,58.64,20,trigger,synthetic,synthetic,synthetic,synth-v1.0.0,1337,932480f22477dd00,baseline
SP-021:norte:000500:2023-09-18,SP-021:norte:000500,SP-021,norte,0.75,open-meteo:era5_seamless:-23.4:-46.7,2023-09-18,77.75,7.76,58.64,8,trigger,synthetic,synthetic,synthetic,synth-v1.0.0,1337,932480f22477dd00,baseline
SP-021:norte:000500:2023-11-17,SP-021:norte:000500,SP-021,norte,0.75,open-meteo:era5_seamless:-23.4:-46.7,2023-11-17,89.92,4.66,58.64,5,trigger,synthetic,synthetic,synthetic,synth-v1.0.0,1337,932480f22477dd00,baseline
SP-021:norte:000500:2024-01-17,SP-021:norte:000500,SP-021,norte,0.75,open-meteo:era5_seamless:-23.4:-46.7,2024-01-17,85.29,4.97,58.64,3,trigger,synthetic,synthetic,synthetic,synth-v1.0.0,1337,932480f22477dd00,baseline
SP-021:norte:000500:2024-02-27,SP-021:norte:000500,SP-021,norte,0.75,open-meteo:era5_seamless:-23.4:-46.7,2024-02-27,62.97,7.12,58.64,2,trigger,synthetic,synthetic,synthetic,synth-v1.0.0,1337,932480f22477dd00,baseline
SP-021:norte:000500:2024-04-19,SP-021:norte:000500,SP-021,norte,0.75,open-meteo:era5_seamless:-23.4:-46.7,2024-04-19,90.47,5.29,58.64,19,trigger,synthetic,synthetic,synthetic,synth-v1.0.0,1337,932480f22477dd00,baseline
SP-021:norte:000500:2024-07-01,SP-021:norte:000500,SP-021,norte,0.75,open-meteo:era5_seamless:-23.4:-46.7,2024-07-01,71.24,5.63,58.64,8,trigger,synthetic,synthetic,synthetic,synth-v1.0.0,1337,932480f22477dd00,baseline
SP-021:norte:000500:2024-09-07,SP-021:norte:000500,SP-021,norte,0.75,open-meteo:era5_seamless:-23.4:-46.7,2024-09-07,37.54,6.11,58.64,6,proactive,synthetic,synthetic,synthetic,synth-v1.0.0,1337,932480f22477dd00,baseline
SP-021:norte:000500:2024-11-07,SP-021:norte:000500,SP-021,norte,0.75,open-meteo:era5_seamless:-23.4:-46.7,2024-11-07,70.07,4.2,58.64,4,trigger,synthetic,synthetic,synthetic,synth-v1.0.0,1337,932480f22477dd00,baseline
SP-021:norte:000500:2025-01-06,SP-021:norte:000500,SP-021,norte,0.75,open-meteo:era5_seamless:-23.4:-46.7,2025-01-06,86.49,6.07,58.64,15,trigger,synthetic,synthetic,synthetic,synth-v1.0.0,1337,932480f22477dd00,baseline
SP-021:norte:000500:2025-02-11,SP-021:norte:000500,SP-021,norte,0.75,open-meteo:era5_seamless:-23.4:-46.7,2025-02-11,62.4,4.75,58.64,2,trigger,synthetic,synthetic,synthetic,synth-v1.0.0,1337,932480f22477dd00,baseline
SP-021:norte:000500:2025-03-25,SP-021:norte:000500,SP-021,norte,0.75,open-meteo:era5_seamless:-23.4:-46.7,2025-03-25,69.48,7.11,58.64,2,trigger,synthetic,synthetic,synthetic,synth-v1.0.0,1337,932480f22477dd00,baseline
SP-021:norte:000500:2025-05-27,SP-021:norte:000500,SP-021,norte,0.75,open-meteo:era5_seamless:-23.4:-46.7,2025-05-27,71.78,5.07,58.64,9,trigger,synthetic,synthetic,synthetic,synth-v1.0.0,1337,932480f22477dd00,baseline
SP-021:norte:000500:2025-10-15,SP-021:norte:000500,SP-021,norte,0.75,open-meteo:era5_seamless:-23.4:-46.7,2025-10-15,75.69,5.17,58.64,3,trigger,synthetic,synthetic,synthetic,synth-v1.0.0,1337,932480f22477dd00,baseline
SP-021:norte:000500:2025-12-21,SP-021:norte:000500,SP-021,norte,0.75,open-meteo:era5_seamless:-23.4:-46.7,2025-12-21,71.87,3.26,58.64,7,trigger,synthetic,synthetic,synthetic,synth-v1.0.0,1337,932480f22477dd00,baseline
SP-021:norte:000500:2026-02-07,SP-021:norte:000500,SP-021,norte,0.75,open-meteo:era5_seamless:-23.4:-46.7,2026-02-07,55.21,6.31,58.64,6,proactive,synthetic,synthetic,synthetic,synth-v1.0.0,1337,932480f22477dd00,baseline
SP-021:norte:000500:2026-03-28,SP-021:norte:000500,SP-021,norte,0.75,open-meteo:era5_seamless:-23.4:-46.7,2026-03-28,86.15,7.47,58.64,13,trigger,synthetic,synthetic,synthetic,synth-v1.0.0,1337,932480f22477dd00,baseline
SP-021:norte:000500:2026-06-06,SP-021:norte:000500,SP-021,norte,0.75,open-meteo:era5_seamless:-23.4:-46.7,2026-06-06,71.41,5.39,58.64,20,trigger,synthetic,synthetic,synthetic,synth-v1.0.0,1337,932480f22477dd00,baseline
SP-021:sul:000500:2023-02-11,SP-021:sul:000500,SP-021,sul,0.75,open-meteo:era5_seamless:-23.4:-46.7,2023-02-11,90.96,3.62,63.14,6,trigger,synthetic,synthetic,synthetic,synth-v1.0.0,1337,932480f22477dd00,baseline
SP-021:sul:000500:2023-03-15,SP-021:sul:000500,SP-021,sul,0.75,open-meteo:era5_seamless:-23.4:-46.7,2023-03-15,66.47,5.86,63.14,10,proactive,synthetic,synthetic,synthetic,synth-v1.0.0,1337,932480f22477dd00,baseline
SP-021:sul:000500:2023-05-05,SP-021:sul:000500,SP-021,sul,0.75,open-meteo:era5_seamless:-23.4:-46.7,2023-05-05,91.13,4.45,63.14,5,trigger,synthetic,synthetic,synthetic,synth-v1.0.0,1337,932480f22477dd00,baseline
SP-021:sul:000500:2023-08-22,SP-021:sul:000500,SP-021,sul,0.75,open-meteo:era5_seamless:-23.4:-46.7,2023-08-22,75.26,5.33,63.14,2,trigger,synthetic,synthetic,synthetic,synth-v1.0.0,1337,932480f22477dd00,baseline
SP-021:sul:000500:2023-10-12,SP-021:sul:000500,SP-021,sul,0.75,open-meteo:era5_seamless:-23.4:-46.7,2023-10-12,88.72,6.13,63.14,4,trigger,synthetic,synthetic,synthetic,synth-v1.0.0,1337,932480f22477dd00,baseline
SP-021:sul:000500:2023-11-23,SP-021:sul:000500,SP-021,sul,0.75,open-meteo:era5_seamless:-23.4:-46.7,2023-11-23,93.14,6.32,63.14,4,trigger,synthetic,synthetic,synthetic,synth-v1.0.0,1337,932480f22477dd00,baseline
SP-021:sul:000500:2024-01-01,SP-021:sul:000500,SP-021,sul,0.75,open-meteo:era5_seamless:-23.4:-46.7,2024-01-01,92.0,7.44,63.14,8,trigger,synthetic,synthetic,synthetic,synth-v1.0.0,1337,932480f22477dd00,baseline
SP-021:sul:000500:2024-02-26,SP-021:sul:000500,SP-021,sul,0.75,open-meteo:era5_seamless:-23.4:-46.7,2024-02-26,110.82,4.78,63.14,8,trigger,synthetic,synthetic,synthetic,synth-v1.0.0,1337,932480f22477dd00,baseline
SP-021:sul:000500:2024-03-27,SP-021:sul:000500,SP-021,sul,0.75,open-meteo:era5_seamless:-23.4:-46.7,2024-03-27,75.1,5.34,63.14,3,trigger,synthetic,synthetic,synthetic,synth-v1.0.0,1337,932480f22477dd00,baseline
SP-021:sul:000500:2024-05-12,SP-021:sul:000500,SP-021,sul,0.75,open-meteo:era5_seamless:-23.4:-46.7,2024-05-12,96.97,7.91,63.14,21,proactive,synthetic,synthetic,synthetic,synth-v1.0.0,1337,932480f22477dd00,baseline
SP-021:sul:000500:2024-07-25,SP-021:sul:000500,SP-021,sul,0.75,open-meteo:era5_seamless:-23.4:-46.7,2024-07-25,76.26,3.56,63.14,11,trigger,synthetic,synthetic,synthetic,synth-v1.0.0,1337,932480f22477dd00,baseline
SP-021:sul:000500:2024-09-30,SP-021:sul:000500,SP-021,sul,0.75,open-meteo:era5_seamless:-23.4:-46.7,2024-09-30,85.94,5.78,63.14,8,trigger,synthetic,synthetic,synthetic,synth-v1.0.0,1337,932480f22477dd00,baseline
SP-021:sul:000500:2024-11-14,SP-021:sul:000500,SP-021,sul,0.75,open-meteo:era5_seamless:-23.4:-46.7,2024-11-14,73.52,4.32,63.14,4,trigger,synthetic,synthetic,synthetic,synth-v1.0.0,1337,932480f22477dd00,baseline
SP-021:sul:000500:2025-01-01,SP-021:sul:000500,SP-021,sul,0.75,open-meteo:era5_seamless:-23.4:-46.7,2025-01-01,102.92,4.93,63.14,10,trigger,synthetic,synthetic,synthetic,synth-v1.0.0,1337,932480f22477dd00,baseline
SP-021:sul:000500:2025-02-10,SP-021:sul:000500,SP-021,sul,0.75,open-meteo:era5_seamless:-23.4:-46.7,2025-02-10,96.9,6.26,63.14,8,trigger,synthetic,synthetic,synthetic,synth-v1.0.0,1337,932480f22477dd00,baseline
SP-021:sul:000500:2025-03-12,SP-021:sul:000500,SP-021,sul,0.75,open-meteo:era5_seamless:-23.4:-46.7,2025-03-12,86.63,6.67,63.14,3,trigger,synthetic,synthetic,synthetic,synth-v1.0.0,1337,932480f22477dd00,baseline
SP-021:sul:000500:2025-04-25,SP-021:sul:000500,SP-021,sul,0.75,open-meteo:era5_seamless:-23.4:-46.7,2025-04-25,87.52,7.61,63.14,5,trigger,synthetic,synthetic,synthetic,synth-v1.0.0,1337,932480f22477dd00,baseline
SP-021:sul:000500:2025-07-04,SP-021:sul:000500,SP-021,sul,0.75,open-meteo:era5_seamless:-23.4:-46.7,2025-07-04,69.47,6.86,63.14,5,trigger,synthetic,synthetic,synthetic,synth-v1.0.0,1337,932480f22477dd00,baseline
SP-021:sul:000500:2025-10-03,SP-021:sul:000500,SP-021,sul,0.75,open-meteo:era5_seamless:-23.4:-46.7,2025-10-03,82.94,6.82,63.14,5,trigger,synthetic,synthetic,synthetic,synth-v1.0.0,1337,932480f22477dd00,baseline
SP-021:sul:000500:2025-11-28,SP-021:sul:000500,SP-021,sul,0.75,open-meteo:era5_seamless:-23.4:-46.7,2025-11-28,79.44,5.83,63.14,5,trigger,synthetic,synthetic,synthetic,synth-v1.0.0,1337,932480f22477dd00,baseline
SP-021:sul:000500:2026-01-27,SP-021:sul:000500,SP-021,sul,0.75,open-meteo:era5_seamless:-23.4:-46.7,2026-01-27,109.41,3.63,63.14,23,trigger,synthetic,synthetic,synthetic,synth-v1.0.0,1337,932480f22477dd00,baseline
SP-021:sul:000500:2026-03-14,SP-021:sul:000500,SP-021,sul,0.75,open-meteo:era5_seamless:-23.4:-46.7,2026-03-14,97.39,3.95,63.14,6,trigger,synthetic,synthetic,synthetic,synth-v1.0.0,1337,932480f22477dd00,baseline
SP-021:sul:000500:2026-04-27,SP-021:sul:000500,SP-021,sul,0.75,open-meteo:era5_seamless:-23.4:-46.7,2026-04-27,82.08,6.22,63.14,8,trigger,synthetic,synthetic,synthetic,synth-v1.0.0,1337,932480f22477dd00,baseline
SP-021:sul:000500:2026-08-03,SP-021:sul:000500,SP-021,sul,0.75,open-meteo:era5_seamless:-23.4:-46.7,2026-08-03,73.93,5.81,63.14,8,trigger,synthetic,synthetic,synthetic,synth-v1.0.0,1337,932480f22477dd00,baseline
SP-021:norte:001000:2023-02-02,SP-021:norte:001000,SP-021,norte,1.25,open-meteo:era5_seamless:-23.4:-46.7,2023-02-02,67.24,3.72,47.69,4,trigger,synthetic,synthetic,synthetic,synth-v1.0.0,1337,932480f22477dd00,baseline
SP-021:norte:001000:2023-03-20,SP-021:norte:001000,SP-021,norte,1.25,open-meteo:era5_seamless:-23.4:-46.7,2023-03-20,95.81,7.87,47.69,15,trigger,synthetic,synthetic,synthetic,synth-v1.0.0,1337,932480f22477dd00,baseline
SP-021:norte:001000:2023-04-28,SP-021:norte:001000,SP-021,norte,1.25,open-meteo:era5_seamless:-23.4:-46.7,2023-04-28,64.66,3.13,47.69,5,trigger,synthetic,synthetic,synthetic,synth-v1.0.0,1337,932480f22477dd00,baseline
SP-021:norte:001000:2023-08-26,SP-021:norte:001000,SP-021,norte,1.25,open-meteo:era5_seamless:-23.4:-46.7,2023-08-26,73.59,3.3,47.69,13,trigger,synthetic,synthetic,synthetic,synth-v1.0.0,1337,932480f22477dd00,baseline
SP-021:norte:001000:2023-10-13,SP-021:norte:001000,SP-021,norte,1.25,open-meteo:era5_seamless:-23.4:-46.7,2023-10-13,61.49,7.74,47.69,5,trigger,synthetic,synthetic,synthetic,synth-v1.0.0,1337,932480f22477dd00,baseline
SP-021:norte:001000:2023-11-29,SP-021:norte:001000,SP-021,norte,1.25,open-meteo:era5_seamless:-23.4:-46.7,2023-11-29,92.42,4.08,47.69,17,trigger,synthetic,synthetic,synthetic,synth-v1.0.0,1337,932480f22477dd00,baseline
SP-021:norte:001000:2024-01-09,SP-021:norte:001000,SP-021,norte,1.25,open-meteo:era5_seamless:-23.4:-46.7,2024-01-09,70.1,3.4,47.69,9,trigger,synthetic,synthetic,synthetic,synth-v1.0.0,1337,932480f22477dd00,baseline
SP-021:norte:001000:2024-02-19,SP-021:norte:001000,SP-021,norte,1.25,open-meteo:era5_seamless:-23.4:-46.7,2024-02-19,76.35,4.78,47.69,8,trigger,synthetic,synthetic,synthetic,synth-v1.0.0,1337,932480f22477dd00,baseline
SP-021:norte:001000:2024-04-04,SP-021:norte:001000,SP-021,norte,1.25,open-meteo:era5_seamless:-23.4:-46.7,2024-04-04,96.72,5.33,47.69,18,trigger,synthetic,synthetic,synthetic,synth-v1.0.0,1337,932480f22477dd00,baseline
SP-021:norte:001000:2024-05-16,SP-021:norte:001000,SP-021,norte,1.25,open-meteo:era5_seamless:-23.4:-46.7,2024-05-16,75.99,7.99,47.69,11,trigger,synthetic,synthetic,synthetic,synth-v1.0.0,1337,932480f22477dd00,baseline
SP-021:norte:001000:2024-08-05,SP-021:norte:001000,SP-021,norte,1.25,open-meteo:era5_seamless:-23.4:-46.7,2024-08-05,63.81,6.77,47.69,8,trigger,synthetic,synthetic,synthetic,synth-v1.0.0,1337,932480f22477dd00,baseline
SP-021:norte:001000:2024-10-08,SP-021:norte:001000,SP-021,norte,1.25,open-meteo:era5_seamless:-23.4:-46.7,2024-10-08,80.67,7.79,47.69,9,trigger,synthetic,synthetic,synthetic,synth-v1.0.0,1337,932480f22477dd00,baseline
SP-021:norte:001000:2024-11-17,SP-021:norte:001000,SP-021,norte,1.25,open-meteo:era5_seamless:-23.4:-46.7,2024-11-17,68.75,3.83,47.69,7,trigger,synthetic,synthetic,synthetic,synth-v1.0.0,1337,932480f22477dd00,baseline
SP-021:norte:001000:2025-01-02,SP-021:norte:001000,SP-021,norte,1.25,open-meteo:era5_seamless:-23.4:-46.7,2025-01-02,88.45,7.74,47.69,11,trigger,synthetic,synthetic,synthetic,synth-v1.0.0,1337,932480f22477dd00,baseline
SP-021:norte:001000:2025-01-31,SP-021:norte:001000,SP-021,norte,1.25,open-meteo:era5_seamless:-23.4:-46.7,2025-01-31,68.46,6.55,47.69,5,trigger,synthetic,synthetic,synthetic,synth-v1.0.0,1337,932480f22477dd00,baseline
SP-021:norte:001000:2025-02-25,SP-021:norte:001000,SP-021,norte,1.25,open-meteo:era5_seamless:-23.4:-46.7,2025-02-25,67.57,3.41,47.69,2,trigger,synthetic,synthetic,synthetic,synth-v1.0.0,1337,932480f22477dd00,baseline
SP-021:norte:001000:2025-04-12,SP-021:norte:001000,SP-021,norte,1.25,open-meteo:era5_seamless:-23.4:-46.7,2025-04-12,72.85,4.73,47.69,6,trigger,synthetic,synthetic,synthetic,synth-v1.0.0,1337,932480f22477dd00,baseline
SP-021:norte:001000:2025-06-02,SP-021:norte:001000,SP-021,norte,1.25,open-meteo:era5_seamless:-23.4:-46.7,2025-06-02,53.77,3.88,47.69,8,trigger,synthetic,synthetic,synthetic,synth-v1.0.0,1337,932480f22477dd00,baseline
SP-021:norte:001000:2025-10-03,SP-021:norte:001000,SP-021,norte,1.25,open-meteo:era5_seamless:-23.4:-46.7,2025-10-03,70.71,7.65,47.69,5,trigger,synthetic,synthetic,synthetic,synth-v1.0.0,1337,932480f22477dd00,baseline
SP-021:norte:001000:2025-11-20,SP-021:norte:001000,SP-021,norte,1.25,open-meteo:era5_seamless:-23.4:-46.7,2025-11-20,59.9,5.31,47.69,4,trigger,synthetic,synthetic,synthetic,synth-v1.0.0,1337,932480f22477dd00,baseline
SP-021:norte:001000:2026-01-05,SP-021:norte:001000,SP-021,norte,1.25,open-meteo:era5_seamless:-23.4:-46.7,2026-01-05,88.07,3.94,47.69,8,trigger,synthetic,synthetic,synthetic,synth-v1.0.0,1337,932480f22477dd00,baseline
SP-021:norte:001000:2026-02-18,SP-021:norte:001000,SP-021,norte,1.25,open-meteo:era5_seamless:-23.4:-46.7,2026-02-18,82.38,4.86,47.69,10,trigger,synthetic,synthetic,synthetic,synth-v1.0.0,1337,932480f22477dd00,baseline
SP-021:norte:001000:2026-04-03,SP-021:norte:001000,SP-021,norte,1.25,open-meteo:era5_seamless:-23.4:-46.7,2026-04-03,87.6,6.81,47.69,12,trigger,synthetic,synthetic,synthetic,synth-v1.0.0,1337,932480f22477dd00,baseline
SP-021:norte:001000:2026-05-27,SP-021:norte:001000,SP-021,norte,1.25,open-meteo:era5_seamless:-23.4:-46.7,2026-05-27,67.44,4.73,47.69,17,trigger,synthetic,synthetic,synthetic,synth-v1.0.0,1337,932480f22477dd00,baseline
SP-021:norte:001000:2026-09-01,SP-021:norte:001000,SP-021,norte,1.25,open-meteo:era5_seamless:-23.4:-46.7,2026-09-01,65.01,4.2,47.69,14,trigger,synthetic,synthetic,synthetic,synth-v1.0.0,1337,932480f22477dd00,baseline
SP-021:sul:001000:2023-01-24,SP-021:sul:001000,SP-021,sul,1.25,open-meteo:era5_seamless:-23.4:-46.7,2023-01-24,67.82,7.7,44.4,9,trigger,synthetic,synthetic,synthetic,synth-v1.0.0,1337,932480f22477dd00,baseline
SP-021:sul:001000:2023-02-22,SP-021:sul:001000,SP-021,sul,1.25,open-meteo:era5_seamless:-23.4:-46.7,2023-02-22,49.55,4.14,44.4,3,trigger,synthetic,synthetic,synthetic,synth-v1.0.0,1337,932480f22477dd00,baseline
SP-021:sul:001000:2023-03-28,SP-021:sul:001000,SP-021,sul,1.25,open-meteo:era5_seamless:-23.4:-46.7,2023-03-28,47.31,7.96,44.4,2,trigger,synthetic,synthetic,synthetic,synth-v1.0.0,1337,932480f22477dd00,baseline
SP-021:sul:001000:2023-05-20,SP-021:sul:001000,SP-021,sul,1.25,open-meteo:era5_seamless:-23.4:-46.7,2023-05-20,48.17,6.81,44.4,6,trigger,synthetic,synthetic,synthetic,synth-v1.0.0,1337,932480f22477dd00,baseline
SP-021:sul:001000:2023-09-01,SP-021:sul:001000,SP-021,sul,1.25,open-meteo:era5_seamless:-23.4:-46.7,2023-09-01,51.73,4.55,44.4,5,trigger,synthetic,synthetic,synthetic,synth-v1.0.0,1337,932480f22477dd00,baseline
SP-021:sul:001000:2023-10-26,SP-021:sul:001000,SP-021,sul,1.25,open-meteo:era5_seamless:-23.4:-46.7,2023-10-26,58.21,3.6,44.4,4,trigger,synthetic,synthetic,synthetic,synth-v1.0.0,1337,932480f22477dd00,baseline
SP-021:sul:001000:2023-12-17,SP-021:sul:001000,SP-021,sul,1.25,open-meteo:era5_seamless:-23.4:-46.7,2023-12-17,63.07,6.25,44.4,7,trigger,synthetic,synthetic,synthetic,synth-v1.0.0,1337,932480f22477dd00,baseline
SP-021:sul:001000:2024-02-20,SP-021:sul:001000,SP-021,sul,1.25,open-meteo:era5_seamless:-23.4:-46.7,2024-02-20,85.41,3.61,44.4,30,trigger,synthetic,synthetic,synthetic,synth-v1.0.0,1337,932480f22477dd00,baseline
SP-021:sul:001000:2024-04-02,SP-021:sul:001000,SP-021,sul,1.25,open-meteo:era5_seamless:-23.4:-46.7,2024-04-02,60.23,7.33,44.4,9,trigger,synthetic,synthetic,synthetic,synth-v1.0.0,1337,932480f22477dd00,baseline
SP-021:sul:001000:2024-05-10,SP-021:sul:001000,SP-021,sul,1.25,open-meteo:era5_seamless:-23.4:-46.7,2024-05-10,55.61,4.49,44.4,5,trigger,synthetic,synthetic,synthetic,synth-v1.0.0,1337,932480f22477dd00,baseline
SP-021:sul:001000:2024-08-15,SP-021:sul:001000,SP-021,sul,1.25,open-meteo:era5_seamless:-23.4:-46.7,2024-08-15,48.62,4.99,44.4,4,trigger,synthetic,synthetic,synthetic,synth-v1.0.0,1337,932480f22477dd00,baseline
SP-021:sul:001000:2024-10-25,SP-021:sul:001000,SP-021,sul,1.25,open-meteo:era5_seamless:-23.4:-46.7,2024-10-25,70.35,5.49,44.4,19,trigger,synthetic,synthetic,synthetic,synth-v1.0.0,1337,932480f22477dd00,baseline
SP-021:sul:001000:2024-12-10,SP-021:sul:001000,SP-021,sul,1.25,open-meteo:era5_seamless:-23.4:-46.7,2024-12-10,59.92,5.98,44.4,2,trigger,synthetic,synthetic,synthetic,synth-v1.0.0,1337,932480f22477dd00,baseline
SP-021:sul:001000:2025-01-22,SP-021:sul:001000,SP-021,sul,1.25,open-meteo:era5_seamless:-23.4:-46.7,2025-01-22,66.89,3.75,44.4,10,trigger,synthetic,synthetic,synthetic,synth-v1.0.0,1337,932480f22477dd00,baseline
SP-021:sul:001000:2025-03-19,SP-021:sul:001000,SP-021,sul,1.25,open-meteo:era5_seamless:-23.4:-46.7,2025-03-19,84.23,7.85,44.4,24,trigger,synthetic,synthetic,synthetic,synth-v1.0.0,1337,932480f22477dd00,baseline
SP-021:sul:001000:2025-05-11,SP-021:sul:001000,SP-021,sul,1.25,open-meteo:era5_seamless:-23.4:-46.7,2025-05-11,67.53,7.73,44.4,14,trigger,synthetic,synthetic,synthetic,synth-v1.0.0,1337,932480f22477dd00,baseline
SP-021:sul:001000:2025-08-21,SP-021:sul:001000,SP-021,sul,1.25,open-meteo:era5_seamless:-23.4:-46.7,2025-08-21,36.78,3.84,44.4,4,proactive,synthetic,synthetic,synthetic,synth-v1.0.0,1337,932480f22477dd00,baseline
SP-021:sul:001000:2025-11-11,SP-021:sul:001000,SP-021,sul,1.25,open-meteo:era5_seamless:-23.4:-46.7,2025-11-11,56.71,5.23,44.4,9,trigger,synthetic,synthetic,synthetic,synth-v1.0.0,1337,932480f22477dd00,baseline
SP-021:sul:001000:2026-01-11,SP-021:sul:001000,SP-021,sul,1.25,open-meteo:era5_seamless:-23.4:-46.7,2026-01-11,78.2,7.52,44.4,7,trigger,synthetic,synthetic,synthetic,synth-v1.0.0,1337,932480f22477dd00,baseline
SP-021:sul:001000:2026-03-03,SP-021:sul:001000,SP-021,sul,1.25,open-meteo:era5_seamless:-23.4:-46.7,2026-03-03,80.09,6.55,44.4,16,trigger,synthetic,synthetic,synthetic,synth-v1.0.0,1337,932480f22477dd00,baseline
SP-021:sul:001000:2026-04-11,SP-021:sul:001000,SP-021,sul,1.25,open-meteo:era5_seamless:-23.4:-46.7,2026-04-11,60.04,4.86,44.4,6,trigger,synthetic,synthetic,synthetic,synth-v1.0.0,1337,932480f22477dd00,baseline
SP-021:sul:001000:2026-07-08,SP-021:sul:001000,SP-021,sul,1.25,open-meteo:era5_seamless:-23.4:-46.7,2026-07-08,47.6,5.77,44.4,3,trigger,synthetic,synthetic,synthetic,synth-v1.0.0,1337,932480f22477dd00,baseline
SP-021:norte:001500:2023-02-08,SP-021:norte:001500,SP-021,norte,1.75,open-meteo:era5_seamless:-23.4:-46.7,2023-02-08,77.09,3.18,58.35,10,trigger,synthetic,synthetic,synthetic,synth-v1.0.0,1337,932480f22477dd00,baseline
SP-021:norte:001500:2023-04-18,SP-021:norte:001500,SP-021,norte,1.75,open-meteo:era5_seamless:-23.4:-46.7,2023-04-18,69.61,6.18,58.35,9,trigger,synthetic,synthetic,synthetic,synth-v1.0.0,1337,932480f22477dd00,baseline
SP-021:norte:001500:2023-09-09,SP-021:norte:001500,SP-021,norte,1.75,open-meteo:era5_seamless:-23.4:-46.7,2023-09-09,63.85,6.98,58.35,6,trigger,synthetic,synthetic,synthetic,synth-v1.0.0,1337,932480f22477dd00,baseline
SP-021:norte:001500:2023-11-08,SP-021:norte:001500,SP-021,norte,1.75,open-meteo:era5_seamless:-23.4:-46.7,2023-11-08,60.91,7.25,58.35,3,trigger,synthetic,synthetic,synthetic,synth-v1.0.0,1337,932480f22477dd00,baseline
SP-021:norte:001500:2024-01-07,SP-021:norte:001500,SP-021,norte,1.75,open-meteo:era5_seamless:-23.4:-46.7,2024-01-07,70.34,7.16,58.35,7,trigger,synthetic,synthetic,synthetic,synth-v1.0.0,1337,932480f22477dd00,baseline
SP-021:norte:001500:2024-03-04,SP-021:norte:001500,SP-021,norte,1.75,open-meteo:era5_seamless:-23.4:-46.7,2024-03-04,70.59,5.75,58.35,8,trigger,synthetic,synthetic,synthetic,synth-v1.0.0,1337,932480f22477dd00,baseline
SP-021:norte:001500:2024-05-01,SP-021:norte:001500,SP-021,norte,1.75,open-meteo:era5_seamless:-23.4:-46.7,2024-05-01,68.79,3.51,58.35,3,trigger,synthetic,synthetic,synthetic,synth-v1.0.0,1337,932480f22477dd00,baseline
SP-021:norte:001500:2024-09-15,SP-021:norte:001500,SP-021,norte,1.75,open-meteo:era5_seamless:-23.4:-46.7,2024-09-15,69.53,3.6,58.35,7,trigger,synthetic,synthetic,synthetic,synth-v1.0.0,1337,932480f22477dd00,baseline
SP-021:norte:001500:2024-12-11,SP-021:norte:001500,SP-021,norte,1.75,open-meteo:era5_seamless:-23.4:-46.7,2024-12-11,72.52,4.42,58.35,10,trigger,synthetic,synthetic,synthetic,synth-v1.0.0,1337,932480f22477dd00,baseline
SP-021:norte:001500:2025-02-04,SP-021:norte:001500,SP-021,norte,1.75,open-meteo:era5_seamless:-23.4:-46.7,2025-02-04,61.54,7.22,58.35,16,proactive,synthetic,synthetic,synthetic,synth-v1.0.0,1337,932480f22477dd00,baseline
SP-021:norte:001500:2025-04-02,SP-021:norte:001500,SP-021,norte,1.75,open-meteo:era5_seamless:-23.4:-46.7,2025-04-02,74.45,6.04,58.35,10,trigger,synthetic,synthetic,synthetic,synth-v1.0.0,1337,932480f22477dd00,baseline
SP-021:norte:001500:2025-08-31,SP-021:norte:001500,SP-021,norte,1.75,open-meteo:era5_seamless:-23.4:-46.7,2025-08-31,67.44,7.15,58.35,7,trigger,synthetic,synthetic,synthetic,synth-v1.0.0,1337,932480f22477dd00,baseline
SP-021:norte:001500:2025-12-22,SP-021:norte:001500,SP-021,norte,1.75,open-meteo:era5_seamless:-23.4:-46.7,2025-12-22,81.62,7.0,58.35,22,trigger,synthetic,synthetic,synthetic,synth-v1.0.0,1337,932480f22477dd00,baseline
SP-021:norte:001500:2026-01-24,SP-021:norte:001500,SP-021,norte,1.75,open-meteo:era5_seamless:-23.4:-46.7,2026-01-24,33.11,3.59,58.35,6,proactive,synthetic,synthetic,synthetic,synth-v1.0.0,1337,932480f22477dd00,baseline
SP-021:norte:001500:2026-03-27,SP-021:norte:001500,SP-021,norte,1.75,open-meteo:era5_seamless:-23.4:-46.7,2026-03-27,67.18,3.34,58.35,5,trigger,synthetic,synthetic,synthetic,synth-v1.0.0,1337,932480f22477dd00,baseline
SP-021:norte:001500:2026-08-15,SP-021:norte:001500,SP-021,norte,1.75,open-meteo:era5_seamless:-23.4:-46.7,2026-08-15,61.8,7.17,58.35,6,trigger,synthetic,synthetic,synthetic,synth-v1.0.0,1337,932480f22477dd00,baseline
SP-021:sul:001500:2023-03-07,SP-021:sul:001500,SP-021,sul,1.75,open-meteo:era5_seamless:-23.4:-46.7,2023-03-07,103.23,6.35,55.75,23,trigger,synthetic,synthetic,synthetic,synth-v1.0.0,1337,932480f22477dd00,baseline
SP-021:sul:001500:2023-05-07,SP-021:sul:001500,SP-021,sul,1.75,open-meteo:era5_seamless:-23.4:-46.7,2023-05-07,67.15,3.79,55.75,7,trigger,synthetic,synthetic,synthetic,synth-v1.0.0,1337,932480f22477dd00,baseline
SP-021:sul:001500:2023-09-21,SP-021:sul:001500,SP-021,sul,1.75,open-meteo:era5_seamless:-23.4:-46.7,2023-09-21,60.77,4.38,55.75,4,proactive,synthetic,synthetic,synthetic,synth-v1.0.0,1337,932480f22477dd00,baseline
SP-021:sul:001500:2023-12-06,SP-021:sul:001500,SP-021,sul,1.75,open-meteo:era5_seamless:-23.4:-46.7,2023-12-06,89.96,3.11,55.75,17,trigger,synthetic,synthetic,synthetic,synth-v1.0.0,1337,932480f22477dd00,baseline
SP-021:sul:001500:2024-02-12,SP-021:sul:001500,SP-021,sul,1.75,open-meteo:era5_seamless:-23.4:-46.7,2024-02-12,79.49,5.61,55.75,8,trigger,synthetic,synthetic,synthetic,synth-v1.0.0,1337,932480f22477dd00,baseline
SP-021:sul:001500:2024-03-29,SP-021:sul:001500,SP-021,sul,1.75,open-meteo:era5_seamless:-23.4:-46.7,2024-03-29,67.34,5.08,55.75,5,trigger,synthetic,synthetic,synthetic,synth-v1.0.0,1337,932480f22477dd00,baseline
SP-021:sul:001500:2024-05-23,SP-021:sul:001500,SP-021,sul,1.75,open-meteo:era5_seamless:-23.4:-46.7,2024-05-23,65.1,3.46,55.75,4,trigger,synthetic,synthetic,synthetic,synth-v1.0.0,1337,932480f22477dd00,baseline
SP-021:sul:001500:2024-09-19,SP-021:sul:001500,SP-021,sul,1.75,open-meteo:era5_seamless:-23.4:-46.7,2024-09-19,58.76,5.09,55.75,4,trigger,synthetic,synthetic,synthetic,synth-v1.0.0,1337,932480f22477dd00,baseline
SP-021:sul:001500:2024-11-10,SP-021:sul:001500,SP-021,sul,1.75,open-meteo:era5_seamless:-23.4:-46.7,2024-11-10,40.63,6.29,55.75,7,proactive,synthetic,synthetic,synthetic,synth-v1.0.0,1337,932480f22477dd00,baseline
SP-021:sul:001500:2025-01-02,SP-021:sul:001500,SP-021,sul,1.75,open-meteo:era5_seamless:-23.4:-46.7,2025-01-02,75.79,3.85,55.75,4,trigger,synthetic,synthetic,synthetic,synth-v1.0.0,1337,932480f22477dd00,baseline
SP-021:sul:001500:2025-02-21,SP-021:sul:001500,SP-021,sul,1.75,open-meteo:era5_seamless:-23.4:-46.7,2025-02-21,72.7,4.78,55.75,5,trigger,synthetic,synthetic,synthetic,synth-v1.0.0,1337,932480f22477dd00,baseline
SP-021:sul:001500:2025-04-22,SP-021:sul:001500,SP-021,sul,1.75,open-meteo:era5_seamless:-23.4:-46.7,2025-04-22,73.25,5.08,55.75,9,trigger,synthetic,synthetic,synthetic,synth-v1.0.0,1337,932480f22477dd00,baseline
SP-021:sul:001500:2025-09-20,SP-021:sul:001500,SP-021,sul,1.75,open-meteo:era5_seamless:-23.4:-46.7,2025-09-20,70.81,4.08,55.75,13,trigger,synthetic,synthetic,synthetic,synth-v1.0.0,1337,932480f22477dd00,baseline
SP-021:sul:001500:2025-12-14,SP-021:sul:001500,SP-021,sul,1.75,open-meteo:era5_seamless:-23.4:-46.7,2025-12-14,68.68,5.59,55.75,7,trigger,synthetic,synthetic,synthetic,synth-v1.0.0,1337,932480f22477dd00,baseline
SP-021:sul:001500:2026-02-12,SP-021:sul:001500,SP-021,sul,1.75,open-meteo:era5_seamless:-23.4:-46.7,2026-02-12,87.18,7.19,55.75,11,trigger,synthetic,synthetic,synthetic,synth-v1.0.0,1337,932480f22477dd00,baseline
SP-021:sul:001500:2026-04-02,SP-021:sul:001500,SP-021,sul,1.75,open-meteo:era5_seamless:-23.4:-46.7,2026-04-02,75.25,5.53,55.75,4,trigger,synthetic,synthetic,synthetic,synth-v1.0.0,1337,932480f22477dd00,baseline
SP-021:sul:001500:2026-07-26,SP-021:sul:001500,SP-021,sul,1.75,open-meteo:era5_seamless:-23.4:-46.7,2026-07-26,60.96,4.26,55.75,7,trigger,synthetic,synthetic,synthetic,synth-v1.0.0,1337,932480f22477dd00,baseline
SP-021:norte:002000:2023-02-09,SP-021:norte:002000,SP-021,norte,2.25,open-meteo:era5_seamless:-23.4:-46.7,2023-02-09,75.95,4.11,41.57,18,trigger,synthetic,synthetic,synthetic,synth-v1.0.0,1337,932480f22477dd00,baseline
SP-021:norte:002000:2023-03-15,SP-021:norte:002000,SP-021,norte,2.25,open-meteo:era5_seamless:-23.4:-46.7,2023-03-15,54.04,6.14,41.57,3,trigger,synthetic,synthetic,synthetic,synth-v1.0.0,1337,932480f22477dd00,baseline
SP-021:norte:002000:2023-04-30,SP-021:norte:002000,SP-021,norte,2.25,open-meteo:era5_seamless:-23.4:-46.7,2023-04-30,54.12,4.77,41.57,7,trigger,synthetic,synthetic,synthetic,synth-v1.0.0,1337,932480f22477dd00,baseline
SP-021:norte:002000:2023-08-24,SP-021:norte:002000,SP-021,norte,2.25,open-meteo:era5_seamless:-23.4:-46.7,2023-08-24,56.32,7.64,41.57,11,trigger,synthetic,synthetic,synthetic,synth-v1.0.0,1337,932480f22477dd00,baseline
SP-021:norte:002000:2023-10-14,SP-021:norte:002000,SP-021,norte,2.25,open-meteo:era5_seamless:-23.4:-46.7,2023-10-14,61.92,5.52,41.57,13,trigger,synthetic,synthetic,synthetic,synth-v1.0.0,1337,932480f22477dd00,baseline
SP-021:norte:002000:2023-11-26,SP-021:norte:002000,SP-021,norte,2.25,open-meteo:era5_seamless:-23.4:-46.7,2023-11-26,56.3,5.34,41.57,7,trigger,synthetic,synthetic,synthetic,synth-v1.0.0,1337,932480f22477dd00,baseline
SP-021:norte:002000:2024-01-05,SP-021:norte:002000,SP-021,norte,2.25,open-meteo:era5_seamless:-23.4:-46.7,2024-01-05,55.31,7.12,41.57,5,trigger,synthetic,synthetic,synthetic,synth-v1.0.0,1337,932480f22477dd00,baseline
SP-021:norte:002000:2024-02-09,SP-021:norte:002000,SP-021,norte,2.25,open-meteo:era5_seamless:-23.4:-46.7,2024-02-09,54.95,3.16,41.57,5,trigger,synthetic,synthetic,synthetic,synth-v1.0.0,1337,932480f22477dd00,baseline
SP-021:norte:002000:2024-03-20,SP-021:norte:002000,SP-021,norte,2.25,open-meteo:era5_seamless:-23.4:-46.7,2024-03-20,60.04,5.86,41.57,3,trigger,synthetic,synthetic,synthetic,synth-v1.0.0,1337,932480f22477dd00,baseline
SP-021:norte:002000:2024-04-27,SP-021:norte:002000,SP-021,norte,2.25,open-meteo:era5_seamless:-23.4:-46.7,2024-04-27,52.66,4.64,41.57,6,trigger,synthetic,synthetic,synthetic,synth-v1.0.0,1337,932480f22477dd00,baseline
SP-021:norte:002000:2024-06-27,SP-021:norte:002000,SP-021,norte,2.25,open-meteo:era5_seamless:-23.4:-46.7,2024-06-27,48.56,3.34,41.57,4,trigger,synthetic,synthetic,synthetic,synth-v1.0.0,1337,932480f22477dd00,baseline
SP-021:norte:002000:2024-09-17,SP-021:norte:002000,SP-021,norte,2.25,open-meteo:era5_seamless:-23.4:-46.7,2024-09-17,47.18,6.42,41.57,2,trigger,synthetic,synthetic,synthetic,synth-v1.0.0,1337,932480f22477dd00,baseline
SP-021:norte:002000:2024-11-06,SP-021:norte:002000,SP-021,norte,2.25,open-meteo:era5_seamless:-23.4:-46.7,2024-11-06,56.14,6.92,41.57,10,trigger,synthetic,synthetic,synthetic,synth-v1.0.0,1337,932480f22477dd00,baseline
SP-021:norte:002000:2024-12-20,SP-021:norte:002000,SP-021,norte,2.25,open-meteo:era5_seamless:-23.4:-46.7,2024-12-20,66.35,6.03,41.57,12,trigger,synthetic,synthetic,synthetic,synth-v1.0.0,1337,932480f22477dd00,baseline
SP-021:norte:002000:2025-01-23,SP-021:norte:002000,SP-021,norte,2.25,open-meteo:era5_seamless:-23.4:-46.7,2025-01-23,57.13,6.51,41.57,4,trigger,synthetic,synthetic,synthetic,synth-v1.0.0,1337,932480f22477dd00,baseline
SP-021:norte:002000:2025-02-22,SP-021:norte:002000,SP-021,norte,2.25,open-meteo:era5_seamless:-23.4:-46.7,2025-02-22,58.59,6.81,41.57,6,trigger,synthetic,synthetic,synthetic,synth-v1.0.0,1337,932480f22477dd00,baseline
SP-021:norte:002000:2025-03-29,SP-021:norte:002000,SP-021,norte,2.25,open-meteo:era5_seamless:-23.4:-46.7,2025-03-29,52.39,5.06,41.57,6,trigger,synthetic,synthetic,synthetic,synth-v1.0.0,1337,932480f22477dd00,baseline
SP-021:norte:002000:2025-05-21,SP-021:norte:002000,SP-021,norte,2.25,open-meteo:era5_seamless:-23.4:-46.7,2025-05-21,50.71,6.87,41.57,10,trigger,synthetic,synthetic,synthetic,synth-v1.0.0,1337,932480f22477dd00,baseline
SP-021:norte:002000:2025-09-23,SP-021:norte:002000,SP-021,norte,2.25,open-meteo:era5_seamless:-23.4:-46.7,2025-09-23,62.45,3.58,41.57,16,trigger,synthetic,synthetic,synthetic,synth-v1.0.0,1337,932480f22477dd00,baseline
SP-021:norte:002000:2025-11-20,SP-021:norte:002000,SP-021,norte,2.25,open-meteo:era5_seamless:-23.4:-46.7,2025-11-20,41.67,4.28,41.57,4,proactive,synthetic,synthetic,synthetic,synth-v1.0.0,1337,932480f22477dd00,baseline
SP-021:norte:002000:2026-01-03,SP-021:norte:002000,SP-021,norte,2.25,open-meteo:era5_seamless:-23.4:-46.7,2026-01-03,56.63,7.55,41.57,6,trigger,synthetic,synthetic,synthetic,synth-v1.0.0,1337,932480f22477dd00,baseline
SP-021:norte:002000:2026-02-07,SP-021:norte:002000,SP-021,norte,2.25,open-meteo:era5_seamless:-23.4:-46.7,2026-02-07,55.05,3.93,41.57,6,trigger,synthetic,synthetic,synthetic,synth-v1.0.0,1337,932480f22477dd00,baseline
SP-021:norte:002000:2026-03-20,SP-021:norte:002000,SP-021,norte,2.25,open-meteo:era5_seamless:-23.4:-46.7,2026-03-20,61.32,4.57,41.57,5,trigger,synthetic,synthetic,synthetic,synth-v1.0.0,1337,932480f22477dd00,baseline
SP-021:norte:002000:2026-05-07,SP-021:norte:002000,SP-021,norte,2.25,open-meteo:era5_seamless:-23.4:-46.7,2026-05-07,56.07,4.38,41.57,4,trigger,synthetic,synthetic,synthetic,synth-v1.0.0,1337,932480f22477dd00,baseline
SP-021:norte:002000:2026-08-31,SP-021:norte:002000,SP-021,norte,2.25,open-meteo:era5_seamless:-23.4:-46.7,2026-08-31,55.96,6.55,41.57,8,trigger,synthetic,synthetic,synthetic,synth-v1.0.0,1337,932480f22477dd00,baseline
SP-021:sul:002000:2023-01-27,SP-021:sul:002000,SP-021,sul,2.25,open-meteo:era5_seamless:-23.4:-46.7,2023-01-27,67.93,3.06,47.63,5,trigger,synthetic,synthetic,synthetic,synth-v1.0.0,1337,932480f22477dd00,baseline
SP-021:sul:002000:2023-03-14,SP-021:sul:002000,SP-021,sul,2.25,open-meteo:era5_seamless:-23.4:-46.7,2023-03-14,108.4,3.21,47.63,2,trigger,synthetic,synthetic,synthetic,synth-v1.0.0,1337,932480f22477dd00,baseline
SP-021:sul:002000:2023-04-27,SP-021:sul:002000,SP-021,sul,2.25,open-meteo:era5_seamless:-23.4:-46.7,2023-04-27,65.61,6.08,47.63,4,trigger,synthetic,synthetic,synthetic,synth-v1.0.0,1337,932480f22477dd00,baseline
SP-021:sul:002000:2023-07-21,SP-021:sul:002000,SP-021,sul,2.25,open-meteo:era5_seamless:-23.4:-46.7,2023-07-21,58.08,7.16,47.63,5,trigger,synthetic,synthetic,synthetic,synth-v1.0.0,1337,932480f22477dd00,baseline
SP-021:sul:002000:2023-09-05,SP-021:sul:002000,SP-021,sul,2.25,open-meteo:era5_seamless:-23.4:-46.7,2023-09-05,59.11,4.08,47.63,2,trigger,synthetic,synthetic,synthetic,synth-v1.0.0,1337,932480f22477dd00,baseline
SP-021:sul:002000:2023-10-10,SP-021:sul:002000,SP-021,sul,2.25,open-meteo:era5_seamless:-23.4:-46.7,2023-10-10,56.04,3.12,47.63,2,trigger,synthetic,synthetic,synthetic,synth-v1.0.0,1337,932480f22477dd00,baseline
SP-021:sul:002000:2023-11-16,SP-021:sul:002000,SP-021,sul,2.25,open-meteo:era5_seamless:-23.4:-46.7,2023-11-16,65.17,6.3,47.63,4,trigger,synthetic,synthetic,synthetic,synth-v1.0.0,1337,932480f22477dd00,baseline
SP-021:sul:002000:2023-12-24,SP-021:sul:002000,SP-021,sul,2.25,open-meteo:era5_seamless:-23.4:-46.7,2023-12-24,91.39,5.16,47.63,7,trigger,synthetic,synthetic,synthetic,synth-v1.0.0,1337,932480f22477dd00,baseline
SP-021:sul:002000:2024-02-04,SP-021:sul:002000,SP-021,sul,2.25,open-meteo:era5_seamless:-23.4:-46.7,2024-02-04,89.97,5.19,47.63,14,trigger,synthetic,synthetic,synthetic,synth-v1.0.0,1337,932480f22477dd00,baseline
SP-021:sul:002000:2024-03-13,SP-021:sul:002000,SP-021,sul,2.25,open-meteo:era5_seamless:-23.4:-46.7,2024-03-13,102.93,5.87,47.63,10,trigger,synthetic,synthetic,synthetic,synth-v1.0.0,1337,932480f22477dd00,baseline
SP-021:sul:002000:2024-04-11,SP-021:sul:002000,SP-021,sul,2.25,open-meteo:era5_seamless:-23.4:-46.7,2024-04-11,64.89,5.05,47.63,4,trigger,synthetic,synthetic,synthetic,synth-v1.0.0,1337,932480f22477dd00,baseline
SP-021:sul:002000:2024-05-21,SP-021:sul:002000,SP-021,sul,2.25,open-meteo:era5_seamless:-23.4:-46.7,2024-05-21,79.65,3.65,47.63,9,trigger,synthetic,synthetic,synthetic,synth-v1.0.0,1337,932480f22477dd00,baseline
SP-021:sul:002000:2024-08-20,SP-021:sul:002000,SP-021,sul,2.25,open-meteo:era5_seamless:-23.4:-46.7,2024-08-20,72.99,4.2,47.63,9,trigger,synthetic,synthetic,synthetic,synth-v1.0.0,1337,932480f22477dd00,baseline
SP-021:sul:002000:2024-10-05,SP-021:sul:002000,SP-021,sul,2.25,open-meteo:era5_seamless:-23.4:-46.7,2024-10-05,64.48,7.88,47.63,6,trigger,synthetic,synthetic,synthetic,synth-v1.0.0,1337,932480f22477dd00,baseline
SP-021:sul:002000:2024-11-11,SP-021:sul:002000,SP-021,sul,2.25,open-meteo:era5_seamless:-23.4:-46.7,2024-11-11,76.71,3.05,47.63,8,trigger,synthetic,synthetic,synthetic,synth-v1.0.0,1337,932480f22477dd00,baseline
SP-021:sul:002000:2025-01-01,SP-021:sul:002000,SP-021,sul,2.25,open-meteo:era5_seamless:-23.4:-46.7,2025-01-01,107.05,4.96,47.63,17,trigger,synthetic,synthetic,synthetic,synth-v1.0.0,1337,932480f22477dd00,baseline
SP-021:sul:002000:2025-02-11,SP-021:sul:002000,SP-021,sul,2.25,open-meteo:era5_seamless:-23.4:-46.7,2025-02-11,104.56,3.3,47.63,9,trigger,synthetic,synthetic,synthetic,synth-v1.0.0,1337,932480f22477dd00,baseline
SP-021:sul:002000:2025-03-19,SP-021:sul:002000,SP-021,sul,2.25,open-meteo:era5_seamless:-23.4:-46.7,2025-03-19,91.96,8.0,47.63,10,trigger,synthetic,synthetic,synthetic,synth-v1.0.0,1337,932480f22477dd00,baseline
SP-021:sul:002000:2025-04-16,SP-021:sul:002000,SP-021,sul,2.25,open-meteo:era5_seamless:-23.4:-46.7,2025-04-16,58.77,7.43,47.63,3,trigger,synthetic,synthetic,synthetic,synth-v1.0.0,1337,932480f22477dd00,baseline
SP-021:sul:002000:2025-06-01,SP-021:sul:002000,SP-021,sul,2.25,open-meteo:era5_seamless:-23.4:-46.7,2025-06-01,65.62,3.16,47.63,7,trigger,synthetic,synthetic,synthetic,synth-v1.0.0,1337,932480f22477dd00,baseline
SP-021:sul:002000:2025-09-23,SP-021:sul:002000,SP-021,sul,2.25,open-meteo:era5_seamless:-23.4:-46.7,2025-09-23,75.61,4.17,47.63,9,trigger,synthetic,synthetic,synthetic,synth-v1.0.0,1337,932480f22477dd00,baseline
SP-021:sul:002000:2025-11-14,SP-021:sul:002000,SP-021,sul,2.25,open-meteo:era5_seamless:-23.4:-46.7,2025-11-14,59.51,7.16,47.63,5,trigger,synthetic,synthetic,synthetic,synth-v1.0.0,1337,932480f22477dd00,baseline
SP-021:sul:002000:2025-12-17,SP-021:sul:002000,SP-021,sul,2.25,open-meteo:era5_seamless:-23.4:-46.7,2025-12-17,67.7,7.95,47.63,3,trigger,synthetic,synthetic,synthetic,synth-v1.0.0,1337,932480f22477dd00,baseline
SP-021:sul:002000:2026-01-14,SP-021:sul:002000,SP-021,sul,2.25,open-meteo:era5_seamless:-23.4:-46.7,2026-01-14,77.98,4.11,47.63,3,trigger,synthetic,synthetic,synthetic,synth-v1.0.0,1337,932480f22477dd00,baseline
SP-021:sul:002000:2026-02-24,SP-021:sul:002000,SP-021,sul,2.25,open-meteo:era5_seamless:-23.4:-46.7,2026-02-24,96.89,7.94,47.63,16,proactive,synthetic,synthetic,synthetic,synth-v1.0.0,1337,932480f22477dd00,baseline
SP-021:sul:002000:2026-04-20,SP-021:sul:002000,SP-021,sul,2.25,open-meteo:era5_seamless:-23.4:-46.7,2026-04-20,112.24,5.48,47.63,15,trigger,synthetic,synthetic,synthetic,synth-v1.0.0,1337,932480f22477dd00,baseline
SP-021:sul:002000:2026-06-07,SP-021:sul:002000,SP-021,sul,2.25,open-meteo:era5_seamless:-23.4:-46.7,2026-06-07,45.55,4.54,47.63,7,proactive,synthetic,synthetic,synthetic,synth-v1.0.0,1337,932480f22477dd00,baseline
SP-021:sul:002000:2026-08-30,SP-021:sul:002000,SP-021,sul,2.25,open-meteo:era5_seamless:-23.4:-46.7,2026-08-30,68.31,7.51,47.63,7,trigger,synthetic,synthetic,synthetic,synth-v1.0.0,1337,932480f22477dd00,baseline
SP-021:norte:002500:2023-01-27,SP-021:norte:002500,SP-021,norte,2.75,open-meteo:era5_seamless:-23.4:-46.7,2023-01-27,71.91,4.06,59.25,5,trigger,synthetic,synthetic,synthetic,synth-v1.0.0,1337,932480f22477dd00,baseline
SP-021:norte:002500:2023-03-09,SP-021:norte:002500,SP-021,norte,2.75,open-meteo:era5_seamless:-23.4:-46.7,2023-03-09,81.46,3.48,59.25,4,trigger,synthetic,synthetic,synthetic,synth-v1.0.0,1337,932480f22477dd00,baseline
SP-021:norte:002500:2023-05-02,SP-021:norte:002500,SP-021,norte,2.75,open-meteo:era5_seamless:-23.4:-46.7,2023-05-02,72.36,7.7,59.25,9,trigger,synthetic,synthetic,synthetic,synth-v1.0.0,1337,932480f22477dd00,baseline
SP-021:norte:002500:2023-08-15,SP-021:norte:002500,SP-021,norte,2.75,open-meteo:era5_seamless:-23.4:-46.7,2023-08-15,65.43,7.78,59.25,2,trigger,synthetic,synthetic,synthetic,synth-v1.0.0,1337,932480f22477dd00,baseline
SP-021:norte:002500:2023-10-12,SP-021:norte:002500,SP-021,norte,2.75,open-meteo:era5_seamless:-23.4:-46.7,2023-10-12,85.37,4.33,59.25,11,trigger,synthetic,synthetic,synthetic,synth-v1.0.0,1337,932480f22477dd00,baseline
SP-021:norte:002500:2023-11-21,SP-021:norte:002500,SP-021,norte,2.75,open-meteo:era5_seamless:-23.4:-46.7,2023-11-21,61.52,5.23,59.25,2,trigger,synthetic,synthetic,synthetic,synth-v1.0.0,1337,932480f22477dd00,baseline
SP-021:norte:002500:2024-01-12,SP-021:norte:002500,SP-021,norte,2.75,open-meteo:era5_seamless:-23.4:-46.7,2024-01-12,90.37,4.47,59.25,12,trigger,synthetic,synthetic,synthetic,synth-v1.0.0,1337,932480f22477dd00,baseline
SP-021:norte:002500:2024-03-08,SP-021:norte:002500,SP-021,norte,2.75,open-meteo:era5_seamless:-23.4:-46.7,2024-03-08,95.14,6.31,59.25,19,trigger,synthetic,synthetic,synthetic,synth-v1.0.0,1337,932480f22477dd00,baseline
SP-021:norte:002500:2024-04-15,SP-021:norte:002500,SP-021,norte,2.75,open-meteo:era5_seamless:-23.4:-46.7,2024-04-15,78.9,5.43,59.25,8,trigger,synthetic,synthetic,synthetic,synth-v1.0.0,1337,932480f22477dd00,baseline
SP-021:norte:002500:2024-05-30,SP-021:norte:002500,SP-021,norte,2.75,open-meteo:era5_seamless:-23.4:-46.7,2024-05-30,60.69,7.95,59.25,4,trigger,synthetic,synthetic,synthetic,synth-v1.0.0,1337,932480f22477dd00,baseline
SP-021:norte:002500:2024-08-15,SP-021:norte:002500,SP-021,norte,2.75,open-meteo:era5_seamless:-23.4:-46.7,2024-08-15,62.83,5.13,59.25,4,trigger,synthetic,synthetic,synthetic,synth-v1.0.0,1337,932480f22477dd00,baseline
SP-021:norte:002500:2024-10-18,SP-021:norte:002500,SP-021,norte,2.75,open-meteo:era5_seamless:-23.4:-46.7,2024-10-18,81.86,4.92,59.25,12,trigger,synthetic,synthetic,synthetic,synth-v1.0.0,1337,932480f22477dd00,baseline
SP-021:norte:002500:2024-12-13,SP-021:norte:002500,SP-021,norte,2.75,open-meteo:era5_seamless:-23.4:-46.7,2024-12-13,86.24,3.12,59.25,12,trigger,synthetic,synthetic,synthetic,synth-v1.0.0,1337,932480f22477dd00,baseline
SP-021:norte:002500:2025-01-25,SP-021:norte:002500,SP-021,norte,2.75,open-meteo:era5_seamless:-23.4:-46.7,2025-01-25,79.16,4.5,59.25,6,trigger,synthetic,synthetic,synthetic,synth-v1.0.0,1337,932480f22477dd00,baseline
SP-021:norte:002500:2025-02-27,SP-021:norte:002500,SP-021,norte,2.75,open-meteo:era5_seamless:-23.4:-46.7,2025-02-27,71.38,6.31,59.25,4,trigger,synthetic,synthetic,synthetic,synth-v1.0.0,1337,932480f22477dd00,baseline
SP-021:norte:002500:2025-04-08,SP-021:norte:002500,SP-021,norte,2.75,open-meteo:era5_seamless:-23.4:-46.7,2025-04-08,68.07,5.83,59.25,2,trigger,synthetic,synthetic,synthetic,synth-v1.0.0,1337,932480f22477dd00,baseline
SP-021:norte:002500:2025-06-14,SP-021:norte:002500,SP-021,norte,2.75,open-meteo:era5_seamless:-23.4:-46.7,2025-06-14,61.82,4.13,59.25,6,trigger,synthetic,synthetic,synthetic,synth-v1.0.0,1337,932480f22477dd00,baseline
SP-021:norte:002500:2025-10-15,SP-021:norte:002500,SP-021,norte,2.75,open-meteo:era5_seamless:-23.4:-46.7,2025-10-15,82.95,3.31,59.25,10,trigger,synthetic,synthetic,synthetic,synth-v1.0.0,1337,932480f22477dd00,baseline
SP-021:norte:002500:2026-01-02,SP-021:norte:002500,SP-021,norte,2.75,open-meteo:era5_seamless:-23.4:-46.7,2026-01-02,95.76,7.96,59.25,19,trigger,synthetic,synthetic,synthetic,synth-v1.0.0,1337,932480f22477dd00,baseline
SP-021:norte:002500:2026-02-18,SP-021:norte:002500,SP-021,norte,2.75,open-meteo:era5_seamless:-23.4:-46.7,2026-02-18,90.58,4.09,59.25,10,trigger,synthetic,synthetic,synthetic,synth-v1.0.0,1337,932480f22477dd00,baseline
SP-021:norte:002500:2026-04-04,SP-021:norte:002500,SP-021,norte,2.75,open-meteo:era5_seamless:-23.4:-46.7,2026-04-04,74.94,3.83,59.25,6,trigger,synthetic,synthetic,synthetic,synth-v1.0.0,1337,932480f22477dd00,baseline
SP-021:norte:002500:2026-06-27,SP-021:norte:002500,SP-021,norte,2.75,open-meteo:era5_seamless:-23.4:-46.7,2026-06-27,60.66,4.04,59.25,6,trigger,synthetic,synthetic,synthetic,synth-v1.0.0,1337,932480f22477dd00,baseline
SP-021:sul:002500:2023-01-17,SP-021:sul:002500,SP-021,sul,2.75,open-meteo:era5_seamless:-23.4:-46.7,2023-01-17,64.07,4.79,51.81,9,proactive,synthetic,synthetic,synthetic,synth-v1.0.0,1337,932480f22477dd00,baseline
SP-021:sul:002500:2023-03-02,SP-021:sul:002500,SP-021,sul,2.75,open-meteo:era5_seamless:-23.4:-46.7,2023-03-02,95.65,6.5,51.81,11,trigger,synthetic,synthetic,synthetic,synth-v1.0.0,1337,932480f22477dd00,baseline
SP-021:sul:002500:2023-04-07,SP-021:sul:002500,SP-021,sul,2.75,open-meteo:era5_seamless:-23.4:-46.7,2023-04-07,80.74,6.06,51.81,12,trigger,synthetic,synthetic,synthetic,synth-v1.0.0,1337,932480f22477dd00,baseline
SP-021:sul:002500:2023-06-08,SP-021:sul:002500,SP-021,sul,2.75,open-meteo:era5_seamless:-23.4:-46.7,2023-06-08,61.23,4.03,51.81,11,trigger,synthetic,synthetic,synthetic,synth-v1.0.0,1337,932480f22477dd00,baseline
SP-021:sul:002500:2023-09-07,SP-021:sul:002500,SP-021,sul,2.75,open-meteo:era5_seamless:-23.4:-46.7,2023-09-07,66.36,5.9,51.81,4,trigger,synthetic,synthetic,synthetic,synth-v1.0.0,1337,932480f22477dd00,baseline
SP-021:sul:002500:2023-10-17,SP-021:sul:002500,SP-021,sul,2.75,open-meteo:era5_seamless:-23.4:-46.7,2023-10-17,71.41,7.08,51.81,9,trigger,synthetic,synthetic,synthetic,synth-v1.0.0,1337,932480f22477dd00,baseline
SP-021:sul:002500:2023-12-04,SP-021:sul:002500,SP-021,sul,2.75,open-meteo:era5_seamless:-23.4:-46.7,2023-12-04,97.08,7.24,51.81,22,trigger,synthetic,synthetic,synthetic,synth-v1.0.0,1337,932480f22477dd00,baseline
SP-021:sul:002500:2024-01-12,SP-021:sul:002500,SP-021,sul,2.75,open-meteo:era5_seamless:-23.4:-46.7,2024-01-12,85.78,5.43,51.81,5,trigger,synthetic,synthetic,synthetic,synth-v1.0.0,1337,932480f22477dd00,baseline
SP-021:sul:002500:2024-02-13,SP-021:sul:002500,SP-021,sul,2.75,open-meteo:era5_seamless:-23.4:-46.7,2024-02-13,67.11,3.44,51.81,2,trigger,synthetic,synthetic,synthetic,synth-v1.0.0,1337,932480f22477dd00,baseline
SP-021:sul:002500:2024-03-22,SP-021:sul:002500,SP-021,sul,2.75,open-meteo:era5_seamless:-23.4:-46.7,2024-03-22,92.05,4.33,51.81,12,trigger,synthetic,synthetic,synthetic,synth-v1.0.0,1337,932480f22477dd00,baseline
SP-021:sul:002500:2024-05-06,SP-021:sul:002500,SP-021,sul,2.75,open-meteo:era5_seamless:-23.4:-46.7,2024-05-06,86.22,5.62,51.81,8,trigger,synthetic,synthetic,synthetic,synth-v1.0.0,1337,932480f22477dd00,baseline
SP-021:sul:002500:2024-07-04,SP-021:sul:002500,SP-021,sul,2.75,open-meteo:era5_seamless:-23.4:-46.7,2024-07-04,61.17,7.43,51.81,4,trigger,synthetic,synthetic,synthetic,synth-v1.0.0,1337,932480f22477dd00,baseline
SP-021:sul:002500:2024-09-09,SP-021:sul:002500,SP-021,sul,2.75,open-meteo:era5_seamless:-23.4:-46.7,2024-09-09,73.32,3.27,51.81,8,trigger,synthetic,synthetic,synthetic,synth-v1.0.0,1337,932480f22477dd00,baseline
SP-021:sul:002500:2024-11-07,SP-021:sul:002500,SP-021,sul,2.75,open-meteo:era5_seamless:-23.4:-46.7,2024-11-07,81.78,3.86,51.81,11,trigger,synthetic,synthetic,synthetic,synth-v1.0.0,1337,932480f22477dd00,baseline
SP-021:sul:002500:2024-12-15,SP-021:sul:002500,SP-021,sul,2.75,open-meteo:era5_seamless:-23.4:-46.7,2024-12-15,66.82,6.28,51.81,7,trigger,synthetic,synthetic,synthetic,synth-v1.0.0,1337,932480f22477dd00,baseline
SP-021:sul:002500:2025-01-16,SP-021:sul:002500,SP-021,sul,2.75,open-meteo:era5_seamless:-23.4:-46.7,2025-01-16,72.41,6.55,51.81,4,trigger,synthetic,synthetic,synthetic,synth-v1.0.0,1337,932480f22477dd00,baseline
SP-021:sul:002500:2025-02-18,SP-021:sul:002500,SP-021,sul,2.75,open-meteo:era5_seamless:-23.4:-46.7,2025-02-18,87.91,7.28,51.81,9,trigger,synthetic,synthetic,synthetic,synth-v1.0.0,1337,932480f22477dd00,baseline
SP-021:sul:002500:2025-03-29,SP-021:sul:002500,SP-021,sul,2.75,open-meteo:era5_seamless:-23.4:-46.7,2025-03-29,87.87,5.27,51.81,13,trigger,synthetic,synthetic,synthetic,synth-v1.0.0,1337,932480f22477dd00,baseline
SP-021:sul:002500:2025-05-10,SP-021:sul:002500,SP-021,sul,2.75,open-meteo:era5_seamless:-23.4:-46.7,2025-05-10,63.91,4.44,51.81,6,trigger,synthetic,synthetic,synthetic,synth-v1.0.0,1337,932480f22477dd00,baseline
SP-021:sul:002500:2025-08-27,SP-021:sul:002500,SP-021,sul,2.75,open-meteo:era5_seamless:-23.4:-46.7,2025-08-27,57.12,5.88,51.81,3,trigger,synthetic,synthetic,synthetic,synth-v1.0.0,1337,932480f22477dd00,baseline
SP-021:sul:002500:2025-10-10,SP-021:sul:002500,SP-021,sul,2.75,open-meteo:era5_seamless:-23.4:-46.7,2025-10-10,44.45,4.28,51.81,5,proactive,synthetic,synthetic,synthetic,synth-v1.0.0,1337,932480f22477dd00,baseline
SP-021:sul:002500:2025-12-15,SP-021:sul:002500,SP-021,sul,2.75,open-meteo:era5_seamless:-23.4:-46.7,2025-12-15,91.5,7.46,51.81,8,trigger,synthetic,synthetic,synthetic,synth-v1.0.0,1337,932480f22477dd00,baseline
SP-021:sul:002500:2026-01-25,SP-021:sul:002500,SP-021,sul,2.75,open-meteo:era5_seamless:-23.4:-46.7,2026-01-25,89.98,7.01,51.81,14,trigger,synthetic,synthetic,synthetic,synth-v1.0.0,1337,932480f22477dd00,baseline
SP-021:sul:002500:2026-02-20,SP-021:sul:002500,SP-021,sul,2.75,open-meteo:era5_seamless:-23.4:-46.7,2026-02-20,65.07,6.02,51.81,5,proactive,synthetic,synthetic,synthetic,synth-v1.0.0,1337,932480f22477dd00,baseline
SP-021:sul:002500:2026-03-24,SP-021:sul:002500,SP-021,sul,2.75,open-meteo:era5_seamless:-23.4:-46.7,2026-03-24,61.98,3.6,51.81,2,trigger,synthetic,synthetic,synthetic,synth-v1.0.0,1337,932480f22477dd00,baseline
SP-021:sul:002500:2026-05-25,SP-021:sul:002500,SP-021,sul,2.75,open-meteo:era5_seamless:-23.4:-46.7,2026-05-25,84.74,5.3,51.81,15,trigger,synthetic,synthetic,synthetic,synth-v1.0.0,1337,932480f22477dd00,baseline
SP-021:sul:002500:2026-09-01,SP-021:sul:002500,SP-021,sul,2.75,open-meteo:era5_seamless:-23.4:-46.7,2026-09-01,76.94,4.27,51.81,9,trigger,synthetic,synthetic,synthetic,synth-v1.0.0,1337,932480f22477dd00,baseline
SP-021:norte:003000:2023-02-05,SP-021:norte:003000,SP-021,norte,3.25,open-meteo:era5_seamless:-23.4:-46.7,2023-02-05,78.3,3.73,54.3,21,proactive,synthetic,synthetic,synthetic,synth-v1.0.0,1337,932480f22477dd00,baseline
SP-021:norte:003000:2023-04-09,SP-021:norte:003000,SP-021,norte,3.25,open-meteo:era5_seamless:-23.4:-46.7,2023-04-09,75.94,3.18,54.3,14,trigger,synthetic,synthetic,synthetic,synth-v1.0.0,1337,932480f22477dd00,baseline
SP-021:norte:003000:2023-09-08,SP-021:norte:003000,SP-021,norte,3.25,open-meteo:era5_seamless:-23.4:-46.7,2023-09-08,64.17,5.61,54.3,12,trigger,synthetic,synthetic,synthetic,synth-v1.0.0,1337,932480f22477dd00,baseline
SP-021:norte:003000:2023-11-15,SP-021:norte:003000,SP-021,norte,3.25,open-meteo:era5_seamless:-23.4:-46.7,2023-11-15,73.37,4.68,54.3,10,trigger,synthetic,synthetic,synthetic,synth-v1.0.0,1337,932480f22477dd00,baseline
SP-021:norte:003000:2024-01-22,SP-021:norte:003000,SP-021,norte,3.25,open-meteo:era5_seamless:-23.4:-46.7,2024-01-22,77.33,3.08,54.3,15,trigger,synthetic,synthetic,synthetic,synth-v1.0.0,1337,932480f22477dd00,baseline
SP-021:norte:003000:2024-04-01,SP-021:norte:003000,SP-021,norte,3.25,open-meteo:era5_seamless:-23.4:-46.7,2024-04-01,81.72,3.31,54.3,15,trigger,synthetic,synthetic,synthetic,synth-v1.0.0,1337,932480f22477dd00,baseline
SP-021:norte:003000:2024-07-06,SP-021:norte:003000,SP-021,norte,3.25,open-meteo:era5_seamless:-23.4:-46.7,2024-07-06,67.61,4.27,54.3,13,trigger,synthetic,synthetic,synthetic,synth-v1.0.0,1337,932480f22477dd00,baseline
SP-021:norte:003000:2024-10-09,SP-021:norte:003000,SP-021,norte,3.25,open-meteo:era5_seamless:-23.4:-46.7,2024-10-09,57.17,3.83,54.3,3,trigger,synthetic,synthetic,synthetic,synth-v1.0.0,1337,932480f22477dd00,baseline
SP-021:norte:003000:2024-12-22,SP-021:norte:003000,SP-021,norte,3.25,open-meteo:era5_seamless:-23.4:-46.7,2024-12-22,71.43,5.87,54.3,7,trigger,synthetic,synthetic,synthetic,synth-v1.0.0,1337,932480f22477dd00,baseline
SP-021:norte:003000:2025-02-18,SP-021:norte:003000,SP-021,norte,3.25,open-meteo:era5_seamless:-23.4:-46.7,2025-02-18,82.77,4.52,54.3,16,trigger,synthetic,synthetic,synthetic,synth-v1.0.0,1337,932480f22477dd00,baseline
SP-021:norte:003000:2025-04-17,SP-021:norte:003000,SP-021,norte,3.25,open-meteo:era5_seamless:-23.4:-46.7,2025-04-17,62.54,7.2,54.3,4,trigger,synthetic,synthetic,synthetic,synth-v1.0.0,1337,932480f22477dd00,baseline
SP-021:norte:003000:2025-09-09,SP-021:norte:003000,SP-021,norte,3.25,open-meteo:era5_seamless:-23.4:-46.7,2025-09-09,68.74,7.98,54.3,16,trigger,synthetic,synthetic,synthetic,synth-v1.0.0,1337,932480f22477dd00,baseline
SP-021:norte:003000:2025-11-28,SP-021:norte:003000,SP-021,norte,3.25,open-meteo:era5_seamless:-23.4:-46.7,2025-11-28,64.66,6.81,54.3,12,trigger,synthetic,synthetic,synthetic,synth-v1.0.0,1337,932480f22477dd00,baseline
SP-021:norte:003000:2026-01-20,SP-021:norte:003000,SP-021,norte,3.25,open-meteo:era5_seamless:-23.4:-46.7,2026-01-20,69.7,3.82,54.3,9,trigger,synthetic,synthetic,synthetic,synth-v1.0.0,1337,932480f22477dd00,baseline
SP-021:norte:003000:2026-03-22,SP-021:norte:003000,SP-021,norte,3.25,open-meteo:era5_seamless:-23.4:-46.7,2026-03-22,72.42,4.36,54.3,7,trigger,synthetic,synthetic,synthetic,synth-v1.0.0,1337,932480f22477dd00,baseline
SP-021:norte:003000:2026-05-13,SP-021:norte:003000,SP-021,norte,3.25,open-meteo:era5_seamless:-23.4:-46.7,2026-05-13,40.47,6.13,54.3,3,proactive,synthetic,synthetic,synthetic,synth-v1.0.0,1337,932480f22477dd00,baseline
SP-021:norte:003000:2026-08-18,SP-021:norte:003000,SP-021,norte,3.25,open-meteo:era5_seamless:-23.4:-46.7,2026-08-18,32.23,7.76,54.3,2,proactive,synthetic,synthetic,synthetic,synth-v1.0.0,1337,932480f22477dd00,baseline
SP-021:sul:003000:2023-01-28,SP-021:sul:003000,SP-021,sul,3.25,open-meteo:era5_seamless:-23.4:-46.7,2023-01-28,73.98,3.35,51.52,6,trigger,synthetic,synthetic,synthetic,synth-v1.0.0,1337,932480f22477dd00,baseline
SP-021:sul:003000:2023-03-03,SP-021:sul:003000,SP-021,sul,3.25,open-meteo:era5_seamless:-23.4:-46.7,2023-03-03,73.09,5.55,51.52,5,trigger,synthetic,synthetic,synthetic,synth-v1.0.0,1337,932480f22477dd00,baseline
SP-021:sul:003000:2023-04-01,SP-021:sul:003000,SP-021,sul,3.25,open-meteo:era5_seamless:-23.4:-46.7,2023-04-01,67.87,4.16,51.52,6,trigger,synthetic,synthetic,synthetic,synth-v1.0.0,1337,932480f22477dd00,baseline
SP-021:sul:003000:2023-05-23,SP-021:sul:003000,SP-021,sul,3.25,open-meteo:era5_seamless:-23.4:-46.7,2023-05-23,54.34,7.04,51.52,9,trigger,synthetic,synthetic,synthetic,synth-v1.0.0,1337,932480f22477dd00,baseline
SP-021:sul:003000:2023-08-22,SP-021:sul:003000,SP-021,sul,3.25,open-meteo:era5_seamless:-23.4:-46.7,2023-08-22,67.92,7.82,51.52,9,trigger,synthetic,synthetic,synthetic,synth-v1.0.0,1337,932480f22477dd00,baseline
SP-021:sul:003000:2023-09-28,SP-021:sul:003000,SP-021,sul,3.25,open-meteo:era5_seamless:-23.4:-46.7,2023-09-28,65.71,4.38,51.52,4,trigger,synthetic,synthetic,synthetic,synth-v1.0.0,1337,932480f22477dd00,baseline
SP-021:sul:003000:2023-11-07,SP-021:sul:003000,SP-021,sul,3.25,open-meteo:era5_seamless:-23.4:-46.7,2023-11-07,71.17,6.03,51.52,9,trigger,synthetic,synthetic,synthetic,synth-v1.0.0,1337,932480f22477dd00,baseline
SP-021:sul:003000:2023-12-10,SP-021:sul:003000,SP-021,sul,3.25,open-meteo:era5_seamless:-23.4:-46.7,2023-12-10,67.21,6.05,51.52,7,trigger,synthetic,synthetic,synthetic,synth-v1.0.0,1337,932480f22477dd00,baseline
SP-021:sul:003000:2024-01-12,SP-021:sul:003000,SP-021,sul,3.25,open-meteo:era5_seamless:-23.4:-46.7,2024-01-12,70.58,5.61,51.52,5,trigger,synthetic,synthetic,synthetic,synth-v1.0.0,1337,932480f22477dd00,baseline
SP-021:sul:003000:2024-02-14,SP-021:sul:003000,SP-021,sul,3.25,open-meteo:era5_seamless:-23.4:-46.7,2024-02-14,73.1,7.75,51.52,3,trigger,synthetic,synthetic,synthetic,synth-v1.0.0,1337,932480f22477dd00,baseline
SP-021:sul:003000:2024-03-15,SP-021:sul:003000,SP-021,sul,3.25,open-meteo:era5_seamless:-23.4:-46.7,2024-03-15,75.02,6.45,51.52,5,trigger,synthetic,synthetic,synthetic,synth-v1.0.0,1337,932480f22477dd00,baseline
SP-021:sul:003000:2024-04-18,SP-021:sul:003000,SP-021,sul,3.25,open-meteo:era5_seamless:-23.4:-46.7,2024-04-18,74.31,6.33,51.52,4,trigger,synthetic,synthetic,synthetic,synth-v1.0.0,1337,932480f22477dd00,baseline
SP-021:sul:003000:2024-05-29,SP-021:sul:003000,SP-021,sul,3.25,open-meteo:era5_seamless:-23.4:-46.7,2024-05-29,70.98,7.61,51.52,10,trigger,synthetic,synthetic,synthetic,synth-v1.0.0,1337,932480f22477dd00,baseline
SP-021:sul:003000:2024-08-03,SP-021:sul:003000,SP-021,sul,3.25,open-meteo:era5_seamless:-23.4:-46.7,2024-08-03,59.15,3.92,51.52,6,trigger,synthetic,synthetic,synthetic,synth-v1.0.0,1337,932480f22477dd00,baseline
SP-021:sul:003000:2024-10-05,SP-021:sul:003000,SP-021,sul,3.25,open-meteo:era5_seamless:-23.4:-46.7,2024-10-05,75.76,4.59,51.52,13,trigger,synthetic,synthetic,synthetic,synth-v1.0.0,1337,932480f22477dd00,baseline
SP-021:sul:003000:2024-11-13,SP-021:sul:003000,SP-021,sul,3.25,open-meteo:era5_seamless:-23.4:-46.7,2024-11-13,62.21,3.17,51.52,10,proactive,synthetic,synthetic,synthetic,synth-v1.0.0,1337,932480f22477dd00,baseline
SP-021:sul:003000:2025-01-01,SP-021:sul:003000,SP-021,sul,3.25,open-meteo:era5_seamless:-23.4:-46.7,2025-01-01,80.06,5.08,51.52,17,trigger,synthetic,synthetic,synthetic,synth-v1.0.0,1337,932480f22477dd00,baseline
SP-021:sul:003000:2025-02-07,SP-021:sul:003000,SP-021,sul,3.25,open-meteo:era5_seamless:-23.4:-46.7,2025-02-07,78.55,3.35,51.52,12,trigger,synthetic,synthetic,synthetic,synth-v1.0.0,1337,932480f22477dd00,baseline
SP-021:sul:003000:2025-03-06,SP-021:sul:003000,SP-021,sul,3.25,open-meteo:era5_seamless:-23.4:-46.7,2025-03-06,66.75,6.6,51.52,4,trigger,synthetic,synthetic,synthetic,synth-v1.0.0,1337,932480f22477dd00,baseline
SP-021:sul:003000:2025-04-12,SP-021:sul:003000,SP-021,sul,3.25,open-meteo:era5_seamless:-23.4:-46.7,2025-04-12,70.06,6.46,51.52,6,trigger,synthetic,synthetic,synthetic,synth-v1.0.0,1337,932480f22477dd00,baseline
SP-021:sul:003000:2025-05-27,SP-021:sul:003000,SP-021,sul,3.25,open-meteo:era5_seamless:-23.4:-46.7,2025-05-27,61.18,6.6,51.52,2,trigger,synthetic,synthetic,synthetic,synth-v1.0.0,1337,932480f22477dd00,baseline
SP-021:sul:003000:2025-08-16,SP-021:sul:003000,SP-021,sul,3.25,open-meteo:era5_seamless:-23.4:-46.7,2025-08-16,30.48,5.94,51.52,6,proactive,synthetic,synthetic,synthetic,synth-v1.0.0,1337,932480f22477dd00,baseline
SP-021:sul:003000:2025-10-07,SP-021:sul:003000,SP-021,sul,3.25,open-meteo:era5_seamless:-23.4:-46.7,2025-10-07,67.77,3.92,51.52,9,trigger,synthetic,synthetic,synthetic,synth-v1.0.0,1337,932480f22477dd00,baseline
SP-021:sul:003000:2025-12-17,SP-021:sul:003000,SP-021,sul,3.25,open-meteo:era5_seamless:-23.4:-46.7,2025-12-17,80.31,5.72,51.52,24,trigger,synthetic,synthetic,synthetic,synth-v1.0.0,1337,932480f22477dd00,baseline
SP-021:sul:003000:2026-01-09,SP-021:sul:003000,SP-021,sul,3.25,open-meteo:era5_seamless:-23.4:-46.7,2026-01-09,43.75,3.06,51.52,5,proactive,synthetic,synthetic,synthetic,synth-v1.0.0,1337,932480f22477dd00,baseline
SP-021:sul:003000:2026-03-07,SP-021:sul:003000,SP-021,sul,3.25,open-meteo:era5_seamless:-23.4:-46.7,2026-03-07,81.57,6.38,51.52,20,trigger,synthetic,synthetic,synthetic,synth-v1.0.0,1337,932480f22477dd00,baseline
SP-021:sul:003000:2026-04-02,SP-021:sul:003000,SP-021,sul,3.25,open-meteo:era5_seamless:-23.4:-46.7,2026-04-02,59.45,4.29,51.52,4,trigger,synthetic,synthetic,synthetic,synth-v1.0.0,1337,932480f22477dd00,baseline
SP-021:sul:003000:2026-05-23,SP-021:sul:003000,SP-021,sul,3.25,open-meteo:era5_seamless:-23.4:-46.7,2026-05-23,65.61,5.57,51.52,13,trigger,synthetic,synthetic,synthetic,synth-v1.0.0,1337,932480f22477dd00,baseline
SP-021:sul:003000:2026-08-22,SP-021:sul:003000,SP-021,sul,3.25,open-meteo:era5_seamless:-23.4:-46.7,2026-08-22,67.78,4.42,51.52,6,trigger,synthetic,synthetic,synthetic,synth-v1.0.0,1337,932480f22477dd00,baseline
SP-021:norte:003500:2023-02-18,SP-021:norte:003500,SP-021,norte,3.75,open-meteo:era5_seamless:-23.4:-46.7,2023-02-18,82.67,4.51,61.34,13,proactive,synthetic,synthetic,synthetic,synth-v1.0.0,1337,932480f22477dd00,baseline
SP-021:norte:003500:2023-03-26,SP-021:norte:003500,SP-021,norte,3.75,open-meteo:era5_seamless:-23.4:-46.7,2023-03-26,49.74,6.03,61.34,7,proactive,synthetic,synthetic,synthetic,synth-v1.0.0,1337,932480f22477dd00,baseline
SP-021:norte:003500:2023-05-17,SP-021:norte:003500,SP-021,norte,3.75,open-meteo:era5_seamless:-23.4:-46.7,2023-05-17,42.99,7.14,61.34,3,proactive,synthetic,synthetic,synthetic,synth-v1.0.0,1337,932480f22477dd00,baseline
SP-021:norte:003500:2023-09-15,SP-021:norte:003500,SP-021,norte,3.75,open-meteo:era5_seamless:-23.4:-46.7,2023-09-15,70.7,3.87,61.34,5,trigger,synthetic,synthetic,synthetic,synth-v1.0.0,1337,932480f22477dd00,baseline
SP-021:norte:003500:2023-11-21,SP-021:norte:003500,SP-021,norte,3.75,open-meteo:era5_seamless:-23.4:-46.7,2023-11-21,78.28,3.78,61.34,9,trigger,synthetic,synthetic,synthetic,synth-v1.0.0,1337,932480f22477dd00,baseline
SP-021:norte:003500:2024-01-20,SP-021:norte:003500,SP-021,norte,3.75,open-meteo:era5_seamless:-23.4:-46.7,2024-01-20,73.77,4.37,61.34,6,trigger,synthetic,synthetic,synthetic,synth-v1.0.0,1337,932480f22477dd00,baseline
SP-021:norte:003500:2024-03-12,SP-021:norte:003500,SP-021,norte,3.75,open-meteo:era5_seamless:-23.4:-46.7,2024-03-12,77.37,7.47,61.34,2,trigger,synthetic,synthetic,synthetic,synth-v1.0.0,1337,932480f22477dd00,baseline
SP-021:norte:003500:2024-04-29,SP-021:norte:003500,SP-021,norte,3.75,open-meteo:era5_seamless:-23.4:-46.7,2024-04-29,75.06,5.76,61.34,8,trigger,synthetic,synthetic,synthetic,synth-v1.0.0,1337,932480f22477dd00,baseline
SP-021:norte:003500:2024-06-28,SP-021:norte:003500,SP-021,norte,3.75,open-meteo:era5_seamless:-23.4:-46.7,2024-06-28,44.16,5.16,61.34,5,proactive,synthetic,synthetic,synthetic,synth-v1.0.0,1337,932480f22477dd00,baseline
SP-021:norte:003500:2024-10-04,SP-021:norte:003500,SP-021,norte,3.75,open-meteo:era5_seamless:-23.4:-46.7,2024-10-04,72.17,3.53,61.34,5,trigger,synthetic,synthetic,synthetic,synth-v1.0.0,1337,932480f22477dd00,baseline
SP-021:norte:003500:2024-12-17,SP-021:norte:003500,SP-021,norte,3.75,open-meteo:era5_seamless:-23.4:-46.7,2024-12-17,78.33,5.03,61.34,16,proactive,synthetic,synthetic,synthetic,synth-v1.0.0,1337,932480f22477dd00,baseline
SP-021:norte:003500:2025-02-09,SP-021:norte:003500,SP-021,norte,3.75,open-meteo:era5_seamless:-23.4:-46.7,2025-02-09,80.77,6.95,61.34,7,trigger,synthetic,synthetic,synthetic,synth-v1.0.0,1337,932480f22477dd00,baseline
SP-021:norte:003500:2025-03-31,SP-021:norte:003500,SP-021,norte,3.75,open-meteo:era5_seamless:-23.4:-46.7,2025-03-31,78.94,3.95,61.34,8,trigger,synthetic,synthetic,synthetic,synth-v1.0.0,1337,932480f22477dd00,baseline
SP-021:norte:003500:2025-08-02,SP-021:norte:003500,SP-021,norte,3.75,open-meteo:era5_seamless:-23.4:-46.7,2025-08-02,62.67,4.27,61.34,6,trigger,synthetic,synthetic,synthetic,synth-v1.0.0,1337,932480f22477dd00,baseline
SP-021:norte:003500:2025-11-13,SP-021:norte:003500,SP-021,norte,3.75,open-meteo:era5_seamless:-23.4:-46.7,2025-11-13,71.11,5.96,61.34,11,trigger,synthetic,synthetic,synthetic,synth-v1.0.0,1337,932480f22477dd00,baseline
SP-021:norte:003500:2026-01-09,SP-021:norte:003500,SP-021,norte,3.75,open-meteo:era5_seamless:-23.4:-46.7,2026-01-09,73.96,5.12,61.34,5,trigger,synthetic,synthetic,synthetic,synth-v1.0.0,1337,932480f22477dd00,baseline
SP-021:norte:003500:2026-02-24,SP-021:norte:003500,SP-021,norte,3.75,open-meteo:era5_seamless:-23.4:-46.7,2026-02-24,64.38,6.06,61.34,2,trigger,synthetic,synthetic,synthetic,synth-v1.0.0,1337,932480f22477dd00,baseline
SP-021:norte:003500:2026-04-20,SP-021:norte:003500,SP-021,norte,3.75,open-meteo:era5_seamless:-23.4:-46.7,2026-04-20,71.73,7.35,61.34,8,trigger,synthetic,synthetic,synthetic,synth-v1.0.0,1337,932480f22477dd00,baseline
SP-021:norte:003500:2026-08-18,SP-021:norte:003500,SP-021,norte,3.75,open-meteo:era5_seamless:-23.4:-46.7,2026-08-18,69.81,7.1,61.34,9,trigger,synthetic,synthetic,synthetic,synth-v1.0.0,1337,932480f22477dd00,baseline
SP-021:sul:003500:2023-01-24,SP-021:sul:003500,SP-021,sul,3.75,open-meteo:era5_seamless:-23.4:-46.7,2023-01-24,70.4,4.85,66.99,2,trigger,synthetic,synthetic,synthetic,synth-v1.0.0,1337,932480f22477dd00,baseline
SP-021:sul:003500:2023-03-03,SP-021:sul:003500,SP-021,sul,3.75,open-meteo:era5_seamless:-23.4:-46.7,2023-03-03,83.57,6.05,66.99,5,trigger,synthetic,synthetic,synthetic,synth-v1.0.0,1337,932480f22477dd00,baseline
SP-021:sul:003500:2023-04-13,SP-021:sul:003500,SP-021,sul,3.75,open-meteo:era5_seamless:-23.4:-46.7,2023-04-13,79.74,3.81,66.99,4,trigger,synthetic,synthetic,synthetic,synth-v1.0.0,1337,932480f22477dd00,baseline
SP-021:sul:003500:2023-08-15,SP-021:sul:003500,SP-021,sul,3.75,open-meteo:era5_seamless:-23.4:-46.7,2023-08-15,80.27,5.23,66.99,9,trigger,synthetic,synthetic,synthetic,synth-v1.0.0,1337,932480f22477dd00,baseline
SP-021:sul:003500:2023-10-03,SP-021:sul:003500,SP-021,sul,3.75,open-meteo:era5_seamless:-23.4:-46.7,2023-10-03,65.66,3.01,66.99,2,proactive,synthetic,synthetic,synthetic,synth-v1.0.0,1337,932480f22477dd00,baseline
SP-021:sul:003500:2023-12-02,SP-021:sul:003500,SP-021,sul,3.75,open-meteo:era5_seamless:-23.4:-46.7,2023-12-02,90.73,7.06,66.99,6,trigger,synthetic,synthetic,synthetic,synth-v1.0.0,1337,932480f22477dd00,baseline
SP-021:sul:003500:2024-01-18,SP-021:sul:003500,SP-021,sul,3.75,open-meteo:era5_seamless:-23.4:-46.7,2024-01-18,91.62,3.87,66.99,11,trigger,synthetic,synthetic,synthetic,synth-v1.0.0,1337,932480f22477dd00,baseline
SP-021:sul:003500:2024-03-05,SP-021:sul:003500,SP-021,sul,3.75,open-meteo:era5_seamless:-23.4:-46.7,2024-03-05,89.89,5.01,66.99,9,trigger,synthetic,synthetic,synthetic,synth-v1.0.0,1337,932480f22477dd00,baseline
SP-021:sul:003500:2024-04-14,SP-021:sul:003500,SP-021,sul,3.75,open-meteo:era5_seamless:-23.4:-46.7,2024-04-14,84.07,4.79,66.99,14,proactive,synthetic,synthetic,synthetic,synth-v1.0.0,1337,932480f22477dd00,baseline
SP-021:sul:003500:2024-06-06,SP-021:sul:003500,SP-021,sul,3.75,open-meteo:era5_seamless:-23.4:-46.7,2024-06-06,72.51,3.65,66.99,11,trigger,synthetic,synthetic,synthetic,synth-v1.0.0,1337,932480f22477dd00,baseline
SP-021:sul:003500:2024-08-20,SP-021:sul:003500,SP-021,sul,3.75,open-meteo:era5_seamless:-23.4:-46.7,2024-08-20,46.51,7.81,66.99,16,proactive,synthetic,synthetic,synthetic,synth-v1.0.0,1337,932480f22477dd00,baseline
SP-021:sul:003500:2024-10-17,SP-021:sul:003500,SP-021,sul,3.75,open-meteo:era5_seamless:-23.4:-46.7,2024-10-17,84.69,4.43,66.99,11,trigger,synthetic,synthetic,synthetic,synth-v1.0.0,1337,932480f22477dd00,baseline
SP-021:sul:003500:2024-12-10,SP-021:sul:003500,SP-021,sul,3.75,open-meteo:era5_seamless:-23.4:-46.7,2024-12-10,88.63,5.58,66.99,9,trigger,synthetic,synthetic,synthetic,synth-v1.0.0,1337,932480f22477dd00,baseline
SP-021:sul:003500:2025-01-17,SP-021:sul:003500,SP-021,sul,3.75,open-meteo:era5_seamless:-23.4:-46.7,2025-01-17,75.87,6.31,66.99,5,trigger,synthetic,synthetic,synthetic,synth-v1.0.0,1337,932480f22477dd00,baseline
SP-021:sul:003500:2025-02-28,SP-021:sul:003500,SP-021,sul,3.75,open-meteo:era5_seamless:-23.4:-46.7,2025-02-28,96.12,7.88,66.99,12,trigger,synthetic,synthetic,synthetic,synth-v1.0.0,1337,932480f22477dd00,baseline
SP-021:sul:003500:2025-04-13,SP-021:sul:003500,SP-021,sul,3.75,open-meteo:era5_seamless:-23.4:-46.7,2025-04-13,84.35,6.38,66.99,7,trigger,synthetic,synthetic,synthetic,synth-v1.0.0,1337,932480f22477dd00,baseline
SP-021:sul:003500:2025-06-24,SP-021:sul:003500,SP-021,sul,3.75,open-meteo:era5_seamless:-23.4:-46.7,2025-06-24,68.95,3.84,66.99,2,trigger,synthetic,synthetic,synthetic,synth-v1.0.0,1337,932480f22477dd00,baseline
SP-021:sul:003500:2025-10-17,SP-021:sul:003500,SP-021,sul,3.75,open-meteo:era5_seamless:-23.4:-46.7,2025-10-17,82.85,6.55,66.99,12,trigger,synthetic,synthetic,synthetic,synth-v1.0.0,1337,932480f22477dd00,baseline
SP-021:sul:003500:2025-12-11,SP-021:sul:003500,SP-021,sul,3.75,open-meteo:era5_seamless:-23.4:-46.7,2025-12-11,78.56,3.47,66.99,4,trigger,synthetic,synthetic,synthetic,synth-v1.0.0,1337,932480f22477dd00,baseline
SP-021:sul:003500:2026-01-29,SP-021:sul:003500,SP-021,sul,3.75,open-meteo:era5_seamless:-23.4:-46.7,2026-01-29,82.04,4.54,66.99,4,trigger,synthetic,synthetic,synthetic,synth-v1.0.0,1337,932480f22477dd00,baseline
SP-021:sul:003500:2026-03-18,SP-021:sul:003500,SP-021,sul,3.75,open-meteo:era5_seamless:-23.4:-46.7,2026-03-18,91.58,6.32,66.99,10,trigger,synthetic,synthetic,synthetic,synth-v1.0.0,1337,932480f22477dd00,baseline
SP-021:sul:003500:2026-05-06,SP-021:sul:003500,SP-021,sul,3.75,open-meteo:era5_seamless:-23.4:-46.7,2026-05-06,84.23,5.75,66.99,10,trigger,synthetic,synthetic,synthetic,synth-v1.0.0,1337,932480f22477dd00,baseline
SP-021:sul:003500:2026-08-28,SP-021:sul:003500,SP-021,sul,3.75,open-meteo:era5_seamless:-23.4:-46.7,2026-08-28,79.49,5.37,66.99,5,trigger,synthetic,synthetic,synthetic,synth-v1.0.0,1337,932480f22477dd00,baseline
SP-021:norte:004000:2023-01-07,SP-021:norte:004000,SP-021,norte,4.25,open-meteo:era5_seamless:-23.4:-46.7,2023-01-07,50.32,6.27,40.73,6,trigger,synthetic,synthetic,synthetic,synth-v1.0.0,1337,932480f22477dd00,baseline
SP-021:norte:004000:2023-02-15,SP-021:norte:004000,SP-021,norte,4.25,open-meteo:era5_seamless:-23.4:-46.7,2023-02-15,78.2,5.43,40.73,10,trigger,synthetic,synthetic,synthetic,synth-v1.0.0,1337,932480f22477dd00,baseline
SP-021:norte:004000:2023-03-19,SP-021:norte:004000,SP-021,norte,4.25,open-meteo:era5_seamless:-23.4:-46.7,2023-03-19,61.01,4.72,40.73,7,trigger,synthetic,synthetic,synthetic,synth-v1.0.0,1337,932480f22477dd00,baseline
SP-021:norte:004000:2023-05-07,SP-021:norte:004000,SP-021,norte,4.25,open-meteo:era5_seamless:-23.4:-46.7,2023-05-07,60.58,7.92,40.73,7,trigger,synthetic,synthetic,synthetic,synth-v1.0.0,1337,932480f22477dd00,baseline
SP-021:norte:004000:2023-08-10,SP-021:norte:004000,SP-021,norte,4.25,open-meteo:era5_seamless:-23.4:-46.7,2023-08-10,51.77,3.06,40.73,4,trigger,synthetic,synthetic,synthetic,synth-v1.0.0,1337,932480f22477dd00,baseline
SP-021:norte:004000:2023-10-08,SP-021:norte:004000,SP-021,norte,4.25,open-meteo:era5_seamless:-23.4:-46.7,2023-10-08,66.2,4.13,40.73,7,trigger,synthetic,synthetic,synthetic,synth-v1.0.0,1337,932480f22477dd00,baseline
SP-021:norte:004000:2023-11-30,SP-021:norte:004000,SP-021,norte,4.25,open-meteo:era5_seamless:-23.4:-46.7,2023-11-30,78.77,3.17,40.73,18,trigger,synthetic,synthetic,synthetic,synth-v1.0.0,1337,932480f22477dd00,baseline
SP-021:norte:004000:2024-01-10,SP-021:norte:004000,SP-021,norte,4.25,open-meteo:era5_seamless:-23.4:-46.7,2024-01-10,63.81,3.18,40.73,10,trigger,synthetic,synthetic,synthetic,synth-v1.0.0,1337,932480f22477dd00,baseline
SP-021:norte:004000:2024-02-26,SP-021:norte:004000,SP-021,norte,4.25,open-meteo:era5_seamless:-23.4:-46.7,2024-02-26,77.36,4.99,40.73,8,trigger,synthetic,synthetic,synthetic,synth-v1.0.0,1337,932480f22477dd00,baseline
SP-021:norte:004000:2024-04-02,SP-021:norte:004000,SP-021,norte,4.25,open-meteo:era5_seamless:-23.4:-46.7,2024-04-02,70.49,3.16,40.73,9,trigger,synthetic,synthetic,synthetic,synth-v1.0.0,1337,932480f22477dd00,baseline
SP-021:norte:004000:2024-05-25,SP-021:norte:004000,SP-021,norte,4.25,open-meteo:era5_seamless:-23.4:-46.7,2024-05-25,73.99,3.23,40.73,6,trigger,synthetic,synthetic,synthetic,synth-v1.0.0,1337,932480f22477dd00,baseline
SP-021:norte:004000:2024-08-23,SP-021:norte:004000,SP-021,norte,4.25,open-meteo:era5_seamless:-23.4:-46.7,2024-08-23,55.11,6.62,40.73,12,trigger,synthetic,synthetic,synthetic,synth-v1.0.0,1337,932480f22477dd00,baseline
SP-021:norte:004000:2024-10-08,SP-021:norte:004000,SP-021,norte,4.25,open-meteo:era5_seamless:-23.4:-46.7,2024-10-08,61.06,6.05,40.73,9,trigger,synthetic,synthetic,synthetic,synth-v1.0.0,1337,932480f22477dd00,baseline
SP-021:norte:004000:2024-11-21,SP-021:norte:004000,SP-021,norte,4.25,open-meteo:era5_seamless:-23.4:-46.7,2024-11-21,63.29,6.15,40.73,11,trigger,synthetic,synthetic,synthetic,synth-v1.0.0,1337,932480f22477dd00,baseline
SP-021:norte:004000:2024-12-25,SP-021:norte:004000,SP-021,norte,4.25,open-meteo:era5_seamless:-23.4:-46.7,2024-12-25,61.84,3.26,40.73,3,trigger,synthetic,synthetic,synthetic,synth-v1.0.0,1337,932480f22477dd00,baseline
SP-021:norte:004000:2025-01-30,SP-021:norte:004000,SP-021,norte,4.25,open-meteo:era5_seamless:-23.4:-46.7,2025-01-30,61.15,7.78,40.73,4,trigger,synthetic,synthetic,synthetic,synth-v1.0.0,1337,932480f22477dd00,baseline
SP-021:norte:004000:2025-03-09,SP-021:norte:004000,SP-021,norte,4.25,open-meteo:era5_seamless:-23.4:-46.7,2025-03-09,84.95,3.84,40.73,7,trigger,synthetic,synthetic,synthetic,synth-v1.0.0,1337,932480f22477dd00,baseline
SP-021:norte:004000:2025-04-26,SP-021:norte:004000,SP-021,norte,4.25,open-meteo:era5_seamless:-23.4:-46.7,2025-04-26,64.03,7.96,40.73,13,trigger,synthetic,synthetic,synthetic,synth-v1.0.0,1337,932480f22477dd00,baseline
SP-021:norte:004000:2025-06-27,SP-021:norte:004000,SP-021,norte,4.25,open-meteo:era5_seamless:-23.4:-46.7,2025-06-27,47.68,4.55,40.73,5,trigger,synthetic,synthetic,synthetic,synth-v1.0.0,1337,932480f22477dd00,baseline
SP-021:norte:004000:2025-09-23,SP-021:norte:004000,SP-021,norte,4.25,open-meteo:era5_seamless:-23.4:-46.7,2025-09-23,48.07,7.93,40.73,2,trigger,synthetic,synthetic,synthetic,synth-v1.0.0,1337,932480f22477dd00,baseline
SP-021:norte:004000:2025-11-08,SP-021:norte:004000,SP-021,norte,4.25,open-meteo:era5_seamless:-23.4:-46.7,2025-11-08,51.61,5.96,40.73,6,trigger,synthetic,synthetic,synthetic,synth-v1.0.0,1337,932480f22477dd00,baseline
SP-021:norte:004000:2025-12-23,SP-021:norte:004000,SP-021,norte,4.25,open-meteo:era5_seamless:-23.4:-46.7,2025-12-23,65.81,5.34,40.73,9,trigger,synthetic,synthetic,synthetic,synth-v1.0.0,1337,932480f22477dd00,baseline
SP-021:norte:004000:2026-01-21,SP-021:norte:004000,SP-021,norte,4.25,open-meteo:era5_seamless:-23.4:-46.7,2026-01-21,46.3,3.12,40.73,3,trigger,synthetic,synthetic,synthetic,synth-v1.0.0,1337,932480f22477dd00,baseline
SP-021:norte:004000:2026-02-26,SP-021:norte:004000,SP-021,norte,4.25,open-meteo:era5_seamless:-23.4:-46.7,2026-02-26,62.09,3.67,40.73,4,trigger,synthetic,synthetic,synthetic,synth-v1.0.0,1337,932480f22477dd00,baseline
SP-021:norte:004000:2026-04-02,SP-021:norte:004000,SP-021,norte,4.25,open-meteo:era5_seamless:-23.4:-46.7,2026-04-02,48.77,4.23,40.73,4,trigger,synthetic,synthetic,synthetic,synth-v1.0.0,1337,932480f22477dd00,baseline
SP-021:norte:004000:2026-06-03,SP-021:norte:004000,SP-021,norte,4.25,open-meteo:era5_seamless:-23.4:-46.7,2026-06-03,58.47,3.47,40.73,17,trigger,synthetic,synthetic,synthetic,synth-v1.0.0,1337,932480f22477dd00,baseline
SP-021:norte:004000:2026-09-01,SP-021:norte:004000,SP-021,norte,4.25,open-meteo:era5_seamless:-23.4:-46.7,2026-09-01,53.11,5.76,40.73,9,trigger,synthetic,synthetic,synthetic,synth-v1.0.0,1337,932480f22477dd00,baseline
SP-021:sul:004000:2023-01-31,SP-021:sul:004000,SP-021,sul,4.25,open-meteo:era5_seamless:-23.4:-46.7,2023-01-31,89.86,5.65,46.27,16,trigger,synthetic,synthetic,synthetic,synth-v1.0.0,1337,932480f22477dd00,baseline
SP-021:sul:004000:2023-03-07,SP-021:sul:004000,SP-021,sul,4.25,open-meteo:era5_seamless:-23.4:-46.7,2023-03-07,90.69,6.45,46.27,16,trigger,synthetic,synthetic,synthetic,synth-v1.0.0,1337,932480f22477dd00,baseline
SP-021:sul:004000:2023-03-30,SP-021:sul:004000,SP-021,sul,4.25,open-meteo:era5_seamless:-23.4:-46.7,2023-03-30,72.25,7.57,46.27,4,trigger,synthetic,synthetic,synthetic,synth-v1.0.0,1337,932480f22477dd00,baseline
SP-021:sul:004000:2023-05-04,SP-021:sul:004000,SP-021,sul,4.25,open-meteo:era5_seamless:-23.4:-46.7,2023-05-04,69.71,6.62,46.27,4,trigger,synthetic,synthetic,synthetic,synth-v1.0.0,1337,932480f22477dd00,baseline
SP-021:sul:004000:2023-07-23,SP-021:sul:004000,SP-021,sul,4.25,open-meteo:era5_seamless:-23.4:-46.7,2023-07-23,60.52,4.48,46.27,7,trigger,synthetic,synthetic,synthetic,synth-v1.0.0,1337,932480f22477dd00,baseline
SP-021:sul:004000:2023-09-12,SP-021:sul:004000,SP-021,sul,4.25,open-meteo:era5_seamless:-23.4:-46.7,2023-09-12,76.2,3.45,46.27,9,trigger,synthetic,synthetic,synthetic,synth-v1.0.0,1337,932480f22477dd00,baseline
SP-021:sul:004000:2023-10-15,SP-021:sul:004000,SP-021,sul,4.25,open-meteo:era5_seamless:-23.4:-46.7,2023-10-15,70.62,5.16,46.27,7,trigger,synthetic,synthetic,synthetic,synth-v1.0.0,1337,932480f22477dd00,baseline
SP-021:sul:004000:2023-11-18,SP-021:sul:004000,SP-021,sul,4.25,open-meteo:era5_seamless:-23.4:-46.7,2023-11-18,84.85,3.8,46.27,6,trigger,synthetic,synthetic,synthetic,synth-v1.0.0,1337,932480f22477dd00,baseline
SP-021:sul:004000:2023-12-22,SP-021:sul:004000,SP-021,sul,4.25,open-meteo:era5_seamless:-23.4:-46.7,2023-12-22,80.03,3.15,46.27,5,trigger,synthetic,synthetic,synthetic,synth-v1.0.0,1337,932480f22477dd00,baseline
SP-021:sul:004000:2024-01-27,SP-021:sul:004000,SP-021,sul,4.25,open-meteo:era5_seamless:-23.4:-46.7,2024-01-27,78.03,5.2,46.27,6,trigger,synthetic,synthetic,synthetic,synth-v1.0.0,1337,932480f22477dd00,baseline
SP-021:sul:004000:2024-02-20,SP-021:sul:004000,SP-021,sul,4.25,open-meteo:era5_seamless:-23.4:-46.7,2024-02-20,67.58,5.16,46.27,2,trigger,synthetic,synthetic,synthetic,synth-v1.0.0,1337,932480f22477dd00,baseline
SP-021:sul:004000:2024-03-28,SP-021:sul:004000,SP-021,sul,4.25,open-meteo:era5_seamless:-23.4:-46.7,2024-03-28,90.91,4.88,46.27,18,trigger,synthetic,synthetic,synthetic,synth-v1.0.0,1337,932480f22477dd00,baseline
SP-021:sul:004000:2024-05-06,SP-021:sul:004000,SP-021,sul,4.25,open-meteo:era5_seamless:-23.4:-46.7,2024-05-06,89.08,3.93,46.27,15,trigger,synthetic,synthetic,synthetic,synth-v1.0.0,1337,932480f22477dd00,baseline
SP-021:sul:004000:2024-06-18,SP-021:sul:004000,SP-021,sul,4.25,open-meteo:era5_seamless:-23.4:-46.7,2024-06-18,51.21,3.49,46.27,2,trigger,synthetic,synthetic,synthetic,synth-v1.0.0,1337,932480f22477dd00,baseline
SP-021:sul:004000:2024-08-14,SP-021:sul:004000,SP-021,sul,4.25,open-meteo:era5_seamless:-23.4:-46.7,2024-08-14,48.56,5.31,46.27,3,trigger,synthetic,synthetic,synthetic,synth-v1.0.0,1337,932480f22477dd00,baseline
SP-021:sul:004000:2024-09-17,SP-021:sul:004000,SP-021,sul,4.25,open-meteo:era5_seamless:-23.4:-46.7,2024-09-17,67.17,6.2,46.27,2,trigger,synthetic,synthetic,synthetic,synth-v1.0.0,1337,932480f22477dd00,baseline
SP-021:sul:004000:2024-10-15,SP-021:sul:004000,SP-021,sul,4.25,open-meteo:era5_seamless:-23.4:-46.7,2024-10-15,57.51,6.08,46.27,2,trigger,synthetic,synthetic,synthetic,synth-v1.0.0,1337,932480f22477dd00,baseline
SP-021:sul:004000:2024-11-21,SP-021:sul:004000,SP-021,sul,4.25,open-meteo:era5_seamless:-23.4:-46.7,2024-11-21,84.12,7.65,46.27,11,trigger,synthetic,synthetic,synthetic,synth-v1.0.0,1337,932480f22477dd00,baseline
SP-021:sul:004000:2024-12-12,SP-021:sul:004000,SP-021,sul,4.25,open-meteo:era5_seamless:-23.4:-46.7,2024-12-12,59.18,5.34,46.27,4,trigger,synthetic,synthetic,synthetic,synth-v1.0.0,1337,932480f22477dd00,baseline
SP-021:sul:004000:2025-01-09,SP-021:sul:004000,SP-021,sul,4.25,open-meteo:era5_seamless:-23.4:-46.7,2025-01-09,77.36,5.81,46.27,4,trigger,synthetic,synthetic,synthetic,synth-v1.0.0,1337,932480f22477dd00,baseline
SP-021:sul:004000:2025-02-03,SP-021:sul:004000,SP-021,sul,4.25,open-meteo:era5_seamless:-23.4:-46.7,2025-02-03,76.12,5.62,46.27,8,trigger,synthetic,synthetic,synthetic,synth-v1.0.0,1337,932480f22477dd00,baseline
SP-021:sul:004000:2025-03-04,SP-021:sul:004000,SP-021,sul,4.25,open-meteo:era5_seamless:-23.4:-46.7,2025-03-04,87.96,6.64,46.27,9,trigger,synthetic,synthetic,synthetic,synth-v1.0.0,1337,932480f22477dd00,baseline
SP-021:sul:004000:2025-03-26,SP-021:sul:004000,SP-021,sul,4.25,open-meteo:era5_seamless:-23.4:-46.7,2025-03-26,55.22,7.34,46.27,3,trigger,synthetic,synthetic,synthetic,synth-v1.0.0,1337,932480f22477dd00,baseline
SP-021:sul:004000:2025-05-04,SP-021:sul:004000,SP-021,sul,4.25,open-meteo:era5_seamless:-23.4:-46.7,2025-05-04,82.51,5.37,46.27,14,trigger,synthetic,synthetic,synthetic,synth-v1.0.0,1337,932480f22477dd00,baseline
SP-021:sul:004000:2025-06-22,SP-021:sul:004000,SP-021,sul,4.25,open-meteo:era5_seamless:-23.4:-46.7,2025-06-22,45.67,5.38,46.27,7,proactive,synthetic,synthetic,synthetic,synth-v1.0.0,1337,932480f22477dd00,baseline
SP-021:sul:004000:2025-09-10,SP-021:sul:004000,SP-021,sul,4.25,open-meteo:era5_seamless:-23.4:-46.7,2025-09-10,67.68,4.35,46.27,10,trigger,synthetic,synthetic,synthetic,synth-v1.0.0,1337,932480f22477dd00,baseline
SP-021:sul:004000:2025-10-24,SP-021:sul:004000,SP-021,sul,4.25,open-meteo:era5_seamless:-23.4:-46.7,2025-10-24,59.86,5.91,46.27,5,trigger,synthetic,synthetic,synthetic,synth-v1.0.0,1337,932480f22477dd00,baseline
SP-021:sul:004000:2025-12-02,SP-021:sul:004000,SP-021,sul,4.25,open-meteo:era5_seamless:-23.4:-46.7,2025-12-02,72.72,4.77,46.27,9,trigger,synthetic,synthetic,synthetic,synth-v1.0.0,1337,932480f22477dd00,baseline
SP-021:sul:004000:2026-01-15,SP-021:sul:004000,SP-021,sul,4.25,open-meteo:era5_seamless:-23.4:-46.7,2026-01-15,91.4,5.62,46.27,18,trigger,synthetic,synthetic,synthetic,synth-v1.0.0,1337,932480f22477dd00,baseline
SP-021:sul:004000:2026-02-10,SP-021:sul:004000,SP-021,sul,4.25,open-meteo:era5_seamless:-23.4:-46.7,2026-02-10,66.21,5.37,46.27,2,trigger,synthetic,synthetic,synthetic,synth-v1.0.0,1337,932480f22477dd00,baseline
SP-021:sul:004000:2026-03-15,SP-021:sul:004000,SP-021,sul,4.25,open-meteo:era5_seamless:-23.4:-46.7,2026-03-15,85.61,5.13,46.27,14,trigger,synthetic,synthetic,synthetic,synth-v1.0.0,1337,932480f22477dd00,baseline
SP-021:sul:004000:2026-04-18,SP-021:sul:004000,SP-021,sul,4.25,open-meteo:era5_seamless:-23.4:-46.7,2026-04-18,81.08,3.48,46.27,13,trigger,synthetic,synthetic,synthetic,synth-v1.0.0,1337,932480f22477dd00,baseline
SP-021:sul:004000:2026-05-22,SP-021:sul:004000,SP-021,sul,4.25,open-meteo:era5_seamless:-23.4:-46.7,2026-05-22,43.03,7.36,46.27,12,proactive,synthetic,synthetic,synthetic,synth-v1.0.0,1337,932480f22477dd00,baseline
SP-021:sul:004000:2026-08-13,SP-021:sul:004000,SP-021,sul,4.25,open-meteo:era5_seamless:-23.4:-46.7,2026-08-13,72.28,6.44,46.27,11,trigger,synthetic,synthetic,synthetic,synth-v1.0.0,1337,932480f22477dd00,baseline
SP-021:norte:004500:2023-01-07,SP-021:norte:004500,SP-021,norte,4.75,open-meteo:era5_seamless:-23.4:-46.8,2023-01-07,55.96,7.05,39.4,6,trigger,synthetic,synthetic,synthetic,synth-v1.0.0,1337,932480f22477dd00,baseline
SP-021:norte:004500:2023-02-03,SP-021:norte:004500,SP-021,norte,4.75,open-meteo:era5_seamless:-23.4:-46.8,2023-02-03,61.22,6.33,39.4,5,trigger,synthetic,synthetic,synthetic,synth-v1.0.0,1337,932480f22477dd00,baseline
SP-021:norte:004500:2023-03-01,SP-021:norte:004500,SP-021,norte,4.75,open-meteo:era5_seamless:-23.4:-46.8,2023-03-01,56.21,4.91,39.4,3,trigger,synthetic,synthetic,synthetic,synth-v1.0.0,1337,932480f22477dd00,baseline
SP-021:norte:004500:2023-04-07,SP-021:norte:004500,SP-021,norte,4.75,open-meteo:era5_seamless:-23.4:-46.8,2023-04-07,75.25,3.01,39.4,12,trigger,synthetic,synthetic,synthetic,synth-v1.0.0,1337,932480f22477dd00,baseline
SP-021:norte:004500:2023-07-04,SP-021:norte:004500,SP-021,norte,4.75,open-meteo:era5_seamless:-23.4:-46.8,2023-07-04,46.35,7.99,39.4,2,trigger,synthetic,synthetic,synthetic,synth-v1.0.0,1337,932480f22477dd00,baseline
SP-021:norte:004500:2023-09-01,SP-021:norte:004500,SP-021,norte,4.75,open-meteo:era5_seamless:-23.4:-46.8,2023-09-01,48.59,6.4,39.4,5,trigger,synthetic,synthetic,synthetic,synth-v1.0.0,1337,932480f22477dd00,baseline
SP-021:norte:004500:2023-10-14,SP-021:norte:004500,SP-021,norte,4.75,open-meteo:era5_seamless:-23.4:-46.8,2023-10-14,71.54,6.03,39.4,6,trigger,synthetic,synthetic,synthetic,synth-v1.0.0,1337,932480f22477dd00,baseline
SP-021:norte:004500:2023-11-20,SP-021:norte:004500,SP-021,norte,4.75,open-meteo:era5_seamless:-23.4:-46.8,2023-11-20,69.66,5.74,39.4,8,trigger,synthetic,synthetic,synthetic,synth-v1.0.0,1337,932480f22477dd00,baseline
SP-021:norte:004500:2023-12-30,SP-021:norte:004500,SP-021,norte,4.75,open-meteo:era5_seamless:-23.4:-46.8,2023-12-30,80.35,5.28,39.4,13,trigger,synthetic,synthetic,synthetic,synth-v1.0.0,1337,932480f22477dd00,baseline
SP-021:norte:004500:2024-02-14,SP-021:norte:004500,SP-021,norte,4.75,open-meteo:era5_seamless:-23.4:-46.8,2024-02-14,99.88,7.0,39.4,17,trigger,synthetic,synthetic,synthetic,synth-v1.0.0,1337,932480f22477dd00,baseline
SP-021:norte:004500:2024-03-14,SP-021:norte:004500,SP-021,norte,4.75,open-meteo:era5_seamless:-23.4:-46.8,2024-03-14,74.83,4.3,39.4,4,trigger,synthetic,synthetic,synthetic,synth-v1.0.0,1337,932480f22477dd00,baseline
SP-021:norte:004500:2024-04-17,SP-021:norte:004500,SP-021,norte,4.75,open-meteo:era5_seamless:-23.4:-46.8,2024-04-17,66.02,5.5,39.4,3,trigger,synthetic,synthetic,synthetic,synth-v1.0.0,1337,932480f22477dd00,baseline
SP-021:norte:004500:2024-05-24,SP-021:norte:004500,SP-021,norte,4.75,open-meteo:era5_seamless:-23.4:-46.8,2024-05-24,53.75,6.09,39.4,5,trigger,synthetic,synthetic,synthetic,synth-v1.0.0,1337,932480f22477dd00,baseline
SP-021:norte:004500:2024-08-15,SP-021:norte:004500,SP-021,norte,4.75,open-meteo:era5_seamless:-23.4:-46.8,2024-08-15,54.98,3.2,39.4,11,trigger,synthetic,synthetic,synthetic,synth-v1.0.0,1337,932480f22477dd00,baseline
SP-021:norte:004500:2024-10-05,SP-021:norte:004500,SP-021,norte,4.75,open-meteo:era5_seamless:-23.4:-46.8,2024-10-05,51.94,6.29,39.4,6,trigger,synthetic,synthetic,synthetic,synth-v1.0.0,1337,932480f22477dd00,baseline
SP-021:norte:004500:2024-11-26,SP-021:norte:004500,SP-021,norte,4.75,open-meteo:era5_seamless:-23.4:-46.8,2024-11-26,90.21,3.17,39.4,9,trigger,synthetic,synthetic,synthetic,synth-v1.0.0,1337,932480f22477dd00,baseline
SP-021:norte:004500:2025-01-06,SP-021:norte:004500,SP-021,norte,4.75,open-meteo:era5_seamless:-23.4:-46.8,2025-01-06,71.38,3.75,39.4,8,trigger,synthetic,synthetic,synthetic,synth-v1.0.0,1337,932480f22477dd00,baseline
SP-021:norte:004500:2025-02-05,SP-021:norte:004500,SP-021,norte,4.75,open-meteo:era5_seamless:-23.4:-46.8,2025-02-05,47.85,5.26,39.4,3,trigger,synthetic,synthetic,synthetic,synth-v1.0.0,1337,932480f22477dd00,baseline
SP-021:norte:004500:2025-03-22,SP-021:norte:004500,SP-021,norte,4.75,open-meteo:era5_seamless:-23.4:-46.8,2025-03-22,104.94,6.44,39.4,13,trigger,synthetic,synthetic,synthetic,synth-v1.0.0,1337,932480f22477dd00,baseline
SP-021:norte:004500:2025-05-01,SP-021:norte:004500,SP-021,norte,4.75,open-meteo:era5_seamless:-23.4:-46.8,2025-05-01,62.4,6.58,39.4,11,trigger,synthetic,synthetic,synthetic,synth-v1.0.0,1337,932480f22477dd00,baseline
SP-021:norte:004500:2025-07-13,SP-021:norte:004500,SP-021,norte,4.75,open-meteo:era5_seamless:-23.4:-46.8,2025-07-13,41.04,3.96,39.4,7,trigger,synthetic,synthetic,synthetic,synth-v1.0.0,1337,932480f22477dd00,baseline
SP-021:norte:004500:2025-10-12,SP-021:norte:004500,SP-021,norte,4.75,open-meteo:era5_seamless:-23.4:-46.8,2025-10-12,66.33,7.28,39.4,14,trigger,synthetic,synthetic,synthetic,synth-v1.0.0,1337,932480f22477dd00,baseline
SP-021:norte:004500:2025-11-28,SP-021:norte:004500,SP-021,norte,4.75,open-meteo:era5_seamless:-23.4:-46.8,2025-11-28,56.3,5.01,39.4,5,trigger,synthetic,synthetic,synthetic,synth-v1.0.0,1337,932480f22477dd00,baseline
SP-021:norte:004500:2026-01-05,SP-021:norte:004500,SP-021,norte,4.75,open-meteo:era5_seamless:-23.4:-46.8,2026-01-05,73.45,6.16,39.4,8,trigger,synthetic,synthetic,synthetic,synth-v1.0.0,1337,932480f22477dd00,baseline
SP-021:norte:004500:2026-02-24,SP-021:norte:004500,SP-021,norte,4.75,open-meteo:era5_seamless:-23.4:-46.8,2026-02-24,107.47,7.98,39.4,23,trigger,synthetic,synthetic,synthetic,synth-v1.0.0,1337,932480f22477dd00,baseline
SP-021:norte:004500:2026-03-30,SP-021:norte:004500,SP-021,norte,4.75,open-meteo:era5_seamless:-23.4:-46.8,2026-03-30,77.71,6.42,39.4,8,trigger,synthetic,synthetic,synthetic,synth-v1.0.0,1337,932480f22477dd00,baseline
SP-021:norte:004500:2026-05-07,SP-021:norte:004500,SP-021,norte,4.75,open-meteo:era5_seamless:-23.4:-46.8,2026-05-07,55.69,3.95,39.4,4,trigger,synthetic,synthetic,synthetic,synth-v1.0.0,1337,932480f22477dd00,baseline
SP-021:norte:004500:2026-08-12,SP-021:norte:004500,SP-021,norte,4.75,open-meteo:era5_seamless:-23.4:-46.8,2026-08-12,42.19,6.63,39.4,3,trigger,synthetic,synthetic,synthetic,synth-v1.0.0,1337,932480f22477dd00,baseline
SP-021:sul:004500:2023-02-05,SP-021:sul:004500,SP-021,sul,4.75,open-meteo:era5_seamless:-23.4:-46.8,2023-02-05,98.37,3.69,51.48,14,trigger,synthetic,synthetic,synthetic,synth-v1.0.0,1337,932480f22477dd00,baseline
SP-021:sul:004500:2023-03-01,SP-021:sul:004500,SP-021,sul,4.75,open-meteo:era5_seamless:-23.4:-46.8,2023-03-01,44.24,3.22,51.48,3,proactive,synthetic,synthetic,synthetic,synth-v1.0.0,1337,932480f22477dd00,baseline
SP-021:sul:004500:2023-04-05,SP-021:sul:004500,SP-021,sul,4.75,open-meteo:era5_seamless:-23.4:-46.8,2023-04-05,80.56,7.71,51.48,10,trigger,synthetic,synthetic,synthetic,synth-v1.0.0,1337,932480f22477dd00,baseline
SP-021:sul:004500:2023-05-20,SP-021:sul:004500,SP-021,sul,4.75,open-meteo:era5_seamless:-23.4:-46.8,2023-05-20,68.66,4.33,51.48,6,trigger,synthetic,synthetic,synthetic,synth-v1.0.0,1337,932480f22477dd00,baseline
SP-021:sul:004500:2023-08-22,SP-021:sul:004500,SP-021,sul,4.75,open-meteo:era5_seamless:-23.4:-46.8,2023-08-22,68.22,4.2,51.48,2,trigger,synthetic,synthetic,synthetic,synth-v1.0.0,1337,932480f22477dd00,baseline
SP-021:sul:004500:2023-10-04,SP-021:sul:004500,SP-021,sul,4.75,open-meteo:era5_seamless:-23.4:-46.8,2023-10-04,73.02,5.67,51.48,3,trigger,synthetic,synthetic,synthetic,synth-v1.0.0,1337,932480f22477dd00,baseline
SP-021:sul:004500:2023-11-16,SP-021:sul:004500,SP-021,sul,4.75,open-meteo:era5_seamless:-23.4:-46.8,2023-11-16,90.69,3.81,51.48,11,trigger,synthetic,synthetic,synthetic,synth-v1.0.0,1337,932480f22477dd00,baseline
SP-021:sul:004500:2023-12-24,SP-021:sul:004500,SP-021,sul,4.75,open-meteo:era5_seamless:-23.4:-46.8,2023-12-24,78.08,5.3,51.48,7,trigger,synthetic,synthetic,synthetic,synth-v1.0.0,1337,932480f22477dd00,baseline
SP-021:sul:004500:2024-01-30,SP-021:sul:004500,SP-021,sul,4.75,open-meteo:era5_seamless:-23.4:-46.8,2024-01-30,81.23,3.57,51.48,9,trigger,synthetic,synthetic,synthetic,synth-v1.0.0,1337,932480f22477dd00,baseline
SP-021:sul:004500:2024-03-05,SP-021:sul:004500,SP-021,sul,4.75,open-meteo:era5_seamless:-23.4:-46.8,2024-03-05,85.04,6.74,51.48,9,trigger,synthetic,synthetic,synthetic,synth-v1.0.0,1337,932480f22477dd00,baseline
SP-021:sul:004500:2024-04-12,SP-021:sul:004500,SP-021,sul,4.75,open-meteo:era5_seamless:-23.4:-46.8,2024-04-12,94.62,7.85,51.48,5,trigger,synthetic,synthetic,synthetic,synth-v1.0.0,1337,932480f22477dd00,baseline
SP-021:sul:004500:2024-05-19,SP-021:sul:004500,SP-021,sul,4.75,open-meteo:era5_seamless:-23.4:-46.8,2024-05-19,82.25,4.58,51.48,7,trigger,synthetic,synthetic,synthetic,synth-v1.0.0,1337,932480f22477dd00,baseline
SP-021:sul:004500:2024-08-01,SP-021:sul:004500,SP-021,sul,4.75,open-meteo:era5_seamless:-23.4:-46.8,2024-08-01,60.43,3.39,51.48,4,trigger,synthetic,synthetic,synthetic,synth-v1.0.0,1337,932480f22477dd00,baseline
SP-021:sul:004500:2024-09-17,SP-021:sul:004500,SP-021,sul,4.75,open-meteo:era5_seamless:-23.4:-46.8,2024-09-17,54.23,6.12,51.48,2,trigger,synthetic,synthetic,synthetic,synth-v1.0.0,1337,932480f22477dd00,baseline
SP-021:sul:004500:2024-10-25,SP-021:sul:004500,SP-021,sul,4.75,open-meteo:era5_seamless:-23.4:-46.8,2024-10-25,71.2,4.87,51.48,5,trigger,synthetic,synthetic,synthetic,synth-v1.0.0,1337,932480f22477dd00,baseline
SP-021:sul:004500:2024-12-20,SP-021:sul:004500,SP-021,sul,4.75,open-meteo:era5_seamless:-23.4:-46.8,2024-12-20,98.13,6.24,51.48,12,trigger,synthetic,synthetic,synthetic,synth-v1.0.0,1337,932480f22477dd00,baseline
SP-021:sul:004500:2025-01-23,SP-021:sul:004500,SP-021,sul,4.75,open-meteo:era5_seamless:-23.4:-46.8,2025-01-23,90.29,7.95,51.48,11,trigger,synthetic,synthetic,synthetic,synth-v1.0.0,1337,932480f22477dd00,baseline
SP-021:sul:004500:2025-02-22,SP-021:sul:004500,SP-021,sul,4.75,open-meteo:era5_seamless:-23.4:-46.8,2025-02-22,91.73,7.63,51.48,6,trigger,synthetic,synthetic,synthetic,synth-v1.0.0,1337,932480f22477dd00,baseline
SP-021:sul:004500:2025-03-17,SP-021:sul:004500,SP-021,sul,4.75,open-meteo:era5_seamless:-23.4:-46.8,2025-03-17,60.99,5.12,51.48,8,proactive,synthetic,synthetic,synthetic,synth-v1.0.0,1337,932480f22477dd00,baseline
SP-021:sul:004500:2025-04-23,SP-021:sul:004500,SP-021,sul,4.75,open-meteo:era5_seamless:-23.4:-46.8,2025-04-23,76.46,3.27,51.48,10,trigger,synthetic,synthetic,synthetic,synth-v1.0.0,1337,932480f22477dd00,baseline
SP-021:sul:004500:2025-07-07,SP-021:sul:004500,SP-021,sul,4.75,open-meteo:era5_seamless:-23.4:-46.8,2025-07-07,55.68,7.86,51.48,8,trigger,synthetic,synthetic,synthetic,synth-v1.0.0,1337,932480f22477dd00,baseline
SP-021:sul:004500:2025-09-18,SP-021:sul:004500,SP-021,sul,4.75,open-meteo:era5_seamless:-23.4:-46.8,2025-09-18,67.77,7.05,51.48,4,trigger,synthetic,synthetic,synthetic,synth-v1.0.0,1337,932480f22477dd00,baseline
SP-021:sul:004500:2025-10-31,SP-021:sul:004500,SP-021,sul,4.75,open-meteo:era5_seamless:-23.4:-46.8,2025-10-31,58.48,3.08,51.48,5,proactive,synthetic,synthetic,synthetic,synth-v1.0.0,1337,932480f22477dd00,baseline
SP-021:sul:004500:2025-12-19,SP-021:sul:004500,SP-021,sul,4.75,open-meteo:era5_seamless:-23.4:-46.8,2025-12-19,81.74,6.14,51.48,5,trigger,synthetic,synthetic,synthetic,synth-v1.0.0,1337,932480f22477dd00,baseline
SP-021:sul:004500:2026-01-18,SP-021:sul:004500,SP-021,sul,4.75,open-meteo:era5_seamless:-23.4:-46.8,2026-01-18,75.96,5.49,51.48,7,trigger,synthetic,synthetic,synthetic,synth-v1.0.0,1337,932480f22477dd00,baseline
SP-021:sul:004500:2026-02-21,SP-021:sul:004500,SP-021,sul,4.75,open-meteo:era5_seamless:-23.4:-46.8,2026-02-21,86.47,6.58,51.48,6,trigger,synthetic,synthetic,synthetic,synth-v1.0.0,1337,932480f22477dd00,baseline
SP-021:sul:004500:2026-03-30,SP-021:sul:004500,SP-021,sul,4.75,open-meteo:era5_seamless:-23.4:-46.8,2026-03-30,90.07,7.64,51.48,8,trigger,synthetic,synthetic,synthetic,synth-v1.0.0,1337,932480f22477dd00,baseline
SP-021:sul:004500:2026-05-07,SP-021:sul:004500,SP-021,sul,4.75,open-meteo:era5_seamless:-23.4:-46.8,2026-05-07,77.59,6.15,51.48,4,trigger,synthetic,synthetic,synthetic,synth-v1.0.0,1337,932480f22477dd00,baseline
SP-021:sul:004500:2026-08-13,SP-021:sul:004500,SP-021,sul,4.75,open-meteo:era5_seamless:-23.4:-46.8,2026-08-13,70.89,4.81,51.48,11,trigger,synthetic,synthetic,synthetic,synth-v1.0.0,1337,932480f22477dd00,baseline
SP-021:norte:005000:2023-01-29,SP-021:norte:005000,SP-021,norte,5.25,open-meteo:era5_seamless:-23.4:-46.8,2023-01-29,82.7,3.47,59.85,7,trigger,synthetic,synthetic,synthetic,synth-v1.0.0,1337,932480f22477dd00,baseline
SP-021:norte:005000:2023-03-31,SP-021:norte:005000,SP-021,norte,5.25,open-meteo:era5_seamless:-23.4:-46.8,2023-03-31,90.3,4.67,59.85,12,trigger,synthetic,synthetic,synthetic,synth-v1.0.0,1337,932480f22477dd00,baseline
SP-021:norte:005000:2023-06-14,SP-021:norte:005000,SP-021,norte,5.25,open-meteo:era5_seamless:-23.4:-46.8,2023-06-14,65.03,7.11,59.85,10,trigger,synthetic,synthetic,synthetic,synth-v1.0.0,1337,932480f22477dd00,baseline
SP-021:norte:005000:2023-09-05,SP-021:norte:005000,SP-021,norte,5.25,open-meteo:era5_seamless:-23.4:-46.8,2023-09-05,64.36,6.25,59.85,2,trigger,synthetic,synthetic,synthetic,synth-v1.0.0,1337,932480f22477dd00,baseline
SP-021:norte:005000:2023-10-17,SP-021:norte:005000,SP-021,norte,5.25,open-meteo:era5_seamless:-23.4:-46.8,2023-10-17,66.75,6.39,59.85,2,trigger,synthetic,synthetic,synthetic,synth-v1.0.0,1337,932480f22477dd00,baseline
SP-021:norte:005000:2023-11-23,SP-021:norte:005000,SP-021,norte,5.25,open-meteo:era5_seamless:-23.4:-46.8,2023-11-23,69.47,7.48,59.85,4,trigger,synthetic,synthetic,synthetic,synth-v1.0.0,1337,932480f22477dd00,baseline
SP-021:norte:005000:2023-12-30,SP-021:norte:005000,SP-021,norte,5.25,open-meteo:era5_seamless:-23.4:-46.8,2023-12-30,73.97,7.39,59.85,6,trigger,synthetic,synthetic,synthetic,synth-v1.0.0,1337,932480f22477dd00,baseline
SP-021:norte:005000:2024-02-18,SP-021:norte:005000,SP-021,norte,5.25,open-meteo:era5_seamless:-23.4:-46.8,2024-02-18,87.78,5.57,59.85,14,trigger,synthetic,synthetic,synthetic,synth-v1.0.0,1337,932480f22477dd00,baseline
SP-021:norte:005000:2024-03-25,SP-021:norte:005000,SP-021,norte,5.25,open-meteo:era5_seamless:-23.4:-46.8,2024-03-25,82.77,4.73,59.85,8,trigger,synthetic,synthetic,synthetic,synth-v1.0.0,1337,932480f22477dd00,baseline
SP-021:norte:005000:2024-05-12,SP-021:norte:005000,SP-021,norte,5.25,open-meteo:era5_seamless:-23.4:-46.8,2024-05-12,80.79,3.25,59.85,7,trigger,synthetic,synthetic,synthetic,synth-v1.0.0,1337,932480f22477dd00,baseline
SP-021:norte:005000:2024-08-22,SP-021:norte:005000,SP-021,norte,5.25,open-meteo:era5_seamless:-23.4:-46.8,2024-08-22,69.88,4.49,59.85,4,trigger,synthetic,synthetic,synthetic,synth-v1.0.0,1337,932480f22477dd00,baseline
SP-021:norte:005000:2024-10-31,SP-021:norte:005000,SP-021,norte,5.25,open-meteo:era5_seamless:-23.4:-46.8,2024-10-31,83.69,5.0,59.85,18,trigger,synthetic,synthetic,synthetic,synth-v1.0.0,1337,932480f22477dd00,baseline
SP-021:norte:005000:2024-12-19,SP-021:norte:005000,SP-021,norte,5.25,open-meteo:era5_seamless:-23.4:-46.8,2024-12-19,82.5,7.91,59.85,11,trigger,synthetic,synthetic,synthetic,synth-v1.0.0,1337,932480f22477dd00,baseline
SP-021:norte:005000:2025-02-02,SP-021:norte:005000,SP-021,norte,5.25,open-meteo:era5_seamless:-23.4:-46.8,2025-02-02,87.86,5.09,59.85,14,trigger,synthetic,synthetic,synthetic,synth-v1.0.0,1337,932480f22477dd00,baseline
SP-021:norte:005000:2025-03-08,SP-021:norte:005000,SP-021,norte,5.25,open-meteo:era5_seamless:-23.4:-46.8,2025-03-08,79.65,3.31,59.85,6,trigger,synthetic,synthetic,synthetic,synth-v1.0.0,1337,932480f22477dd00,baseline
SP-021:norte:005000:2025-04-28,SP-021:norte:005000,SP-021,norte,5.25,open-meteo:era5_seamless:-23.4:-46.8,2025-04-28,75.36,7.97,59.85,8,trigger,synthetic,synthetic,synthetic,synth-v1.0.0,1337,932480f22477dd00,baseline
SP-021:norte:005000:2025-08-04,SP-021:norte:005000,SP-021,norte,5.25,open-meteo:era5_seamless:-23.4:-46.8,2025-08-04,62.53,3.99,59.85,8,trigger,synthetic,synthetic,synthetic,synth-v1.0.0,1337,932480f22477dd00,baseline
SP-021:norte:005000:2025-10-30,SP-021:norte:005000,SP-021,norte,5.25,open-meteo:era5_seamless:-23.4:-46.8,2025-10-30,76.63,3.16,59.85,11,trigger,synthetic,synthetic,synthetic,synth-v1.0.0,1337,932480f22477dd00,baseline
SP-021:norte:005000:2025-12-25,SP-021:norte:005000,SP-021,norte,5.25,open-meteo:era5_seamless:-23.4:-46.8,2025-12-25,76.37,3.89,59.85,4,trigger,synthetic,synthetic,synthetic,synth-v1.0.0,1337,932480f22477dd00,baseline
SP-021:norte:005000:2026-02-03,SP-021:norte:005000,SP-021,norte,5.25,open-meteo:era5_seamless:-23.4:-46.8,2026-02-03,65.4,6.56,59.85,2,trigger,synthetic,synthetic,synthetic,synth-v1.0.0,1337,932480f22477dd00,baseline
SP-021:norte:005000:2026-03-16,SP-021:norte:005000,SP-021,norte,5.25,open-meteo:era5_seamless:-23.4:-46.8,2026-03-16,81.69,3.74,59.85,8,trigger,synthetic,synthetic,synthetic,synth-v1.0.0,1337,932480f22477dd00,baseline
SP-021:norte:005000:2026-05-04,SP-021:norte:005000,SP-021,norte,5.25,open-meteo:era5_seamless:-23.4:-46.8,2026-05-04,74.1,6.5,59.85,8,trigger,synthetic,synthetic,synthetic,synth-v1.0.0,1337,932480f22477dd00,baseline
SP-021:norte:005000:2026-08-27,SP-021:norte:005000,SP-021,norte,5.25,open-meteo:era5_seamless:-23.4:-46.8,2026-08-27,75.42,3.39,59.85,4,trigger,synthetic,synthetic,synthetic,synth-v1.0.0,1337,932480f22477dd00,baseline
SP-021:sul:005000:2023-02-02,SP-021:sul:005000,SP-021,sul,5.25,open-meteo:era5_seamless:-23.4:-46.8,2023-02-02,70.65,5.31,54.35,4,trigger,synthetic,synthetic,synthetic,synth-v1.0.0,1337,932480f22477dd00,baseline
SP-021:sul:005000:2023-03-13,SP-021:sul:005000,SP-021,sul,5.25,open-meteo:era5_seamless:-23.4:-46.8,2023-03-13,73.61,6.97,54.35,8,trigger,synthetic,synthetic,synthetic,synth-v1.0.0,1337,932480f22477dd00,baseline
SP-021:sul:005000:2023-04-19,SP-021:sul:005000,SP-021,sul,5.25,open-meteo:era5_seamless:-23.4:-46.8,2023-04-19,60.99,6.6,54.35,3,trigger,synthetic,synthetic,synthetic,synth-v1.0.0,1337,932480f22477dd00,baseline
SP-021:sul:005000:2023-08-02,SP-021:sul:005000,SP-021,sul,5.25,open-meteo:era5_seamless:-23.4:-46.8,2023-08-02,60.02,5.4,54.35,3,trigger,synthetic,synthetic,synthetic,synth-v1.0.0,1337,932480f22477dd00,baseline
SP-021:sul:005000:2023-10-02,SP-021:sul:005000,SP-021,sul,5.25,open-meteo:era5_seamless:-23.4:-46.8,2023-10-02,68.33,3.74,54.35,8,trigger,synthetic,synthetic,synthetic,synth-v1.0.0,1337,932480f22477dd00,baseline
SP-021:sul:005000:2023-11-20,SP-021:sul:005000,SP-021,sul,5.25,open-meteo:era5_seamless:-23.4:-46.8,2023-11-20,69.05,3.89,54.35,8,trigger,synthetic,synthetic,synthetic,synth-v1.0.0,1337,932480f22477dd00,baseline
SP-021:sul:005000:2024-01-10,SP-021:sul:005000,SP-021,sul,5.25,open-meteo:era5_seamless:-23.4:-46.8,2024-01-10,73.46,3.5,54.35,10,trigger,synthetic,synthetic,synthetic,synth-v1.0.0,1337,932480f22477dd00,baseline
SP-021:sul:005000:2024-02-25,SP-021:sul:005000,SP-021,sul,5.25,open-meteo:era5_seamless:-23.4:-46.8,2024-02-25,73.59,7.7,54.35,7,trigger,synthetic,synthetic,synthetic,synth-v1.0.0,1337,932480f22477dd00,baseline
SP-021:sul:005000:2024-04-20,SP-021:sul:005000,SP-021,sul,5.25,open-meteo:era5_seamless:-23.4:-46.8,2024-04-20,81.04,7.4,54.35,27,trigger,synthetic,synthetic,synthetic,synth-v1.0.0,1337,932480f22477dd00,baseline
SP-021:sul:005000:2024-05-30,SP-021:sul:005000,SP-021,sul,5.25,open-meteo:era5_seamless:-23.4:-46.8,2024-05-30,57.99,7.3,54.35,4,trigger,synthetic,synthetic,synthetic,synth-v1.0.0,1337,932480f22477dd00,baseline
SP-021:sul:005000:2024-08-21,SP-021:sul:005000,SP-021,sul,5.25,open-meteo:era5_seamless:-23.4:-46.8,2024-08-21,61.24,6.22,54.35,3,trigger,synthetic,synthetic,synthetic,synth-v1.0.0,1337,932480f22477dd00,baseline
SP-021:sul:005000:2024-10-27,SP-021:sul:005000,SP-021,sul,5.25,open-meteo:era5_seamless:-23.4:-46.8,2024-10-27,77.78,5.2,54.35,21,trigger,synthetic,synthetic,synthetic,synth-v1.0.0,1337,932480f22477dd00,baseline
SP-021:sul:005000:2024-12-17,SP-021:sul:005000,SP-021,sul,5.25,open-meteo:era5_seamless:-23.4:-46.8,2024-12-17,73.09,3.97,54.35,9,trigger,synthetic,synthetic,synthetic,synth-v1.0.0,1337,932480f22477dd00,baseline
SP-021:sul:005000:2025-01-26,SP-021:sul:005000,SP-021,sul,5.25,open-meteo:era5_seamless:-23.4:-46.8,2025-01-26,70.35,5.36,54.35,7,trigger,synthetic,synthetic,synthetic,synth-v1.0.0,1337,932480f22477dd00,baseline
SP-021:sul:005000:2025-02-28,SP-021:sul:005000,SP-021,sul,5.25,open-meteo:era5_seamless:-23.4:-46.8,2025-02-28,70.68,4.58,54.35,5,trigger,synthetic,synthetic,synthetic,synth-v1.0.0,1337,932480f22477dd00,baseline
SP-021:sul:005000:2025-05-01,SP-021:sul:005000,SP-021,sul,5.25,open-meteo:era5_seamless:-23.4:-46.8,2025-05-01,77.36,6.32,54.35,11,trigger,synthetic,synthetic,synthetic,synth-v1.0.0,1337,932480f22477dd00,baseline
SP-021:sul:005000:2025-08-27,SP-021:sul:005000,SP-021,sul,5.25,open-meteo:era5_seamless:-23.4:-46.8,2025-08-27,62.94,4.37,54.35,3,trigger,synthetic,synthetic,synthetic,synth-v1.0.0,1337,932480f22477dd00,baseline
SP-021:sul:005000:2025-10-20,SP-021:sul:005000,SP-021,sul,5.25,open-meteo:era5_seamless:-23.4:-46.8,2025-10-20,49.05,5.54,54.35,15,proactive,synthetic,synthetic,synthetic,synth-v1.0.0,1337,932480f22477dd00,baseline
SP-021:sul:005000:2025-11-28,SP-021:sul:005000,SP-021,sul,5.25,open-meteo:era5_seamless:-23.4:-46.8,2025-11-28,39.59,4.71,54.35,5,proactive,synthetic,synthetic,synthetic,synth-v1.0.0,1337,932480f22477dd00,baseline
SP-021:sul:005000:2026-01-16,SP-021:sul:005000,SP-021,sul,5.25,open-meteo:era5_seamless:-23.4:-46.8,2026-01-16,74.25,6.94,54.35,5,trigger,synthetic,synthetic,synthetic,synth-v1.0.0,1337,932480f22477dd00,baseline
SP-021:sul:005000:2026-02-23,SP-021:sul:005000,SP-021,sul,5.25,open-meteo:era5_seamless:-23.4:-46.8,2026-02-23,72.1,4.31,54.35,8,trigger,synthetic,synthetic,synthetic,synth-v1.0.0,1337,932480f22477dd00,baseline
SP-021:sul:005000:2026-04-01,SP-021:sul:005000,SP-021,sul,5.25,open-meteo:era5_seamless:-23.4:-46.8,2026-04-01,61.56,7.92,54.35,3,trigger,synthetic,synthetic,synthetic,synth-v1.0.0,1337,932480f22477dd00,baseline
SP-021:sul:005000:2026-05-15,SP-021:sul:005000,SP-021,sul,5.25,open-meteo:era5_seamless:-23.4:-46.8,2026-05-15,57.81,4.43,54.35,5,trigger,synthetic,synthetic,synthetic,synth-v1.0.0,1337,932480f22477dd00,baseline
SP-021:sul:005000:2026-09-01,SP-021:sul:005000,SP-021,sul,5.25,open-meteo:era5_seamless:-23.4:-46.8,2026-09-01,63.3,5.67,54.35,19,trigger,synthetic,synthetic,synthetic,synth-v1.0.0,1337,932480f22477dd00,baseline
SP-021:norte:005500:2023-01-24,SP-021:norte:005500,SP-021,norte,5.75,open-meteo:era5_seamless:-23.4:-46.8,2023-01-24,67.63,7.67,60.42,9,proactive,synthetic,synthetic,synthetic,synth-v1.0.0,1337,932480f22477dd00,baseline
SP-021:norte:005500:2023-03-22,SP-021:norte:005500,SP-021,norte,5.75,open-meteo:era5_seamless:-23.4:-46.8,2023-03-22,74.55,7.95,60.42,10,trigger,synthetic,synthetic,synthetic,synth-v1.0.0,1337,932480f22477dd00,baseline
SP-021:norte:005500:2023-05-17,SP-021:norte:005500,SP-021,norte,5.75,open-meteo:era5_seamless:-23.4:-46.8,2023-05-17,54.42,3.57,60.42,10,proactive,synthetic,synthetic,synthetic,synth-v1.0.0,1337,932480f22477dd00,baseline
SP-021:norte:005500:2023-09-29,SP-021:norte:005500,SP-021,norte,5.75,open-meteo:era5_seamless:-23.4:-46.8,2023-09-29,64.46,4.21,60.42,5,trigger,synthetic,synthetic,synthetic,synth-v1.0.0,1337,932480f22477dd00,baseline
SP-021:norte:005500:2023-11-29,SP-021:norte:005500,SP-021,norte,5.75,open-meteo:era5_seamless:-23.4:-46.8,2023-11-29,65.85,7.06,60.42,3,trigger,synthetic,synthetic,synthetic,synth-v1.0.0,1337,932480f22477dd00,baseline
SP-021:norte:005500:2024-01-24,SP-021:norte:005500,SP-021,norte,5.75,open-meteo:era5_seamless:-23.4:-46.8,2024-01-24,68.05,4.43,60.42,3,trigger,synthetic,synthetic,synthetic,synth-v1.0.0,1337,932480f22477dd00,baseline
SP-021:norte:005500:2024-03-16,SP-021:norte:005500,SP-021,norte,5.75,open-meteo:era5_seamless:-23.4:-46.8,2024-03-16,70.31,5.42,60.42,6,trigger,synthetic,synthetic,synthetic,synth-v1.0.0,1337,932480f22477dd00,baseline
SP-021:norte:005500:2024-05-14,SP-021:norte:005500,SP-021,norte,5.75,open-meteo:era5_seamless:-23.4:-46.8,2024-05-14,69.25,7.88,60.42,9,trigger,synthetic,synthetic,synthetic,synth-v1.0.0,1337,932480f22477dd00,baseline
SP-021:norte:005500:2024-09-06,SP-021:norte:005500,SP-021,norte,5.75,open-meteo:era5_seamless:-23.4:-46.8,2024-09-06,64.62,4.89,60.42,5,trigger,synthetic,synthetic,synthetic,synth-v1.0.0,1337,932480f22477dd00,baseline
SP-021:norte:005500:2024-11-15,SP-021:norte:005500,SP-021,norte,5.75,open-meteo:era5_seamless:-23.4:-46.8,2024-11-15,63.96,4.69,60.42,5,trigger,synthetic,synthetic,synthetic,synth-v1.0.0,1337,932480f22477dd00,baseline
SP-021:norte:005500:2025-01-12,SP-021:norte:005500,SP-021,norte,5.75,open-meteo:era5_seamless:-23.4:-46.8,2025-01-12,70.49,4.97,60.42,7,trigger,synthetic,synthetic,synthetic,synth-v1.0.0,1337,932480f22477dd00,baseline
SP-021:norte:005500:2025-03-11,SP-021:norte:005500,SP-021,norte,5.75,open-meteo:era5_seamless:-23.4:-46.8,2025-03-11,74.27,3.59,60.42,9,trigger,synthetic,synthetic,synthetic,synth-v1.0.0,1337,932480f22477dd00,baseline
SP-021:norte:005500:2025-05-20,SP-021:norte:005500,SP-021,norte,5.75,open-meteo:era5_seamless:-23.4:-46.8,2025-05-20,63.52,7.78,60.42,2,trigger,synthetic,synthetic,synthetic,synth-v1.0.0,1337,932480f22477dd00,baseline
SP-021:norte:005500:2025-10-07,SP-021:norte:005500,SP-021,norte,5.75,open-meteo:era5_seamless:-23.4:-46.8,2025-10-07,66.03,4.24,60.42,2,trigger,synthetic,synthetic,synthetic,synth-v1.0.0,1337,932480f22477dd00,baseline
SP-021:norte:005500:2026-01-08,SP-021:norte:005500,SP-021,norte,5.75,open-meteo:era5_seamless:-23.4:-46.8,2026-01-08,73.79,6.66,60.42,11,trigger,synthetic,synthetic,synthetic,synth-v1.0.0,1337,932480f22477dd00,baseline
SP-021:norte:005500:2026-02-27,SP-021:norte:005500,SP-021,norte,5.75,open-meteo:era5_seamless:-23.4:-46.8,2026-02-27,68.66,7.61,60.42,5,trigger,synthetic,synthetic,synthetic,synth-v1.0.0,1337,932480f22477dd00,baseline
SP-021:norte:005500:2026-04-17,SP-021:norte:005500,SP-021,norte,5.75,open-meteo:era5_seamless:-23.4:-46.8,2026-04-17,66.97,7.64,60.42,5,trigger,synthetic,synthetic,synthetic,synth-v1.0.0,1337,932480f22477dd00,baseline
SP-021:norte:005500:2026-08-21,SP-021:norte:005500,SP-021,norte,5.75,open-meteo:era5_seamless:-23.4:-46.8,2026-08-21,65.68,6.99,60.42,5,trigger,synthetic,synthetic,synthetic,synth-v1.0.0,1337,932480f22477dd00,baseline
SP-021:sul:005500:2023-01-17,SP-021:sul:005500,SP-021,sul,5.75,open-meteo:era5_seamless:-23.4:-46.8,2023-01-17,57.95,6.94,47.81,2,trigger,synthetic,synthetic,synthetic,synth-v1.0.0,1337,932480f22477dd00,baseline
SP-021:sul:005500:2023-03-01,SP-021:sul:005500,SP-021,sul,5.75,open-meteo:era5_seamless:-23.4:-46.8,2023-03-01,108.78,5.95,47.81,17,trigger,synthetic,synthetic,synthetic,synth-v1.0.0,1337,932480f22477dd00,baseline
SP-021:sul:005500:2023-03-31,SP-021:sul:005500,SP-021,sul,5.75,open-meteo:era5_seamless:-23.4:-46.8,2023-03-31,80.97,6.12,47.81,5,trigger,synthetic,synthetic,synthetic,synth-v1.0.0,1337,932480f22477dd00,baseline
SP-021:sul:005500:2023-05-13,SP-021:sul:005500,SP-021,sul,5.75,open-meteo:era5_seamless:-23.4:-46.8,2023-05-13,68.57,5.54,47.81,6,trigger,synthetic,synthetic,synthetic,synth-v1.0.0,1337,932480f22477dd00,baseline
SP-021:sul:005500:2023-08-15,SP-021:sul:005500,SP-021,sul,5.75,open-meteo:era5_seamless:-23.4:-46.8,2023-08-15,58.28,7.76,47.81,2,trigger,synthetic,synthetic,synthetic,synth-v1.0.0,1337,932480f22477dd00,baseline
SP-021:sul:005500:2023-10-06,SP-021:sul:005500,SP-021,sul,5.75,open-meteo:era5_seamless:-23.4:-46.8,2023-10-06,93.98,4.47,47.81,12,trigger,synthetic,synthetic,synthetic,synth-v1.0.0,1337,932480f22477dd00,baseline
SP-021:sul:005500:2023-11-12,SP-021:sul:005500,SP-021,sul,5.75,open-meteo:era5_seamless:-23.4:-46.8,2023-11-12,74.15,3.45,47.81,7,trigger,synthetic,synthetic,synthetic,synth-v1.0.0,1337,932480f22477dd00,baseline
SP-021:sul:005500:2023-12-29,SP-021:sul:005500,SP-021,sul,5.75,open-meteo:era5_seamless:-23.4:-46.8,2023-12-29,98.08,5.89,47.81,12,trigger,synthetic,synthetic,synthetic,synth-v1.0.0,1337,932480f22477dd00,baseline
SP-021:sul:005500:2024-02-05,SP-021:sul:005500,SP-021,sul,5.75,open-meteo:era5_seamless:-23.4:-46.8,2024-02-05,84.69,7.12,47.81,8,trigger,synthetic,synthetic,synthetic,synth-v1.0.0,1337,932480f22477dd00,baseline
SP-021:sul:005500:2024-03-12,SP-021:sul:005500,SP-021,sul,5.75,open-meteo:era5_seamless:-23.4:-46.8,2024-03-12,101.73,3.59,47.81,2,trigger,synthetic,synthetic,synthetic,synth-v1.0.0,1337,932480f22477dd00,baseline
SP-021:sul:005500:2024-04-30,SP-021:sul:005500,SP-021,sul,5.75,open-meteo:era5_seamless:-23.4:-46.8,2024-04-30,102.65,6.61,47.81,16,trigger,synthetic,synthetic,synthetic,synth-v1.0.0,1337,932480f22477dd00,baseline
SP-021:sul:005500:2024-06-20,SP-021:sul:005500,SP-021,sul,5.75,open-meteo:era5_seamless:-23.4:-46.8,2024-06-20,65.65,7.64,47.81,4,trigger,synthetic,synthetic,synthetic,synth-v1.0.0,1337,932480f22477dd00,baseline
SP-021:sul:005500:2024-08-22,SP-021:sul:005500,SP-021,sul,5.75,open-meteo:era5_seamless:-23.4:-46.8,2024-08-22,60.16,6.66,47.81,4,trigger,synthetic,synthetic,synthetic,synth-v1.0.0,1337,932480f22477dd00,baseline
SP-021:sul:005500:2024-10-11,SP-021:sul:005500,SP-021,sul,5.75,open-meteo:era5_seamless:-23.4:-46.8,2024-10-11,86.55,5.82,47.81,5,trigger,synthetic,synthetic,synthetic,synth-v1.0.0,1337,932480f22477dd00,baseline
SP-021:sul:005500:2024-11-30,SP-021:sul:005500,SP-021,sul,5.75,open-meteo:era5_seamless:-23.4:-46.8,2024-11-30,100.62,4.36,47.81,13,trigger,synthetic,synthetic,synthetic,synth-v1.0.0,1337,932480f22477dd00,baseline
SP-021:sul:005500:2025-01-16,SP-021:sul:005500,SP-021,sul,5.75,open-meteo:era5_seamless:-23.4:-46.8,2025-01-16,103.62,4.43,47.81,18,trigger,synthetic,synthetic,synthetic,synth-v1.0.0,1337,932480f22477dd00,baseline
SP-021:sul:005500:2025-02-16,SP-021:sul:005500,SP-021,sul,5.75,open-meteo:era5_seamless:-23.4:-46.8,2025-02-16,84.39,7.53,47.81,7,trigger,synthetic,synthetic,synthetic,synth-v1.0.0,1337,932480f22477dd00,baseline
SP-021:sul:005500:2025-03-17,SP-021:sul:005500,SP-021,sul,5.75,open-meteo:era5_seamless:-23.4:-46.8,2025-03-17,81.02,7.96,47.81,8,trigger,synthetic,synthetic,synthetic,synth-v1.0.0,1337,932480f22477dd00,baseline
SP-021:sul:005500:2025-04-16,SP-021:sul:005500,SP-021,sul,5.75,open-meteo:era5_seamless:-23.4:-46.8,2025-04-16,68.17,5.29,47.81,3,trigger,synthetic,synthetic,synthetic,synth-v1.0.0,1337,932480f22477dd00,baseline
SP-021:sul:005500:2025-06-12,SP-021:sul:005500,SP-021,sul,5.75,open-meteo:era5_seamless:-23.4:-46.8,2025-06-12,63.05,5.6,47.81,11,trigger,synthetic,synthetic,synthetic,synth-v1.0.0,1337,932480f22477dd00,baseline
SP-021:sul:005500:2025-09-16,SP-021:sul:005500,SP-021,sul,5.75,open-meteo:era5_seamless:-23.4:-46.8,2025-09-16,64.68,5.16,47.81,9,trigger,synthetic,synthetic,synthetic,synth-v1.0.0,1337,932480f22477dd00,baseline
SP-021:sul:005500:2025-11-26,SP-021:sul:005500,SP-021,sul,5.75,open-meteo:era5_seamless:-23.4:-46.8,2025-11-26,98.93,7.59,47.81,24,trigger,synthetic,synthetic,synthetic,synth-v1.0.0,1337,932480f22477dd00,baseline
SP-021:sul:005500:2026-01-09,SP-021:sul:005500,SP-021,sul,5.75,open-meteo:era5_seamless:-23.4:-46.8,2026-01-09,101.95,6.69,47.81,12,trigger,synthetic,synthetic,synthetic,synth-v1.0.0,1337,932480f22477dd00,baseline
SP-021:sul:005500:2026-02-28,SP-021:sul:005500,SP-021,sul,5.75,open-meteo:era5_seamless:-23.4:-46.8,2026-02-28,109.69,4.73,47.81,20,trigger,synthetic,synthetic,synthetic,synth-v1.0.0,1337,932480f22477dd00,baseline
SP-021:sul:005500:2026-04-03,SP-021:sul:005500,SP-021,sul,5.75,open-meteo:era5_seamless:-23.4:-46.8,2026-04-03,77.48,3.22,47.81,12,proactive,synthetic,synthetic,synthetic,synth-v1.0.0,1337,932480f22477dd00,baseline
SP-021:sul:005500:2026-05-15,SP-021:sul:005500,SP-021,sul,5.75,open-meteo:era5_seamless:-23.4:-46.8,2026-05-15,49.49,6.22,47.81,5,trigger,synthetic,synthetic,synthetic,synth-v1.0.0,1337,932480f22477dd00,baseline
SP-021:sul:005500:2026-08-18,SP-021:sul:005500,SP-021,sul,5.75,open-meteo:era5_seamless:-23.4:-46.8,2026-08-18,69.46,6.55,47.81,9,trigger,synthetic,synthetic,synthetic,synth-v1.0.0,1337,932480f22477dd00,baseline
SP-021:norte:006000:2023-01-17,SP-021:norte:006000,SP-021,norte,6.25,open-meteo:era5_seamless:-23.4:-46.8,2023-01-17,61.79,4.5,58.35,2,trigger,synthetic,synthetic,synthetic,synth-v1.0.0,1337,932480f22477dd00,baseline
SP-021:norte:006000:2023-02-21,SP-021:norte:006000,SP-021,norte,6.25,open-meteo:era5_seamless:-23.4:-46.8,2023-02-21,52.19,6.81,58.35,9,proactive,synthetic,synthetic,synthetic,synth-v1.0.0,1337,932480f22477dd00,baseline
SP-021:norte:006000:2023-04-06,SP-021:norte:006000,SP-021,norte,6.25,open-meteo:era5_seamless:-23.4:-46.8,2023-04-06,69.02,3.59,58.35,11,trigger,synthetic,synthetic,synthetic,synth-v1.0.0,1337,932480f22477dd00,baseline
SP-021:norte:006000:2023-08-01,SP-021:norte:006000,SP-021,norte,6.25,open-meteo:era5_seamless:-23.4:-46.8,2023-08-01,52.55,6.37,58.35,9,proactive,synthetic,synthetic,synthetic,synth-v1.0.0,1337,932480f22477dd00,baseline
SP-021:norte:006000:2023-10-04,SP-021:norte:006000,SP-021,norte,6.25,open-meteo:era5_seamless:-23.4:-46.8,2023-10-04,61.53,6.25,58.35,3,trigger,synthetic,synthetic,synthetic,synth-v1.0.0,1337,932480f22477dd00,baseline
SP-021:norte:006000:2023-12-07,SP-021:norte:006000,SP-021,norte,6.25,open-meteo:era5_seamless:-23.4:-46.8,2023-12-07,71.6,4.17,58.35,11,trigger,synthetic,synthetic,synthetic,synth-v1.0.0,1337,932480f22477dd00,baseline
SP-021:norte:006000:2024-01-30,SP-021:norte:006000,SP-021,norte,6.25,open-meteo:era5_seamless:-23.4:-46.8,2024-01-30,64.53,6.7,58.35,2,trigger,synthetic,synthetic,synthetic,synth-v1.0.0,1337,932480f22477dd00,baseline
SP-021:norte:006000:2024-03-08,SP-021:norte:006000,SP-021,norte,6.25,open-meteo:era5_seamless:-23.4:-46.8,2024-03-08,65.65,6.1,58.35,5,trigger,synthetic,synthetic,synthetic,synth-v1.0.0,1337,932480f22477dd00,baseline
SP-021:norte:006000:2024-04-17,SP-021:norte:006000,SP-021,norte,6.25,open-meteo:era5_seamless:-23.4:-46.8,2024-04-17,65.66,7.77,58.35,3,trigger,synthetic,synthetic,synthetic,synth-v1.0.0,1337,932480f22477dd00,baseline
SP-021:norte:006000:2024-05-28,SP-021:norte:006000,SP-021,norte,6.25,open-meteo:era5_seamless:-23.4:-46.8,2024-05-28,50.92,4.57,58.35,9,proactive,synthetic,synthetic,synthetic,synth-v1.0.0,1337,932480f22477dd00,baseline
SP-021:norte:006000:2024-09-12,SP-021:norte:006000,SP-021,norte,6.25,open-meteo:era5_seamless:-23.4:-46.8,2024-09-12,64.31,7.89,58.35,4,trigger,synthetic,synthetic,synthetic,synth-v1.0.0,1337,932480f22477dd00,baseline
SP-021:norte:006000:2024-11-08,SP-021:norte:006000,SP-021,norte,6.25,open-meteo:era5_seamless:-23.4:-46.8,2024-11-08,64.92,4.29,58.35,5,trigger,synthetic,synthetic,synthetic,synth-v1.0.0,1337,932480f22477dd00,baseline
SP-021:norte:006000:2025-01-03,SP-021:norte:006000,SP-021,norte,6.25,open-meteo:era5_seamless:-23.4:-46.8,2025-01-03,69.17,5.45,58.35,12,trigger,synthetic,synthetic,synthetic,synth-v1.0.0,1337,932480f22477dd00,baseline
SP-021:norte:006000:2025-02-24,SP-021:norte:006000,SP-021,norte,6.25,open-meteo:era5_seamless:-23.4:-46.8,2025-02-24,72.35,5.25,58.35,15,trigger,synthetic,synthetic,synthetic,synth-v1.0.0,1337,932480f22477dd00,baseline
SP-021:norte:006000:2025-04-16,SP-021:norte:006000,SP-021,norte,6.25,open-meteo:era5_seamless:-23.4:-46.8,2025-04-16,65.04,7.48,58.35,3,trigger,synthetic,synthetic,synthetic,synth-v1.0.0,1337,932480f22477dd00,baseline
SP-021:norte:006000:2025-08-14,SP-021:norte:006000,SP-021,norte,6.25,open-meteo:era5_seamless:-23.4:-46.8,2025-08-14,60.55,4.83,58.35,11,trigger,synthetic,synthetic,synthetic,synth-v1.0.0,1337,932480f22477dd00,baseline
SP-021:norte:006000:2025-11-15,SP-021:norte:006000,SP-021,norte,6.25,open-meteo:era5_seamless:-23.4:-46.8,2025-11-15,67.88,7.13,58.35,13,trigger,synthetic,synthetic,synthetic,synth-v1.0.0,1337,932480f22477dd00,baseline
SP-021:norte:006000:2026-01-18,SP-021:norte:006000,SP-021,norte,6.25,open-meteo:era5_seamless:-23.4:-46.8,2026-01-18,71.8,4.88,58.35,21,trigger,synthetic,synthetic,synthetic,synth-v1.0.0,1337,932480f22477dd00,baseline
SP-021:norte:006000:2026-03-07,SP-021:norte:006000,SP-021,norte,6.25,open-meteo:era5_seamless:-23.4:-46.8,2026-03-07,68.44,7.08,58.35,6,trigger,synthetic,synthetic,synthetic,synth-v1.0.0,1337,932480f22477dd00,baseline
SP-021:norte:006000:2026-04-22,SP-021:norte:006000,SP-021,norte,6.25,open-meteo:era5_seamless:-23.4:-46.8,2026-04-22,64.24,7.6,58.35,3,trigger,synthetic,synthetic,synthetic,synth-v1.0.0,1337,932480f22477dd00,baseline
SP-021:norte:006000:2026-08-14,SP-021:norte:006000,SP-021,norte,6.25,open-meteo:era5_seamless:-23.4:-46.8,2026-08-14,61.8,3.93,58.35,5,trigger,synthetic,synthetic,synthetic,synth-v1.0.0,1337,932480f22477dd00,baseline
SP-021:sul:006000:2023-01-27,SP-021:sul:006000,SP-021,sul,6.25,open-meteo:era5_seamless:-23.4:-46.8,2023-01-27,72.38,6.88,53.15,5,trigger,synthetic,synthetic,synthetic,synth-v1.0.0,1337,932480f22477dd00,baseline
SP-021:sul:006000:2023-03-16,SP-021:sul:006000,SP-021,sul,6.25,open-meteo:era5_seamless:-23.4:-46.8,2023-03-16,105.38,3.23,53.15,18,trigger,synthetic,synthetic,synthetic,synth-v1.0.0,1337,932480f22477dd00,baseline
SP-021:sul:006000:2023-05-22,SP-021:sul:006000,SP-021,sul,6.25,open-meteo:era5_seamless:-23.4:-46.8,2023-05-22,73.67,5.77,53.15,15,trigger,synthetic,synthetic,synthetic,synth-v1.0.0,1337,932480f22477dd00,baseline
SP-021:sul:006000:2023-08-31,SP-021:sul:006000,SP-021,sul,6.25,open-meteo:era5_seamless:-23.4:-46.8,2023-08-31,56.85,5.29,53.15,11,proactive,synthetic,synthetic,synthetic,synth-v1.0.0,1337,932480f22477dd00,baseline
SP-021:sul:006000:2023-10-25,SP-021:sul:006000,SP-021,sul,6.25,open-meteo:era5_seamless:-23.4:-46.8,2023-10-25,84.62,4.5,53.15,10,trigger,synthetic,synthetic,synthetic,synth-v1.0.0,1337,932480f22477dd00,baseline
SP-021:sul:006000:2023-12-07,SP-021:sul:006000,SP-021,sul,6.25,open-meteo:era5_seamless:-23.4:-46.8,2023-12-07,70.64,7.18,53.15,4,trigger,synthetic,synthetic,synthetic,synth-v1.0.0,1337,932480f22477dd00,baseline
SP-021:sul:006000:2024-01-10,SP-021:sul:006000,SP-021,sul,6.25,open-meteo:era5_seamless:-23.4:-46.8,2024-01-10,59.86,4.35,53.15,3,trigger,synthetic,synthetic,synthetic,synth-v1.0.0,1337,932480f22477dd00,baseline
SP-021:sul:006000:2024-02-25,SP-021:sul:006000,SP-021,sul,6.25,open-meteo:era5_seamless:-23.4:-46.8,2024-02-25,83.01,7.56,53.15,7,trigger,synthetic,synthetic,synthetic,synth-v1.0.0,1337,932480f22477dd00,baseline
SP-021:sul:006000:2024-04-05,SP-021:sul:006000,SP-021,sul,6.25,open-meteo:era5_seamless:-23.4:-46.8,2024-04-05,93.73,5.5,53.15,12,trigger,synthetic,synthetic,synthetic,synth-v1.0.0,1337,932480f22477dd00,baseline
SP-021:sul:006000:2024-05-19,SP-021:sul:006000,SP-021,sul,6.25,open-meteo:era5_seamless:-23.4:-46.8,2024-05-19,71.78,7.27,53.15,7,trigger,synthetic,synthetic,synthetic,synth-v1.0.0,1337,932480f22477dd00,baseline
SP-021:sul:006000:2024-08-19,SP-021:sul:006000,SP-021,sul,6.25,open-meteo:era5_seamless:-23.4:-46.8,2024-08-19,65.89,7.41,53.15,8,trigger,synthetic,synthetic,synthetic,synth-v1.0.0,1337,932480f22477dd00,baseline
SP-021:sul:006000:2024-10-04,SP-021:sul:006000,SP-021,sul,6.25,open-meteo:era5_seamless:-23.4:-46.8,2024-10-04,66.44,3.11,53.15,5,trigger,synthetic,synthetic,synthetic,synth-v1.0.0,1337,932480f22477dd00,baseline
SP-021:sul:006000:2024-11-30,SP-021:sul:006000,SP-021,sul,6.25,open-meteo:era5_seamless:-23.4:-46.8,2024-11-30,76.59,5.6,53.15,6,trigger,synthetic,synthetic,synthetic,synth-v1.0.0,1337,932480f22477dd00,baseline
SP-021:sul:006000:2025-01-12,SP-021:sul:006000,SP-021,sul,6.25,open-meteo:era5_seamless:-23.4:-46.8,2025-01-12,83.48,7.54,53.15,7,trigger,synthetic,synthetic,synthetic,synth-v1.0.0,1337,932480f22477dd00,baseline
SP-021:sul:006000:2025-02-13,SP-021:sul:006000,SP-021,sul,6.25,open-meteo:era5_seamless:-23.4:-46.8,2025-02-13,80.08,3.45,53.15,4,trigger,synthetic,synthetic,synthetic,synth-v1.0.0,1337,932480f22477dd00,baseline
SP-021:sul:006000:2025-03-25,SP-021:sul:006000,SP-021,sul,6.25,open-meteo:era5_seamless:-23.4:-46.8,2025-03-25,68.99,6.46,53.15,2,trigger,synthetic,synthetic,synthetic,synth-v1.0.0,1337,932480f22477dd00,baseline
SP-021:sul:006000:2025-05-14,SP-021:sul:006000,SP-021,sul,6.25,open-meteo:era5_seamless:-23.4:-46.8,2025-05-14,70.15,6.16,53.15,3,trigger,synthetic,synthetic,synthetic,synth-v1.0.0,1337,932480f22477dd00,baseline
SP-021:sul:006000:2025-09-03,SP-021:sul:006000,SP-021,sul,6.25,open-meteo:era5_seamless:-23.4:-46.8,2025-09-03,56.7,7.09,53.15,3,trigger,synthetic,synthetic,synthetic,synth-v1.0.0,1337,932480f22477dd00,baseline
SP-021:sul:006000:2025-11-08,SP-021:sul:006000,SP-021,sul,6.25,open-meteo:era5_seamless:-23.4:-46.8,2025-11-08,78.52,7.9,53.15,13,trigger,synthetic,synthetic,synthetic,synth-v1.0.0,1337,932480f22477dd00,baseline
SP-021:sul:006000:2025-12-25,SP-021:sul:006000,SP-021,sul,6.25,open-meteo:era5_seamless:-23.4:-46.8,2025-12-25,83.71,7.01,53.15,11,trigger,synthetic,synthetic,synthetic,synth-v1.0.0,1337,932480f22477dd00,baseline
SP-021:sul:006000:2026-01-28,SP-021:sul:006000,SP-021,sul,6.25,open-meteo:era5_seamless:-23.4:-46.8,2026-01-28,59.3,4.77,53.15,3,trigger,synthetic,synthetic,synthetic,synth-v1.0.0,1337,932480f22477dd00,baseline
SP-021:sul:006000:2026-03-20,SP-021:sul:006000,SP-021,sul,6.25,open-meteo:era5_seamless:-23.4:-46.8,2026-03-20,101.04,4.11,53.15,19,trigger,synthetic,synthetic,synthetic,synth-v1.0.0,1337,932480f22477dd00,baseline
SP-021:sul:006000:2026-05-14,SP-021:sul:006000,SP-021,sul,6.25,open-meteo:era5_seamless:-23.4:-46.8,2026-05-14,71.52,6.69,53.15,4,trigger,synthetic,synthetic,synthetic,synth-v1.0.0,1337,932480f22477dd00,baseline
SP-021:sul:006000:2026-08-31,SP-021:sul:006000,SP-021,sul,6.25,open-meteo:era5_seamless:-23.4:-46.8,2026-08-31,73.79,7.65,53.15,8,trigger,synthetic,synthetic,synthetic,synth-v1.0.0,1337,932480f22477dd00,baseline
SP-021:norte:006500:2023-01-26,SP-021:norte:006500,SP-021,norte,6.75,open-meteo:era5_seamless:-23.4:-46.8,2023-01-26,66.61,3.38,48.31,4,trigger,synthetic,synthetic,synthetic,synth-v1.0.0,1337,932480f22477dd00,baseline
SP-021:norte:006500:2023-02-28,SP-021:norte:006500,SP-021,norte,6.75,open-meteo:era5_seamless:-23.4:-46.8,2023-02-28,64.07,3.61,48.31,2,trigger,synthetic,synthetic,synthetic,synth-v1.0.0,1337,932480f22477dd00,baseline
SP-021:norte:006500:2023-04-04,SP-021:norte:006500,SP-021,norte,6.75,open-meteo:era5_seamless:-23.4:-46.8,2023-04-04,69.27,7.25,48.31,2,trigger,synthetic,synthetic,synthetic,synth-v1.0.0,1337,932480f22477dd00,baseline
SP-021:norte:006500:2023-05-24,SP-021:norte:006500,SP-021,norte,6.75,open-meteo:era5_seamless:-23.4:-46.8,2023-05-24,59.17,4.22,48.31,10,trigger,synthetic,synthetic,synthetic,synth-v1.0.0,1337,932480f22477dd00,baseline
SP-021:norte:006500:2023-09-12,SP-021:norte:006500,SP-021,norte,6.75,open-meteo:era5_seamless:-23.4:-46.8,2023-09-12,82.21,6.02,48.31,9,trigger,synthetic,synthetic,synthetic,synth-v1.0.0,1337,932480f22477dd00,baseline
SP-021:norte:006500:2023-10-22,SP-021:norte:006500,SP-021,norte,6.75,open-meteo:era5_seamless:-23.4:-46.8,2023-10-22,75.7,5.14,48.31,7,trigger,synthetic,synthetic,synthetic,synth-v1.0.0,1337,932480f22477dd00,baseline
SP-021:norte:006500:2023-11-24,SP-021:norte:006500,SP-021,norte,6.75,open-meteo:era5_seamless:-23.4:-46.8,2023-11-24,64.32,4.57,48.31,5,trigger,synthetic,synthetic,synthetic,synth-v1.0.0,1337,932480f22477dd00,baseline
SP-021:norte:006500:2024-01-01,SP-021:norte:006500,SP-021,norte,6.75,open-meteo:era5_seamless:-23.4:-46.8,2024-01-01,73.72,4.17,48.31,8,trigger,synthetic,synthetic,synthetic,synth-v1.0.0,1337,932480f22477dd00,baseline
SP-021:norte:006500:2024-02-13,SP-021:norte:006500,SP-021,norte,6.75,open-meteo:era5_seamless:-23.4:-46.8,2024-02-13,91.6,3.88,48.31,9,trigger,synthetic,synthetic,synthetic,synth-v1.0.0,1337,932480f22477dd00,baseline
SP-021:norte:006500:2024-03-14,SP-021:norte:006500,SP-021,norte,6.75,open-meteo:era5_seamless:-23.4:-46.8,2024-03-14,64.56,5.12,48.31,4,trigger,synthetic,synthetic,synthetic,synth-v1.0.0,1337,932480f22477dd00,baseline
SP-021:norte:006500:2024-04-19,SP-021:norte:006500,SP-021,norte,6.75,open-meteo:era5_seamless:-23.4:-46.8,2024-04-19,73.39,7.29,48.31,5,trigger,synthetic,synthetic,synthetic,synth-v1.0.0,1337,932480f22477dd00,baseline
SP-021:norte:006500:2024-05-24,SP-021:norte:006500,SP-021,norte,6.75,open-meteo:era5_seamless:-23.4:-46.8,2024-05-24,66.72,4.9,48.31,5,trigger,synthetic,synthetic,synthetic,synth-v1.0.0,1337,932480f22477dd00,baseline
SP-021:norte:006500:2024-08-19,SP-021:norte:006500,SP-021,norte,6.75,open-meteo:era5_seamless:-23.4:-46.8,2024-08-19,66.61,3.61,48.31,8,trigger,synthetic,synthetic,synthetic,synth-v1.0.0,1337,932480f22477dd00,baseline
SP-021:norte:006500:2024-10-15,SP-021:norte:006500,SP-021,norte,6.75,open-meteo:era5_seamless:-23.4:-46.8,2024-10-15,73.17,4.72,48.31,9,trigger,synthetic,synthetic,synthetic,synth-v1.0.0,1337,932480f22477dd00,baseline
SP-021:norte:006500:2024-12-02,SP-021:norte:006500,SP-021,norte,6.75,open-meteo:era5_seamless:-23.4:-46.8,2024-12-02,85.8,5.69,48.31,8,trigger,synthetic,synthetic,synthetic,synth-v1.0.0,1337,932480f22477dd00,baseline
SP-021:norte:006500:2025-01-04,SP-021:norte:006500,SP-021,norte,6.75,open-meteo:era5_seamless:-23.4:-46.8,2025-01-04,70.34,5.3,48.31,6,trigger,synthetic,synthetic,synthetic,synth-v1.0.0,1337,932480f22477dd00,baseline
SP-021:norte:006500:2025-02-15,SP-021:norte:006500,SP-021,norte,6.75,open-meteo:era5_seamless:-23.4:-46.8,2025-02-15,99.81,4.49,48.31,6,trigger,synthetic,synthetic,synthetic,synth-v1.0.0,1337,932480f22477dd00,baseline
SP-021:norte:006500:2025-04-04,SP-021:norte:006500,SP-021,norte,6.75,open-meteo:era5_seamless:-23.4:-46.8,2025-04-04,102.64,7.51,48.31,19,trigger,synthetic,synthetic,synthetic,synth-v1.0.0,1337,932480f22477dd00,baseline
SP-021:norte:006500:2025-05-21,SP-021:norte:006500,SP-021,norte,6.75,open-meteo:era5_seamless:-23.4:-46.8,2025-05-21,70.78,7.47,48.31,10,trigger,synthetic,synthetic,synthetic,synth-v1.0.0,1337,932480f22477dd00,baseline
SP-021:norte:006500:2025-09-08,SP-021:norte:006500,SP-021,norte,6.75,open-meteo:era5_seamless:-23.4:-46.8,2025-09-08,71.84,6.31,48.31,8,trigger,synthetic,synthetic,synthetic,synth-v1.0.0,1337,932480f22477dd00,baseline
SP-021:norte:006500:2025-10-29,SP-021:norte:006500,SP-021,norte,6.75,open-meteo:era5_seamless:-23.4:-46.8,2025-10-29,56.61,5.53,48.31,3,trigger,synthetic,synthetic,synthetic,synth-v1.0.0,1337,932480f22477dd00,baseline
SP-021:norte:006500:2025-12-10,SP-021:norte:006500,SP-021,norte,6.75,open-meteo:era5_seamless:-23.4:-46.8,2025-12-10,61.14,7.87,48.31,3,trigger,synthetic,synthetic,synthetic,synth-v1.0.0,1337,932480f22477dd00,baseline
SP-021:norte:006500:2026-01-07,SP-021:norte:006500,SP-021,norte,6.75,open-meteo:era5_seamless:-23.4:-46.8,2026-01-07,64.57,6.58,48.31,3,trigger,synthetic,synthetic,synthetic,synth-v1.0.0,1337,932480f22477dd00,baseline
SP-021:norte:006500:2026-02-18,SP-021:norte:006500,SP-021,norte,6.75,open-meteo:era5_seamless:-23.4:-46.8,2026-02-18,94.67,3.78,48.31,3,trigger,synthetic,synthetic,synthetic,synth-v1.0.0,1337,932480f22477dd00,baseline
SP-021:norte:006500:2026-04-11,SP-021:norte:006500,SP-021,norte,6.75,open-meteo:era5_seamless:-23.4:-46.8,2026-04-11,101.32,4.97,48.31,6,trigger,synthetic,synthetic,synthetic,synth-v1.0.0,1337,932480f22477dd00,baseline
SP-021:norte:006500:2026-06-04,SP-021:norte:006500,SP-021,norte,6.75,open-meteo:era5_seamless:-23.4:-46.8,2026-06-04,51.52,6.99,48.31,4,trigger,synthetic,synthetic,synthetic,synth-v1.0.0,1337,932480f22477dd00,baseline
SP-021:norte:006500:2026-08-28,SP-021:norte:006500,SP-021,norte,6.75,open-meteo:era5_seamless:-23.4:-46.8,2026-08-28,62.83,7.21,48.31,5,trigger,synthetic,synthetic,synthetic,synth-v1.0.0,1337,932480f22477dd00,baseline
SP-021:sul:006500:2023-01-21,SP-021:sul:006500,SP-021,sul,6.75,open-meteo:era5_seamless:-23.4:-46.8,2023-01-21,87.21,5.04,50.78,6,trigger,synthetic,synthetic,synthetic,synth-v1.0.0,1337,932480f22477dd00,baseline
SP-021:sul:006500:2023-02-22,SP-021:sul:006500,SP-021,sul,6.75,open-meteo:era5_seamless:-23.4:-46.8,2023-02-22,85.91,6.91,50.78,10,trigger,synthetic,synthetic,synthetic,synth-v1.0.0,1337,932480f22477dd00,baseline
SP-021:sul:006500:2023-03-22,SP-021:sul:006500,SP-021,sul,6.75,open-meteo:era5_seamless:-23.4:-46.8,2023-03-22,85.06,6.47,50.78,10,trigger,synthetic,synthetic,synthetic,synth-v1.0.0,1337,932480f22477dd00,baseline
SP-021:sul:006500:2023-04-21,SP-021:sul:006500,SP-021,sul,6.75,open-meteo:era5_seamless:-23.4:-46.8,2023-04-21,60.49,5.87,50.78,5,trigger,synthetic,synthetic,synthetic,synth-v1.0.0,1337,932480f22477dd00,baseline
SP-021:sul:006500:2023-06-22,SP-021:sul:006500,SP-021,sul,6.75,open-meteo:era5_seamless:-23.4:-46.8,2023-06-22,52.12,7.59,50.78,4,trigger,synthetic,synthetic,synthetic,synth-v1.0.0,1337,932480f22477dd00,baseline
SP-021:sul:006500:2023-09-10,SP-021:sul:006500,SP-021,sul,6.75,open-meteo:era5_seamless:-23.4:-46.8,2023-09-10,92.36,7.67,50.78,21,trigger,synthetic,synthetic,synthetic,synth-v1.0.0,1337,932480f22477dd00,baseline
SP-021:sul:006500:2023-10-17,SP-021:sul:006500,SP-021,sul,6.75,open-meteo:era5_seamless:-23.4:-46.8,2023-10-17,82.96,3.85,50.78,9,trigger,synthetic,synthetic,synthetic,synth-v1.0.0,1337,932480f22477dd00,baseline
SP-021:sul:006500:2023-12-01,SP-021:sul:006500,SP-021,sul,6.75,open-meteo:era5_seamless:-23.4:-46.8,2023-12-01,94.74,4.33,50.78,12,trigger,synthetic,synthetic,synthetic,synth-v1.0.0,1337,932480f22477dd00,baseline
SP-021:sul:006500:2024-01-06,SP-021:sul:006500,SP-021,sul,6.75,open-meteo:era5_seamless:-23.4:-46.8,2024-01-06,81.52,3.28,50.78,6,trigger,synthetic,synthetic,synthetic,synth-v1.0.0,1337,932480f22477dd00,baseline
SP-021:sul:006500:2024-02-18,SP-021:sul:006500,SP-021,sul,6.75,open-meteo:era5_seamless:-23.4:-46.8,2024-02-18,95.6,4.24,50.78,14,trigger,synthetic,synthetic,synthetic,synth-v1.0.0,1337,932480f22477dd00,baseline
SP-021:sul:006500:2024-03-16,SP-021:sul:006500,SP-021,sul,6.75,open-meteo:era5_seamless:-23.4:-46.8,2024-03-16,76.52,6.67,50.78,6,trigger,synthetic,synthetic,synthetic,synth-v1.0.0,1337,932480f22477dd00,baseline
SP-021:sul:006500:2024-04-23,SP-021:sul:006500,SP-021,sul,6.75,open-meteo:era5_seamless:-23.4:-46.8,2024-04-23,91.72,5.69,50.78,9,trigger,synthetic,synthetic,synthetic,synth-v1.0.0,1337,932480f22477dd00,baseline
SP-021:sul:006500:2024-05-15,SP-021:sul:006500,SP-021,sul,6.75,open-meteo:era5_seamless:-23.4:-46.8,2024-05-15,40.06,7.08,50.78,3,proactive,synthetic,synthetic,synthetic,synth-v1.0.0,1337,932480f22477dd00,baseline
SP-021:sul:006500:2024-07-14,SP-021:sul:006500,SP-021,sul,6.75,open-meteo:era5_seamless:-23.4:-46.8,2024-07-14,63.0,6.93,50.78,7,trigger,synthetic,synthetic,synthetic,synth-v1.0.0,1337,932480f22477dd00,baseline
SP-021:sul:006500:2024-09-04,SP-021:sul:006500,SP-021,sul,6.75,open-meteo:era5_seamless:-23.4:-46.8,2024-09-04,65.0,7.09,50.78,3,trigger,synthetic,synthetic,synthetic,synth-v1.0.0,1337,932480f22477dd00,baseline
SP-021:sul:006500:2024-10-10,SP-021:sul:006500,SP-021,sul,6.75,open-meteo:era5_seamless:-23.4:-46.8,2024-10-10,74.08,3.09,50.78,4,trigger,synthetic,synthetic,synthetic,synth-v1.0.0,1337,932480f22477dd00,baseline
SP-021:sul:006500:2024-11-27,SP-021:sul:006500,SP-021,sul,6.75,open-meteo:era5_seamless:-23.4:-46.8,2024-11-27,86.21,5.44,50.78,10,trigger,synthetic,synthetic,synthetic,synth-v1.0.0,1337,932480f22477dd00,baseline
SP-021:sul:006500:2024-12-27,SP-021:sul:006500,SP-021,sul,6.75,open-meteo:era5_seamless:-23.4:-46.8,2024-12-27,70.09,6.54,50.78,5,trigger,synthetic,synthetic,synthetic,synth-v1.0.0,1337,932480f22477dd00,baseline
SP-021:sul:006500:2025-01-24,SP-021:sul:006500,SP-021,sul,6.75,open-meteo:era5_seamless:-23.4:-46.8,2025-01-24,76.42,6.53,50.78,5,trigger,synthetic,synthetic,synthetic,synth-v1.0.0,1337,932480f22477dd00,baseline
SP-021:sul:006500:2025-02-19,SP-021:sul:006500,SP-021,sul,6.75,open-meteo:era5_seamless:-23.4:-46.8,2025-02-19,84.06,4.11,50.78,3,trigger,synthetic,synthetic,synthetic,synth-v1.0.0,1337,932480f22477dd00,baseline
SP-021:sul:006500:2025-04-04,SP-021:sul:006500,SP-021,sul,6.75,open-meteo:era5_seamless:-23.4:-46.8,2025-04-04,98.01,4.94,50.78,19,trigger,synthetic,synthetic,synthetic,synth-v1.0.0,1337,932480f22477dd00,baseline
SP-021:sul:006500:2025-05-17,SP-021:sul:006500,SP-021,sul,6.75,open-meteo:era5_seamless:-23.4:-46.8,2025-05-17,69.93,7.26,50.78,6,trigger,synthetic,synthetic,synthetic,synth-v1.0.0,1337,932480f22477dd00,baseline
SP-021:sul:006500:2025-08-22,SP-021:sul:006500,SP-021,sul,6.75,open-meteo:era5_seamless:-23.4:-46.8,2025-08-22,63.63,4.39,50.78,12,trigger,synthetic,synthetic,synthetic,synth-v1.0.0,1337,932480f22477dd00,baseline
SP-021:sul:006500:2025-10-09,SP-021:sul:006500,SP-021,sul,6.75,open-meteo:era5_seamless:-23.4:-46.8,2025-10-09,57.53,6.56,50.78,4,trigger,synthetic,synthetic,synthetic,synth-v1.0.0,1337,932480f22477dd00,baseline
SP-021:sul:006500:2025-11-19,SP-021:sul:006500,SP-021,sul,6.75,open-meteo:era5_seamless:-23.4:-46.8,2025-11-19,63.03,3.66,50.78,3,trigger,synthetic,synthetic,synthetic,synth-v1.0.0,1337,932480f22477dd00,baseline
SP-021:sul:006500:2025-12-26,SP-021:sul:006500,SP-021,sul,6.75,open-meteo:era5_seamless:-23.4:-46.8,2025-12-26,76.11,4.79,50.78,5,trigger,synthetic,synthetic,synthetic,synth-v1.0.0,1337,932480f22477dd00,baseline
SP-021:sul:006500:2026-02-05,SP-021:sul:006500,SP-021,sul,6.75,open-meteo:era5_seamless:-23.4:-46.8,2026-02-05,93.83,6.03,50.78,11,trigger,synthetic,synthetic,synthetic,synth-v1.0.0,1337,932480f22477dd00,baseline
SP-021:sul:006500:2026-03-06,SP-021:sul:006500,SP-021,sul,6.75,open-meteo:era5_seamless:-23.4:-46.8,2026-03-06,80.03,5.05,50.78,5,trigger,synthetic,synthetic,synthetic,synth-v1.0.0,1337,932480f22477dd00,baseline
SP-021:sul:006500:2026-05-06,SP-021:sul:006500,SP-021,sul,6.75,open-meteo:era5_seamless:-23.4:-46.8,2026-05-06,101.35,7.12,50.78,38,trigger,synthetic,synthetic,synthetic,synth-v1.0.0,1337,932480f22477dd00,baseline
SP-021:sul:006500:2026-08-11,SP-021:sul:006500,SP-021,sul,6.75,open-meteo:era5_seamless:-23.4:-46.8,2026-08-11,76.47,4.03,50.78,16,trigger,synthetic,synthetic,synthetic,synth-v1.0.0,1337,932480f22477dd00,baseline
SP-021:norte:007000:2023-01-20,SP-021:norte:007000,SP-021,norte,7.25,open-meteo:era5_seamless:-23.4:-46.8,2023-01-20,39.03,5.46,29.59,5,trigger,synthetic,synthetic,synthetic,synth-v1.0.0,1337,932480f22477dd00,baseline
SP-021:norte:007000:2023-03-05,SP-021:norte:007000,SP-021,norte,7.25,open-meteo:era5_seamless:-23.4:-46.8,2023-03-05,65.37,6.69,29.59,14,trigger,synthetic,synthetic,synthetic,synth-v1.0.0,1337,932480f22477dd00,baseline
SP-021:norte:007000:2023-04-15,SP-021:norte:007000,SP-021,norte,7.25,open-meteo:era5_seamless:-23.4:-46.8,2023-04-15,47.37,4.88,29.59,6,trigger,synthetic,synthetic,synthetic,synth-v1.0.0,1337,932480f22477dd00,baseline
SP-021:norte:007000:2023-08-03,SP-021:norte:007000,SP-021,norte,7.25,open-meteo:era5_seamless:-23.4:-46.8,2023-08-03,32.77,6.66,29.59,4,trigger,synthetic,synthetic,synthetic,synth-v1.0.0,1337,932480f22477dd00,baseline
SP-021:norte:007000:2023-09-30,SP-021:norte:007000,SP-021,norte,7.25,open-meteo:era5_seamless:-23.4:-46.8,2023-09-30,43.74,6.97,29.59,6,trigger,synthetic,synthetic,synthetic,synth-v1.0.0,1337,932480f22477dd00,baseline
SP-021:norte:007000:2023-11-04,SP-021:norte:007000,SP-021,norte,7.25,open-meteo:era5_seamless:-23.4:-46.8,2023-11-04,38.35,7.72,29.59,6,trigger,synthetic,synthetic,synthetic,synth-v1.0.0,1337,932480f22477dd00,baseline
SP-021:norte:007000:2023-12-13,SP-021:norte:007000,SP-021,norte,7.25,open-meteo:era5_seamless:-23.4:-46.8,2023-12-13,45.35,6.48,29.59,10,trigger,synthetic,synthetic,synthetic,synth-v1.0.0,1337,932480f22477dd00,baseline
SP-021:norte:007000:2024-01-24,SP-021:norte:007000,SP-021,norte,7.25,open-meteo:era5_seamless:-23.4:-46.8,2024-01-24,46.64,7.75,29.59,10,trigger,synthetic,synthetic,synthetic,synth-v1.0.0,1337,932480f22477dd00,baseline
SP-021:norte:007000:2024-02-22,SP-021:norte:007000,SP-021,norte,7.25,open-meteo:era5_seamless:-23.4:-46.8,2024-02-22,36.21,4.4,29.59,4,trigger,synthetic,synthetic,synthetic,synth-v1.0.0,1337,932480f22477dd00,baseline
SP-021:norte:007000:2024-03-29,SP-021:norte:007000,SP-021,norte,7.25,open-meteo:era5_seamless:-23.4:-46.8,2024-03-29,43.26,6.84,29.59,5,trigger,synthetic,synthetic,synthetic,synth-v1.0.0,1337,932480f22477dd00,baseline
SP-021:norte:007000:2024-05-06,SP-021:norte:007000,SP-021,norte,7.25,open-meteo:era5_seamless:-23.4:-46.8,2024-05-06,44.48,5.06,29.59,8,trigger,synthetic,synthetic,synthetic,synth-v1.0.0,1337,932480f22477dd00,baseline
SP-021:norte:007000:2024-08-04,SP-021:norte:007000,SP-021,norte,7.25,open-meteo:era5_seamless:-23.4:-46.8,2024-08-04,35.23,3.51,29.59,7,trigger,synthetic,synthetic,synthetic,synth-v1.0.0,1337,932480f22477dd00,baseline
SP-021:norte:007000:2024-10-16,SP-021:norte:007000,SP-021,norte,7.25,open-meteo:era5_seamless:-23.4:-46.8,2024-10-16,40.5,6.1,29.59,10,trigger,synthetic,synthetic,synthetic,synth-v1.0.0,1337,932480f22477dd00,baseline
SP-021:norte:007000:2024-11-29,SP-021:norte:007000,SP-021,norte,7.25,open-meteo:era5_seamless:-23.4:-46.8,2024-11-29,42.76,3.05,29.59,5,trigger,synthetic,synthetic,synthetic,synth-v1.0.0,1337,932480f22477dd00,baseline
SP-021:norte:007000:2025-01-20,SP-021:norte:007000,SP-021,norte,7.25,open-meteo:era5_seamless:-23.4:-46.8,2025-01-20,54.87,4.79,29.59,8,trigger,synthetic,synthetic,synthetic,synth-v1.0.0,1337,932480f22477dd00,baseline
SP-021:norte:007000:2025-03-07,SP-021:norte:007000,SP-021,norte,7.25,open-meteo:era5_seamless:-23.4:-46.8,2025-03-07,69.97,5.97,29.59,19,trigger,synthetic,synthetic,synthetic,synth-v1.0.0,1337,932480f22477dd00,baseline
SP-021:norte:007000:2025-04-18,SP-021:norte:007000,SP-021,norte,7.25,open-meteo:era5_seamless:-23.4:-46.8,2025-04-18,37.15,5.54,29.59,5,trigger,synthetic,synthetic,synthetic,synth-v1.0.0,1337,932480f22477dd00,baseline
SP-021:norte:007000:2025-07-03,SP-021:norte:007000,SP-021,norte,7.25,open-meteo:era5_seamless:-23.4:-46.8,2025-07-03,32.8,5.51,29.59,4,trigger,synthetic,synthetic,synthetic,synth-v1.0.0,1337,932480f22477dd00,baseline
SP-021:norte:007000:2025-10-09,SP-021:norte:007000,SP-021,norte,7.25,open-meteo:era5_seamless:-23.4:-46.8,2025-10-09,39.11,5.06,29.59,4,trigger,synthetic,synthetic,synthetic,synth-v1.0.0,1337,932480f22477dd00,baseline
SP-021:norte:007000:2025-12-05,SP-021:norte:007000,SP-021,norte,7.25,open-meteo:era5_seamless:-23.4:-46.8,2025-12-05,36.14,7.88,29.59,5,trigger,synthetic,synthetic,synthetic,synth-v1.0.0,1337,932480f22477dd00,baseline
SP-021:norte:007000:2026-01-30,SP-021:norte:007000,SP-021,norte,7.25,open-meteo:era5_seamless:-23.4:-46.8,2026-01-30,74.02,5.36,29.59,26,trigger,synthetic,synthetic,synthetic,synth-v1.0.0,1337,932480f22477dd00,baseline
SP-021:norte:007000:2026-03-09,SP-021:norte:007000,SP-021,norte,7.25,open-meteo:era5_seamless:-23.4:-46.8,2026-03-09,45.19,4.97,29.59,8,trigger,synthetic,synthetic,synthetic,synth-v1.0.0,1337,932480f22477dd00,baseline
SP-021:norte:007000:2026-04-16,SP-021:norte:007000,SP-021,norte,7.25,open-meteo:era5_seamless:-23.4:-46.8,2026-04-16,38.2,4.61,29.59,4,trigger,synthetic,synthetic,synthetic,synth-v1.0.0,1337,932480f22477dd00,baseline
SP-021:norte:007000:2026-08-09,SP-021:norte:007000,SP-021,norte,7.25,open-meteo:era5_seamless:-23.4:-46.8,2026-08-09,41.11,3.64,29.59,14,trigger,synthetic,synthetic,synthetic,synth-v1.0.0,1337,932480f22477dd00,baseline
SP-021:sul:007000:2023-02-01,SP-021:sul:007000,SP-021,sul,7.25,open-meteo:era5_seamless:-23.4:-46.8,2023-02-01,103.78,4.75,39.94,10,trigger,synthetic,synthetic,synthetic,synth-v1.0.0,1337,932480f22477dd00,baseline
SP-021:sul:007000:2023-03-08,SP-021:sul:007000,SP-021,sul,7.25,open-meteo:era5_seamless:-23.4:-46.8,2023-03-08,107.69,4.3,39.94,10,trigger,synthetic,synthetic,synthetic,synth-v1.0.0,1337,932480f22477dd00,baseline
SP-021:sul:007000:2023-04-01,SP-021:sul:007000,SP-021,sul,7.25,open-meteo:era5_seamless:-23.4:-46.8,2023-04-01,75.49,4.98,39.94,6,trigger,synthetic,synthetic,synthetic,synth-v1.0.0,1337,932480f22477dd00,baseline
SP-021:sul:007000:2023-05-16,SP-021:sul:007000,SP-021,sul,7.25,open-meteo:era5_seamless:-23.4:-46.8,2023-05-16,92.95,3.62,39.94,16,trigger,synthetic,synthetic,synthetic,synth-v1.0.0,1337,932480f22477dd00,baseline
SP-021:sul:007000:2023-08-06,SP-021:sul:007000,SP-021,sul,7.25,open-meteo:era5_seamless:-23.4:-46.8,2023-08-06,54.12,6.55,39.94,7,trigger,synthetic,synthetic,synthetic,synth-v1.0.0,1337,932480f22477dd00,baseline
SP-021:sul:007000:2023-09-15,SP-021:sul:007000,SP-021,sul,7.25,open-meteo:era5_seamless:-23.4:-46.8,2023-09-15,83.51,3.96,39.94,12,trigger,synthetic,synthetic,synthetic,synth-v1.0.0,1337,932480f22477dd00,baseline
SP-021:sul:007000:2023-10-19,SP-021:sul:007000,SP-021,sul,7.25,open-meteo:era5_seamless:-23.4:-46.8,2023-10-19,81.07,4.73,39.94,11,trigger,synthetic,synthetic,synthetic,synth-v1.0.0,1337,932480f22477dd00,baseline
SP-021:sul:007000:2023-11-26,SP-021:sul:007000,SP-021,sul,7.25,open-meteo:era5_seamless:-23.4:-46.8,2023-11-26,105.75,5.13,39.94,7,trigger,synthetic,synthetic,synthetic,synth-v1.0.0,1337,932480f22477dd00,baseline
SP-021:sul:007000:2023-12-24,SP-021:sul:007000,SP-021,sul,7.25,open-meteo:era5_seamless:-23.4:-46.8,2023-12-24,83.64,6.46,39.94,7,trigger,synthetic,synthetic,synthetic,synth-v1.0.0,1337,932480f22477dd00,baseline
SP-021:sul:007000:2024-01-16,SP-021:sul:007000,SP-021,sul,7.25,open-meteo:era5_seamless:-23.4:-46.8,2024-01-16,63.07,5.38,39.94,2,trigger,synthetic,synthetic,synthetic,synth-v1.0.0,1337,932480f22477dd00,baseline
SP-021:sul:007000:2024-02-07,SP-021:sul:007000,SP-021,sul,7.25,open-meteo:era5_seamless:-23.4:-46.8,2024-02-07,56.72,6.72,39.94,3,trigger,synthetic,synthetic,synthetic,synth-v1.0.0,1337,932480f22477dd00,baseline
SP-021:sul:007000:2024-02-28,SP-021:sul:007000,SP-021,sul,7.25,open-meteo:era5_seamless:-23.4:-46.8,2024-02-28,72.69,7.2,39.94,3,trigger,synthetic,synthetic,synthetic,synth-v1.0.0,1337,932480f22477dd00,baseline
SP-021:sul:007000:2024-03-31,SP-021:sul:007000,SP-021,sul,7.25,open-meteo:era5_seamless:-23.4:-46.8,2024-03-31,105.51,5.86,39.94,14,trigger,synthetic,synthetic,synthetic,synth-v1.0.0,1337,932480f22477dd00,baseline
SP-021:sul:007000:2024-04-25,SP-021:sul:007000,SP-021,sul,7.25,open-meteo:era5_seamless:-23.4:-46.8,2024-04-25,75.66,4.9,39.94,4,trigger,synthetic,synthetic,synthetic,synth-v1.0.0,1337,932480f22477dd00,baseline
SP-021:sul:007000:2024-05-30,SP-021:sul:007000,SP-021,sul,7.25,open-meteo:era5_seamless:-23.4:-46.8,2024-05-30,83.25,4.5,39.94,11,trigger,synthetic,synthetic,synthetic,synth-v1.0.0,1337,932480f22477dd00,baseline
SP-021:sul:007000:2024-07-12,SP-021:sul:007000,SP-021,sul,7.25,open-meteo:era5_seamless:-23.4:-46.8,2024-07-12,45.85,4.67,39.94,5,trigger,synthetic,synthetic,synthetic,synth-v1.0.0,1337,932480f22477dd00,baseline
SP-021:sul:007000:2024-09-09,SP-021:sul:007000,SP-021,sul,7.25,open-meteo:era5_seamless:-23.4:-46.8,2024-09-09,94.6,3.92,39.94,15,trigger,synthetic,synthetic,synthetic,synth-v1.0.0,1337,932480f22477dd00,baseline
SP-021:sul:007000:2024-10-09,SP-021:sul:007000,SP-021,sul,7.25,open-meteo:era5_seamless:-23.4:-46.8,2024-10-09,52.75,5.96,39.94,3,trigger,synthetic,synthetic,synthetic,synth-v1.0.0,1337,932480f22477dd00,baseline
SP-021:sul:007000:2024-11-03,SP-021:sul:007000,SP-021,sul,7.25,open-meteo:era5_seamless:-23.4:-46.8,2024-11-03,56.89,4.2,39.94,7,proactive,synthetic,synthetic,synthetic,synth-v1.0.0,1337,932480f22477dd00,baseline
SP-021:sul:007000:2024-11-26,SP-021:sul:007000,SP-021,sul,7.25,open-meteo:era5_seamless:-23.4:-46.8,2024-11-26,50.3,4.6,39.94,2,trigger,synthetic,synthetic,synthetic,synth-v1.0.0,1337,932480f22477dd00,baseline
SP-021:sul:007000:2024-12-22,SP-021:sul:007000,SP-021,sul,7.25,open-meteo:era5_seamless:-23.4:-46.8,2024-12-22,81.35,3.39,39.94,7,trigger,synthetic,synthetic,synthetic,synth-v1.0.0,1337,932480f22477dd00,baseline
SP-021:sul:007000:2025-01-16,SP-021:sul:007000,SP-021,sul,7.25,open-meteo:era5_seamless:-23.4:-46.8,2025-01-16,74.71,3.1,39.94,4,trigger,synthetic,synthetic,synthetic,synth-v1.0.0,1337,932480f22477dd00,baseline
SP-021:sul:007000:2025-02-05,SP-021:sul:007000,SP-021,sul,7.25,open-meteo:era5_seamless:-23.4:-46.8,2025-02-05,54.17,7.35,39.94,3,trigger,synthetic,synthetic,synthetic,synth-v1.0.0,1337,932480f22477dd00,baseline
SP-021:sul:007000:2025-02-26,SP-021:sul:007000,SP-021,sul,7.25,open-meteo:era5_seamless:-23.4:-46.8,2025-02-26,80.91,5.94,39.94,3,trigger,synthetic,synthetic,synthetic,synth-v1.0.0,1337,932480f22477dd00,baseline
SP-021:sul:007000:2025-03-29,SP-021:sul:007000,SP-021,sul,7.25,open-meteo:era5_seamless:-23.4:-46.8,2025-03-29,92.92,7.5,39.94,13,trigger,synthetic,synthetic,synthetic,synth-v1.0.0,1337,932480f22477dd00,baseline
SP-021:sul:007000:2025-04-27,SP-021:sul:007000,SP-021,sul,7.25,open-meteo:era5_seamless:-23.4:-46.8,2025-04-27,84.82,7.18,39.94,7,trigger,synthetic,synthetic,synthetic,synth-v1.0.0,1337,932480f22477dd00,baseline
SP-021:sul:007000:2025-05-27,SP-021:sul:007000,SP-021,sul,7.25,open-meteo:era5_seamless:-23.4:-46.8,2025-05-27,51.4,5.51,39.94,2,trigger,synthetic,synthetic,synthetic,synth-v1.0.0,1337,932480f22477dd00,baseline
SP-021:sul:007000:2025-08-25,SP-021:sul:007000,SP-021,sul,7.25,open-meteo:era5_seamless:-23.4:-46.8,2025-08-25,65.56,5.83,39.94,8,trigger,synthetic,synthetic,synthetic,synth-v1.0.0,1337,932480f22477dd00,baseline
SP-021:sul:007000:2025-09-28,SP-021:sul:007000,SP-021,sul,7.25,open-meteo:era5_seamless:-23.4:-46.8,2025-09-28,51.0,5.02,39.94,7,trigger,synthetic,synthetic,synthetic,synth-v1.0.0,1337,932480f22477dd00,baseline
SP-021:sul:007000:2025-11-07,SP-021:sul:007000,SP-021,sul,7.25,open-meteo:era5_seamless:-23.4:-46.8,2025-11-07,75.79,5.96,39.94,5,trigger,synthetic,synthetic,synthetic,synth-v1.0.0,1337,932480f22477dd00,baseline
SP-021:sul:007000:2025-12-07,SP-021:sul:007000,SP-021,sul,7.25,open-meteo:era5_seamless:-23.4:-46.8,2025-12-07,72.49,5.12,39.94,7,trigger,synthetic,synthetic,synthetic,synth-v1.0.0,1337,932480f22477dd00,baseline
SP-021:sul:007000:2026-01-01,SP-021:sul:007000,SP-021,sul,7.25,open-meteo:era5_seamless:-23.4:-46.8,2026-01-01,69.5,7.59,39.94,4,trigger,synthetic,synthetic,synthetic,synth-v1.0.0,1337,932480f22477dd00,baseline
SP-021:sul:007000:2026-02-10,SP-021:sul:007000,SP-021,sul,7.25,open-meteo:era5_seamless:-23.4:-46.8,2026-02-10,109.23,4.36,39.94,23,trigger,synthetic,synthetic,synthetic,synth-v1.0.0,1337,932480f22477dd00,baseline
SP-021:sul:007000:2026-03-05,SP-021:sul:007000,SP-021,sul,7.25,open-meteo:era5_seamless:-23.4:-46.8,2026-03-05,73.38,3.08,39.94,4,trigger,synthetic,synthetic,synthetic,synth-v1.0.0,1337,932480f22477dd00,baseline
SP-021:sul:007000:2026-04-14,SP-021:sul:007000,SP-021,sul,7.25,open-meteo:era5_seamless:-23.4:-46.8,2026-04-14,106.73,3.21,39.94,9,trigger,synthetic,synthetic,synthetic,synth-v1.0.0,1337,932480f22477dd00,baseline
SP-021:sul:007000:2026-05-19,SP-021:sul:007000,SP-021,sul,7.25,open-meteo:era5_seamless:-23.4:-46.8,2026-05-19,53.47,6.43,39.94,9,trigger,synthetic,synthetic,synthetic,synth-v1.0.0,1337,932480f22477dd00,baseline
SP-021:sul:007000:2026-07-14,SP-021:sul:007000,SP-021,sul,7.25,open-meteo:era5_seamless:-23.4:-46.8,2026-07-14,42.15,5.72,39.94,2,trigger,synthetic,synthetic,synthetic,synth-v1.0.0,1337,932480f22477dd00,baseline
SP-021:sul:007000:2026-08-31,SP-021:sul:007000,SP-021,sul,7.25,open-meteo:era5_seamless:-23.4:-46.8,2026-08-31,80.37,7.14,39.94,8,trigger,synthetic,synthetic,synthetic,synth-v1.0.0,1337,932480f22477dd00,baseline
SP-021:norte:007500:2023-02-21,SP-021:norte:007500,SP-021,norte,7.75,open-meteo:era5_seamless:-23.4:-46.8,2023-02-21,103.68,5.85,47.05,30,trigger,synthetic,synthetic,synthetic,synth-v1.0.0,1337,932480f22477dd00,baseline
SP-021:norte:007500:2023-03-29,SP-021:norte:007500,SP-021,norte,7.75,open-meteo:era5_seamless:-23.4:-46.8,2023-03-29,61.88,7.25,47.05,3,trigger,synthetic,synthetic,synthetic,synth-v1.0.0,1337,932480f22477dd00,baseline
SP-021:norte:007500:2023-06-04,SP-021:norte:007500,SP-021,norte,7.75,open-meteo:era5_seamless:-23.4:-46.8,2023-06-04,54.34,7.74,47.05,7,trigger,synthetic,synthetic,synthetic,synth-v1.0.0,1337,932480f22477dd00,baseline
SP-021:norte:007500:2023-09-05,SP-021:norte:007500,SP-021,norte,7.75,open-meteo:era5_seamless:-23.4:-46.8,2023-09-05,56.47,5.69,47.05,2,trigger,synthetic,synthetic,synthetic,synth-v1.0.0,1337,932480f22477dd00,baseline
SP-021:norte:007500:2023-10-31,SP-021:norte:007500,SP-021,norte,7.75,open-meteo:era5_seamless:-23.4:-46.8,2023-10-31,77.78,7.41,47.05,2,trigger,synthetic,synthetic,synthetic,synth-v1.0.0,1337,932480f22477dd00,baseline
SP-021:norte:007500:2023-12-10,SP-021:norte:007500,SP-021,norte,7.75,open-meteo:era5_seamless:-23.4:-46.8,2023-12-10,62.24,5.69,47.05,7,trigger,synthetic,synthetic,synthetic,synth-v1.0.0,1337,932480f22477dd00,baseline
SP-021:norte:007500:2024-01-17,SP-021:norte:007500,SP-021,norte,7.75,open-meteo:era5_seamless:-23.4:-46.8,2024-01-17,52.78,6.53,47.05,3,trigger,synthetic,synthetic,synthetic,synth-v1.0.0,1337,932480f22477dd00,baseline
SP-021:norte:007500:2024-02-21,SP-021:norte:007500,SP-021,norte,7.75,open-meteo:era5_seamless:-23.4:-46.8,2024-02-21,57.89,4.06,47.05,3,trigger,synthetic,synthetic,synthetic,synth-v1.0.0,1337,932480f22477dd00,baseline
SP-021:norte:007500:2024-04-01,SP-021:norte:007500,SP-021,norte,7.75,open-meteo:era5_seamless:-23.4:-46.8,2024-04-01,63.09,7.96,47.05,8,trigger,synthetic,synthetic,synthetic,synth-v1.0.0,1337,932480f22477dd00,baseline
SP-021:norte:007500:2024-05-14,SP-021:norte:007500,SP-021,norte,7.75,open-meteo:era5_seamless:-23.4:-46.8,2024-05-14,70.89,6.9,47.05,9,trigger,synthetic,synthetic,synthetic,synth-v1.0.0,1337,932480f22477dd00,baseline
SP-021:norte:007500:2024-08-14,SP-021:norte:007500,SP-021,norte,7.75,open-meteo:era5_seamless:-23.4:-46.8,2024-08-14,56.16,3.59,47.05,10,trigger,synthetic,synthetic,synthetic,synth-v1.0.0,1337,932480f22477dd00,baseline
SP-021:norte:007500:2024-10-20,SP-021:norte:007500,SP-021,norte,7.75,open-meteo:era5_seamless:-23.4:-46.8,2024-10-20,60.75,3.96,47.05,7,trigger,synthetic,synthetic,synthetic,synth-v1.0.0,1337,932480f22477dd00,baseline
SP-021:norte:007500:2024-12-14,SP-021:norte:007500,SP-021,norte,7.75,open-meteo:era5_seamless:-23.4:-46.8,2024-12-14,71.35,7.46,47.05,6,trigger,synthetic,synthetic,synthetic,synth-v1.0.0,1337,932480f22477dd00,baseline
SP-021:norte:007500:2025-01-16,SP-021:norte:007500,SP-021,norte,7.75,open-meteo:era5_seamless:-23.4:-46.8,2025-01-16,55.66,7.08,47.05,4,trigger,synthetic,synthetic,synthetic,synth-v1.0.0,1337,932480f22477dd00,baseline
SP-021:norte:007500:2025-02-21,SP-021:norte:007500,SP-021,norte,7.75,open-meteo:era5_seamless:-23.4:-46.8,2025-02-21,76.2,3.89,47.05,5,trigger,synthetic,synthetic,synthetic,synth-v1.0.0,1337,932480f22477dd00,baseline
SP-021:norte:007500:2025-04-25,SP-021:norte:007500,SP-021,norte,7.75,open-meteo:era5_seamless:-23.4:-46.8,2025-04-25,86.46,7.49,47.05,19,trigger,synthetic,synthetic,synthetic,synth-v1.0.0,1337,932480f22477dd00,baseline
SP-021:norte:007500:2025-08-14,SP-021:norte:007500,SP-021,norte,7.75,open-meteo:era5_seamless:-23.4:-46.8,2025-08-14,51.13,7.22,47.05,4,trigger,synthetic,synthetic,synthetic,synth-v1.0.0,1337,932480f22477dd00,baseline
SP-021:norte:007500:2025-10-25,SP-021:norte:007500,SP-021,norte,7.75,open-meteo:era5_seamless:-23.4:-46.8,2025-10-25,65.73,3.91,47.05,13,trigger,synthetic,synthetic,synthetic,synth-v1.0.0,1337,932480f22477dd00,baseline
SP-021:norte:007500:2025-12-29,SP-021:norte:007500,SP-021,norte,7.75,open-meteo:era5_seamless:-23.4:-46.8,2025-12-29,78.86,5.56,47.05,8,trigger,synthetic,synthetic,synthetic,synth-v1.0.0,1337,932480f22477dd00,baseline
SP-021:norte:007500:2026-02-17,SP-021:norte:007500,SP-021,norte,7.75,open-meteo:era5_seamless:-23.4:-46.8,2026-02-17,80.01,7.27,47.05,9,trigger,synthetic,synthetic,synthetic,synth-v1.0.0,1337,932480f22477dd00,baseline
SP-021:norte:007500:2026-03-25,SP-021:norte:007500,SP-021,norte,7.75,open-meteo:era5_seamless:-23.4:-46.8,2026-03-25,60.63,5.63,47.05,3,trigger,synthetic,synthetic,synthetic,synth-v1.0.0,1337,932480f22477dd00,baseline
SP-021:norte:007500:2026-05-17,SP-021:norte:007500,SP-021,norte,7.75,open-meteo:era5_seamless:-23.4:-46.8,2026-05-17,58.95,7.06,47.05,7,trigger,synthetic,synthetic,synthetic,synth-v1.0.0,1337,932480f22477dd00,baseline
SP-021:norte:007500:2026-09-01,SP-021:norte:007500,SP-021,norte,7.75,open-meteo:era5_seamless:-23.4:-46.8,2026-09-01,65.0,5.95,47.05,15,trigger,synthetic,synthetic,synthetic,synth-v1.0.0,1337,932480f22477dd00,baseline
SP-021:sul:007500:2023-02-22,SP-021:sul:007500,SP-021,sul,7.75,open-meteo:era5_seamless:-23.4:-46.8,2023-02-22,68.84,3.89,47.75,10,trigger,synthetic,synthetic,synthetic,synth-v1.0.0,1337,932480f22477dd00,baseline
SP-021:sul:007500:2023-04-28,SP-021:sul:007500,SP-021,sul,7.75,open-meteo:era5_seamless:-23.4:-46.8,2023-04-28,57.35,6.1,47.75,12,trigger,synthetic,synthetic,synthetic,synth-v1.0.0,1337,932480f22477dd00,baseline
SP-021:sul:007500:2023-09-09,SP-021:sul:007500,SP-021,sul,7.75,open-meteo:era5_seamless:-23.4:-46.8,2023-09-09,52.72,6.48,47.75,6,trigger,synthetic,synthetic,synthetic,synth-v1.0.0,1337,932480f22477dd00,baseline
SP-021:sul:007500:2023-11-21,SP-021:sul:007500,SP-021,sul,7.75,open-meteo:era5_seamless:-23.4:-46.8,2023-11-21,66.33,6.77,47.75,16,trigger,synthetic,synthetic,synthetic,synth-v1.0.0,1337,932480f22477dd00,baseline
SP-021:sul:007500:2024-01-22,SP-021:sul:007500,SP-021,sul,7.75,open-meteo:era5_seamless:-23.4:-46.8,2024-01-22,62.52,6.39,47.75,8,trigger,synthetic,synthetic,synthetic,synth-v1.0.0,1337,932480f22477dd00,baseline
SP-021:sul:007500:2024-03-09,SP-021:sul:007500,SP-021,sul,7.75,open-meteo:era5_seamless:-23.4:-46.8,2024-03-09,58.9,4.89,47.75,6,trigger,synthetic,synthetic,synthetic,synth-v1.0.0,1337,932480f22477dd00,baseline
SP-021:sul:007500:2024-05-03,SP-021:sul:007500,SP-021,sul,7.75,open-meteo:era5_seamless:-23.4:-46.8,2024-05-03,57.68,3.19,47.75,5,trigger,synthetic,synthetic,synthetic,synth-v1.0.0,1337,932480f22477dd00,baseline
SP-021:sul:007500:2024-10-08,SP-021:sul:007500,SP-021,sul,7.75,open-meteo:era5_seamless:-23.4:-46.8,2024-10-08,69.48,3.71,47.75,30,trigger,synthetic,synthetic,synthetic,synth-v1.0.0,1337,932480f22477dd00,baseline
SP-021:sul:007500:2024-12-22,SP-021:sul:007500,SP-021,sul,7.75,open-meteo:era5_seamless:-23.4:-46.8,2024-12-22,60.37,6.77,47.75,7,trigger,synthetic,synthetic,synthetic,synth-v1.0.0,1337,932480f22477dd00,baseline
SP-021:sul:007500:2025-01-29,SP-021:sul:007500,SP-021,sul,7.75,open-meteo:era5_seamless:-23.4:-46.8,2025-01-29,46.19,7.5,47.75,3,proactive,synthetic,synthetic,synthetic,synth-v1.0.0,1337,932480f22477dd00,baseline
SP-021:sul:007500:2025-03-20,SP-021:sul:007500,SP-021,sul,7.75,open-meteo:era5_seamless:-23.4:-46.8,2025-03-20,62.94,6.59,47.75,11,trigger,synthetic,synthetic,synthetic,synth-v1.0.0,1337,932480f22477dd00,baseline
SP-021:sul:007500:2025-06-08,SP-021:sul:007500,SP-021,sul,7.75,open-meteo:era5_seamless:-23.4:-46.8,2025-06-08,56.59,3.27,47.75,14,trigger,synthetic,synthetic,synthetic,synth-v1.0.0,1337,932480f22477dd00,baseline
SP-021:sul:007500:2025-11-19,SP-021:sul:007500,SP-021,sul,7.75,open-meteo:era5_seamless:-23.4:-46.8,2025-11-19,59.89,6.53,47.75,10,trigger,synthetic,synthetic,synthetic,synth-v1.0.0,1337,932480f22477dd00,baseline
SP-021:sul:007500:2026-01-20,SP-021:sul:007500,SP-021,sul,7.75,open-meteo:era5_seamless:-23.4:-46.8,2026-01-20,61.97,3.15,47.75,9,trigger,synthetic,synthetic,synthetic,synth-v1.0.0,1337,932480f22477dd00,baseline
SP-021:sul:007500:2026-03-24,SP-021:sul:007500,SP-021,sul,7.75,open-meteo:era5_seamless:-23.4:-46.8,2026-03-24,59.65,4.45,47.75,9,trigger,synthetic,synthetic,synthetic,synth-v1.0.0,1337,932480f22477dd00,baseline
SP-021:sul:007500:2026-07-08,SP-021:sul:007500,SP-021,sul,7.75,open-meteo:era5_seamless:-23.4:-46.8,2026-07-08,50.72,6.98,47.75,3,trigger,synthetic,synthetic,synthetic,synth-v1.0.0,1337,932480f22477dd00,baseline
SP-021:norte:008000:2023-02-02,SP-021:norte:008000,SP-021,norte,8.25,open-meteo:era5_seamless:-23.4:-46.8,2023-02-02,90.48,5.01,53.61,4,trigger,synthetic,synthetic,synthetic,synth-v1.0.0,1337,932480f22477dd00,baseline
SP-021:norte:008000:2023-03-10,SP-021:norte:008000,SP-021,norte,8.25,open-meteo:era5_seamless:-23.4:-46.8,2023-03-10,98.39,3.36,53.61,5,trigger,synthetic,synthetic,synthetic,synth-v1.0.0,1337,932480f22477dd00,baseline
SP-021:norte:008000:2023-04-25,SP-021:norte:008000,SP-021,norte,8.25,open-meteo:era5_seamless:-23.4:-46.8,2023-04-25,78.23,5.08,53.61,9,trigger,synthetic,synthetic,synthetic,synth-v1.0.0,1337,932480f22477dd00,baseline
SP-021:norte:008000:2023-08-01,SP-021:norte:008000,SP-021,norte,8.25,open-meteo:era5_seamless:-23.4:-46.8,2023-08-01,63.11,7.38,53.61,2,trigger,synthetic,synthetic,synthetic,synth-v1.0.0,1337,932480f22477dd00,baseline
SP-021:norte:008000:2023-09-14,SP-021:norte:008000,SP-021,norte,8.25,open-meteo:era5_seamless:-23.4:-46.8,2023-09-14,66.94,7.51,53.61,4,trigger,synthetic,synthetic,synthetic,synth-v1.0.0,1337,932480f22477dd00,baseline
SP-021:norte:008000:2023-10-26,SP-021:norte:008000,SP-021,norte,8.25,open-meteo:era5_seamless:-23.4:-46.8,2023-10-26,89.39,6.33,53.61,11,trigger,synthetic,synthetic,synthetic,synth-v1.0.0,1337,932480f22477dd00,baseline
SP-021:norte:008000:2023-12-02,SP-021:norte:008000,SP-021,norte,8.25,open-meteo:era5_seamless:-23.4:-46.8,2023-12-02,84.52,6.47,53.61,6,trigger,synthetic,synthetic,synthetic,synth-v1.0.0,1337,932480f22477dd00,baseline
SP-021:norte:008000:2023-12-26,SP-021:norte:008000,SP-021,norte,8.25,open-meteo:era5_seamless:-23.4:-46.8,2023-12-26,49.64,7.16,53.61,2,proactive,synthetic,synthetic,synthetic,synth-v1.0.0,1337,932480f22477dd00,baseline
SP-021:norte:008000:2024-01-28,SP-021:norte:008000,SP-021,norte,8.25,open-meteo:era5_seamless:-23.4:-46.8,2024-01-28,73.03,3.81,53.61,7,trigger,synthetic,synthetic,synthetic,synth-v1.0.0,1337,932480f22477dd00,baseline
SP-021:norte:008000:2024-02-27,SP-021:norte:008000,SP-021,norte,8.25,open-meteo:era5_seamless:-23.4:-46.8,2024-02-27,59.47,4.75,53.61,2,trigger,synthetic,synthetic,synthetic,synth-v1.0.0,1337,932480f22477dd00,baseline
SP-021:norte:008000:2024-04-02,SP-021:norte:008000,SP-021,norte,8.25,open-meteo:era5_seamless:-23.4:-46.8,2024-04-02,91.84,5.77,53.61,9,trigger,synthetic,synthetic,synthetic,synth-v1.0.0,1337,932480f22477dd00,baseline
SP-021:norte:008000:2024-05-17,SP-021:norte:008000,SP-021,norte,8.25,open-meteo:era5_seamless:-23.4:-46.8,2024-05-17,97.67,5.27,53.61,12,trigger,synthetic,synthetic,synthetic,synth-v1.0.0,1337,932480f22477dd00,baseline
SP-021:norte:008000:2024-07-30,SP-021:norte:008000,SP-021,norte,8.25,open-meteo:era5_seamless:-23.4:-46.8,2024-07-30,62.06,5.01,53.61,2,trigger,synthetic,synthetic,synthetic,synth-v1.0.0,1337,932480f22477dd00,baseline
SP-021:norte:008000:2024-09-30,SP-021:norte:008000,SP-021,norte,8.25,open-meteo:era5_seamless:-23.4:-46.8,2024-09-30,94.32,3.76,53.61,15,trigger,synthetic,synthetic,synthetic,synth-v1.0.0,1337,932480f22477dd00,baseline
SP-021:norte:008000:2024-11-24,SP-021:norte:008000,SP-021,norte,8.25,open-meteo:era5_seamless:-23.4:-46.8,2024-11-24,99.17,6.25,53.61,14,trigger,synthetic,synthetic,synthetic,synth-v1.0.0,1337,932480f22477dd00,baseline
SP-021:norte:008000:2024-12-28,SP-021:norte:008000,SP-021,norte,8.25,open-meteo:era5_seamless:-23.4:-46.8,2024-12-28,77.39,5.24,53.61,6,trigger,synthetic,synthetic,synthetic,synth-v1.0.0,1337,932480f22477dd00,baseline
SP-021:norte:008000:2025-02-01,SP-021:norte:008000,SP-021,norte,8.25,open-meteo:era5_seamless:-23.4:-46.8,2025-02-01,88.12,4.39,53.61,6,trigger,synthetic,synthetic,synthetic,synth-v1.0.0,1337,932480f22477dd00,baseline
SP-021:norte:008000:2025-03-10,SP-021:norte:008000,SP-021,norte,8.25,open-meteo:era5_seamless:-23.4:-46.8,2025-03-10,104.88,5.3,53.61,15,trigger,synthetic,synthetic,synthetic,synth-v1.0.0,1337,932480f22477dd00,baseline
SP-021:norte:008000:2025-04-15,SP-021:norte:008000,SP-021,norte,8.25,open-meteo:era5_seamless:-23.4:-46.8,2025-04-15,72.27,4.63,53.61,2,trigger,synthetic,synthetic,synthetic,synth-v1.0.0,1337,932480f22477dd00,baseline
SP-021:norte:008000:2025-06-19,SP-021:norte:008000,SP-021,norte,8.25,open-meteo:era5_seamless:-23.4:-46.8,2025-06-19,62.32,5.23,53.61,11,trigger,synthetic,synthetic,synthetic,synth-v1.0.0,1337,932480f22477dd00,baseline
SP-021:norte:008000:2025-09-19,SP-021:norte:008000,SP-021,norte,8.25,open-meteo:era5_seamless:-23.4:-46.8,2025-09-19,68.09,6.32,53.61,5,trigger,synthetic,synthetic,synthetic,synth-v1.0.0,1337,932480f22477dd00,baseline
SP-021:norte:008000:2025-11-15,SP-021:norte:008000,SP-021,norte,8.25,open-meteo:era5_seamless:-23.4:-46.8,2025-11-15,85.51,5.59,53.61,13,trigger,synthetic,synthetic,synthetic,synth-v1.0.0,1337,932480f22477dd00,baseline
SP-021:norte:008000:2025-12-24,SP-021:norte:008000,SP-021,norte,8.25,open-meteo:era5_seamless:-23.4:-46.8,2025-12-24,76.44,3.84,53.61,3,trigger,synthetic,synthetic,synthetic,synth-v1.0.0,1337,932480f22477dd00,baseline
SP-021:norte:008000:2026-01-31,SP-021:norte:008000,SP-021,norte,8.25,open-meteo:era5_seamless:-23.4:-46.8,2026-01-31,74.86,6.75,53.61,6,trigger,synthetic,synthetic,synthetic,synth-v1.0.0,1337,932480f22477dd00,baseline
SP-021:norte:008000:2026-02-26,SP-021:norte:008000,SP-021,norte,8.25,open-meteo:era5_seamless:-23.4:-46.8,2026-02-26,71.68,5.2,53.61,4,trigger,synthetic,synthetic,synthetic,synth-v1.0.0,1337,932480f22477dd00,baseline
SP-021:norte:008000:2026-04-05,SP-021:norte:008000,SP-021,norte,8.25,open-meteo:era5_seamless:-23.4:-46.8,2026-04-05,87.4,5.33,53.61,7,trigger,synthetic,synthetic,synthetic,synth-v1.0.0,1337,932480f22477dd00,baseline
SP-021:norte:008000:2026-05-20,SP-021:norte:008000,SP-021,norte,8.25,open-meteo:era5_seamless:-23.4:-46.8,2026-05-20,59.85,7.26,53.61,3,trigger,synthetic,synthetic,synthetic,synth-v1.0.0,1337,932480f22477dd00,baseline
SP-021:norte:008000:2026-08-14,SP-021:norte:008000,SP-021,norte,8.25,open-meteo:era5_seamless:-23.4:-46.8,2026-08-14,60.79,5.0,53.61,5,trigger,synthetic,synthetic,synthetic,synth-v1.0.0,1337,932480f22477dd00,baseline
SP-021:sul:008000:2023-02-11,SP-021:sul:008000,SP-021,sul,8.25,open-meteo:era5_seamless:-23.4:-46.8,2023-02-11,74.96,3.23,50.83,13,trigger,synthetic,synthetic,synthetic,synth-v1.0.0,1337,932480f22477dd00,baseline
SP-021:sul:008000:2023-04-12,SP-021:sul:008000,SP-021,sul,8.25,open-meteo:era5_seamless:-23.4:-46.8,2023-04-12,64.76,4.44,50.83,10,trigger,synthetic,synthetic,synthetic,synth-v1.0.0,1337,932480f22477dd00,baseline
SP-021:sul:008000:2023-09-11,SP-021:sul:008000,SP-021,sul,8.25,open-meteo:era5_seamless:-23.4:-46.8,2023-09-11,70.7,6.1,50.83,15,trigger,synthetic,synthetic,synthetic,synth-v1.0.0,1337,932480f22477dd00,baseline
SP-021:sul:008000:2023-11-18,SP-021:sul:008000,SP-021,sul,8.25,open-meteo:era5_seamless:-23.4:-46.8,2023-11-18,73.77,3.38,50.83,13,trigger,synthetic,synthetic,synthetic,synth-v1.0.0,1337,932480f22477dd00,baseline
SP-021:sul:008000:2024-01-30,SP-021:sul:008000,SP-021,sul,8.25,open-meteo:era5_seamless:-23.4:-46.8,2024-01-30,75.46,4.65,50.83,16,trigger,synthetic,synthetic,synthetic,synth-v1.0.0,1337,932480f22477dd00,baseline
SP-021:sul:008000:2024-03-25,SP-021:sul:008000,SP-021,sul,8.25,open-meteo:era5_seamless:-23.4:-46.8,2024-03-25,72.35,4.83,50.83,8,trigger,synthetic,synthetic,synthetic,synth-v1.0.0,1337,932480f22477dd00,baseline
SP-021:sul:008000:2024-05-25,SP-021:sul:008000,SP-021,sul,8.25,open-meteo:era5_seamless:-23.4:-46.8,2024-05-25,64.08,3.18,50.83,6,trigger,synthetic,synthetic,synthetic,synth-v1.0.0,1337,932480f22477dd00,baseline
SP-021:sul:008000:2024-09-28,SP-021:sul:008000,SP-021,sul,8.25,open-meteo:era5_seamless:-23.4:-46.8,2024-09-28,62.84,4.01,50.83,6,trigger,synthetic,synthetic,synthetic,synth-v1.0.0,1337,932480f22477dd00,baseline
SP-021:sul:008000:2024-12-01,SP-021:sul:008000,SP-021,sul,8.25,open-meteo:era5_seamless:-23.4:-46.8,2024-12-01,53.0,6.39,50.83,7,proactive,synthetic,synthetic,synthetic,synth-v1.0.0,1337,932480f22477dd00,baseline
SP-021:sul:008000:2025-01-20,SP-021:sul:008000,SP-021,sul,8.25,open-meteo:era5_seamless:-23.4:-46.8,2025-01-20,63.22,5.73,50.83,8,trigger,synthetic,synthetic,synthetic,synth-v1.0.0,1337,932480f22477dd00,baseline
SP-021:sul:008000:2025-03-08,SP-021:sul:008000,SP-021,sul,8.25,open-meteo:era5_seamless:-23.4:-46.8,2025-03-08,74.92,5.36,50.83,6,trigger,synthetic,synthetic,synthetic,synth-v1.0.0,1337,932480f22477dd00,baseline
SP-021:sul:008000:2025-05-17,SP-021:sul:008000,SP-021,sul,8.25,open-meteo:era5_seamless:-23.4:-46.8,2025-05-17,65.82,6.03,50.83,13,trigger,synthetic,synthetic,synthetic,synth-v1.0.0,1337,932480f22477dd00,baseline
SP-021:sul:008000:2025-10-01,SP-021:sul:008000,SP-021,sul,8.25,open-meteo:era5_seamless:-23.4:-46.8,2025-10-01,56.16,5.33,50.83,3,trigger,synthetic,synthetic,synthetic,synth-v1.0.0,1337,932480f22477dd00,baseline
SP-021:sul:008000:2025-12-18,SP-021:sul:008000,SP-021,sul,8.25,open-meteo:era5_seamless:-23.4:-46.8,2025-12-18,63.5,6.44,50.83,4,trigger,synthetic,synthetic,synthetic,synth-v1.0.0,1337,932480f22477dd00,baseline
SP-021:sul:008000:2026-02-09,SP-021:sul:008000,SP-021,sul,8.25,open-meteo:era5_seamless:-23.4:-46.8,2026-02-09,65.58,5.25,50.83,8,trigger,synthetic,synthetic,synthetic,synth-v1.0.0,1337,932480f22477dd00,baseline
SP-021:sul:008000:2026-04-02,SP-021:sul:008000,SP-021,sul,8.25,open-meteo:era5_seamless:-23.4:-46.8,2026-04-02,63.58,3.31,50.83,4,trigger,synthetic,synthetic,synthetic,synth-v1.0.0,1337,932480f22477dd00,baseline
SP-021:sul:008000:2026-08-04,SP-021:sul:008000,SP-021,sul,8.25,open-meteo:era5_seamless:-23.4:-46.8,2026-08-04,46.81,4.53,50.83,16,proactive,synthetic,synthetic,synthetic,synth-v1.0.0,1337,932480f22477dd00,baseline
SP-021:norte:008500:2023-01-23,SP-021:norte:008500,SP-021,norte,8.75,open-meteo:era5_seamless:-23.5:-46.8,2023-01-23,83.73,3.03,55.51,8,trigger,synthetic,synthetic,synthetic,synth-v1.0.0,1337,932480f22477dd00,baseline
SP-021:norte:008500:2023-03-17,SP-021:norte:008500,SP-021,norte,8.75,open-meteo:era5_seamless:-23.5:-46.8,2023-03-17,95.49,5.26,55.51,12,trigger,synthetic,synthetic,synthetic,synth-v1.0.0,1337,932480f22477dd00,baseline
SP-021:norte:008500:2023-05-27,SP-021:norte:008500,SP-021,norte,8.75,open-meteo:era5_seamless:-23.5:-46.8,2023-05-27,67.03,6.69,55.51,13,trigger,synthetic,synthetic,synthetic,synth-v1.0.0,1337,932480f22477dd00,baseline
SP-021:norte:008500:2023-09-16,SP-021:norte:008500,SP-021,norte,8.75,open-meteo:era5_seamless:-23.5:-46.8,2023-09-16,65.9,6.13,55.51,6,trigger,synthetic,synthetic,synthetic,synth-v1.0.0,1337,932480f22477dd00,baseline
SP-021:norte:008500:2023-11-10,SP-021:norte:008500,SP-021,norte,8.75,open-meteo:era5_seamless:-23.5:-46.8,2023-11-10,81.61,4.07,55.51,12,trigger,synthetic,synthetic,synthetic,synth-v1.0.0,1337,932480f22477dd00,baseline
SP-021:norte:008500:2024-01-05,SP-021:norte:008500,SP-021,norte,8.75,open-meteo:era5_seamless:-23.5:-46.8,2024-01-05,101.52,5.21,55.51,12,trigger,synthetic,synthetic,synthetic,synth-v1.0.0,1337,932480f22477dd00,baseline
SP-021:norte:008500:2024-02-24,SP-021:norte:008500,SP-021,norte,8.75,open-meteo:era5_seamless:-23.5:-46.8,2024-02-24,92.36,4.49,55.51,13,trigger,synthetic,synthetic,synthetic,synth-v1.0.0,1337,932480f22477dd00,baseline
SP-021:norte:008500:2024-04-11,SP-021:norte:008500,SP-021,norte,8.75,open-meteo:era5_seamless:-23.5:-46.8,2024-04-11,91.57,5.93,55.51,11,trigger,synthetic,synthetic,synthetic,synth-v1.0.0,1337,932480f22477dd00,baseline
SP-021:norte:008500:2024-06-06,SP-021:norte:008500,SP-021,norte,8.75,open-meteo:era5_seamless:-23.5:-46.8,2024-06-06,63.51,4.74,55.51,4,trigger,synthetic,synthetic,synthetic,synth-v1.0.0,1337,932480f22477dd00,baseline
SP-021:norte:008500:2024-09-24,SP-021:norte:008500,SP-021,norte,8.75,open-meteo:era5_seamless:-23.5:-46.8,2024-09-24,83.91,4.2,55.51,2,trigger,synthetic,synthetic,synthetic,synth-v1.0.0,1337,932480f22477dd00,baseline
SP-021:norte:008500:2024-12-08,SP-021:norte:008500,SP-021,norte,8.75,open-meteo:era5_seamless:-23.5:-46.8,2024-12-08,106.54,5.77,55.51,14,trigger,synthetic,synthetic,synthetic,synth-v1.0.0,1337,932480f22477dd00,baseline
SP-021:norte:008500:2025-01-21,SP-021:norte:008500,SP-021,norte,8.75,open-meteo:era5_seamless:-23.5:-46.8,2025-01-21,80.77,6.63,55.51,2,trigger,synthetic,synthetic,synthetic,synth-v1.0.0,1337,932480f22477dd00,baseline
SP-021:norte:008500:2025-03-07,SP-021:norte:008500,SP-021,norte,8.75,open-meteo:era5_seamless:-23.5:-46.8,2025-03-07,109.49,5.72,55.51,12,trigger,synthetic,synthetic,synthetic,synth-v1.0.0,1337,932480f22477dd00,baseline
SP-021:norte:008500:2025-05-04,SP-021:norte:008500,SP-021,norte,8.75,open-meteo:era5_seamless:-23.5:-46.8,2025-05-04,80.69,4.83,55.51,7,trigger,synthetic,synthetic,synthetic,synth-v1.0.0,1337,932480f22477dd00,baseline
SP-021:norte:008500:2025-10-05,SP-021:norte:008500,SP-021,norte,8.75,open-meteo:era5_seamless:-23.5:-46.8,2025-10-05,73.95,5.35,55.51,14,trigger,synthetic,synthetic,synthetic,synth-v1.0.0,1337,932480f22477dd00,baseline
SP-021:norte:008500:2025-12-03,SP-021:norte:008500,SP-021,norte,8.75,open-meteo:era5_seamless:-23.5:-46.8,2025-12-03,50.84,4.03,55.51,3,proactive,synthetic,synthetic,synthetic,synth-v1.0.0,1337,932480f22477dd00,baseline
SP-021:norte:008500:2026-01-18,SP-021:norte:008500,SP-021,norte,8.75,open-meteo:era5_seamless:-23.5:-46.8,2026-01-18,77.9,7.22,55.51,7,trigger,synthetic,synthetic,synthetic,synth-v1.0.0,1337,932480f22477dd00,baseline
SP-021:norte:008500:2026-02-24,SP-021:norte:008500,SP-021,norte,8.75,open-meteo:era5_seamless:-23.5:-46.8,2026-02-24,72.36,6.03,55.51,2,trigger,synthetic,synthetic,synthetic,synth-v1.0.0,1337,932480f22477dd00,baseline
SP-021:norte:008500:2026-04-15,SP-021:norte:008500,SP-021,norte,8.75,open-meteo:era5_seamless:-23.5:-46.8,2026-04-15,86.05,5.26,55.51,10,trigger,synthetic,synthetic,synthetic,synth-v1.0.0,1337,932480f22477dd00,baseline
SP-021:norte:008500:2026-08-27,SP-021:norte:008500,SP-021,norte,8.75,open-meteo:era5_seamless:-23.5:-46.8,2026-08-27,74.32,7.61,55.51,11,trigger,synthetic,synthetic,synthetic,synth-v1.0.0,1337,932480f22477dd00,baseline
SP-021:sul:008500:2023-02-11,SP-021:sul:008500,SP-021,sul,8.75,open-meteo:era5_seamless:-23.5:-46.8,2023-02-11,59.55,5.64,54.52,6,trigger,synthetic,synthetic,synthetic,synth-v1.0.0,1337,932480f22477dd00,baseline
SP-021:sul:008500:2023-05-22,SP-021:sul:008500,SP-021,sul,8.75,open-meteo:era5_seamless:-23.5:-46.8,2023-05-22,55.44,5.6,54.52,8,trigger,synthetic,synthetic,synthetic,synth-v1.0.0,1337,932480f22477dd00,baseline
SP-021:sul:008500:2023-11-09,SP-021:sul:008500,SP-021,sul,8.75,open-meteo:era5_seamless:-23.5:-46.8,2023-11-09,57.62,7.96,54.52,4,trigger,synthetic,synthetic,synthetic,synth-v1.0.0,1337,932480f22477dd00,baseline
SP-021:sul:008500:2024-01-29,SP-021:sul:008500,SP-021,sul,8.75,open-meteo:era5_seamless:-23.5:-46.8,2024-01-29,59.79,4.59,54.52,8,trigger,synthetic,synthetic,synthetic,synth-v1.0.0,1337,932480f22477dd00,baseline
SP-021:sul:008500:2024-03-27,SP-021:sul:008500,SP-021,sul,8.75,open-meteo:era5_seamless:-23.5:-46.8,2024-03-27,48.33,4.9,54.52,3,proactive,synthetic,synthetic,synthetic,synth-v1.0.0,1337,932480f22477dd00,baseline
SP-021:sul:008500:2024-09-10,SP-021:sul:008500,SP-021,sul,8.75,open-meteo:era5_seamless:-23.5:-46.8,2024-09-10,58.61,4.6,54.52,9,trigger,synthetic,synthetic,synthetic,synth-v1.0.0,1337,932480f22477dd00,baseline
SP-021:sul:008500:2024-12-31,SP-021:sul:008500,SP-021,sul,8.75,open-meteo:era5_seamless:-23.5:-46.8,2024-12-31,59.5,3.97,54.52,9,trigger,synthetic,synthetic,synthetic,synth-v1.0.0,1337,932480f22477dd00,baseline
SP-021:sul:008500:2025-03-04,SP-021:sul:008500,SP-021,sul,8.75,open-meteo:era5_seamless:-23.5:-46.8,2025-03-04,52.24,7.61,54.52,9,proactive,synthetic,synthetic,synthetic,synth-v1.0.0,1337,932480f22477dd00,baseline
SP-021:sul:008500:2025-08-29,SP-021:sul:008500,SP-021,sul,8.75,open-meteo:era5_seamless:-23.5:-46.8,2025-08-29,55.57,6.9,54.52,5,trigger,synthetic,synthetic,synthetic,synth-v1.0.0,1337,932480f22477dd00,baseline
SP-021:sul:008500:2026-01-03,SP-021:sul:008500,SP-021,sul,8.75,open-meteo:era5_seamless:-23.5:-46.8,2026-01-03,59.56,4.38,54.52,6,trigger,synthetic,synthetic,synthetic,synth-v1.0.0,1337,932480f22477dd00,baseline
SP-021:sul:008500:2026-04-20,SP-021:sul:008500,SP-021,sul,8.75,open-meteo:era5_seamless:-23.5:-46.8,2026-04-20,63.01,4.15,54.52,22,trigger,synthetic,synthetic,synthetic,synth-v1.0.0,1337,932480f22477dd00,baseline
SP-021:norte:009000:2023-01-28,SP-021:norte:009000,SP-021,norte,9.25,open-meteo:era5_seamless:-23.5:-46.8,2023-01-28,60.21,7.73,43.63,6,trigger,synthetic,synthetic,synthetic,synth-v1.0.0,1337,932480f22477dd00,baseline
SP-021:norte:009000:2023-03-12,SP-021:norte:009000,SP-021,norte,9.25,open-meteo:era5_seamless:-23.5:-46.8,2023-03-12,85.4,3.27,43.63,14,trigger,synthetic,synthetic,synthetic,synth-v1.0.0,1337,932480f22477dd00,baseline
SP-021:norte:009000:2023-05-02,SP-021:norte:009000,SP-021,norte,9.25,open-meteo:era5_seamless:-23.5:-46.8,2023-05-02,54.47,4.46,43.63,2,trigger,synthetic,synthetic,synthetic,synth-v1.0.0,1337,932480f22477dd00,baseline
SP-021:norte:009000:2023-08-29,SP-021:norte:009000,SP-021,norte,9.25,open-meteo:era5_seamless:-23.5:-46.8,2023-08-29,49.48,7.95,43.63,2,trigger,synthetic,synthetic,synthetic,synth-v1.0.0,1337,932480f22477dd00,baseline
SP-021:norte:009000:2023-10-01,SP-021:norte:009000,SP-021,norte,9.25,open-meteo:era5_seamless:-23.5:-46.8,2023-10-01,46.25,7.63,43.63,7,proactive,synthetic,synthetic,synthetic,synth-v1.0.0,1337,932480f22477dd00,baseline
SP-021:norte:009000:2023-11-19,SP-021:norte:009000,SP-021,norte,9.25,open-meteo:era5_seamless:-23.5:-46.8,2023-11-19,83.83,7.09,43.63,7,trigger,synthetic,synthetic,synthetic,synth-v1.0.0,1337,932480f22477dd00,baseline
SP-021:norte:009000:2023-12-19,SP-021:norte:009000,SP-021,norte,9.25,open-meteo:era5_seamless:-23.5:-46.8,2023-12-19,52.73,3.47,43.63,2,trigger,synthetic,synthetic,synthetic,synth-v1.0.0,1337,932480f22477dd00,baseline
SP-021:norte:009000:2024-01-24,SP-021:norte:009000,SP-021,norte,9.25,open-meteo:era5_seamless:-23.5:-46.8,2024-01-24,48.79,7.01,43.63,3,trigger,synthetic,synthetic,synthetic,synth-v1.0.0,1337,932480f22477dd00,baseline
SP-021:norte:009000:2024-03-06,SP-021:norte:009000,SP-021,norte,9.25,open-meteo:era5_seamless:-23.5:-46.8,2024-03-06,86.57,3.26,43.63,17,trigger,synthetic,synthetic,synthetic,synth-v1.0.0,1337,932480f22477dd00,baseline
SP-021:norte:009000:2024-04-15,SP-021:norte:009000,SP-021,norte,9.25,open-meteo:era5_seamless:-23.5:-46.8,2024-04-15,68.8,3.08,43.63,8,trigger,synthetic,synthetic,synthetic,synth-v1.0.0,1337,932480f22477dd00,baseline
SP-021:norte:009000:2024-06-04,SP-021:norte:009000,SP-021,norte,9.25,open-meteo:era5_seamless:-23.5:-46.8,2024-06-04,45.64,5.52,43.63,9,trigger,synthetic,synthetic,synthetic,synth-v1.0.0,1337,932480f22477dd00,baseline
SP-021:norte:009000:2024-09-05,SP-021:norte:009000,SP-021,norte,9.25,open-meteo:era5_seamless:-23.5:-46.8,2024-09-05,61.12,6.28,43.63,11,trigger,synthetic,synthetic,synthetic,synth-v1.0.0,1337,932480f22477dd00,baseline
SP-021:norte:009000:2024-10-20,SP-021:norte:009000,SP-021,norte,9.25,open-meteo:era5_seamless:-23.5:-46.8,2024-10-20,57.02,3.94,43.63,7,trigger,synthetic,synthetic,synthetic,synth-v1.0.0,1337,932480f22477dd00,baseline
SP-021:norte:009000:2024-12-09,SP-021:norte:009000,SP-021,norte,9.25,open-meteo:era5_seamless:-23.5:-46.8,2024-12-09,72.26,3.98,43.63,8,trigger,synthetic,synthetic,synthetic,synth-v1.0.0,1337,932480f22477dd00,baseline
SP-021:norte:009000:2025-01-26,SP-021:norte:009000,SP-021,norte,9.25,open-meteo:era5_seamless:-23.5:-46.8,2025-01-26,85.6,3.9,43.63,14,trigger,synthetic,synthetic,synthetic,synth-v1.0.0,1337,932480f22477dd00,baseline
SP-021:norte:009000:2025-02-25,SP-021:norte:009000,SP-021,norte,9.25,open-meteo:era5_seamless:-23.5:-46.8,2025-02-25,66.99,7.15,43.63,2,trigger,synthetic,synthetic,synthetic,synth-v1.0.0,1337,932480f22477dd00,baseline
SP-021:norte:009000:2025-04-07,SP-021:norte:009000,SP-021,norte,9.25,open-meteo:era5_seamless:-23.5:-46.8,2025-04-07,70.86,4.43,43.63,8,trigger,synthetic,synthetic,synthetic,synth-v1.0.0,1337,932480f22477dd00,baseline
SP-021:norte:009000:2025-06-16,SP-021:norte:009000,SP-021,norte,9.25,open-meteo:era5_seamless:-23.5:-46.8,2025-06-16,44.4,4.05,43.63,8,trigger,synthetic,synthetic,synthetic,synth-v1.0.0,1337,932480f22477dd00,baseline
SP-021:norte:009000:2025-10-19,SP-021:norte:009000,SP-021,norte,9.25,open-meteo:era5_seamless:-23.5:-46.8,2025-10-19,67.65,7.68,43.63,14,trigger,synthetic,synthetic,synthetic,synth-v1.0.0,1337,932480f22477dd00,baseline
SP-021:norte:009000:2025-12-01,SP-021:norte:009000,SP-021,norte,9.25,open-meteo:era5_seamless:-23.5:-46.8,2025-12-01,46.78,4.84,43.63,8,proactive,synthetic,synthetic,synthetic,synth-v1.0.0,1337,932480f22477dd00,baseline
SP-021:norte:009000:2026-01-07,SP-021:norte:009000,SP-021,norte,9.25,open-meteo:era5_seamless:-23.5:-46.8,2026-01-07,65.6,6.41,43.63,3,trigger,synthetic,synthetic,synthetic,synth-v1.0.0,1337,932480f22477dd00,baseline
SP-021:norte:009000:2026-02-14,SP-021:norte:009000,SP-021,norte,9.25,open-meteo:era5_seamless:-23.5:-46.8,2026-02-14,67.26,6.32,43.63,6,trigger,synthetic,synthetic,synthetic,synth-v1.0.0,1337,932480f22477dd00,baseline
SP-021:norte:009000:2026-04-03,SP-021:norte:009000,SP-021,norte,9.25,open-meteo:era5_seamless:-23.5:-46.8,2026-04-03,85.97,6.81,43.63,12,trigger,synthetic,synthetic,synthetic,synth-v1.0.0,1337,932480f22477dd00,baseline
SP-021:norte:009000:2026-05-13,SP-021:norte:009000,SP-021,norte,9.25,open-meteo:era5_seamless:-23.5:-46.8,2026-05-13,45.5,4.9,43.63,3,trigger,synthetic,synthetic,synthetic,synth-v1.0.0,1337,932480f22477dd00,baseline
SP-021:norte:009000:2026-09-01,SP-021:norte:009000,SP-021,norte,9.25,open-meteo:era5_seamless:-23.5:-46.8,2026-09-01,47.57,4.92,43.63,6,trigger,synthetic,synthetic,synthetic,synth-v1.0.0,1337,932480f22477dd00,baseline
SP-021:sul:009000:2023-02-09,SP-021:sul:009000,SP-021,sul,9.25,open-meteo:era5_seamless:-23.5:-46.8,2023-02-09,74.48,5.91,58.81,4,trigger,synthetic,synthetic,synthetic,synth-v1.0.0,1337,932480f22477dd00,baseline
SP-021:sul:009000:2023-03-23,SP-021:sul:009000,SP-021,sul,9.25,open-meteo:era5_seamless:-23.5:-46.8,2023-03-23,68.87,5.7,58.81,4,trigger,synthetic,synthetic,synthetic,synth-v1.0.0,1337,932480f22477dd00,baseline
SP-021:sul:009000:2023-05-24,SP-021:sul:009000,SP-021,sul,9.25,open-meteo:era5_seamless:-23.5:-46.8,2023-05-24,42.18,6.89,58.81,3,proactive,synthetic,synthetic,synthetic,synth-v1.0.0,1337,932480f22477dd00,baseline
SP-021:sul:009000:2023-10-07,SP-021:sul:009000,SP-021,sul,9.25,open-meteo:era5_seamless:-23.5:-46.8,2023-10-07,77.22,7.28,58.81,6,trigger,synthetic,synthetic,synthetic,synth-v1.0.0,1337,932480f22477dd00,baseline
SP-021:sul:009000:2023-11-30,SP-021:sul:009000,SP-021,sul,9.25,open-meteo:era5_seamless:-23.5:-46.8,2023-11-30,69.62,4.39,58.81,4,trigger,synthetic,synthetic,synthetic,synth-v1.0.0,1337,932480f22477dd00,baseline
SP-021:sul:009000:2024-01-30,SP-021:sul:009000,SP-021,sul,9.25,open-meteo:era5_seamless:-23.5:-46.8,2024-01-30,74.92,6.25,58.81,9,trigger,synthetic,synthetic,synthetic,synth-v1.0.0,1337,932480f22477dd00,baseline
SP-021:sul:009000:2024-03-12,SP-021:sul:009000,SP-021,sul,9.25,open-meteo:era5_seamless:-23.5:-46.8,2024-03-12,72.15,7.17,58.81,2,trigger,synthetic,synthetic,synthetic,synth-v1.0.0,1337,932480f22477dd00,baseline
SP-021:sul:009000:2024-05-16,SP-021:sul:009000,SP-021,sul,9.25,open-meteo:era5_seamless:-23.5:-46.8,2024-05-16,84.63,6.85,58.81,11,trigger,synthetic,synthetic,synthetic,synth-v1.0.0,1337,932480f22477dd00,baseline
SP-021:sul:009000:2024-09-17,SP-021:sul:009000,SP-021,sul,9.25,open-meteo:era5_seamless:-23.5:-46.8,2024-09-17,70.62,4.29,58.81,9,trigger,synthetic,synthetic,synthetic,synth-v1.0.0,1337,932480f22477dd00,baseline
SP-021:sul:009000:2024-11-29,SP-021:sul:009000,SP-021,sul,9.25,open-meteo:era5_seamless:-23.5:-46.8,2024-11-29,71.39,4.3,58.81,5,trigger,synthetic,synthetic,synthetic,synth-v1.0.0,1337,932480f22477dd00,baseline
SP-021:sul:009000:2025-02-04,SP-021:sul:009000,SP-021,sul,9.25,open-meteo:era5_seamless:-23.5:-46.8,2025-02-04,84.85,7.67,58.81,16,trigger,synthetic,synthetic,synthetic,synth-v1.0.0,1337,932480f22477dd00,baseline
SP-021:sul:009000:2025-03-15,SP-021:sul:009000,SP-021,sul,9.25,open-meteo:era5_seamless:-23.5:-46.8,2025-03-15,73.29,5.1,58.81,6,trigger,synthetic,synthetic,synthetic,synth-v1.0.0,1337,932480f22477dd00,baseline
SP-021:sul:009000:2025-05-30,SP-021:sul:009000,SP-021,sul,9.25,open-meteo:era5_seamless:-23.5:-46.8,2025-05-30,62.99,4.98,58.81,5,trigger,synthetic,synthetic,synthetic,synth-v1.0.0,1337,932480f22477dd00,baseline
SP-021:sul:009000:2025-11-12,SP-021:sul:009000,SP-021,sul,9.25,open-meteo:era5_seamless:-23.5:-46.8,2025-11-12,70.56,7.37,58.81,10,trigger,synthetic,synthetic,synthetic,synth-v1.0.0,1337,932480f22477dd00,baseline
SP-021:sul:009000:2026-01-19,SP-021:sul:009000,SP-021,sul,9.25,open-meteo:era5_seamless:-23.5:-46.8,2026-01-19,84.57,4.94,58.81,15,trigger,synthetic,synthetic,synthetic,synth-v1.0.0,1337,932480f22477dd00,baseline
SP-021:sul:009000:2026-03-14,SP-021:sul:009000,SP-021,sul,9.25,open-meteo:era5_seamless:-23.5:-46.8,2026-03-14,73.19,6.81,58.81,6,trigger,synthetic,synthetic,synthetic,synth-v1.0.0,1337,932480f22477dd00,baseline
SP-021:sul:009000:2026-05-06,SP-021:sul:009000,SP-021,sul,9.25,open-meteo:era5_seamless:-23.5:-46.8,2026-05-06,64.51,5.77,58.81,3,trigger,synthetic,synthetic,synthetic,synth-v1.0.0,1337,932480f22477dd00,baseline
SP-021:norte:009500:2023-01-08,SP-021:norte:009500,SP-021,norte,9.75,open-meteo:era5_seamless:-23.5:-46.8,2023-01-08,51.5,6.28,41.0,7,trigger,synthetic,synthetic,synthetic,synth-v1.0.0,1337,932480f22477dd00,baseline
SP-021:norte:009500:2023-02-17,SP-021:norte:009500,SP-021,norte,9.75,open-meteo:era5_seamless:-23.5:-46.8,2023-02-17,86.23,4.4,41.0,12,trigger,synthetic,synthetic,synthetic,synth-v1.0.0,1337,932480f22477dd00,baseline
SP-021:norte:009500:2023-03-25,SP-021:norte:009500,SP-021,norte,9.75,open-meteo:era5_seamless:-23.5:-46.8,2023-03-25,67.4,6.76,41.0,6,trigger,synthetic,synthetic,synthetic,synth-v1.0.0,1337,932480f22477dd00,baseline
SP-021:norte:009500:2023-05-16,SP-021:norte:009500,SP-021,norte,9.75,open-meteo:era5_seamless:-23.5:-46.8,2023-05-16,56.89,5.58,41.0,9,trigger,synthetic,synthetic,synthetic,synth-v1.0.0,1337,932480f22477dd00,baseline
SP-021:norte:009500:2023-09-08,SP-021:norte:009500,SP-021,norte,9.75,open-meteo:era5_seamless:-23.5:-46.8,2023-09-08,55.63,3.1,41.0,12,trigger,synthetic,synthetic,synthetic,synth-v1.0.0,1337,932480f22477dd00,baseline
SP-021:norte:009500:2023-10-22,SP-021:norte:009500,SP-021,norte,9.75,open-meteo:era5_seamless:-23.5:-46.8,2023-10-22,43.08,6.17,41.0,7,proactive,synthetic,synthetic,synthetic,synth-v1.0.0,1337,932480f22477dd00,baseline
SP-021:norte:009500:2023-12-03,SP-021:norte:009500,SP-021,norte,9.75,open-meteo:era5_seamless:-23.5:-46.8,2023-12-03,78.16,7.18,41.0,14,trigger,synthetic,synthetic,synthetic,synth-v1.0.0,1337,932480f22477dd00,baseline
SP-021:norte:009500:2024-01-04,SP-021:norte:009500,SP-021,norte,9.75,open-meteo:era5_seamless:-23.5:-46.8,2024-01-04,59.27,3.52,41.0,4,trigger,synthetic,synthetic,synthetic,synth-v1.0.0,1337,932480f22477dd00,baseline
SP-021:norte:009500:2024-02-22,SP-021:norte:009500,SP-021,norte,9.75,open-meteo:era5_seamless:-23.5:-46.8,2024-02-22,85.28,6.04,41.0,11,trigger,synthetic,synthetic,synthetic,synth-v1.0.0,1337,932480f22477dd00,baseline
SP-021:norte:009500:2024-03-23,SP-021:norte:009500,SP-021,norte,9.75,open-meteo:era5_seamless:-23.5:-46.8,2024-03-23,73.04,4.23,41.0,6,trigger,synthetic,synthetic,synthetic,synth-v1.0.0,1337,932480f22477dd00,baseline
SP-021:norte:009500:2024-05-04,SP-021:norte:009500,SP-021,norte,9.75,open-meteo:era5_seamless:-23.5:-46.8,2024-05-04,62.67,3.89,41.0,6,trigger,synthetic,synthetic,synthetic,synth-v1.0.0,1337,932480f22477dd00,baseline
SP-021:norte:009500:2024-08-17,SP-021:norte:009500,SP-021,norte,9.75,open-meteo:era5_seamless:-23.5:-46.8,2024-08-17,61.03,4.84,41.0,13,trigger,synthetic,synthetic,synthetic,synth-v1.0.0,1337,932480f22477dd00,baseline
SP-021:norte:009500:2024-10-11,SP-021:norte:009500,SP-021,norte,9.75,open-meteo:era5_seamless:-23.5:-46.8,2024-10-11,62.89,3.46,41.0,12,trigger,synthetic,synthetic,synthetic,synth-v1.0.0,1337,932480f22477dd00,baseline
SP-021:norte:009500:2024-12-06,SP-021:norte:009500,SP-021,norte,9.75,open-meteo:era5_seamless:-23.5:-46.8,2024-12-06,71.29,3.1,41.0,5,trigger,synthetic,synthetic,synthetic,synth-v1.0.0,1337,932480f22477dd00,baseline
SP-021:norte:009500:2025-01-15,SP-021:norte:009500,SP-021,norte,9.75,open-meteo:era5_seamless:-23.5:-46.8,2025-01-15,51.04,4.68,41.0,3,trigger,synthetic,synthetic,synthetic,synth-v1.0.0,1337,932480f22477dd00,baseline
SP-021:norte:009500:2025-02-17,SP-021:norte:009500,SP-021,norte,9.75,open-meteo:era5_seamless:-23.5:-46.8,2025-02-17,72.91,4.83,41.0,8,trigger,synthetic,synthetic,synthetic,synth-v1.0.0,1337,932480f22477dd00,baseline
SP-021:norte:009500:2025-03-21,SP-021:norte:009500,SP-021,norte,9.75,open-meteo:era5_seamless:-23.5:-46.8,2025-03-21,56.33,7.35,41.0,5,trigger,synthetic,synthetic,synthetic,synth-v1.0.0,1337,932480f22477dd00,baseline
SP-021:norte:009500:2025-04-22,SP-021:norte:009500,SP-021,norte,9.75,open-meteo:era5_seamless:-23.5:-46.8,2025-04-22,43.35,4.04,41.0,2,trigger,synthetic,synthetic,synthetic,synth-v1.0.0,1337,932480f22477dd00,baseline
SP-021:norte:009500:2025-08-27,SP-021:norte:009500,SP-021,norte,9.75,open-meteo:era5_seamless:-23.5:-46.8,2025-08-27,43.25,5.73,41.0,3,trigger,synthetic,synthetic,synthetic,synth-v1.0.0,1337,932480f22477dd00,baseline
SP-021:norte:009500:2025-11-15,SP-021:norte:009500,SP-021,norte,9.75,open-meteo:era5_seamless:-23.5:-46.8,2025-11-15,71.54,6.43,41.0,13,trigger,synthetic,synthetic,synthetic,synth-v1.0.0,1337,932480f22477dd00,baseline
SP-021:norte:009500:2025-12-29,SP-021:norte:009500,SP-021,norte,9.75,open-meteo:era5_seamless:-23.5:-46.8,2025-12-29,74.79,6.36,41.0,8,trigger,synthetic,synthetic,synthetic,synth-v1.0.0,1337,932480f22477dd00,baseline
SP-021:norte:009500:2026-02-09,SP-021:norte:009500,SP-021,norte,9.75,open-meteo:era5_seamless:-23.5:-46.8,2026-02-09,77.53,3.99,41.0,8,trigger,synthetic,synthetic,synthetic,synth-v1.0.0,1337,932480f22477dd00,baseline
SP-021:norte:009500:2026-03-21,SP-021:norte:009500,SP-021,norte,9.75,open-meteo:era5_seamless:-23.5:-46.8,2026-03-21,63.88,5.63,41.0,6,trigger,synthetic,synthetic,synthetic,synth-v1.0.0,1337,932480f22477dd00,baseline
SP-021:norte:009500:2026-05-02,SP-021:norte:009500,SP-021,norte,9.75,open-meteo:era5_seamless:-23.5:-46.8,2026-05-02,62.01,4.07,41.0,6,trigger,synthetic,synthetic,synthetic,synth-v1.0.0,1337,932480f22477dd00,baseline
SP-021:norte:009500:2026-09-01,SP-021:norte:009500,SP-021,norte,9.75,open-meteo:era5_seamless:-23.5:-46.8,2026-09-01,53.01,3.7,41.0,13,trigger,synthetic,synthetic,synthetic,synth-v1.0.0,1337,932480f22477dd00,baseline
SP-021:sul:009500:2023-02-02,SP-021:sul:009500,SP-021,sul,9.75,open-meteo:era5_seamless:-23.5:-46.8,2023-02-02,76.14,7.93,56.51,11,trigger,synthetic,synthetic,synthetic,synth-v1.0.0,1337,932480f22477dd00,baseline
SP-021:sul:009500:2023-03-19,SP-021:sul:009500,SP-021,sul,9.75,open-meteo:era5_seamless:-23.5:-46.8,2023-03-19,79.9,7.47,56.51,14,trigger,synthetic,synthetic,synthetic,synth-v1.0.0,1337,932480f22477dd00,baseline
SP-021:sul:009500:2023-05-13,SP-021:sul:009500,SP-021,sul,9.75,open-meteo:era5_seamless:-23.5:-46.8,2023-05-13,67.01,7.86,56.51,6,trigger,synthetic,synthetic,synthetic,synth-v1.0.0,1337,932480f22477dd00,baseline
SP-021:sul:009500:2023-09-12,SP-021:sul:009500,SP-021,sul,9.75,open-meteo:era5_seamless:-23.5:-46.8,2023-09-12,66.25,5.64,56.51,2,trigger,synthetic,synthetic,synthetic,synth-v1.0.0,1337,932480f22477dd00,baseline
SP-021:sul:009500:2023-10-24,SP-021:sul:009500,SP-021,sul,9.75,open-meteo:era5_seamless:-23.5:-46.8,2023-10-24,52.81,7.64,56.51,2,proactive,synthetic,synthetic,synthetic,synth-v1.0.0,1337,932480f22477dd00,baseline
SP-021:sul:009500:2023-12-10,SP-021:sul:009500,SP-021,sul,9.75,open-meteo:era5_seamless:-23.5:-46.8,2023-12-10,76.2,4.2,56.51,7,trigger,synthetic,synthetic,synthetic,synth-v1.0.0,1337,932480f22477dd00,baseline
SP-021:sul:009500:2024-01-30,SP-021:sul:009500,SP-021,sul,9.75,open-meteo:era5_seamless:-23.5:-46.8,2024-01-30,73.72,4.12,56.51,2,trigger,synthetic,synthetic,synthetic,synth-v1.0.0,1337,932480f22477dd00,baseline
SP-021:sul:009500:2024-03-14,SP-021:sul:009500,SP-021,sul,9.75,open-meteo:era5_seamless:-23.5:-46.8,2024-03-14,75.93,5.67,56.51,4,trigger,synthetic,synthetic,synthetic,synth-v1.0.0,1337,932480f22477dd00,baseline
SP-021:sul:009500:2024-04-25,SP-021:sul:009500,SP-021,sul,9.75,open-meteo:era5_seamless:-23.5:-46.8,2024-04-25,65.7,4.48,56.51,4,trigger,synthetic,synthetic,synthetic,synth-v1.0.0,1337,932480f22477dd00,baseline
SP-021:sul:009500:2024-07-29,SP-021:sul:009500,SP-021,sul,9.75,open-meteo:era5_seamless:-23.5:-46.8,2024-07-29,61.3,5.66,56.51,8,trigger,synthetic,synthetic,synthetic,synth-v1.0.0,1337,932480f22477dd00,baseline
SP-021:sul:009500:2024-10-07,SP-021:sul:009500,SP-021,sul,9.75,open-meteo:era5_seamless:-23.5:-46.8,2024-10-07,65.75,6.17,56.51,8,trigger,synthetic,synthetic,synthetic,synth-v1.0.0,1337,932480f22477dd00,baseline
SP-021:sul:009500:2024-12-08,SP-021:sul:009500,SP-021,sul,9.75,open-meteo:era5_seamless:-23.5:-46.8,2024-12-08,77.14,4.09,56.51,7,trigger,synthetic,synthetic,synthetic,synth-v1.0.0,1337,932480f22477dd00,baseline
SP-021:sul:009500:2025-01-24,SP-021:sul:009500,SP-021,sul,9.75,open-meteo:era5_seamless:-23.5:-46.8,2025-01-24,74.13,3.46,56.51,5,trigger,synthetic,synthetic,synthetic,synth-v1.0.0,1337,932480f22477dd00,baseline
SP-021:sul:009500:2025-03-04,SP-021:sul:009500,SP-021,sul,9.75,open-meteo:era5_seamless:-23.5:-46.8,2025-03-04,73.4,4.51,56.51,2,trigger,synthetic,synthetic,synthetic,synth-v1.0.0,1337,932480f22477dd00,baseline
SP-021:sul:009500:2025-04-25,SP-021:sul:009500,SP-021,sul,9.75,open-meteo:era5_seamless:-23.5:-46.8,2025-04-25,63.26,5.78,56.51,5,trigger,synthetic,synthetic,synthetic,synth-v1.0.0,1337,932480f22477dd00,baseline
SP-021:sul:009500:2025-09-20,SP-021:sul:009500,SP-021,sul,9.75,open-meteo:era5_seamless:-23.5:-46.8,2025-09-20,64.75,7.88,56.51,6,trigger,synthetic,synthetic,synthetic,synth-v1.0.0,1337,932480f22477dd00,baseline
SP-021:sul:009500:2025-11-28,SP-021:sul:009500,SP-021,sul,9.75,open-meteo:era5_seamless:-23.5:-46.8,2025-11-28,64.67,5.77,56.51,5,trigger,synthetic,synthetic,synthetic,synth-v1.0.0,1337,932480f22477dd00,baseline
SP-021:sul:009500:2026-01-09,SP-021:sul:009500,SP-021,sul,9.75,open-meteo:era5_seamless:-23.5:-46.8,2026-01-09,67.2,7.47,56.51,5,trigger,synthetic,synthetic,synthetic,synth-v1.0.0,1337,932480f22477dd00,baseline
SP-021:sul:009500:2026-02-17,SP-021:sul:009500,SP-021,sul,9.75,open-meteo:era5_seamless:-23.5:-46.8,2026-02-17,66.83,7.36,56.51,2,trigger,synthetic,synthetic,synthetic,synth-v1.0.0,1337,932480f22477dd00,baseline
SP-021:sul:009500:2026-04-04,SP-021:sul:009500,SP-021,sul,9.75,open-meteo:era5_seamless:-23.5:-46.8,2026-04-04,76.21,5.73,56.51,13,trigger,synthetic,synthetic,synthetic,synth-v1.0.0,1337,932480f22477dd00,baseline
SP-021:sul:009500:2026-07-31,SP-021:sul:009500,SP-021,sul,9.75,open-meteo:era5_seamless:-23.5:-46.8,2026-07-31,60.03,4.91,56.51,5,trigger,synthetic,synthetic,synthetic,synth-v1.0.0,1337,932480f22477dd00,baseline
SP-021:norte:010000:2023-01-25,SP-021:norte:010000,SP-021,norte,10.25,open-meteo:era5_seamless:-23.5:-46.8,2023-01-25,65.45,6.27,54.37,3,trigger,synthetic,synthetic,synthetic,synth-v1.0.0,1337,932480f22477dd00,baseline
SP-021:norte:010000:2023-03-10,SP-021:norte:010000,SP-021,norte,10.25,open-meteo:era5_seamless:-23.5:-46.8,2023-03-10,66.99,7.13,54.37,5,trigger,synthetic,synthetic,synthetic,synth-v1.0.0,1337,932480f22477dd00,baseline
SP-021:norte:010000:2023-05-25,SP-021:norte:010000,SP-021,norte,10.25,open-meteo:era5_seamless:-23.5:-46.8,2023-05-25,66.37,7.47,54.37,18,trigger,synthetic,synthetic,synthetic,synth-v1.0.0,1337,932480f22477dd00,baseline
SP-021:norte:010000:2023-09-30,SP-021:norte:010000,SP-021,norte,10.25,open-meteo:era5_seamless:-23.5:-46.8,2023-09-30,69.15,5.58,54.37,6,trigger,synthetic,synthetic,synthetic,synth-v1.0.0,1337,932480f22477dd00,baseline
SP-021:norte:010000:2023-12-09,SP-021:norte:010000,SP-021,norte,10.25,open-meteo:era5_seamless:-23.5:-46.8,2023-12-09,81.03,3.82,54.37,13,trigger,synthetic,synthetic,synthetic,synth-v1.0.0,1337,932480f22477dd00,baseline
SP-021:norte:010000:2024-02-06,SP-021:norte:010000,SP-021,norte,10.25,open-meteo:era5_seamless:-23.5:-46.8,2024-02-06,64.95,5.48,54.37,2,trigger,synthetic,synthetic,synthetic,synth-v1.0.0,1337,932480f22477dd00,baseline
SP-021:norte:010000:2024-03-21,SP-021:norte:010000,SP-021,norte,10.25,open-meteo:era5_seamless:-23.5:-46.8,2024-03-21,70.61,4.94,54.37,4,trigger,synthetic,synthetic,synthetic,synth-v1.0.0,1337,932480f22477dd00,baseline
SP-021:norte:010000:2024-05-18,SP-021:norte:010000,SP-021,norte,10.25,open-meteo:era5_seamless:-23.5:-46.8,2024-05-18,65.39,7.69,54.37,6,trigger,synthetic,synthetic,synthetic,synth-v1.0.0,1337,932480f22477dd00,baseline
SP-021:norte:010000:2024-09-13,SP-021:norte:010000,SP-021,norte,10.25,open-meteo:era5_seamless:-23.5:-46.8,2024-09-13,64.75,7.81,54.37,5,trigger,synthetic,synthetic,synthetic,synth-v1.0.0,1337,932480f22477dd00,baseline
SP-021:norte:010000:2024-11-16,SP-021:norte:010000,SP-021,norte,10.25,open-meteo:era5_seamless:-23.5:-46.8,2024-11-16,61.53,7.89,54.37,6,trigger,synthetic,synthetic,synthetic,synth-v1.0.0,1337,932480f22477dd00,baseline
SP-021:norte:010000:2025-01-08,SP-021:norte:010000,SP-021,norte,10.25,open-meteo:era5_seamless:-23.5:-46.8,2025-01-08,75.91,4.73,54.37,10,trigger,synthetic,synthetic,synthetic,synth-v1.0.0,1337,932480f22477dd00,baseline
SP-021:norte:010000:2025-02-25,SP-021:norte:010000,SP-021,norte,10.25,open-meteo:era5_seamless:-23.5:-46.8,2025-02-25,76.69,7.87,54.37,9,trigger,synthetic,synthetic,synthetic,synth-v1.0.0,1337,932480f22477dd00,baseline
SP-021:norte:010000:2025-04-21,SP-021:norte:010000,SP-021,norte,10.25,open-meteo:era5_seamless:-23.5:-46.8,2025-04-21,66.27,7.75,54.37,8,trigger,synthetic,synthetic,synthetic,synth-v1.0.0,1337,932480f22477dd00,baseline
SP-021:norte:010000:2025-09-26,SP-021:norte:010000,SP-021,norte,10.25,open-meteo:era5_seamless:-23.5:-46.8,2025-09-26,63.16,4.8,54.37,5,trigger,synthetic,synthetic,synthetic,synth-v1.0.0,1337,932480f22477dd00,baseline
SP-021:norte:010000:2025-12-19,SP-021:norte:010000,SP-021,norte,10.25,open-meteo:era5_seamless:-23.5:-46.8,2025-12-19,64.36,5.08,54.37,5,trigger,synthetic,synthetic,synthetic,synth-v1.0.0,1337,932480f22477dd00,baseline
SP-021:norte:010000:2026-02-14,SP-021:norte:010000,SP-021,norte,10.25,open-meteo:era5_seamless:-23.5:-46.8,2026-02-14,73.24,4.35,54.37,6,trigger,synthetic,synthetic,synthetic,synth-v1.0.0,1337,932480f22477dd00,baseline
SP-021:norte:010000:2026-03-26,SP-021:norte:010000,SP-021,norte,10.25,open-meteo:era5_seamless:-23.5:-46.8,2026-03-26,37.81,6.21,54.37,4,proactive,synthetic,synthetic,synthetic,synth-v1.0.0,1337,932480f22477dd00,baseline
SP-021:norte:010000:2026-08-15,SP-021:norte:010000,SP-021,norte,10.25,open-meteo:era5_seamless:-23.5:-46.8,2026-08-15,67.92,5.4,54.37,20,trigger,synthetic,synthetic,synthetic,synth-v1.0.0,1337,932480f22477dd00,baseline
SP-021:sul:010000:2023-02-10,SP-021:sul:010000,SP-021,sul,10.25,open-meteo:era5_seamless:-23.5:-46.8,2023-02-10,70.83,3.59,63.16,5,trigger,synthetic,synthetic,synthetic,synth-v1.0.0,1337,932480f22477dd00,baseline
SP-021:sul:010000:2023-04-07,SP-021:sul:010000,SP-021,sul,10.25,open-meteo:era5_seamless:-23.5:-46.8,2023-04-07,67.46,6.25,63.16,5,trigger,synthetic,synthetic,synthetic,synth-v1.0.0,1337,932480f22477dd00,baseline
SP-021:sul:010000:2023-09-16,SP-021:sul:010000,SP-021,sul,10.25,open-meteo:era5_seamless:-23.5:-46.8,2023-09-16,71.9,5.03,63.16,13,trigger,synthetic,synthetic,synthetic,synth-v1.0.0,1337,932480f22477dd00,baseline
SP-021:sul:010000:2023-12-15,SP-021:sul:010000,SP-021,sul,10.25,open-meteo:era5_seamless:-23.5:-46.8,2023-12-15,79.19,4.04,63.16,26,trigger,synthetic,synthetic,synthetic,synth-v1.0.0,1337,932480f22477dd00,baseline
SP-021:sul:010000:2024-02-22,SP-021:sul:010000,SP-021,sul,10.25,open-meteo:era5_seamless:-23.5:-46.8,2024-02-22,74.21,6.55,63.16,11,trigger,synthetic,synthetic,synthetic,synth-v1.0.0,1337,932480f22477dd00,baseline
SP-021:sul:010000:2024-03-19,SP-021:sul:010000,SP-021,sul,10.25,open-meteo:era5_seamless:-23.5:-46.8,2024-03-19,43.96,5.77,63.16,2,proactive,synthetic,synthetic,synthetic,synth-v1.0.0,1337,932480f22477dd00,baseline
SP-021:sul:010000:2024-05-18,SP-021:sul:010000,SP-021,sul,10.25,open-meteo:era5_seamless:-23.5:-46.8,2024-05-18,67.4,7.59,63.16,6,trigger,synthetic,synthetic,synthetic,synth-v1.0.0,1337,932480f22477dd00,baseline
SP-021:sul:010000:2024-09-29,SP-021:sul:010000,SP-021,sul,10.25,open-meteo:era5_seamless:-23.5:-46.8,2024-09-29,73.81,6.84,63.16,14,trigger,synthetic,synthetic,synthetic,synth-v1.0.0,1337,932480f22477dd00,baseline
SP-021:sul:010000:2024-12-09,SP-021:sul:010000,SP-021,sul,10.25,open-meteo:era5_seamless:-23.5:-46.8,2024-12-09,71.7,5.55,63.16,8,trigger,synthetic,synthetic,synthetic,synth-v1.0.0,1337,932480f22477dd00,baseline
SP-021:sul:010000:2025-02-05,SP-021:sul:010000,SP-021,sul,10.25,open-meteo:era5_seamless:-23.5:-46.8,2025-02-05,73.44,5.23,63.16,10,trigger,synthetic,synthetic,synthetic,synth-v1.0.0,1337,932480f22477dd00,baseline
SP-021:sul:010000:2025-03-27,SP-021:sul:010000,SP-021,sul,10.25,open-meteo:era5_seamless:-23.5:-46.8,2025-03-27,71.47,5.81,63.16,11,trigger,synthetic,synthetic,synthetic,synth-v1.0.0,1337,932480f22477dd00,baseline
SP-021:sul:010000:2025-07-17,SP-021:sul:010000,SP-021,sul,10.25,open-meteo:era5_seamless:-23.5:-46.8,2025-07-17,53.0,7.92,63.16,11,proactive,synthetic,synthetic,synthetic,synth-v1.0.0,1337,932480f22477dd00,baseline
SP-021:sul:010000:2025-10-14,SP-021:sul:010000,SP-021,sul,10.25,open-meteo:era5_seamless:-23.5:-46.8,2025-10-14,49.71,3.5,63.16,9,proactive,synthetic,synthetic,synthetic,synth-v1.0.0,1337,932480f22477dd00,baseline
SP-021:sul:010000:2026-01-16,SP-021:sul:010000,SP-021,sul,10.25,open-meteo:era5_seamless:-23.5:-46.8,2026-01-16,77.25,3.52,63.16,12,trigger,synthetic,synthetic,synthetic,synth-v1.0.0,1337,932480f22477dd00,baseline
SP-021:sul:010000:2026-04-08,SP-021:sul:010000,SP-021,sul,10.25,open-meteo:era5_seamless:-23.5:-46.8,2026-04-08,78.05,5.2,63.16,17,trigger,synthetic,synthetic,synthetic,synth-v1.0.0,1337,932480f22477dd00,baseline
SP-021:norte:010500:2023-02-21,SP-021:norte:010500,SP-021,norte,10.75,open-meteo:era5_seamless:-23.5:-46.8,2023-02-21,59.11,4.56,56.91,9,proactive,synthetic,synthetic,synthetic,synth-v1.0.0,1337,932480f22477dd00,baseline
SP-021:norte:010500:2023-08-12,SP-021:norte:010500,SP-021,norte,10.75,open-meteo:era5_seamless:-23.5:-46.8,2023-08-12,60.15,7.57,56.91,13,trigger,synthetic,synthetic,synthetic,synth-v1.0.0,1337,932480f22477dd00,baseline
SP-021:norte:010500:2023-11-17,SP-021:norte:010500,SP-021,norte,10.75,open-meteo:era5_seamless:-23.5:-46.8,2023-11-17,60.52,7.48,56.91,5,trigger,synthetic,synthetic,synthetic,synth-v1.0.0,1337,932480f22477dd00,baseline
SP-021:norte:010500:2024-02-02,SP-021:norte:010500,SP-021,norte,10.75,open-meteo:era5_seamless:-23.5:-46.8,2024-02-02,60.35,5.27,56.91,5,trigger,synthetic,synthetic,synthetic,synth-v1.0.0,1337,932480f22477dd00,baseline
SP-021:norte:010500:2024-04-13,SP-021:norte:010500,SP-021,norte,10.75,open-meteo:era5_seamless:-23.5:-46.8,2024-04-13,60.92,4.8,56.91,27,proactive,synthetic,synthetic,synthetic,synth-v1.0.0,1337,932480f22477dd00,baseline
SP-021:norte:010500:2024-09-29,SP-021:norte:010500,SP-021,norte,10.75,open-meteo:era5_seamless:-23.5:-46.8,2024-09-29,62.03,7.22,56.91,14,trigger,synthetic,synthetic,synthetic,synth-v1.0.0,1337,932480f22477dd00,baseline
SP-021:norte:010500:2024-12-25,SP-021:norte:010500,SP-021,norte,10.75,open-meteo:era5_seamless:-23.5:-46.8,2024-12-25,58.56,5.13,56.91,3,trigger,synthetic,synthetic,synthetic,synth-v1.0.0,1337,932480f22477dd00,baseline
SP-021:norte:010500:2025-03-08,SP-021:norte:010500,SP-021,norte,10.75,open-meteo:era5_seamless:-23.5:-46.8,2025-03-08,62.66,6.08,56.91,6,trigger,synthetic,synthetic,synthetic,synth-v1.0.0,1337,932480f22477dd00,baseline
SP-021:norte:010500:2025-09-10,SP-021:norte:010500,SP-021,norte,10.75,open-meteo:era5_seamless:-23.5:-46.8,2025-09-10,57.99,5.86,56.91,3,trigger,synthetic,synthetic,synthetic,synth-v1.0.0,1337,932480f22477dd00,baseline
SP-021:norte:010500:2025-12-18,SP-021:norte:010500,SP-021,norte,10.75,open-meteo:era5_seamless:-23.5:-46.8,2025-12-18,48.65,5.82,56.91,4,proactive,synthetic,synthetic,synthetic,synth-v1.0.0,1337,932480f22477dd00,baseline
SP-021:norte:010500:2026-02-05,SP-021:norte:010500,SP-021,norte,10.75,open-meteo:era5_seamless:-23.5:-46.8,2026-02-05,39.12,3.11,56.91,4,proactive,synthetic,synthetic,synthetic,synth-v1.0.0,1337,932480f22477dd00,baseline
SP-021:norte:010500:2026-05-17,SP-021:norte:010500,SP-021,norte,10.75,open-meteo:era5_seamless:-23.5:-46.8,2026-05-17,58.81,7.28,56.91,7,trigger,synthetic,synthetic,synthetic,synth-v1.0.0,1337,932480f22477dd00,baseline
SP-021:sul:010500:2023-02-05,SP-021:sul:010500,SP-021,sul,10.75,open-meteo:era5_seamless:-23.5:-46.8,2023-02-05,72.69,3.24,58.47,7,trigger,synthetic,synthetic,synthetic,synth-v1.0.0,1337,932480f22477dd00,baseline
SP-021:sul:010500:2023-04-12,SP-021:sul:010500,SP-021,sul,10.75,open-meteo:era5_seamless:-23.5:-46.8,2023-04-12,66.28,3.23,58.47,17,proactive,synthetic,synthetic,synthetic,synth-v1.0.0,1337,932480f22477dd00,baseline
SP-021:sul:010500:2023-10-02,SP-021:sul:010500,SP-021,sul,10.75,open-meteo:era5_seamless:-23.5:-46.8,2023-10-02,66.12,3.07,58.47,8,trigger,synthetic,synthetic,synthetic,synth-v1.0.0,1337,932480f22477dd00,baseline
SP-021:sul:010500:2023-12-26,SP-021:sul:010500,SP-021,sul,10.75,open-meteo:era5_seamless:-23.5:-46.8,2023-12-26,81.29,5.41,58.47,16,trigger,synthetic,synthetic,synthetic,synth-v1.0.0,1337,932480f22477dd00,baseline
SP-021:sul:010500:2024-03-01,SP-021:sul:010500,SP-021,sul,10.75,open-meteo:era5_seamless:-23.5:-46.8,2024-03-01,79.91,5.27,58.47,5,trigger,synthetic,synthetic,synthetic,synth-v1.0.0,1337,932480f22477dd00,baseline
SP-021:sul:010500:2024-04-25,SP-021:sul:010500,SP-021,sul,10.75,open-meteo:era5_seamless:-23.5:-46.8,2024-04-25,62.9,4.83,58.47,4,trigger,synthetic,synthetic,synthetic,synth-v1.0.0,1337,932480f22477dd00,baseline
SP-021:sul:010500:2024-09-04,SP-021:sul:010500,SP-021,sul,10.75,open-meteo:era5_seamless:-23.5:-46.8,2024-09-04,61.51,5.86,58.47,3,trigger,synthetic,synthetic,synthetic,synth-v1.0.0,1337,932480f22477dd00,baseline
SP-021:sul:010500:2024-11-29,SP-021:sul:010500,SP-021,sul,10.75,open-meteo:era5_seamless:-23.5:-46.8,2024-11-29,74.04,3.42,58.47,12,trigger,synthetic,synthetic,synthetic,synth-v1.0.0,1337,932480f22477dd00,baseline
SP-021:sul:010500:2025-01-28,SP-021:sul:010500,SP-021,sul,10.75,open-meteo:era5_seamless:-23.5:-46.8,2025-01-28,62.09,3.22,58.47,2,trigger,synthetic,synthetic,synthetic,synth-v1.0.0,1337,932480f22477dd00,baseline
SP-021:sul:010500:2025-04-04,SP-021:sul:010500,SP-021,sul,10.75,open-meteo:era5_seamless:-23.5:-46.8,2025-04-04,76.49,4.59,58.47,12,trigger,synthetic,synthetic,synthetic,synth-v1.0.0,1337,932480f22477dd00,baseline
SP-021:sul:010500:2025-10-03,SP-021:sul:010500,SP-021,sul,10.75,open-meteo:era5_seamless:-23.5:-46.8,2025-10-03,65.11,7.97,58.47,5,trigger,synthetic,synthetic,synthetic,synth-v1.0.0,1337,932480f22477dd00,baseline
SP-021:sul:010500:2026-01-03,SP-021:sul:010500,SP-021,sul,10.75,open-meteo:era5_seamless:-23.5:-46.8,2026-01-03,84.51,4.94,58.47,13,trigger,synthetic,synthetic,synthetic,synth-v1.0.0,1337,932480f22477dd00,baseline
SP-021:sul:010500:2026-03-12,SP-021:sul:010500,SP-021,sul,10.75,open-meteo:era5_seamless:-23.5:-46.8,2026-03-12,76.8,5.81,58.47,11,trigger,synthetic,synthetic,synthetic,synth-v1.0.0,1337,932480f22477dd00,baseline
SP-021:sul:010500:2026-05-23,SP-021:sul:010500,SP-021,sul,10.75,open-meteo:era5_seamless:-23.5:-46.8,2026-05-23,60.88,3.35,58.47,6,trigger,synthetic,synthetic,synthetic,synth-v1.0.0,1337,932480f22477dd00,baseline
SP-021:norte:011000:2023-02-08,SP-021:norte:011000,SP-021,norte,11.25,open-meteo:era5_seamless:-23.5:-46.8,2023-02-08,57.47,5.11,47.0,3,trigger,synthetic,synthetic,synthetic,synth-v1.0.0,1337,932480f22477dd00,baseline
SP-021:norte:011000:2023-03-26,SP-021:norte:011000,SP-021,norte,11.25,open-meteo:era5_seamless:-23.5:-46.8,2023-03-26,72.01,4.48,47.0,14,trigger,synthetic,synthetic,synthetic,synth-v1.0.0,1337,932480f22477dd00,baseline
SP-021:norte:011000:2023-06-06,SP-021:norte:011000,SP-021,norte,11.25,open-meteo:era5_seamless:-23.5:-46.8,2023-06-06,50.69,7.33,47.0,9,trigger,synthetic,synthetic,synthetic,synth-v1.0.0,1337,932480f22477dd00,baseline
SP-021:norte:011000:2023-09-23,SP-021:norte:011000,SP-021,norte,11.25,open-meteo:era5_seamless:-23.5:-46.8,2023-09-23,67.24,7.47,47.0,20,trigger,synthetic,synthetic,synthetic,synth-v1.0.0,1337,932480f22477dd00,baseline
SP-021:norte:011000:2023-11-06,SP-021:norte:011000,SP-021,norte,11.25,open-meteo:era5_seamless:-23.5:-46.8,2023-11-06,61.29,7.05,47.0,8,trigger,synthetic,synthetic,synthetic,synth-v1.0.0,1337,932480f22477dd00,baseline
SP-021:norte:011000:2023-12-09,SP-021:norte:011000,SP-021,norte,11.25,open-meteo:era5_seamless:-23.5:-46.8,2023-12-09,56.81,3.37,47.0,6,trigger,synthetic,synthetic,synthetic,synth-v1.0.0,1337,932480f22477dd00,baseline
SP-021:norte:011000:2024-01-20,SP-021:norte:011000,SP-021,norte,11.25,open-meteo:era5_seamless:-23.5:-46.8,2024-01-20,62.82,7.25,47.0,6,trigger,synthetic,synthetic,synthetic,synth-v1.0.0,1337,932480f22477dd00,baseline
SP-021:norte:011000:2024-02-25,SP-021:norte:011000,SP-021,norte,11.25,open-meteo:era5_seamless:-23.5:-46.8,2024-02-25,65.08,5.6,47.0,7,trigger,synthetic,synthetic,synthetic,synth-v1.0.0,1337,932480f22477dd00,baseline
SP-021:norte:011000:2024-03-26,SP-021:norte:011000,SP-021,norte,11.25,open-meteo:era5_seamless:-23.5:-46.8,2024-03-26,59.98,3.38,47.0,2,trigger,synthetic,synthetic,synthetic,synth-v1.0.0,1337,932480f22477dd00,baseline
SP-021:norte:011000:2024-05-13,SP-021:norte:011000,SP-021,norte,11.25,open-meteo:era5_seamless:-23.5:-46.8,2024-05-13,61.44,4.39,47.0,8,trigger,synthetic,synthetic,synthetic,synth-v1.0.0,1337,932480f22477dd00,baseline
SP-021:norte:011000:2024-08-30,SP-021:norte:011000,SP-021,norte,11.25,open-meteo:era5_seamless:-23.5:-46.8,2024-08-30,53.42,5.43,47.0,19,proactive,synthetic,synthetic,synthetic,synth-v1.0.0,1337,932480f22477dd00,baseline
SP-021:norte:011000:2024-10-22,SP-021:norte:011000,SP-021,norte,11.25,open-meteo:era5_seamless:-23.5:-46.8,2024-10-22,55.59,5.44,47.0,9,trigger,synthetic,synthetic,synthetic,synth-v1.0.0,1337,932480f22477dd00,baseline
SP-021:norte:011000:2024-12-10,SP-021:norte:011000,SP-021,norte,11.25,open-meteo:era5_seamless:-23.5:-46.8,2024-12-10,64.95,6.56,47.0,9,trigger,synthetic,synthetic,synthetic,synth-v1.0.0,1337,932480f22477dd00,baseline
SP-021:norte:011000:2025-01-17,SP-021:norte:011000,SP-021,norte,11.25,open-meteo:era5_seamless:-23.5:-46.8,2025-01-17,58.04,3.21,47.0,5,trigger,synthetic,synthetic,synthetic,synth-v1.0.0,1337,932480f22477dd00,baseline
SP-021:norte:011000:2025-02-19,SP-021:norte:011000,SP-021,norte,11.25,open-meteo:era5_seamless:-23.5:-46.8,2025-02-19,59.23,5.29,47.0,3,trigger,synthetic,synthetic,synthetic,synth-v1.0.0,1337,932480f22477dd00,baseline
SP-021:norte:011000:2025-03-31,SP-021:norte:011000,SP-021,norte,11.25,open-meteo:era5_seamless:-23.5:-46.8,2025-03-31,62.71,4.83,47.0,8,trigger,synthetic,synthetic,synthetic,synth-v1.0.0,1337,932480f22477dd00,baseline
SP-021:norte:011000:2025-06-03,SP-021:norte:011000,SP-021,norte,11.25,open-meteo:era5_seamless:-23.5:-46.8,2025-06-03,52.19,5.51,47.0,2,trigger,synthetic,synthetic,synthetic,synth-v1.0.0,1337,932480f22477dd00,baseline
SP-021:norte:011000:2025-10-15,SP-021:norte:011000,SP-021,norte,11.25,open-meteo:era5_seamless:-23.5:-46.8,2025-10-15,59.43,3.79,47.0,10,trigger,synthetic,synthetic,synthetic,synth-v1.0.0,1337,932480f22477dd00,baseline
SP-021:norte:011000:2025-12-18,SP-021:norte:011000,SP-021,norte,11.25,open-meteo:era5_seamless:-23.5:-46.8,2025-12-18,59.86,6.75,47.0,4,trigger,synthetic,synthetic,synthetic,synth-v1.0.0,1337,932480f22477dd00,baseline
SP-021:norte:011000:2026-01-21,SP-021:norte:011000,SP-021,norte,11.25,open-meteo:era5_seamless:-23.5:-46.8,2026-01-21,62.46,3.05,47.0,3,trigger,synthetic,synthetic,synthetic,synth-v1.0.0,1337,932480f22477dd00,baseline
SP-021:norte:011000:2026-02-25,SP-021:norte:011000,SP-021,norte,11.25,open-meteo:era5_seamless:-23.5:-46.8,2026-02-25,55.15,6.4,47.0,3,trigger,synthetic,synthetic,synthetic,synth-v1.0.0,1337,932480f22477dd00,baseline
SP-021:norte:011000:2026-04-09,SP-021:norte:011000,SP-021,norte,11.25,open-meteo:era5_seamless:-23.5:-46.8,2026-04-09,67.89,4.01,47.0,11,trigger,synthetic,synthetic,synthetic,synth-v1.0.0,1337,932480f22477dd00,baseline
SP-021:norte:011000:2026-08-06,SP-021:norte:011000,SP-021,norte,11.25,open-meteo:era5_seamless:-23.5:-46.8,2026-08-06,51.93,6.14,47.0,4,trigger,synthetic,synthetic,synthetic,synth-v1.0.0,1337,932480f22477dd00,baseline
SP-021:sul:011000:2023-02-10,SP-021:sul:011000,SP-021,sul,11.25,open-meteo:era5_seamless:-23.5:-46.8,2023-02-10,93.83,6.43,43.81,19,trigger,synthetic,synthetic,synthetic,synth-v1.0.0,1337,932480f22477dd00,baseline
SP-021:sul:011000:2023-03-25,SP-021:sul:011000,SP-021,sul,11.25,open-meteo:era5_seamless:-23.5:-46.8,2023-03-25,67.31,5.12,43.81,6,trigger,synthetic,synthetic,synthetic,synth-v1.0.0,1337,932480f22477dd00,baseline
SP-021:sul:011000:2023-07-02,SP-021:sul:011000,SP-021,sul,11.25,open-meteo:era5_seamless:-23.5:-46.8,2023-07-02,38.06,4.56,43.81,14,proactive,synthetic,synthetic,synthetic,synth-v1.0.0,1337,932480f22477dd00,baseline
SP-021:sul:011000:2023-09-27,SP-021:sul:011000,SP-021,sul,11.25,open-meteo:era5_seamless:-23.5:-46.8,2023-09-27,51.53,7.21,43.81,3,trigger,synthetic,synthetic,synthetic,synth-v1.0.0,1337,932480f22477dd00,baseline
SP-021:sul:011000:2023-11-17,SP-021:sul:011000,SP-021,sul,11.25,open-meteo:era5_seamless:-23.5:-46.8,2023-11-17,66.56,6.81,43.81,5,trigger,synthetic,synthetic,synthetic,synth-v1.0.0,1337,932480f22477dd00,baseline
SP-021:sul:011000:2024-01-01,SP-021:sul:011000,SP-021,sul,11.25,open-meteo:era5_seamless:-23.5:-46.8,2024-01-01,63.63,5.11,43.81,8,trigger,synthetic,synthetic,synthetic,synth-v1.0.0,1337,932480f22477dd00,baseline
SP-021:sul:011000:2024-02-25,SP-021:sul:011000,SP-021,sul,11.25,open-meteo:era5_seamless:-23.5:-46.8,2024-02-25,76.96,5.61,43.81,7,trigger,synthetic,synthetic,synthetic,synth-v1.0.0,1337,932480f22477dd00,baseline
SP-021:sul:011000:2024-04-04,SP-021:sul:011000,SP-021,sul,11.25,open-meteo:era5_seamless:-23.5:-46.8,2024-04-04,58.63,6.25,43.81,4,trigger,synthetic,synthetic,synthetic,synth-v1.0.0,1337,932480f22477dd00,baseline
SP-021:sul:011000:2024-06-01,SP-021:sul:011000,SP-021,sul,11.25,open-meteo:era5_seamless:-23.5:-46.8,2024-06-01,57.36,7.14,43.81,13,trigger,synthetic,synthetic,synthetic,synth-v1.0.0,1337,932480f22477dd00,baseline
SP-021:sul:011000:2024-09-20,SP-021:sul:011000,SP-021,sul,11.25,open-meteo:era5_seamless:-23.5:-46.8,2024-09-20,66.83,6.75,43.81,5,trigger,synthetic,synthetic,synthetic,synth-v1.0.0,1337,932480f22477dd00,baseline
SP-021:sul:011000:2024-11-18,SP-021:sul:011000,SP-021,sul,11.25,open-meteo:era5_seamless:-23.5:-46.8,2024-11-18,55.2,4.55,43.81,8,trigger,synthetic,synthetic,synthetic,synth-v1.0.0,1337,932480f22477dd00,baseline
SP-021:sul:011000:2025-01-07,SP-021:sul:011000,SP-021,sul,11.25,open-meteo:era5_seamless:-23.5:-46.8,2025-01-07,66.15,7.11,43.81,9,trigger,synthetic,synthetic,synthetic,synth-v1.0.0,1337,932480f22477dd00,baseline
SP-021:sul:011000:2025-02-17,SP-021:sul:011000,SP-021,sul,11.25,open-meteo:era5_seamless:-23.5:-46.8,2025-02-17,73.48,5.93,43.81,8,trigger,synthetic,synthetic,synthetic,synth-v1.0.0,1337,932480f22477dd00,baseline
SP-021:sul:011000:2025-03-30,SP-021:sul:011000,SP-021,sul,11.25,open-meteo:era5_seamless:-23.5:-46.8,2025-03-30,60.42,4.0,43.81,7,trigger,synthetic,synthetic,synthetic,synth-v1.0.0,1337,932480f22477dd00,baseline
SP-021:sul:011000:2025-09-09,SP-021:sul:011000,SP-021,sul,11.25,open-meteo:era5_seamless:-23.5:-46.8,2025-09-09,65.89,7.52,43.81,16,trigger,synthetic,synthetic,synthetic,synth-v1.0.0,1337,932480f22477dd00,baseline
SP-021:sul:011000:2025-11-21,SP-021:sul:011000,SP-021,sul,11.25,open-meteo:era5_seamless:-23.5:-46.8,2025-11-21,52.76,6.16,43.81,5,trigger,synthetic,synthetic,synthetic,synth-v1.0.0,1337,932480f22477dd00,baseline
SP-021:sul:011000:2026-01-06,SP-021:sul:011000,SP-021,sul,11.25,open-meteo:era5_seamless:-23.5:-46.8,2026-01-06,62.6,3.26,43.81,2,trigger,synthetic,synthetic,synthetic,synth-v1.0.0,1337,932480f22477dd00,baseline
SP-021:sul:011000:2026-02-24,SP-021:sul:011000,SP-021,sul,11.25,open-meteo:era5_seamless:-23.5:-46.8,2026-02-24,50.21,3.12,43.81,2,trigger,synthetic,synthetic,synthetic,synth-v1.0.0,1337,932480f22477dd00,baseline
SP-021:sul:011000:2026-04-26,SP-021:sul:011000,SP-021,sul,11.25,open-meteo:era5_seamless:-23.5:-46.8,2026-04-26,57.59,7.86,43.81,7,trigger,synthetic,synthetic,synthetic,synth-v1.0.0,1337,932480f22477dd00,baseline
SP-021:sul:011000:2026-08-29,SP-021:sul:011000,SP-021,sul,11.25,open-meteo:era5_seamless:-23.5:-46.8,2026-08-29,49.22,3.3,43.81,6,trigger,synthetic,synthetic,synthetic,synth-v1.0.0,1337,932480f22477dd00,baseline
SP-021:norte:011500:2023-01-26,SP-021:norte:011500,SP-021,norte,11.75,open-meteo:era5_seamless:-23.5:-46.8,2023-01-26,63.49,7.31,43.79,4,trigger,synthetic,synthetic,synthetic,synth-v1.0.0,1337,932480f22477dd00,baseline
SP-021:norte:011500:2023-03-05,SP-021:norte:011500,SP-021,norte,11.75,open-meteo:era5_seamless:-23.5:-46.8,2023-03-05,73.46,3.19,43.79,7,trigger,synthetic,synthetic,synthetic,synth-v1.0.0,1337,932480f22477dd00,baseline
SP-021:norte:011500:2023-04-25,SP-021:norte:011500,SP-021,norte,11.75,open-meteo:era5_seamless:-23.5:-46.8,2023-04-25,51.39,3.57,43.79,9,trigger,synthetic,synthetic,synthetic,synth-v1.0.0,1337,932480f22477dd00,baseline
SP-021:norte:011500:2023-08-29,SP-021:norte:011500,SP-021,norte,11.75,open-meteo:era5_seamless:-23.5:-46.8,2023-08-29,45.78,3.04,43.79,9,proactive,synthetic,synthetic,synthetic,synth-v1.0.0,1337,932480f22477dd00,baseline
SP-021:norte:011500:2023-11-15,SP-021:norte:011500,SP-021,norte,11.75,open-meteo:era5_seamless:-23.5:-46.8,2023-11-15,90.25,7.73,43.79,24,trigger,synthetic,synthetic,synthetic,synth-v1.0.0,1337,932480f22477dd00,baseline
SP-021:norte:011500:2024-01-04,SP-021:norte:011500,SP-021,norte,11.75,open-meteo:era5_seamless:-23.5:-46.8,2024-01-04,80.6,3.73,43.79,18,trigger,synthetic,synthetic,synthetic,synth-v1.0.0,1337,932480f22477dd00,baseline
SP-021:norte:011500:2024-02-21,SP-021:norte:011500,SP-021,norte,11.75,open-meteo:era5_seamless:-23.5:-46.8,2024-02-21,70.66,7.91,43.79,10,trigger,synthetic,synthetic,synthetic,synth-v1.0.0,1337,932480f22477dd00,baseline
SP-021:norte:011500:2024-03-28,SP-021:norte:011500,SP-021,norte,11.75,open-meteo:era5_seamless:-23.5:-46.8,2024-03-28,79.73,6.11,43.79,11,trigger,synthetic,synthetic,synthetic,synth-v1.0.0,1337,932480f22477dd00,baseline
SP-021:norte:011500:2024-05-08,SP-021:norte:011500,SP-021,norte,11.75,open-meteo:era5_seamless:-23.5:-46.8,2024-05-08,61.37,5.56,43.79,3,trigger,synthetic,synthetic,synthetic,synth-v1.0.0,1337,932480f22477dd00,baseline
SP-021:norte:011500:2024-08-19,SP-021:norte:011500,SP-021,norte,11.75,open-meteo:era5_seamless:-23.5:-46.8,2024-08-19,53.66,4.05,43.79,8,trigger,synthetic,synthetic,synthetic,synth-v1.0.0,1337,932480f22477dd00,baseline
SP-021:norte:011500:2024-10-29,SP-021:norte:011500,SP-021,norte,11.75,open-meteo:era5_seamless:-23.5:-46.8,2024-10-29,71.59,3.82,43.79,9,trigger,synthetic,synthetic,synthetic,synth-v1.0.0,1337,932480f22477dd00,baseline
SP-021:norte:011500:2024-12-18,SP-021:norte:011500,SP-021,norte,11.75,open-meteo:era5_seamless:-23.5:-46.8,2024-12-18,59.17,5.19,43.79,3,trigger,synthetic,synthetic,synthetic,synth-v1.0.0,1337,932480f22477dd00,baseline
SP-021:norte:011500:2025-01-21,SP-021:norte:011500,SP-021,norte,11.75,open-meteo:era5_seamless:-23.5:-46.8,2025-01-21,48.13,7.1,43.79,2,trigger,synthetic,synthetic,synthetic,synth-v1.0.0,1337,932480f22477dd00,baseline
SP-021:norte:011500:2025-02-25,SP-021:norte:011500,SP-021,norte,11.75,open-meteo:era5_seamless:-23.5:-46.8,2025-02-25,80.5,3.45,43.79,9,trigger,synthetic,synthetic,synthetic,synth-v1.0.0,1337,932480f22477dd00,baseline
SP-021:norte:011500:2025-04-24,SP-021:norte:011500,SP-021,norte,11.75,open-meteo:era5_seamless:-23.5:-46.8,2025-04-24,69.88,4.85,43.79,11,trigger,synthetic,synthetic,synthetic,synth-v1.0.0,1337,932480f22477dd00,baseline
SP-021:norte:011500:2025-09-09,SP-021:norte:011500,SP-021,norte,11.75,open-meteo:era5_seamless:-23.5:-46.8,2025-09-09,47.98,4.28,43.79,16,proactive,synthetic,synthetic,synthetic,synth-v1.0.0,1337,932480f22477dd00,baseline
SP-021:norte:011500:2025-12-06,SP-021:norte:011500,SP-021,norte,11.75,open-meteo:era5_seamless:-23.5:-46.8,2025-12-06,70.7,6.61,43.79,13,trigger,synthetic,synthetic,synthetic,synth-v1.0.0,1337,932480f22477dd00,baseline
SP-021:norte:011500:2026-01-20,SP-021:norte:011500,SP-021,norte,11.75,open-meteo:era5_seamless:-23.5:-46.8,2026-01-20,76.79,6.22,43.79,16,trigger,synthetic,synthetic,synthetic,synth-v1.0.0,1337,932480f22477dd00,baseline
SP-021:norte:011500:2026-02-25,SP-021:norte:011500,SP-021,norte,11.75,open-meteo:era5_seamless:-23.5:-46.8,2026-02-25,66.83,3.82,43.79,3,trigger,synthetic,synthetic,synthetic,synth-v1.0.0,1337,932480f22477dd00,baseline
SP-021:norte:011500:2026-04-13,SP-021:norte:011500,SP-021,norte,11.75,open-meteo:era5_seamless:-23.5:-46.8,2026-04-13,58.82,4.38,43.79,8,trigger,synthetic,synthetic,synthetic,synth-v1.0.0,1337,932480f22477dd00,baseline
SP-021:norte:011500:2026-08-26,SP-021:norte:011500,SP-021,norte,11.75,open-meteo:era5_seamless:-23.5:-46.8,2026-08-26,59.31,6.82,43.79,10,trigger,synthetic,synthetic,synthetic,synth-v1.0.0,1337,932480f22477dd00,baseline
SP-021:sul:011500:2023-02-07,SP-021:sul:011500,SP-021,sul,11.75,open-meteo:era5_seamless:-23.5:-46.8,2023-02-07,68.63,7.13,57.65,2,trigger,synthetic,synthetic,synthetic,synth-v1.0.0,1337,932480f22477dd00,baseline
SP-021:sul:011500:2023-04-06,SP-021:sul:011500,SP-021,sul,11.75,open-meteo:era5_seamless:-23.5:-46.8,2023-04-06,76.26,4.37,57.65,18,trigger,synthetic,synthetic,synthetic,synth-v1.0.0,1337,932480f22477dd00,baseline
SP-021:sul:011500:2023-09-22,SP-021:sul:011500,SP-021,sul,11.75,open-meteo:era5_seamless:-23.5:-46.8,2023-09-22,69.99,3.21,57.65,12,trigger,synthetic,synthetic,synthetic,synth-v1.0.0,1337,932480f22477dd00,baseline
SP-021:sul:011500:2023-12-23,SP-021:sul:011500,SP-021,sul,11.75,open-meteo:era5_seamless:-23.5:-46.8,2023-12-23,81.1,7.52,57.65,20,trigger,synthetic,synthetic,synthetic,synth-v1.0.0,1337,932480f22477dd00,baseline
SP-021:sul:011500:2024-02-19,SP-021:sul:011500,SP-021,sul,11.75,open-meteo:era5_seamless:-23.5:-46.8,2024-02-19,74.01,5.88,57.65,8,trigger,synthetic,synthetic,synthetic,synth-v1.0.0,1337,932480f22477dd00,baseline
SP-021:sul:011500:2024-04-10,SP-021:sul:011500,SP-021,sul,11.75,open-meteo:era5_seamless:-23.5:-46.8,2024-04-10,71.84,5.98,57.65,10,trigger,synthetic,synthetic,synthetic,synth-v1.0.0,1337,932480f22477dd00,baseline
SP-021:sul:011500:2024-07-14,SP-021:sul:011500,SP-021,sul,11.75,open-meteo:era5_seamless:-23.5:-46.8,2024-07-14,63.4,5.02,57.65,7,trigger,synthetic,synthetic,synthetic,synth-v1.0.0,1337,932480f22477dd00,baseline
SP-021:sul:011500:2024-10-30,SP-021:sul:011500,SP-021,sul,11.75,open-meteo:era5_seamless:-23.5:-46.8,2024-10-30,71.08,5.27,57.65,17,trigger,synthetic,synthetic,synthetic,synth-v1.0.0,1337,932480f22477dd00,baseline
SP-021:sul:011500:2025-01-03,SP-021:sul:011500,SP-021,sul,11.75,open-meteo:era5_seamless:-23.5:-46.8,2025-01-03,69.13,3.63,57.65,5,trigger,synthetic,synthetic,synthetic,synth-v1.0.0,1337,932480f22477dd00,baseline
SP-021:sul:011500:2025-03-04,SP-021:sul:011500,SP-021,sul,11.75,open-meteo:era5_seamless:-23.5:-46.8,2025-03-04,77.23,7.31,57.65,9,trigger,synthetic,synthetic,synthetic,synth-v1.0.0,1337,932480f22477dd00,baseline
SP-021:sul:011500:2025-05-01,SP-021:sul:011500,SP-021,sul,11.75,open-meteo:era5_seamless:-23.5:-46.8,2025-05-01,59.78,7.46,57.65,4,trigger,synthetic,synthetic,synthetic,synth-v1.0.0,1337,932480f22477dd00,baseline
SP-021:sul:011500:2025-10-14,SP-021:sul:011500,SP-021,sul,11.75,open-meteo:era5_seamless:-23.5:-46.8,2025-10-14,65.5,3.12,57.65,2,trigger,synthetic,synthetic,synthetic,synth-v1.0.0,1337,932480f22477dd00,baseline
SP-021:sul:011500:2026-01-10,SP-021:sul:011500,SP-021,sul,11.75,open-meteo:era5_seamless:-23.5:-46.8,2026-01-10,71.56,3.73,57.65,6,trigger,synthetic,synthetic,synthetic,synth-v1.0.0,1337,932480f22477dd00,baseline
SP-021:sul:011500:2026-03-17,SP-021:sul:011500,SP-021,sul,11.75,open-meteo:era5_seamless:-23.5:-46.8,2026-03-17,68.96,3.6,57.65,9,trigger,synthetic,synthetic,synthetic,synth-v1.0.0,1337,932480f22477dd00,baseline
SP-021:sul:011500:2026-08-03,SP-021:sul:011500,SP-021,sul,11.75,open-meteo:era5_seamless:-23.5:-46.8,2026-08-03,60.69,5.69,57.65,8,trigger,synthetic,synthetic,synthetic,synth-v1.0.0,1337,932480f22477dd00,baseline
SP-021:norte:012000:2023-01-29,SP-021:norte:012000,SP-021,norte,12.25,open-meteo:era5_seamless:-23.5:-46.8,2023-01-29,108.8,5.43,62.62,7,trigger,synthetic,synthetic,synthetic,synth-v1.0.0,1337,932480f22477dd00,baseline
SP-021:norte:012000:2023-03-02,SP-021:norte:012000,SP-021,norte,12.25,open-meteo:era5_seamless:-23.5:-46.8,2023-03-02,94.12,7.28,62.62,4,trigger,synthetic,synthetic,synthetic,synth-v1.0.0,1337,932480f22477dd00,baseline
SP-021:norte:012000:2023-03-28,SP-021:norte:012000,SP-021,norte,12.25,open-meteo:era5_seamless:-23.5:-46.8,2023-03-28,72.2,4.67,62.62,2,trigger,synthetic,synthetic,synthetic,synth-v1.0.0,1337,932480f22477dd00,baseline
SP-021:norte:012000:2023-05-21,SP-021:norte:012000,SP-021,norte,12.25,open-meteo:era5_seamless:-23.5:-46.8,2023-05-21,67.54,3.12,62.62,7,trigger,synthetic,synthetic,synthetic,synth-v1.0.0,1337,932480f22477dd00,baseline
SP-021:norte:012000:2023-09-12,SP-021:norte:012000,SP-021,norte,12.25,open-meteo:era5_seamless:-23.5:-46.8,2023-09-12,75.15,3.4,62.62,2,trigger,synthetic,synthetic,synthetic,synth-v1.0.0,1337,932480f22477dd00,baseline
SP-021:norte:012000:2023-10-15,SP-021:norte:012000,SP-021,norte,12.25,open-meteo:era5_seamless:-23.5:-46.8,2023-10-15,47.89,5.27,62.62,7,proactive,synthetic,synthetic,synthetic,synth-v1.0.0,1337,932480f22477dd00,baseline
SP-021:norte:012000:2023-11-22,SP-021:norte:012000,SP-021,norte,12.25,open-meteo:era5_seamless:-23.5:-46.8,2023-11-22,92.14,6.06,62.62,3,trigger,synthetic,synthetic,synthetic,synth-v1.0.0,1337,932480f22477dd00,baseline
SP-021:norte:012000:2023-12-26,SP-021:norte:012000,SP-021,norte,12.25,open-meteo:era5_seamless:-23.5:-46.8,2023-12-26,92.23,7.84,62.62,2,trigger,synthetic,synthetic,synthetic,synth-v1.0.0,1337,932480f22477dd00,baseline
SP-021:norte:012000:2024-01-25,SP-021:norte:012000,SP-021,norte,12.25,open-meteo:era5_seamless:-23.5:-46.8,2024-01-25,78.31,6.03,62.62,4,trigger,synthetic,synthetic,synthetic,synth-v1.0.0,1337,932480f22477dd00,baseline
SP-021:norte:012000:2024-02-26,SP-021:norte:012000,SP-021,norte,12.25,open-meteo:era5_seamless:-23.5:-46.8,2024-02-26,98.41,7.83,62.62,8,trigger,synthetic,synthetic,synthetic,synth-v1.0.0,1337,932480f22477dd00,baseline
SP-021:norte:012000:2024-03-22,SP-021:norte:012000,SP-021,norte,12.25,open-meteo:era5_seamless:-23.5:-46.8,2024-03-22,84.68,6.59,62.62,5,trigger,synthetic,synthetic,synthetic,synth-v1.0.0,1337,932480f22477dd00,baseline
SP-021:norte:012000:2024-04-18,SP-021:norte:012000,SP-021,norte,12.25,open-meteo:era5_seamless:-23.5:-46.8,2024-04-18,69.57,5.84,62.62,4,proactive,synthetic,synthetic,synthetic,synth-v1.0.0,1337,932480f22477dd00,baseline
SP-021:norte:012000:2024-06-05,SP-021:norte:012000,SP-021,norte,12.25,open-meteo:era5_seamless:-23.5:-46.8,2024-06-05,85.19,6.96,62.62,17,trigger,synthetic,synthetic,synthetic,synth-v1.0.0,1337,932480f22477dd00,baseline
SP-021:norte:012000:2024-08-26,SP-021:norte:012000,SP-021,norte,12.25,open-meteo:era5_seamless:-23.5:-46.8,2024-08-26,83.88,5.99,62.62,8,trigger,synthetic,synthetic,synthetic,synth-v1.0.0,1337,932480f22477dd00,baseline
SP-021:norte:012000:2024-10-11,SP-021:norte:012000,SP-021,norte,12.25,open-meteo:era5_seamless:-23.5:-46.8,2024-10-11,89.32,6.13,62.62,19,proactive,synthetic,synthetic,synthetic,synth-v1.0.0,1337,932480f22477dd00,baseline
SP-021:norte:012000:2024-11-23,SP-021:norte:012000,SP-021,norte,12.25,open-meteo:era5_seamless:-23.5:-46.8,2024-11-23,84.3,6.34,62.62,6,trigger,synthetic,synthetic,synthetic,synth-v1.0.0,1337,932480f22477dd00,baseline
SP-021:norte:012000:2024-12-26,SP-021:norte:012000,SP-021,norte,12.25,open-meteo:era5_seamless:-23.5:-46.8,2024-12-26,87.53,7.37,62.62,4,trigger,synthetic,synthetic,synthetic,synth-v1.0.0,1337,932480f22477dd00,baseline
SP-021:norte:012000:2025-01-21,SP-021:norte:012000,SP-021,norte,12.25,open-meteo:era5_seamless:-23.5:-46.8,2025-01-21,62.83,4.89,62.62,2,proactive,synthetic,synthetic,synthetic,synth-v1.0.0,1337,932480f22477dd00,baseline
SP-021:norte:012000:2025-02-14,SP-021:norte:012000,SP-021,norte,12.25,open-meteo:era5_seamless:-23.5:-46.8,2025-02-14,65.79,6.46,62.62,5,proactive,synthetic,synthetic,synthetic,synth-v1.0.0,1337,932480f22477dd00,baseline
SP-021:norte:012000:2025-03-28,SP-021:norte:012000,SP-021,norte,12.25,open-meteo:era5_seamless:-23.5:-46.8,2025-03-28,114.97,6.57,62.62,19,trigger,synthetic,synthetic,synthetic,synth-v1.0.0,1337,932480f22477dd00,baseline
SP-021:norte:012000:2025-05-17,SP-021:norte:012000,SP-021,norte,12.25,open-meteo:era5_seamless:-23.5:-46.8,2025-05-17,89.65,7.49,62.62,13,trigger,synthetic,synthetic,synthetic,synth-v1.0.0,1337,932480f22477dd00,baseline
SP-021:norte:012000:2025-09-17,SP-021:norte:012000,SP-021,norte,12.25,open-meteo:era5_seamless:-23.5:-46.8,2025-09-17,80.77,7.45,62.62,10,trigger,synthetic,synthetic,synthetic,synth-v1.0.0,1337,932480f22477dd00,baseline
SP-021:norte:012000:2025-11-04,SP-021:norte:012000,SP-021,norte,12.25,open-meteo:era5_seamless:-23.5:-46.8,2025-11-04,66.56,5.27,62.62,2,trigger,synthetic,synthetic,synthetic,synth-v1.0.0,1337,932480f22477dd00,baseline
SP-021:norte:012000:2025-12-16,SP-021:norte:012000,SP-021,norte,12.25,open-meteo:era5_seamless:-23.5:-46.8,2025-12-16,78.76,7.16,62.62,2,trigger,synthetic,synthetic,synthetic,synth-v1.0.0,1337,932480f22477dd00,baseline
SP-021:norte:012000:2026-01-20,SP-021:norte:012000,SP-021,norte,12.25,open-meteo:era5_seamless:-23.5:-46.8,2026-01-20,105.21,3.14,62.62,9,trigger,synthetic,synthetic,synthetic,synth-v1.0.0,1337,932480f22477dd00,baseline
SP-021:norte:012000:2026-03-07,SP-021:norte:012000,SP-021,norte,12.25,open-meteo:era5_seamless:-23.5:-46.8,2026-03-07,111.23,4.24,62.62,6,trigger,synthetic,synthetic,synthetic,synth-v1.0.0,1337,932480f22477dd00,baseline
SP-021:norte:012000:2026-04-02,SP-021:norte:012000,SP-021,norte,12.25,open-meteo:era5_seamless:-23.5:-46.8,2026-04-02,51.07,4.48,62.62,4,proactive,synthetic,synthetic,synthetic,synth-v1.0.0,1337,932480f22477dd00,baseline
SP-021:norte:012000:2026-05-26,SP-021:norte:012000,SP-021,norte,12.25,open-meteo:era5_seamless:-23.5:-46.8,2026-05-26,64.98,5.77,62.62,2,trigger,synthetic,synthetic,synthetic,synth-v1.0.0,1337,932480f22477dd00,baseline
SP-021:sul:012000:2023-02-02,SP-021:sul:012000,SP-021,sul,12.25,open-meteo:era5_seamless:-23.5:-46.8,2023-02-02,84.3,4.45,60.32,25,proactive,synthetic,synthetic,synthetic,synth-v1.0.0,1337,932480f22477dd00,baseline
SP-021:sul:012000:2023-04-04,SP-021:sul:012000,SP-021,sul,12.25,open-meteo:era5_seamless:-23.5:-46.8,2023-04-04,87.87,7.82,60.32,16,trigger,synthetic,synthetic,synthetic,synth-v1.0.0,1337,932480f22477dd00,baseline
SP-021:sul:012000:2023-08-22,SP-021:sul:012000,SP-021,sul,12.25,open-meteo:era5_seamless:-23.5:-46.8,2023-08-22,64.7,6.72,60.32,2,trigger,synthetic,synthetic,synthetic,synth-v1.0.0,1337,932480f22477dd00,baseline
SP-021:sul:012000:2023-11-03,SP-021:sul:012000,SP-021,sul,12.25,open-meteo:era5_seamless:-23.5:-46.8,2023-11-03,80.42,7.26,60.32,5,trigger,synthetic,synthetic,synthetic,synth-v1.0.0,1337,932480f22477dd00,baseline
SP-021:sul:012000:2023-12-29,SP-021:sul:012000,SP-021,sul,12.25,open-meteo:era5_seamless:-23.5:-46.8,2023-12-29,80.94,3.54,60.32,5,trigger,synthetic,synthetic,synthetic,synth-v1.0.0,1337,932480f22477dd00,baseline
SP-021:sul:012000:2024-03-01,SP-021:sul:012000,SP-021,sul,12.25,open-meteo:era5_seamless:-23.5:-46.8,2024-03-01,83.53,4.45,60.32,5,trigger,synthetic,synthetic,synthetic,synth-v1.0.0,1337,932480f22477dd00,baseline
SP-021:sul:012000:2024-04-29,SP-021:sul:012000,SP-021,sul,12.25,open-meteo:era5_seamless:-23.5:-46.8,2024-04-29,84.21,7.86,60.32,15,trigger,synthetic,synthetic,synthetic,synth-v1.0.0,1337,932480f22477dd00,baseline
SP-021:sul:012000:2024-08-19,SP-021:sul:012000,SP-021,sul,12.25,open-meteo:era5_seamless:-23.5:-46.8,2024-08-19,65.23,3.78,60.32,8,trigger,synthetic,synthetic,synthetic,synth-v1.0.0,1337,932480f22477dd00,baseline
SP-021:sul:012000:2024-11-24,SP-021:sul:012000,SP-021,sul,12.25,open-meteo:era5_seamless:-23.5:-46.8,2024-11-24,83.25,5.04,60.32,14,trigger,synthetic,synthetic,synthetic,synth-v1.0.0,1337,932480f22477dd00,baseline
SP-021:sul:012000:2025-01-13,SP-021:sul:012000,SP-021,sul,12.25,open-meteo:era5_seamless:-23.5:-46.8,2025-01-13,66.54,3.45,60.32,8,proactive,synthetic,synthetic,synthetic,synth-v1.0.0,1337,932480f22477dd00,baseline
SP-021:sul:012000:2025-02-27,SP-021:sul:012000,SP-021,sul,12.25,open-meteo:era5_seamless:-23.5:-46.8,2025-02-27,75.87,5.72,60.32,4,trigger,synthetic,synthetic,synthetic,synth-v1.0.0,1337,932480f22477dd00,baseline
SP-021:sul:012000:2025-05-09,SP-021:sul:012000,SP-021,sul,12.25,open-meteo:era5_seamless:-23.5:-46.8,2025-05-09,74.55,5.43,60.32,12,trigger,synthetic,synthetic,synthetic,synth-v1.0.0,1337,932480f22477dd00,baseline
SP-021:sul:012000:2025-10-26,SP-021:sul:012000,SP-021,sul,12.25,open-meteo:era5_seamless:-23.5:-46.8,2025-10-26,64.05,5.52,60.32,7,trigger,synthetic,synthetic,synthetic,synth-v1.0.0,1337,932480f22477dd00,baseline
SP-021:sul:012000:2025-12-16,SP-021:sul:012000,SP-021,sul,12.25,open-meteo:era5_seamless:-23.5:-46.8,2025-12-16,35.62,6.63,60.32,2,proactive,synthetic,synthetic,synthetic,synth-v1.0.0,1337,932480f22477dd00,baseline
SP-021:sul:012000:2026-02-12,SP-021:sul:012000,SP-021,sul,12.25,open-meteo:era5_seamless:-23.5:-46.8,2026-02-12,87.91,3.96,60.32,4,trigger,synthetic,synthetic,synthetic,synth-v1.0.0,1337,932480f22477dd00,baseline
SP-021:sul:012000:2026-04-14,SP-021:sul:012000,SP-021,sul,12.25,open-meteo:era5_seamless:-23.5:-46.8,2026-04-14,79.06,6.4,60.32,9,trigger,synthetic,synthetic,synthetic,synth-v1.0.0,1337,932480f22477dd00,baseline
SP-021:sul:012000:2026-09-01,SP-021:sul:012000,SP-021,sul,12.25,open-meteo:era5_seamless:-23.5:-46.8,2026-09-01,64.28,6.83,60.32,9,trigger,synthetic,synthetic,synthetic,synth-v1.0.0,1337,932480f22477dd00,baseline
SP-021:norte:012500:2023-02-07,SP-021:norte:012500,SP-021,norte,12.75,open-meteo:era5_seamless:-23.5:-46.8,2023-02-07,62.69,3.09,50.78,9,trigger,synthetic,synthetic,synthetic,synth-v1.0.0,1337,932480f22477dd00,baseline
SP-021:norte:012500:2023-03-14,SP-021:norte:012500,SP-021,norte,12.75,open-meteo:era5_seamless:-23.5:-46.8,2023-03-14,61.53,4.92,50.78,2,trigger,synthetic,synthetic,synthetic,synth-v1.0.0,1337,932480f22477dd00,baseline
SP-021:norte:012500:2023-05-06,SP-021:norte:012500,SP-021,norte,12.75,open-meteo:era5_seamless:-23.5:-46.8,2023-05-06,62.49,3.98,50.78,13,trigger,synthetic,synthetic,synthetic,synth-v1.0.0,1337,932480f22477dd00,baseline
SP-021:norte:012500:2023-09-02,SP-021:norte:012500,SP-021,norte,12.75,open-meteo:era5_seamless:-23.5:-46.8,2023-09-02,54.03,3.56,50.78,6,trigger,synthetic,synthetic,synthetic,synth-v1.0.0,1337,932480f22477dd00,baseline
SP-021:norte:012500:2023-10-12,SP-021:norte:012500,SP-021,norte,12.75,open-meteo:era5_seamless:-23.5:-46.8,2023-10-12,56.65,3.64,50.78,4,trigger,synthetic,synthetic,synthetic,synth-v1.0.0,1337,932480f22477dd00,baseline
SP-021:norte:012500:2023-11-14,SP-021:norte:012500,SP-021,norte,12.75,open-meteo:era5_seamless:-23.5:-46.8,2023-11-14,49.85,6.26,50.78,9,proactive,synthetic,synthetic,synthetic,synth-v1.0.0,1337,932480f22477dd00,baseline
SP-021:norte:012500:2023-12-22,SP-021:norte:012500,SP-021,norte,12.75,open-meteo:era5_seamless:-23.5:-46.8,2023-12-22,63.49,6.4,50.78,5,trigger,synthetic,synthetic,synthetic,synth-v1.0.0,1337,932480f22477dd00,baseline
SP-021:norte:012500:2024-02-10,SP-021:norte:012500,SP-021,norte,12.75,open-meteo:era5_seamless:-23.5:-46.8,2024-02-10,65.79,4.55,50.78,20,trigger,synthetic,synthetic,synthetic,synth-v1.0.0,1337,932480f22477dd00,baseline
SP-021:norte:012500:2024-03-23,SP-021:norte:012500,SP-021,norte,12.75,open-meteo:era5_seamless:-23.5:-46.8,2024-03-23,65.96,5.89,50.78,13,trigger,synthetic,synthetic,synthetic,synth-v1.0.0,1337,932480f22477dd00,baseline
SP-021:norte:012500:2024-04-29,SP-021:norte:012500,SP-021,norte,12.75,open-meteo:era5_seamless:-23.5:-46.8,2024-04-29,61.07,5.59,50.78,8,trigger,synthetic,synthetic,synthetic,synth-v1.0.0,1337,932480f22477dd00,baseline
SP-021:norte:012500:2024-07-08,SP-021:norte:012500,SP-021,norte,12.75,open-meteo:era5_seamless:-23.5:-46.8,2024-07-08,59.25,5.45,50.78,15,trigger,synthetic,synthetic,synthetic,synth-v1.0.0,1337,932480f22477dd00,baseline
SP-021:norte:012500:2024-09-24,SP-021:norte:012500,SP-021,norte,12.75,open-meteo:era5_seamless:-23.5:-46.8,2024-09-24,62.68,5.37,50.78,9,trigger,synthetic,synthetic,synthetic,synth-v1.0.0,1337,932480f22477dd00,baseline
SP-021:norte:012500:2024-11-08,SP-021:norte:012500,SP-021,norte,12.75,open-meteo:era5_seamless:-23.5:-46.8,2024-11-08,57.89,6.15,50.78,5,trigger,synthetic,synthetic,synthetic,synth-v1.0.0,1337,932480f22477dd00,baseline
SP-021:norte:012500:2024-12-13,SP-021:norte:012500,SP-021,norte,12.75,open-meteo:era5_seamless:-23.5:-46.8,2024-12-13,57.99,6.76,50.78,5,trigger,synthetic,synthetic,synthetic,synth-v1.0.0,1337,932480f22477dd00,baseline
SP-021:norte:012500:2025-01-30,SP-021:norte:012500,SP-021,norte,12.75,open-meteo:era5_seamless:-23.5:-46.8,2025-01-30,66.09,5.65,50.78,25,trigger,synthetic,synthetic,synthetic,synth-v1.0.0,1337,932480f22477dd00,baseline
SP-021:norte:012500:2025-02-25,SP-021:norte:012500,SP-021,norte,12.75,open-meteo:era5_seamless:-23.5:-46.8,2025-02-25,62.42,3.08,50.78,2,trigger,synthetic,synthetic,synthetic,synth-v1.0.0,1337,932480f22477dd00,baseline
SP-021:norte:012500:2025-04-08,SP-021:norte:012500,SP-021,norte,12.75,open-meteo:era5_seamless:-23.5:-46.8,2025-04-08,60.73,6.31,50.78,9,trigger,synthetic,synthetic,synthetic,synth-v1.0.0,1337,932480f22477dd00,baseline
SP-021:norte:012500:2025-06-10,SP-021:norte:012500,SP-021,norte,12.75,open-meteo:era5_seamless:-23.5:-46.8,2025-06-10,56.2,3.08,50.78,9,trigger,synthetic,synthetic,synthetic,synth-v1.0.0,1337,932480f22477dd00,baseline
SP-021:norte:012500:2025-10-08,SP-021:norte:012500,SP-021,norte,12.75,open-meteo:era5_seamless:-23.5:-46.8,2025-10-08,56.16,5.24,50.78,3,trigger,synthetic,synthetic,synthetic,synth-v1.0.0,1337,932480f22477dd00,baseline
SP-021:norte:012500:2025-12-02,SP-021:norte:012500,SP-021,norte,12.75,open-meteo:era5_seamless:-23.5:-46.8,2025-12-02,56.07,7.13,50.78,9,proactive,synthetic,synthetic,synthetic,synth-v1.0.0,1337,932480f22477dd00,baseline
SP-021:norte:012500:2026-01-03,SP-021:norte:012500,SP-021,norte,12.75,open-meteo:era5_seamless:-23.5:-46.8,2026-01-03,62.63,7.08,50.78,6,trigger,synthetic,synthetic,synthetic,synth-v1.0.0,1337,932480f22477dd00,baseline
SP-021:norte:012500:2026-02-14,SP-021:norte:012500,SP-021,norte,12.75,open-meteo:era5_seamless:-23.5:-46.8,2026-02-14,64.81,4.7,50.78,13,trigger,synthetic,synthetic,synthetic,synth-v1.0.0,1337,932480f22477dd00,baseline
SP-021:norte:012500:2026-03-23,SP-021:norte:012500,SP-021,norte,12.75,open-meteo:era5_seamless:-23.5:-46.8,2026-03-23,61.83,7.82,50.78,8,trigger,synthetic,synthetic,synthetic,synth-v1.0.0,1337,932480f22477dd00,baseline
SP-021:norte:012500:2026-05-04,SP-021:norte:012500,SP-021,norte,12.75,open-meteo:era5_seamless:-23.5:-46.8,2026-05-04,60.65,4.76,50.78,8,trigger,synthetic,synthetic,synthetic,synth-v1.0.0,1337,932480f22477dd00,baseline
SP-021:norte:012500:2026-08-31,SP-021:norte:012500,SP-021,norte,12.75,open-meteo:era5_seamless:-23.5:-46.8,2026-08-31,57.39,5.78,50.78,8,trigger,synthetic,synthetic,synthetic,synth-v1.0.0,1337,932480f22477dd00,baseline
SP-021:sul:012500:2023-02-11,SP-021:sul:012500,SP-021,sul,12.75,open-meteo:era5_seamless:-23.5:-46.8,2023-02-11,52.37,3.62,44.87,6,trigger,synthetic,synthetic,synthetic,synth-v1.0.0,1337,932480f22477dd00,baseline
SP-021:sul:012500:2023-04-20,SP-021:sul:012500,SP-021,sul,12.75,open-meteo:era5_seamless:-23.5:-46.8,2023-04-20,47.31,3.36,44.87,4,trigger,synthetic,synthetic,synthetic,synth-v1.0.0,1337,932480f22477dd00,baseline
SP-021:sul:012500:2023-10-07,SP-021:sul:012500,SP-021,sul,12.75,open-meteo:era5_seamless:-23.5:-46.8,2023-10-07,50.49,6.37,44.87,6,trigger,synthetic,synthetic,synthetic,synth-v1.0.0,1337,932480f22477dd00,baseline
SP-021:sul:012500:2023-12-05,SP-021:sul:012500,SP-021,sul,12.75,open-meteo:era5_seamless:-23.5:-46.8,2023-12-05,46.38,3.74,44.87,2,trigger,synthetic,synthetic,synthetic,synth-v1.0.0,1337,932480f22477dd00,baseline
SP-021:sul:012500:2024-02-14,SP-021:sul:012500,SP-021,sul,12.75,open-meteo:era5_seamless:-23.5:-46.8,2024-02-14,54.1,4.55,44.87,3,trigger,synthetic,synthetic,synthetic,synth-v1.0.0,1337,932480f22477dd00,baseline
SP-021:sul:012500:2024-04-21,SP-021:sul:012500,SP-021,sul,12.75,open-meteo:era5_seamless:-23.5:-46.8,2024-04-21,59.23,6.54,44.87,14,trigger,synthetic,synthetic,synthetic,synth-v1.0.0,1337,932480f22477dd00,baseline
SP-021:sul:012500:2024-08-21,SP-021:sul:012500,SP-021,sul,12.75,open-meteo:era5_seamless:-23.5:-46.8,2024-08-21,47.63,4.47,44.87,3,trigger,synthetic,synthetic,synthetic,synth-v1.0.0,1337,932480f22477dd00,baseline
SP-021:sul:012500:2024-11-30,SP-021:sul:012500,SP-021,sul,12.75,open-meteo:era5_seamless:-23.5:-46.8,2024-11-30,57.66,3.02,44.87,13,trigger,synthetic,synthetic,synthetic,synth-v1.0.0,1337,932480f22477dd00,baseline
SP-021:sul:012500:2025-02-11,SP-021:sul:012500,SP-021,sul,12.75,open-meteo:era5_seamless:-23.5:-46.8,2025-02-11,54.95,6.28,44.87,2,trigger,synthetic,synthetic,synthetic,synth-v1.0.0,1337,932480f22477dd00,baseline
SP-021:sul:012500:2025-04-24,SP-021:sul:012500,SP-021,sul,12.75,open-meteo:era5_seamless:-23.5:-46.8,2025-04-24,60.55,3.81,44.87,18,trigger,synthetic,synthetic,synthetic,synth-v1.0.0,1337,932480f22477dd00,baseline
SP-021:sul:012500:2025-11-17,SP-021:sul:012500,SP-021,sul,12.75,open-meteo:era5_seamless:-23.5:-46.8,2025-11-17,51.4,7.76,44.87,8,trigger,synthetic,synthetic,synthetic,synth-v1.0.0,1337,932480f22477dd00,baseline
SP-021:sul:012500:2026-01-14,SP-021:sul:012500,SP-021,sul,12.75,open-meteo:era5_seamless:-23.5:-46.8,2026-01-14,53.11,3.01,44.87,3,trigger,synthetic,synthetic,synthetic,synth-v1.0.0,1337,932480f22477dd00,baseline
SP-021:sul:012500:2026-04-01,SP-021:sul:012500,SP-021,sul,12.75,open-meteo:era5_seamless:-23.5:-46.8,2026-04-01,52.67,3.13,44.87,3,trigger,synthetic,synthetic,synthetic,synth-v1.0.0,1337,932480f22477dd00,baseline
SP-021:norte:013000:2023-02-11,SP-021:norte:013000,SP-021,norte,13.25,open-meteo:era5_seamless:-23.5:-46.8,2023-02-11,74.69,4.35,64.07,6,trigger,synthetic,synthetic,synthetic,synth-v1.0.0,1337,932480f22477dd00,baseline
SP-021:norte:013000:2023-04-30,SP-021:norte:013000,SP-021,norte,13.25,open-meteo:era5_seamless:-23.5:-46.8,2023-04-30,67.91,3.86,64.07,7,trigger,synthetic,synthetic,synthetic,synth-v1.0.0,1337,932480f22477dd00,baseline
SP-021:norte:013000:2023-10-24,SP-021:norte:013000,SP-021,norte,13.25,open-meteo:era5_seamless:-23.5:-46.8,2023-10-24,70.26,3.83,64.07,9,trigger,synthetic,synthetic,synthetic,synth-v1.0.0,1337,932480f22477dd00,baseline
SP-021:norte:013000:2024-01-14,SP-021:norte:013000,SP-021,norte,13.25,open-meteo:era5_seamless:-23.5:-46.8,2024-01-14,72.46,6.13,64.07,14,proactive,synthetic,synthetic,synthetic,synth-v1.0.0,1337,932480f22477dd00,baseline
SP-021:norte:013000:2024-03-29,SP-021:norte:013000,SP-021,norte,13.25,open-meteo:era5_seamless:-23.5:-46.8,2024-03-29,78.81,5.77,64.07,12,trigger,synthetic,synthetic,synthetic,synth-v1.0.0,1337,932480f22477dd00,baseline
SP-021:norte:013000:2024-07-15,SP-021:norte:013000,SP-021,norte,13.25,open-meteo:era5_seamless:-23.5:-46.8,2024-07-15,65.34,7.44,64.07,8,trigger,synthetic,synthetic,synthetic,synth-v1.0.0,1337,932480f22477dd00,baseline
SP-021:norte:013000:2024-11-02,SP-021:norte:013000,SP-021,norte,13.25,open-meteo:era5_seamless:-23.5:-46.8,2024-11-02,67.62,3.22,64.07,6,trigger,synthetic,synthetic,synthetic,synth-v1.0.0,1337,932480f22477dd00,baseline
SP-021:norte:013000:2025-01-24,SP-021:norte:013000,SP-021,norte,13.25,open-meteo:era5_seamless:-23.5:-46.8,2025-01-24,71.18,4.42,64.07,5,trigger,synthetic,synthetic,synthetic,synth-v1.0.0,1337,932480f22477dd00,baseline
SP-021:norte:013000:2025-03-08,SP-021:norte:013000,SP-021,norte,13.25,open-meteo:era5_seamless:-23.5:-46.8,2025-03-08,51.88,3.59,64.07,6,proactive,synthetic,synthetic,synthetic,synth-v1.0.0,1337,932480f22477dd00,baseline
SP-021:norte:013000:2025-09-12,SP-021:norte:013000,SP-021,norte,13.25,open-meteo:era5_seamless:-23.5:-46.8,2025-09-12,67.61,3.04,64.07,5,trigger,synthetic,synthetic,synthetic,synth-v1.0.0,1337,932480f22477dd00,baseline
SP-021:norte:013000:2025-12-31,SP-021:norte:013000,SP-021,norte,13.25,open-meteo:era5_seamless:-23.5:-46.8,2025-12-31,66.13,3.27,64.07,10,proactive,synthetic,synthetic,synthetic,synth-v1.0.0,1337,932480f22477dd00,baseline
SP-021:norte:013000:2026-03-20,SP-021:norte:013000,SP-021,norte,13.25,open-meteo:era5_seamless:-23.5:-46.8,2026-03-20,70.68,3.24,64.07,5,trigger,synthetic,synthetic,synthetic,synth-v1.0.0,1337,932480f22477dd00,baseline
SP-021:sul:013000:2023-01-25,SP-021:sul:013000,SP-021,sul,13.25,open-meteo:era5_seamless:-23.5:-46.8,2023-01-25,51.14,3.91,44.66,3,trigger,synthetic,synthetic,synthetic,synth-v1.0.0,1337,932480f22477dd00,baseline
SP-021:sul:013000:2023-03-26,SP-021:sul:013000,SP-021,sul,13.25,open-meteo:era5_seamless:-23.5:-46.8,2023-03-26,76.04,7.86,44.66,14,trigger,synthetic,synthetic,synthetic,synth-v1.0.0,1337,932480f22477dd00,baseline
SP-021:sul:013000:2023-08-06,SP-021:sul:013000,SP-021,sul,13.25,open-meteo:era5_seamless:-23.5:-46.8,2023-08-06,51.55,4.73,44.66,7,trigger,synthetic,synthetic,synthetic,synth-v1.0.0,1337,932480f22477dd00,baseline
SP-021:sul:013000:2023-10-27,SP-021:sul:013000,SP-021,sul,13.25,open-meteo:era5_seamless:-23.5:-46.8,2023-10-27,62.97,3.92,44.66,12,trigger,synthetic,synthetic,synthetic,synth-v1.0.0,1337,932480f22477dd00,baseline
SP-021:sul:013000:2023-12-14,SP-021:sul:013000,SP-021,sul,13.25,open-meteo:era5_seamless:-23.5:-46.8,2023-12-14,34.99,7.49,44.66,4,proactive,synthetic,synthetic,synthetic,synth-v1.0.0,1337,932480f22477dd00,baseline
SP-021:sul:013000:2024-02-01,SP-021:sul:013000,SP-021,sul,13.25,open-meteo:era5_seamless:-23.5:-46.8,2024-02-01,61.13,4.58,44.66,11,trigger,synthetic,synthetic,synthetic,synth-v1.0.0,1337,932480f22477dd00,baseline
SP-021:sul:013000:2024-03-21,SP-021:sul:013000,SP-021,sul,13.25,open-meteo:era5_seamless:-23.5:-46.8,2024-03-21,63.99,6.11,44.66,4,trigger,synthetic,synthetic,synthetic,synth-v1.0.0,1337,932480f22477dd00,baseline
SP-021:sul:013000:2024-05-18,SP-021:sul:013000,SP-021,sul,13.25,open-meteo:era5_seamless:-23.5:-46.8,2024-05-18,60.7,7.6,44.66,6,trigger,synthetic,synthetic,synthetic,synth-v1.0.0,1337,932480f22477dd00,baseline
SP-021:sul:013000:2024-09-17,SP-021:sul:013000,SP-021,sul,13.25,open-meteo:era5_seamless:-23.5:-46.8,2024-09-17,62.34,4.15,44.66,9,trigger,synthetic,synthetic,synthetic,synth-v1.0.0,1337,932480f22477dd00,baseline
SP-021:sul:013000:2024-12-21,SP-021:sul:013000,SP-021,sul,13.25,open-meteo:era5_seamless:-23.5:-46.8,2024-12-21,85.98,6.07,44.66,20,trigger,synthetic,synthetic,synthetic,synth-v1.0.0,1337,932480f22477dd00,baseline
SP-021:sul:013000:2025-02-07,SP-021:sul:013000,SP-021,sul,13.25,open-meteo:era5_seamless:-23.5:-46.8,2025-02-07,63.61,3.72,44.66,5,trigger,synthetic,synthetic,synthetic,synth-v1.0.0,1337,932480f22477dd00,baseline
SP-021:sul:013000:2025-04-08,SP-021:sul:013000,SP-021,sul,13.25,open-meteo:era5_seamless:-23.5:-46.8,2025-04-08,68.81,6.78,44.66,9,trigger,synthetic,synthetic,synthetic,synth-v1.0.0,1337,932480f22477dd00,baseline
SP-021:sul:013000:2025-09-02,SP-021:sul:013000,SP-021,sul,13.25,open-meteo:era5_seamless:-23.5:-46.8,2025-09-02,45.98,6.88,44.66,2,trigger,synthetic,synthetic,synthetic,synth-v1.0.0,1337,932480f22477dd00,baseline
SP-021:sul:013000:2025-12-25,SP-021:sul:013000,SP-021,sul,13.25,open-meteo:era5_seamless:-23.5:-46.8,2025-12-25,89.59,7.93,44.66,32,trigger,synthetic,synthetic,synthetic,synth-v1.0.0,1337,932480f22477dd00,baseline
SP-021:sul:013000:2026-03-02,SP-021:sul:013000,SP-021,sul,13.25,open-meteo:era5_seamless:-23.5:-46.8,2026-03-02,87.53,7.58,44.66,22,trigger,synthetic,synthetic,synthetic,synth-v1.0.0,1337,932480f22477dd00,baseline
SP-021:sul:013000:2026-04-28,SP-021:sul:013000,SP-021,sul,13.25,open-meteo:era5_seamless:-23.5:-46.8,2026-04-28,60.56,5.58,44.66,2,trigger,synthetic,synthetic,synthetic,synth-v1.0.0,1337,932480f22477dd00,baseline
SP-021:norte:013500:2023-02-18,SP-021:norte:013500,SP-021,norte,13.75,open-meteo:era5_seamless:-23.5:-46.8,2023-02-18,80.9,7.4,64.58,6,trigger,synthetic,synthetic,synthetic,synth-v1.0.0,1337,932480f22477dd00,baseline
SP-021:norte:013500:2023-03-22,SP-021:norte:013500,SP-021,norte,13.75,open-meteo:era5_seamless:-23.5:-46.8,2023-03-22,69.27,6.21,64.58,3,trigger,synthetic,synthetic,synthetic,synth-v1.0.0,1337,932480f22477dd00,baseline
SP-021:norte:013500:2023-06-04,SP-021:norte:013500,SP-021,norte,13.75,open-meteo:era5_seamless:-23.5:-46.8,2023-06-04,69.75,4.92,64.58,21,trigger,synthetic,synthetic,synthetic,synth-v1.0.0,1337,932480f22477dd00,baseline
SP-021:norte:013500:2023-09-28,SP-021:norte:013500,SP-021,norte,13.75,open-meteo:era5_seamless:-23.5:-46.8,2023-09-28,77.98,3.78,64.58,4,trigger,synthetic,synthetic,synthetic,synth-v1.0.0,1337,932480f22477dd00,baseline
SP-021:norte:013500:2023-12-06,SP-021:norte:013500,SP-021,norte,13.75,open-meteo:era5_seamless:-23.5:-46.8,2023-12-06,87.27,6.33,64.58,17,trigger,synthetic,synthetic,synthetic,synth-v1.0.0,1337,932480f22477dd00,baseline
SP-021:norte:013500:2024-01-20,SP-021:norte:013500,SP-021,norte,13.75,open-meteo:era5_seamless:-23.5:-46.8,2024-01-20,79.55,7.8,64.58,6,trigger,synthetic,synthetic,synthetic,synth-v1.0.0,1337,932480f22477dd00,baseline
SP-021:norte:013500:2024-03-08,SP-021:norte:013500,SP-021,norte,13.75,open-meteo:era5_seamless:-23.5:-46.8,2024-03-08,88.09,5.15,64.58,12,trigger,synthetic,synthetic,synthetic,synth-v1.0.0,1337,932480f22477dd00,baseline
SP-021:norte:013500:2024-05-01,SP-021:norte:013500,SP-021,norte,13.75,open-meteo:era5_seamless:-23.5:-46.8,2024-05-01,86.55,7.59,64.58,17,trigger,synthetic,synthetic,synthetic,synth-v1.0.0,1337,932480f22477dd00,baseline
SP-021:norte:013500:2024-08-07,SP-021:norte:013500,SP-021,norte,13.75,open-meteo:era5_seamless:-23.5:-46.8,2024-08-07,70.11,3.26,64.58,3,trigger,synthetic,synthetic,synthetic,synth-v1.0.0,1337,932480f22477dd00,baseline
SP-021:norte:013500:2024-11-03,SP-021:norte:013500,SP-021,norte,13.75,open-meteo:era5_seamless:-23.5:-46.8,2024-11-03,82.72,4.89,64.58,14,trigger,synthetic,synthetic,synthetic,synth-v1.0.0,1337,932480f22477dd00,baseline
SP-021:norte:013500:2024-12-28,SP-021:norte:013500,SP-021,norte,13.75,open-meteo:era5_seamless:-23.5:-46.8,2024-12-28,81.69,5.25,64.58,6,trigger,synthetic,synthetic,synthetic,synth-v1.0.0,1337,932480f22477dd00,baseline
SP-021:norte:013500:2025-02-04,SP-021:norte:013500,SP-021,norte,13.75,open-meteo:era5_seamless:-23.5:-46.8,2025-02-04,73.04,4.64,64.58,2,trigger,synthetic,synthetic,synthetic,synth-v1.0.0,1337,932480f22477dd00,baseline
SP-021:norte:013500:2025-03-23,SP-021:norte:013500,SP-021,norte,13.75,open-meteo:era5_seamless:-23.5:-46.8,2025-03-23,85.25,6.06,64.58,14,trigger,synthetic,synthetic,synthetic,synth-v1.0.0,1337,932480f22477dd00,baseline
SP-021:norte:013500:2025-05-20,SP-021:norte:013500,SP-021,norte,13.75,open-meteo:era5_seamless:-23.5:-46.8,2025-05-20,67.8,7.38,64.58,9,proactive,synthetic,synthetic,synthetic,synth-v1.0.0,1337,932480f22477dd00,baseline
SP-021:norte:013500:2025-10-15,SP-021:norte:013500,SP-021,norte,13.75,open-meteo:era5_seamless:-23.5:-46.8,2025-10-15,74.67,5.16,64.58,10,trigger,synthetic,synthetic,synthetic,synth-v1.0.0,1337,932480f22477dd00,baseline
SP-021:norte:013500:2025-12-19,SP-021:norte:013500,SP-021,norte,13.75,open-meteo:era5_seamless:-23.5:-46.8,2025-12-19,72.85,3.34,64.58,5,trigger,synthetic,synthetic,synthetic,synth-v1.0.0,1337,932480f22477dd00,baseline
SP-021:norte:013500:2026-02-07,SP-021:norte:013500,SP-021,norte,13.75,open-meteo:era5_seamless:-23.5:-46.8,2026-02-07,80.64,6.49,64.58,6,trigger,synthetic,synthetic,synthetic,synth-v1.0.0,1337,932480f22477dd00,baseline
SP-021:norte:013500:2026-04-01,SP-021:norte:013500,SP-021,norte,13.75,open-meteo:era5_seamless:-23.5:-46.8,2026-04-01,86.91,3.35,64.58,17,trigger,synthetic,synthetic,synthetic,synth-v1.0.0,1337,932480f22477dd00,baseline
SP-021:norte:013500:2026-06-06,SP-021:norte:013500,SP-021,norte,13.75,open-meteo:era5_seamless:-23.5:-46.8,2026-06-06,37.95,4.25,64.58,13,proactive,synthetic,synthetic,synthetic,synth-v1.0.0,1337,932480f22477dd00,baseline
SP-021:sul:013500:2023-03-12,SP-021:sul:013500,SP-021,sul,13.75,open-meteo:era5_seamless:-23.5:-46.8,2023-03-12,64.62,3.3,54.87,7,trigger,synthetic,synthetic,synthetic,synth-v1.0.0,1337,932480f22477dd00,baseline
SP-021:sul:013500:2023-10-03,SP-021:sul:013500,SP-021,sul,13.75,open-meteo:era5_seamless:-23.5:-46.8,2023-10-03,65.96,3.89,54.87,9,trigger,synthetic,synthetic,synthetic,synth-v1.0.0,1337,932480f22477dd00,baseline
SP-021:sul:013500:2023-12-17,SP-021:sul:013500,SP-021,sul,13.75,open-meteo:era5_seamless:-23.5:-46.8,2023-12-17,45.31,7.44,54.87,7,proactive,synthetic,synthetic,synthetic,synth-v1.0.0,1337,932480f22477dd00,baseline
SP-021:sul:013500:2024-03-02,SP-021:sul:013500,SP-021,sul,13.75,open-meteo:era5_seamless:-23.5:-46.8,2024-03-02,69.66,6.53,54.87,6,trigger,synthetic,synthetic,synthetic,synth-v1.0.0,1337,932480f22477dd00,baseline
SP-021:sul:013500:2024-05-11,SP-021:sul:013500,SP-021,sul,13.75,open-meteo:era5_seamless:-23.5:-46.8,2024-05-11,59.76,4.48,54.87,6,trigger,synthetic,synthetic,synthetic,synth-v1.0.0,1337,932480f22477dd00,baseline
SP-021:sul:013500:2024-10-29,SP-021:sul:013500,SP-021,sul,13.75,open-meteo:era5_seamless:-23.5:-46.8,2024-10-29,63.8,5.93,54.87,9,trigger,synthetic,synthetic,synthetic,synth-v1.0.0,1337,932480f22477dd00,baseline
SP-021:sul:013500:2025-01-14,SP-021:sul:013500,SP-021,sul,13.75,open-meteo:era5_seamless:-23.5:-46.8,2025-01-14,56.43,4.35,54.87,2,trigger,synthetic,synthetic,synthetic,synth-v1.0.0,1337,932480f22477dd00,baseline
SP-021:sul:013500:2025-03-20,SP-021:sul:013500,SP-021,sul,13.75,open-meteo:era5_seamless:-23.5:-46.8,2025-03-20,59.51,7.08,54.87,4,trigger,synthetic,synthetic,synthetic,synth-v1.0.0,1337,932480f22477dd00,baseline
SP-021:sul:013500:2025-09-23,SP-021:sul:013500,SP-021,sul,13.75,open-meteo:era5_seamless:-23.5:-46.8,2025-09-23,60.97,3.64,54.87,2,trigger,synthetic,synthetic,synthetic,synth-v1.0.0,1337,932480f22477dd00,baseline
SP-021:sul:013500:2026-01-17,SP-021:sul:013500,SP-021,sul,13.75,open-meteo:era5_seamless:-23.5:-46.8,2026-01-17,62.01,6.38,54.87,6,trigger,synthetic,synthetic,synthetic,synth-v1.0.0,1337,932480f22477dd00,baseline
SP-021:sul:013500:2026-04-15,SP-021:sul:013500,SP-021,sul,13.75,open-meteo:era5_seamless:-23.5:-46.8,2026-04-15,69.85,4.33,54.87,17,trigger,synthetic,synthetic,synthetic,synth-v1.0.0,1337,932480f22477dd00,baseline
SP-021:norte:014000:2023-02-03,SP-021:norte:014000,SP-021,norte,14.25,open-meteo:era5_seamless:-23.5:-46.8,2023-02-03,75.65,5.04,43.93,5,trigger,synthetic,synthetic,synthetic,synth-v1.0.0,1337,932480f22477dd00,baseline
SP-021:norte:014000:2023-04-04,SP-021:norte:014000,SP-021,norte,14.25,open-meteo:era5_seamless:-23.5:-46.8,2023-04-04,77.66,3.93,43.93,23,trigger,synthetic,synthetic,synthetic,synth-v1.0.0,1337,932480f22477dd00,baseline
SP-021:norte:014000:2023-08-31,SP-021:norte:014000,SP-021,norte,14.25,open-meteo:era5_seamless:-23.5:-46.8,2023-08-31,52.54,5.13,43.93,11,trigger,synthetic,synthetic,synthetic,synth-v1.0.0,1337,932480f22477dd00,baseline
SP-021:norte:014000:2023-11-07,SP-021:norte:014000,SP-021,norte,14.25,open-meteo:era5_seamless:-23.5:-46.8,2023-11-07,64.02,4.24,43.93,9,trigger,synthetic,synthetic,synthetic,synth-v1.0.0,1337,932480f22477dd00,baseline
SP-021:norte:014000:2023-12-26,SP-021:norte:014000,SP-021,norte,14.25,open-meteo:era5_seamless:-23.5:-46.8,2023-12-26,55.93,7.65,43.93,2,trigger,synthetic,synthetic,synthetic,synth-v1.0.0,1337,932480f22477dd00,baseline
SP-021:norte:014000:2024-02-09,SP-021:norte:014000,SP-021,norte,14.25,open-meteo:era5_seamless:-23.5:-46.8,2024-02-09,60.62,6.99,43.93,5,trigger,synthetic,synthetic,synthetic,synth-v1.0.0,1337,932480f22477dd00,baseline
SP-021:norte:014000:2024-03-27,SP-021:norte:014000,SP-021,norte,14.25,open-meteo:era5_seamless:-23.5:-46.8,2024-03-27,74.11,5.07,43.93,3,trigger,synthetic,synthetic,synthetic,synth-v1.0.0,1337,932480f22477dd00,baseline
SP-021:norte:014000:2024-06-03,SP-021:norte:014000,SP-021,norte,14.25,open-meteo:era5_seamless:-23.5:-46.8,2024-06-03,63.35,4.82,43.93,22,trigger,synthetic,synthetic,synthetic,synth-v1.0.0,1337,932480f22477dd00,baseline
SP-021:norte:014000:2024-09-18,SP-021:norte:014000,SP-021,norte,14.25,open-meteo:era5_seamless:-23.5:-46.8,2024-09-18,50.13,6.28,43.93,3,trigger,synthetic,synthetic,synthetic,synth-v1.0.0,1337,932480f22477dd00,baseline
SP-021:norte:014000:2024-11-28,SP-021:norte:014000,SP-021,norte,14.25,open-meteo:era5_seamless:-23.5:-46.8,2024-11-28,65.58,3.78,43.93,11,trigger,synthetic,synthetic,synthetic,synth-v1.0.0,1337,932480f22477dd00,baseline
SP-021:norte:014000:2025-02-02,SP-021:norte:014000,SP-021,norte,14.25,open-meteo:era5_seamless:-23.5:-46.8,2025-02-02,76.8,4.19,43.93,14,trigger,synthetic,synthetic,synthetic,synth-v1.0.0,1337,932480f22477dd00,baseline
SP-021:norte:014000:2025-03-16,SP-021:norte:014000,SP-021,norte,14.25,open-meteo:era5_seamless:-23.5:-46.8,2025-03-16,60.46,7.59,43.93,7,trigger,synthetic,synthetic,synthetic,synth-v1.0.0,1337,932480f22477dd00,baseline
SP-021:norte:014000:2025-05-12,SP-021:norte:014000,SP-021,norte,14.25,open-meteo:era5_seamless:-23.5:-46.8,2025-05-12,53.68,4.18,43.93,8,trigger,synthetic,synthetic,synthetic,synth-v1.0.0,1337,932480f22477dd00,baseline
SP-021:norte:014000:2025-10-21,SP-021:norte:014000,SP-021,norte,14.25,open-meteo:era5_seamless:-23.5:-46.8,2025-10-21,51.87,4.38,43.93,9,trigger,synthetic,synthetic,synthetic,synth-v1.0.0,1337,932480f22477dd00,baseline
SP-021:norte:014000:2026-01-05,SP-021:norte:014000,SP-021,norte,14.25,open-meteo:era5_seamless:-23.5:-46.8,2026-01-05,71.66,6.94,43.93,8,trigger,synthetic,synthetic,synthetic,synth-v1.0.0,1337,932480f22477dd00,baseline
SP-021:norte:014000:2026-03-01,SP-021:norte:014000,SP-021,norte,14.25,open-meteo:era5_seamless:-23.5:-46.8,2026-03-01,74.52,3.11,43.93,14,trigger,synthetic,synthetic,synthetic,synth-v1.0.0,1337,932480f22477dd00,baseline
SP-021:norte:014000:2026-05-02,SP-021:norte:014000,SP-021,norte,14.25,open-meteo:era5_seamless:-23.5:-46.8,2026-05-02,54.94,4.31,43.93,6,trigger,synthetic,synthetic,synthetic,synth-v1.0.0,1337,932480f22477dd00,baseline
SP-021:sul:014000:2023-01-20,SP-021:sul:014000,SP-021,sul,14.25,open-meteo:era5_seamless:-23.5:-46.8,2023-01-20,55.68,6.85,46.14,5,trigger,synthetic,synthetic,synthetic,synth-v1.0.0,1337,932480f22477dd00,baseline
SP-021:sul:014000:2023-03-08,SP-021:sul:014000,SP-021,sul,14.25,open-meteo:era5_seamless:-23.5:-46.8,2023-03-08,71.6,3.98,46.14,10,trigger,synthetic,synthetic,synthetic,synth-v1.0.0,1337,932480f22477dd00,baseline
SP-021:sul:014000:2023-05-14,SP-021:sul:014000,SP-021,sul,14.25,open-meteo:era5_seamless:-23.5:-46.8,2023-05-14,55.14,6.66,46.14,7,trigger,synthetic,synthetic,synthetic,synth-v1.0.0,1337,932480f22477dd00,baseline
SP-021:sul:014000:2023-09-24,SP-021:sul:014000,SP-021,sul,14.25,open-meteo:era5_seamless:-23.5:-46.8,2023-09-24,63.05,5.07,46.14,7,trigger,synthetic,synthetic,synthetic,synth-v1.0.0,1337,932480f22477dd00,baseline
SP-021:sul:014000:2023-12-03,SP-021:sul:014000,SP-021,sul,14.25,open-meteo:era5_seamless:-23.5:-46.8,2023-12-03,73.15,3.73,46.14,7,trigger,synthetic,synthetic,synthetic,synth-v1.0.0,1337,932480f22477dd00,baseline
SP-021:sul:014000:2024-01-29,SP-021:sul:014000,SP-021,sul,14.25,open-meteo:era5_seamless:-23.5:-46.8,2024-01-29,62.66,3.22,46.14,8,trigger,synthetic,synthetic,synthetic,synth-v1.0.0,1337,932480f22477dd00,baseline
SP-021:sul:014000:2024-03-18,SP-021:sul:014000,SP-021,sul,14.25,open-meteo:era5_seamless:-23.5:-46.8,2024-03-18,65.6,6.9,46.14,8,trigger,synthetic,synthetic,synthetic,synth-v1.0.0,1337,932480f22477dd00,baseline
SP-021:sul:014000:2024-04-29,SP-021:sul:014000,SP-021,sul,14.25,open-meteo:era5_seamless:-23.5:-46.8,2024-04-29,47.57,6.98,46.14,8,proactive,synthetic,synthetic,synthetic,synth-v1.0.0,1337,932480f22477dd00,baseline
SP-021:sul:014000:2024-08-10,SP-021:sul:014000,SP-021,sul,14.25,open-meteo:era5_seamless:-23.5:-46.8,2024-08-10,56.25,4.57,46.14,6,trigger,synthetic,synthetic,synthetic,synth-v1.0.0,1337,932480f22477dd00,baseline
SP-021:sul:014000:2024-10-19,SP-021:sul:014000,SP-021,sul,14.25,open-meteo:era5_seamless:-23.5:-46.8,2024-10-19,53.84,4.34,46.14,6,trigger,synthetic,synthetic,synthetic,synth-v1.0.0,1337,932480f22477dd00,baseline
SP-021:sul:014000:2024-12-20,SP-021:sul:014000,SP-021,sul,14.25,open-meteo:era5_seamless:-23.5:-46.8,2024-12-20,59.96,7.83,46.14,5,trigger,synthetic,synthetic,synthetic,synth-v1.0.0,1337,932480f22477dd00,baseline
SP-021:sul:014000:2025-02-03,SP-021:sul:014000,SP-021,sul,14.25,open-meteo:era5_seamless:-23.5:-46.8,2025-02-03,68.43,6.93,46.14,8,trigger,synthetic,synthetic,synthetic,synth-v1.0.0,1337,932480f22477dd00,baseline
SP-021:sul:014000:2025-03-02,SP-021:sul:014000,SP-021,sul,14.25,open-meteo:era5_seamless:-23.5:-46.8,2025-03-02,49.13,5.1,46.14,7,proactive,synthetic,synthetic,synthetic,synth-v1.0.0,1337,932480f22477dd00,baseline
SP-021:sul:014000:2025-05-02,SP-021:sul:014000,SP-021,sul,14.25,open-meteo:era5_seamless:-23.5:-46.8,2025-05-02,57.64,3.96,46.14,5,trigger,synthetic,synthetic,synthetic,synth-v1.0.0,1337,932480f22477dd00,baseline
SP-021:sul:014000:2025-10-24,SP-021:sul:014000,SP-021,sul,14.25,open-meteo:era5_seamless:-23.5:-46.8,2025-10-24,59.7,7.54,46.14,19,trigger,synthetic,synthetic,synthetic,synth-v1.0.0,1337,932480f22477dd00,baseline
SP-021:sul:014000:2025-12-17,SP-021:sul:014000,SP-021,sul,14.25,open-meteo:era5_seamless:-23.5:-46.8,2025-12-17,49.72,5.63,46.14,3,trigger,synthetic,synthetic,synthetic,synth-v1.0.0,1337,932480f22477dd00,baseline
SP-021:sul:014000:2026-02-16,SP-021:sul:014000,SP-021,sul,14.25,open-meteo:era5_seamless:-23.5:-46.8,2026-02-16,77.05,5.05,46.14,15,trigger,synthetic,synthetic,synthetic,synth-v1.0.0,1337,932480f22477dd00,baseline
SP-021:sul:014000:2026-04-17,SP-021:sul:014000,SP-021,sul,14.25,open-meteo:era5_seamless:-23.5:-46.8,2026-04-17,67.56,7.49,46.14,12,trigger,synthetic,synthetic,synthetic,synth-v1.0.0,1337,932480f22477dd00,baseline
SP-021:sul:014000:2026-08-19,SP-021:sul:014000,SP-021,sul,14.25,open-meteo:era5_seamless:-23.5:-46.8,2026-08-19,48.87,7.67,46.14,3,proactive,synthetic,synthetic,synthetic,synth-v1.0.0,1337,932480f22477dd00,baseline
SP-021:norte:014500:2023-02-07,SP-021:norte:014500,SP-021,norte,14.75,open-meteo:era5_seamless:-23.5:-46.8,2023-02-07,100.97,7.79,64.05,9,trigger,synthetic,synthetic,synthetic,synth-v1.0.0,1337,932480f22477dd00,baseline
SP-021:norte:014500:2023-03-14,SP-021:norte:014500,SP-021,norte,14.75,open-meteo:era5_seamless:-23.5:-46.8,2023-03-14,89.09,7.83,64.05,2,trigger,synthetic,synthetic,synthetic,synth-v1.0.0,1337,932480f22477dd00,baseline
SP-021:norte:014500:2023-05-01,SP-021:norte:014500,SP-021,norte,14.75,open-meteo:era5_seamless:-23.5:-46.8,2023-05-01,74.41,6.88,64.05,8,trigger,synthetic,synthetic,synthetic,synth-v1.0.0,1337,932480f22477dd00,baseline
SP-021:norte:014500:2023-09-04,SP-021:norte:014500,SP-021,norte,14.75,open-meteo:era5_seamless:-23.5:-46.8,2023-09-04,78.92,6.65,64.05,8,trigger,synthetic,synthetic,synthetic,synth-v1.0.0,1337,932480f22477dd00,baseline
SP-021:norte:014500:2023-10-17,SP-021:norte:014500,SP-021,norte,14.75,open-meteo:era5_seamless:-23.5:-46.8,2023-10-17,72.15,6.78,64.05,2,trigger,synthetic,synthetic,synthetic,synth-v1.0.0,1337,932480f22477dd00,baseline
SP-021:norte:014500:2023-11-25,SP-021:norte:014500,SP-021,norte,14.75,open-meteo:era5_seamless:-23.5:-46.8,2023-11-25,82.79,4.66,64.05,6,trigger,synthetic,synthetic,synthetic,synth-v1.0.0,1337,932480f22477dd00,baseline
SP-021:norte:014500:2024-01-09,SP-021:norte:014500,SP-021,norte,14.75,open-meteo:era5_seamless:-23.5:-46.8,2024-01-09,89.1,4.78,64.05,9,trigger,synthetic,synthetic,synthetic,synth-v1.0.0,1337,932480f22477dd00,baseline
SP-021:norte:014500:2024-02-22,SP-021:norte:014500,SP-021,norte,14.75,open-meteo:era5_seamless:-23.5:-46.8,2024-02-22,88.4,6.21,64.05,11,trigger,synthetic,synthetic,synthetic,synth-v1.0.0,1337,932480f22477dd00,baseline
SP-021:norte:014500:2024-04-12,SP-021:norte:014500,SP-021,norte,14.75,open-meteo:era5_seamless:-23.5:-46.8,2024-04-12,105.95,3.39,64.05,19,trigger,synthetic,synthetic,synthetic,synth-v1.0.0,1337,932480f22477dd00,baseline
SP-021:norte:014500:2024-06-18,SP-021:norte:014500,SP-021,norte,14.75,open-meteo:era5_seamless:-23.5:-46.8,2024-06-18,68.86,3.55,64.05,2,trigger,synthetic,synthetic,synthetic,synth-v1.0.0,1337,932480f22477dd00,baseline
SP-021:norte:014500:2024-09-19,SP-021:norte:014500,SP-021,norte,14.75,open-meteo:era5_seamless:-23.5:-46.8,2024-09-19,66.78,5.87,64.05,4,trigger,synthetic,synthetic,synthetic,synth-v1.0.0,1337,932480f22477dd00,baseline
SP-021:norte:014500:2024-11-12,SP-021:norte:014500,SP-021,norte,14.75,open-meteo:era5_seamless:-23.5:-46.8,2024-11-12,80.11,6.95,64.05,2,trigger,synthetic,synthetic,synthetic,synth-v1.0.0,1337,932480f22477dd00,baseline
SP-021:norte:014500:2024-12-28,SP-021:norte:014500,SP-021,norte,14.75,open-meteo:era5_seamless:-23.5:-46.8,2024-12-28,96.39,5.11,64.05,13,trigger,synthetic,synthetic,synthetic,synth-v1.0.0,1337,932480f22477dd00,baseline
SP-021:norte:014500:2025-02-13,SP-021:norte:014500,SP-021,norte,14.75,open-meteo:era5_seamless:-23.5:-46.8,2025-02-13,103.0,6.68,64.05,11,trigger,synthetic,synthetic,synthetic,synth-v1.0.0,1337,932480f22477dd00,baseline
SP-021:norte:014500:2025-03-11,SP-021:norte:014500,SP-021,norte,14.75,open-meteo:era5_seamless:-23.5:-46.8,2025-03-11,67.01,4.25,64.05,2,trigger,synthetic,synthetic,synthetic,synth-v1.0.0,1337,932480f22477dd00,baseline
SP-021:norte:014500:2025-05-02,SP-021:norte:014500,SP-021,norte,14.75,open-meteo:era5_seamless:-23.5:-46.8,2025-05-02,70.32,5.6,64.05,5,trigger,synthetic,synthetic,synthetic,synth-v1.0.0,1337,932480f22477dd00,baseline
SP-021:norte:014500:2025-09-27,SP-021:norte:014500,SP-021,norte,14.75,open-meteo:era5_seamless:-23.5:-46.8,2025-09-27,78.48,5.18,64.05,6,trigger,synthetic,synthetic,synthetic,synth-v1.0.0,1337,932480f22477dd00,baseline
SP-021:norte:014500:2025-12-11,SP-021:norte:014500,SP-021,norte,14.75,open-meteo:era5_seamless:-23.5:-46.8,2025-12-11,88.65,4.57,64.05,11,trigger,synthetic,synthetic,synthetic,synth-v1.0.0,1337,932480f22477dd00,baseline
SP-021:norte:014500:2026-01-20,SP-021:norte:014500,SP-021,norte,14.75,open-meteo:era5_seamless:-23.5:-46.8,2026-01-20,79.64,7.06,64.05,2,trigger,synthetic,synthetic,synthetic,synth-v1.0.0,1337,932480f22477dd00,baseline
SP-021:norte:014500:2026-02-26,SP-021:norte:014500,SP-021,norte,14.75,open-meteo:era5_seamless:-23.5:-46.8,2026-02-26,89.92,3.56,64.05,4,trigger,synthetic,synthetic,synthetic,synth-v1.0.0,1337,932480f22477dd00,baseline
SP-021:norte:014500:2026-04-26,SP-021:norte:014500,SP-021,norte,14.75,open-meteo:era5_seamless:-23.5:-46.8,2026-04-26,92.27,4.17,64.05,7,trigger,synthetic,synthetic,synthetic,synth-v1.0.0,1337,932480f22477dd00,baseline
SP-021:norte:014500:2026-09-01,SP-021:norte:014500,SP-021,norte,14.75,open-meteo:era5_seamless:-23.5:-46.8,2026-09-01,72.42,5.98,64.05,6,trigger,synthetic,synthetic,synthetic,synth-v1.0.0,1337,932480f22477dd00,baseline
SP-021:sul:014500:2023-02-14,SP-021:sul:014500,SP-021,sul,14.75,open-meteo:era5_seamless:-23.5:-46.8,2023-02-14,61.1,3.02,43.85,2,trigger,synthetic,synthetic,synthetic,synth-v1.0.0,1337,932480f22477dd00,baseline
SP-021:sul:014500:2023-04-01,SP-021:sul:014500,SP-021,sul,14.75,open-meteo:era5_seamless:-23.5:-46.8,2023-04-01,67.53,7.77,43.85,6,trigger,synthetic,synthetic,synthetic,synth-v1.0.0,1337,932480f22477dd00,baseline
SP-021:sul:014500:2023-06-21,SP-021:sul:014500,SP-021,sul,14.75,open-meteo:era5_seamless:-23.5:-46.8,2023-06-21,44.74,5.19,43.85,3,trigger,synthetic,synthetic,synthetic,synth-v1.0.0,1337,932480f22477dd00,baseline
SP-021:sul:014500:2023-09-24,SP-021:sul:014500,SP-021,sul,14.75,open-meteo:era5_seamless:-23.5:-46.8,2023-09-24,66.66,4.55,43.85,7,trigger,synthetic,synthetic,synthetic,synth-v1.0.0,1337,932480f22477dd00,baseline
SP-021:sul:014500:2023-11-20,SP-021:sul:014500,SP-021,sul,14.75,open-meteo:era5_seamless:-23.5:-46.8,2023-11-20,79.68,4.45,43.85,8,trigger,synthetic,synthetic,synthetic,synth-v1.0.0,1337,932480f22477dd00,baseline
SP-021:sul:014500:2024-01-19,SP-021:sul:014500,SP-021,sul,14.75,open-meteo:era5_seamless:-23.5:-46.8,2024-01-19,95.49,5.18,43.85,19,trigger,synthetic,synthetic,synthetic,synth-v1.0.0,1337,932480f22477dd00,baseline
SP-021:sul:014500:2024-03-04,SP-021:sul:014500,SP-021,sul,14.75,open-meteo:era5_seamless:-23.5:-46.8,2024-03-04,80.18,4.46,43.85,8,trigger,synthetic,synthetic,synthetic,synth-v1.0.0,1337,932480f22477dd00,baseline
SP-021:sul:014500:2024-04-28,SP-021:sul:014500,SP-021,sul,14.75,open-meteo:era5_seamless:-23.5:-46.8,2024-04-28,94.36,6.28,43.85,21,trigger,synthetic,synthetic,synthetic,synth-v1.0.0,1337,932480f22477dd00,baseline
SP-021:sul:014500:2024-07-05,SP-021:sul:014500,SP-021,sul,14.75,open-meteo:era5_seamless:-23.5:-46.8,2024-07-05,50.88,3.15,43.85,5,trigger,synthetic,synthetic,synthetic,synth-v1.0.0,1337,932480f22477dd00,baseline
SP-021:sul:014500:2024-10-08,SP-021:sul:014500,SP-021,sul,14.75,open-meteo:era5_seamless:-23.5:-46.8,2024-10-08,67.01,3.72,43.85,2,trigger,synthetic,synthetic,synthetic,synth-v1.0.0,1337,932480f22477dd00,baseline
SP-021:sul:014500:2024-12-05,SP-021:sul:014500,SP-021,sul,14.75,open-meteo:era5_seamless:-23.5:-46.8,2024-12-05,61.76,5.3,43.85,4,trigger,synthetic,synthetic,synthetic,synth-v1.0.0,1337,932480f22477dd00,baseline
SP-021:sul:014500:2025-01-07,SP-021:sul:014500,SP-021,sul,14.75,open-meteo:era5_seamless:-23.5:-46.8,2025-01-07,48.1,4.55,43.85,2,trigger,synthetic,synthetic,synthetic,synth-v1.0.0,1337,932480f22477dd00,baseline
SP-021:sul:014500:2025-02-22,SP-021:sul:014500,SP-021,sul,14.75,open-meteo:era5_seamless:-23.5:-46.8,2025-02-22,91.19,6.36,43.85,13,trigger,synthetic,synthetic,synthetic,synth-v1.0.0,1337,932480f22477dd00,baseline
SP-021:sul:014500:2025-04-11,SP-021:sul:014500,SP-021,sul,14.75,open-meteo:era5_seamless:-23.5:-46.8,2025-04-11,78.39,4.47,43.85,12,trigger,synthetic,synthetic,synthetic,synth-v1.0.0,1337,932480f22477dd00,baseline
SP-021:sul:014500:2025-08-28,SP-021:sul:014500,SP-021,sul,14.75,open-meteo:era5_seamless:-23.5:-46.8,2025-08-28,53.61,5.18,43.85,4,trigger,synthetic,synthetic,synthetic,synth-v1.0.0,1337,932480f22477dd00,baseline
SP-021:sul:014500:2025-11-09,SP-021:sul:014500,SP-021,sul,14.75,open-meteo:era5_seamless:-23.5:-46.8,2025-11-09,55.71,6.94,43.85,7,trigger,synthetic,synthetic,synthetic,synth-v1.0.0,1337,932480f22477dd00,baseline
SP-021:sul:014500:2026-01-13,SP-021:sul:014500,SP-021,sul,14.75,open-meteo:era5_seamless:-23.5:-46.8,2026-01-13,103.15,3.06,43.85,9,trigger,synthetic,synthetic,synthetic,synth-v1.0.0,1337,932480f22477dd00,baseline
SP-021:sul:014500:2026-02-27,SP-021:sul:014500,SP-021,sul,14.75,open-meteo:era5_seamless:-23.5:-46.8,2026-02-27,59.34,5.61,43.85,5,trigger,synthetic,synthetic,synthetic,synth-v1.0.0,1337,932480f22477dd00,baseline
SP-021:sul:014500:2026-04-07,SP-021:sul:014500,SP-021,sul,14.75,open-meteo:era5_seamless:-23.5:-46.8,2026-04-07,56.58,3.18,43.85,9,proactive,synthetic,synthetic,synthetic,synth-v1.0.0,1337,932480f22477dd00,baseline
SP-021:sul:014500:2026-08-25,SP-021:sul:014500,SP-021,sul,14.75,open-meteo:era5_seamless:-23.5:-46.8,2026-08-25,62.93,5.83,43.85,16,trigger,synthetic,synthetic,synthetic,synth-v1.0.0,1337,932480f22477dd00,baseline
SP-021:norte:015000:2023-02-18,SP-021:norte:015000,SP-021,norte,15.25,open-meteo:era5_seamless:-23.5:-46.8,2023-02-18,59.8,5.67,52.63,6,trigger,synthetic,synthetic,synthetic,synth-v1.0.0,1337,932480f22477dd00,baseline
SP-021:norte:015000:2023-04-13,SP-021:norte:015000,SP-021,norte,15.25,open-meteo:era5_seamless:-23.5:-46.8,2023-04-13,56.09,6.19,52.63,11,trigger,synthetic,synthetic,synthetic,synth-v1.0.0,1337,932480f22477dd00,baseline
SP-021:norte:015000:2023-09-17,SP-021:norte:015000,SP-021,norte,15.25,open-meteo:era5_seamless:-23.5:-46.8,2023-09-17,56.57,7.15,52.63,7,trigger,synthetic,synthetic,synthetic,synth-v1.0.0,1337,932480f22477dd00,baseline
SP-021:norte:015000:2023-12-01,SP-021:norte:015000,SP-021,norte,15.25,open-meteo:era5_seamless:-23.5:-46.8,2023-12-01,59.64,3.06,52.63,19,trigger,synthetic,synthetic,synthetic,synth-v1.0.0,1337,932480f22477dd00,baseline
SP-021:norte:015000:2024-02-03,SP-021:norte:015000,SP-021,norte,15.25,open-meteo:era5_seamless:-23.5:-46.8,2024-02-03,56.96,5.51,52.63,6,trigger,synthetic,synthetic,synthetic,synth-v1.0.0,1337,932480f22477dd00,baseline
SP-021:norte:015000:2024-03-29,SP-021:norte:015000,SP-021,norte,15.25,open-meteo:era5_seamless:-23.5:-46.8,2024-03-29,59.36,7.74,52.63,5,trigger,synthetic,synthetic,synthetic,synth-v1.0.0,1337,932480f22477dd00,baseline
SP-021:norte:015000:2024-05-15,SP-021:norte:015000,SP-021,norte,15.25,open-meteo:era5_seamless:-23.5:-46.8,2024-05-15,53.54,7.37,52.63,10,proactive,synthetic,synthetic,synthetic,synth-v1.0.0,1337,932480f22477dd00,baseline
SP-021:norte:015000:2024-09-11,SP-021:norte:015000,SP-021,norte,15.25,open-meteo:era5_seamless:-23.5:-46.8,2024-09-11,53.98,3.72,52.63,3,trigger,synthetic,synthetic,synthetic,synth-v1.0.0,1337,932480f22477dd00,baseline
SP-021:norte:015000:2024-11-26,SP-021:norte:015000,SP-021,norte,15.25,open-meteo:era5_seamless:-23.5:-46.8,2024-11-26,53.33,6.9,52.63,2,trigger,synthetic,synthetic,synthetic,synth-v1.0.0,1337,932480f22477dd00,baseline
SP-021:norte:015000:2025-01-21,SP-021:norte:015000,SP-021,norte,15.25,open-meteo:era5_seamless:-23.5:-46.8,2025-01-21,57.55,6.66,52.63,9,trigger,synthetic,synthetic,synthetic,synth-v1.0.0,1337,932480f22477dd00,baseline
SP-021:norte:015000:2025-03-30,SP-021:norte:015000,SP-021,norte,15.25,open-meteo:era5_seamless:-23.5:-46.8,2025-03-30,60.68,5.02,52.63,7,trigger,synthetic,synthetic,synthetic,synth-v1.0.0,1337,932480f22477dd00,baseline
SP-021:norte:015000:2025-09-16,SP-021:norte:015000,SP-021,norte,15.25,open-meteo:era5_seamless:-23.5:-46.8,2025-09-16,55.8,7.35,52.63,9,trigger,synthetic,synthetic,synthetic,synth-v1.0.0,1337,932480f22477dd00,baseline
SP-021:norte:015000:2025-12-13,SP-021:norte:015000,SP-021,norte,15.25,open-meteo:era5_seamless:-23.5:-46.8,2025-12-13,57.0,5.65,52.63,6,trigger,synthetic,synthetic,synthetic,synth-v1.0.0,1337,932480f22477dd00,baseline
SP-021:norte:015000:2026-02-15,SP-021:norte:015000,SP-021,norte,15.25,open-meteo:era5_seamless:-23.5:-46.8,2026-02-15,59.45,7.41,52.63,14,trigger,synthetic,synthetic,synthetic,synth-v1.0.0,1337,932480f22477dd00,baseline
SP-021:norte:015000:2026-04-18,SP-021:norte:015000,SP-021,norte,15.25,open-meteo:era5_seamless:-23.5:-46.8,2026-04-18,58.66,7.05,52.63,13,trigger,synthetic,synthetic,synthetic,synth-v1.0.0,1337,932480f22477dd00,baseline
SP-021:norte:015000:2026-08-18,SP-021:norte:015000,SP-021,norte,15.25,open-meteo:era5_seamless:-23.5:-46.8,2026-08-18,44.21,4.89,52.63,9,proactive,synthetic,synthetic,synthetic,synth-v1.0.0,1337,932480f22477dd00,baseline
SP-021:sul:015000:2023-02-20,SP-021:sul:015000,SP-021,sul,15.25,open-meteo:era5_seamless:-23.5:-46.8,2023-02-20,76.22,3.68,55.08,15,trigger,synthetic,synthetic,synthetic,synth-v1.0.0,1337,932480f22477dd00,baseline
SP-021:sul:015000:2023-04-22,SP-021:sul:015000,SP-021,sul,15.25,open-meteo:era5_seamless:-23.5:-46.8,2023-04-22,66.66,3.77,55.08,13,trigger,synthetic,synthetic,synthetic,synth-v1.0.0,1337,932480f22477dd00,baseline
SP-021:sul:015000:2023-08-24,SP-021:sul:015000,SP-021,sul,15.25,open-meteo:era5_seamless:-23.5:-46.8,2023-08-24,38.62,5.72,55.08,4,proactive,synthetic,synthetic,synthetic,synth-v1.0.0,1337,932480f22477dd00,baseline
SP-021:sul:015000:2023-10-30,SP-021:sul:015000,SP-021,sul,15.25,open-meteo:era5_seamless:-23.5:-46.8,2023-10-30,67.67,4.52,55.08,8,trigger,synthetic,synthetic,synthetic,synth-v1.0.0,1337,932480f22477dd00,baseline
SP-021:sul:015000:2024-01-04,SP-021:sul:015000,SP-021,sul,15.25,open-meteo:era5_seamless:-23.5:-46.8,2024-01-04,75.01,4.48,55.08,4,trigger,synthetic,synthetic,synthetic,synth-v1.0.0,1337,932480f22477dd00,baseline
SP-021:sul:015000:2024-02-25,SP-021:sul:015000,SP-021,sul,15.25,open-meteo:era5_seamless:-23.5:-46.8,2024-02-25,67.51,3.27,55.08,7,trigger,synthetic,synthetic,synthetic,synth-v1.0.0,1337,932480f22477dd00,baseline
SP-021:sul:015000:2024-04-27,SP-021:sul:015000,SP-021,sul,15.25,open-meteo:era5_seamless:-23.5:-46.8,2024-04-27,71.99,3.67,55.08,13,trigger,synthetic,synthetic,synthetic,synth-v1.0.0,1337,932480f22477dd00,baseline
SP-021:sul:015000:2024-08-27,SP-021:sul:015000,SP-021,sul,15.25,open-meteo:era5_seamless:-23.5:-46.8,2024-08-27,62.52,5.61,55.08,9,trigger,synthetic,synthetic,synthetic,synth-v1.0.0,1337,932480f22477dd00,baseline
SP-021:sul:015000:2024-10-27,SP-021:sul:015000,SP-021,sul,15.25,open-meteo:era5_seamless:-23.5:-46.8,2024-10-27,58.96,4.31,55.08,14,proactive,synthetic,synthetic,synthetic,synth-v1.0.0,1337,932480f22477dd00,baseline
SP-021:sul:015000:2024-12-30,SP-021:sul:015000,SP-021,sul,15.25,open-meteo:era5_seamless:-23.5:-46.8,2024-12-30,67.77,4.82,55.08,8,trigger,synthetic,synthetic,synthetic,synth-v1.0.0,1337,932480f22477dd00,baseline
SP-021:sul:015000:2025-02-22,SP-021:sul:015000,SP-021,sul,15.25,open-meteo:era5_seamless:-23.5:-46.8,2025-02-22,76.5,5.2,55.08,6,trigger,synthetic,synthetic,synthetic,synth-v1.0.0,1337,932480f22477dd00,baseline
SP-021:sul:015000:2025-04-20,SP-021:sul:015000,SP-021,sul,15.25,open-meteo:era5_seamless:-23.5:-46.8,2025-04-20,65.93,7.95,55.08,7,trigger,synthetic,synthetic,synthetic,synth-v1.0.0,1337,932480f22477dd00,baseline
SP-021:sul:015000:2025-09-19,SP-021:sul:015000,SP-021,sul,15.25,open-meteo:era5_seamless:-23.5:-46.8,2025-09-19,61.17,7.74,55.08,5,trigger,synthetic,synthetic,synthetic,synth-v1.0.0,1337,932480f22477dd00,baseline
SP-021:sul:015000:2025-12-12,SP-021:sul:015000,SP-021,sul,15.25,open-meteo:era5_seamless:-23.5:-46.8,2025-12-12,69.54,6.12,55.08,12,trigger,synthetic,synthetic,synthetic,synth-v1.0.0,1337,932480f22477dd00,baseline
SP-021:sul:015000:2026-01-18,SP-021:sul:015000,SP-021,sul,15.25,open-meteo:era5_seamless:-23.5:-46.8,2026-01-18,50.12,6.32,55.08,7,proactive,synthetic,synthetic,synthetic,synth-v1.0.0,1337,932480f22477dd00,baseline
SP-021:sul:015000:2026-02-22,SP-021:sul:015000,SP-021,sul,15.25,open-meteo:era5_seamless:-23.5:-46.8,2026-02-22,48.97,3.12,55.08,7,proactive,synthetic,synthetic,synthetic,synth-v1.0.0,1337,932480f22477dd00,baseline
SP-021:sul:015000:2026-04-28,SP-021:sul:015000,SP-021,sul,15.25,open-meteo:era5_seamless:-23.5:-46.8,2026-04-28,61.13,4.04,55.08,2,trigger,synthetic,synthetic,synthetic,synth-v1.0.0,1337,932480f22477dd00,baseline
SP-021:norte:015500:2023-01-25,SP-021:norte:015500,SP-021,norte,15.75,open-meteo:era5_seamless:-23.5:-46.8,2023-01-25,72.75,4.18,34.02,10,trigger,synthetic,synthetic,synthetic,synth-v1.0.0,1337,932480f22477dd00,baseline
SP-021:norte:015500:2023-03-10,SP-021:norte:015500,SP-021,norte,15.75,open-meteo:era5_seamless:-23.5:-46.8,2023-03-10,67.14,5.51,34.02,12,trigger,synthetic,synthetic,synthetic,synth-v1.0.0,1337,932480f22477dd00,baseline
SP-021:norte:015500:2023-04-21,SP-021:norte:015500,SP-021,norte,15.75,open-meteo:era5_seamless:-23.5:-46.8,2023-04-21,46.01,3.98,34.02,5,trigger,synthetic,synthetic,synthetic,synth-v1.0.0,1337,932480f22477dd00,baseline
SP-021:norte:015500:2023-08-22,SP-021:norte:015500,SP-021,norte,15.75,open-meteo:era5_seamless:-23.5:-46.8,2023-08-22,37.91,3.1,34.02,2,trigger,synthetic,synthetic,synthetic,synth-v1.0.0,1337,932480f22477dd00,baseline
SP-021:norte:015500:2023-10-18,SP-021:norte:015500,SP-021,norte,15.75,open-meteo:era5_seamless:-23.5:-46.8,2023-10-18,41.16,7.26,34.02,3,trigger,synthetic,synthetic,synthetic,synth-v1.0.0,1337,932480f22477dd00,baseline
SP-021:norte:015500:2023-11-27,SP-021:norte:015500,SP-021,norte,15.75,open-meteo:era5_seamless:-23.5:-46.8,2023-11-27,56.61,3.55,34.02,8,trigger,synthetic,synthetic,synthetic,synth-v1.0.0,1337,932480f22477dd00,baseline
SP-021:norte:015500:2024-01-13,SP-021:norte:015500,SP-021,norte,15.75,open-meteo:era5_seamless:-23.5:-46.8,2024-01-13,51.95,4.33,34.02,6,trigger,synthetic,synthetic,synthetic,synth-v1.0.0,1337,932480f22477dd00,baseline
SP-021:norte:015500:2024-02-20,SP-021:norte:015500,SP-021,norte,15.75,open-meteo:era5_seamless:-23.5:-46.8,2024-02-20,45.82,6.49,34.02,2,trigger,synthetic,synthetic,synthetic,synth-v1.0.0,1337,932480f22477dd00,baseline
SP-021:norte:015500:2024-03-25,SP-021:norte:015500,SP-021,norte,15.75,open-meteo:era5_seamless:-23.5:-46.8,2024-03-25,64.55,6.94,34.02,8,trigger,synthetic,synthetic,synthetic,synth-v1.0.0,1337,932480f22477dd00,baseline
SP-021:norte:015500:2024-05-03,SP-021:norte:015500,SP-021,norte,15.75,open-meteo:era5_seamless:-23.5:-46.8,2024-05-03,54.47,5.96,34.02,5,trigger,synthetic,synthetic,synthetic,synth-v1.0.0,1337,932480f22477dd00,baseline
SP-021:norte:015500:2024-07-19,SP-021:norte:015500,SP-021,norte,15.75,open-meteo:era5_seamless:-23.5:-46.8,2024-07-19,39.93,6.51,34.02,12,trigger,synthetic,synthetic,synthetic,synth-v1.0.0,1337,932480f22477dd00,baseline
SP-021:norte:015500:2024-09-17,SP-021:norte:015500,SP-021,norte,15.75,open-meteo:era5_seamless:-23.5:-46.8,2024-09-17,41.5,4.84,34.02,2,trigger,synthetic,synthetic,synthetic,synth-v1.0.0,1337,932480f22477dd00,baseline
SP-021:norte:015500:2024-11-11,SP-021:norte:015500,SP-021,norte,15.75,open-meteo:era5_seamless:-23.5:-46.8,2024-11-11,47.81,3.41,34.02,8,trigger,synthetic,synthetic,synthetic,synth-v1.0.0,1337,932480f22477dd00,baseline
SP-021:norte:015500:2024-12-28,SP-021:norte:015500,SP-021,norte,15.75,open-meteo:era5_seamless:-23.5:-46.8,2024-12-28,52.25,3.13,34.02,6,trigger,synthetic,synthetic,synthetic,synth-v1.0.0,1337,932480f22477dd00,baseline
SP-021:norte:015500:2025-02-10,SP-021:norte:015500,SP-021,norte,15.75,open-meteo:era5_seamless:-23.5:-46.8,2025-02-10,56.12,7.74,34.02,8,trigger,synthetic,synthetic,synthetic,synth-v1.0.0,1337,932480f22477dd00,baseline
SP-021:norte:015500:2025-03-15,SP-021:norte:015500,SP-021,norte,15.75,open-meteo:era5_seamless:-23.5:-46.8,2025-03-15,63.4,3.89,34.02,13,trigger,synthetic,synthetic,synthetic,synth-v1.0.0,1337,932480f22477dd00,baseline
SP-021:norte:015500:2025-05-06,SP-021:norte:015500,SP-021,norte,15.75,open-meteo:era5_seamless:-23.5:-46.8,2025-05-06,37.13,6.9,34.02,2,trigger,synthetic,synthetic,synthetic,synth-v1.0.0,1337,932480f22477dd00,baseline
SP-021:norte:015500:2025-09-18,SP-021:norte:015500,SP-021,norte,15.75,open-meteo:era5_seamless:-23.5:-46.8,2025-09-18,46.13,7.08,34.02,11,trigger,synthetic,synthetic,synthetic,synth-v1.0.0,1337,932480f22477dd00,baseline
SP-021:norte:015500:2025-12-07,SP-021:norte:015500,SP-021,norte,15.75,open-meteo:era5_seamless:-23.5:-46.8,2025-12-07,73.61,7.66,34.02,28,trigger,synthetic,synthetic,synthetic,synth-v1.0.0,1337,932480f22477dd00,baseline
SP-021:norte:015500:2026-01-07,SP-021:norte:015500,SP-021,norte,15.75,open-meteo:era5_seamless:-23.5:-46.8,2026-01-07,46.22,7.17,34.02,3,trigger,synthetic,synthetic,synthetic,synth-v1.0.0,1337,932480f22477dd00,baseline
SP-021:norte:015500:2026-03-11,SP-021:norte:015500,SP-021,norte,15.75,open-meteo:era5_seamless:-23.5:-46.8,2026-03-11,98.97,4.38,34.02,24,trigger,synthetic,synthetic,synthetic,synth-v1.0.0,1337,932480f22477dd00,baseline
SP-021:norte:015500:2026-04-30,SP-021:norte:015500,SP-021,norte,15.75,open-meteo:era5_seamless:-23.5:-46.8,2026-04-30,57.06,3.29,34.02,11,trigger,synthetic,synthetic,synthetic,synth-v1.0.0,1337,932480f22477dd00,baseline
SP-021:sul:015500:2023-02-24,SP-021:sul:015500,SP-021,sul,15.75,open-meteo:era5_seamless:-23.5:-46.8,2023-02-24,67.83,6.06,50.36,12,trigger,synthetic,synthetic,synthetic,synth-v1.0.0,1337,932480f22477dd00,baseline
SP-021:sul:015500:2023-04-12,SP-021:sul:015500,SP-021,sul,15.75,open-meteo:era5_seamless:-23.5:-46.8,2023-04-12,66.68,4.44,50.36,17,trigger,synthetic,synthetic,synthetic,synth-v1.0.0,1337,932480f22477dd00,baseline
SP-021:sul:015500:2023-09-15,SP-021:sul:015500,SP-021,sul,15.75,open-meteo:era5_seamless:-23.5:-46.8,2023-09-15,67.25,4.47,50.36,19,trigger,synthetic,synthetic,synthetic,synth-v1.0.0,1337,932480f22477dd00,baseline
SP-021:sul:015500:2023-11-15,SP-021:sul:015500,SP-021,sul,15.75,open-meteo:era5_seamless:-23.5:-46.8,2023-11-15,66.92,7.12,50.36,10,trigger,synthetic,synthetic,synthetic,synth-v1.0.0,1337,932480f22477dd00,baseline
SP-021:sul:015500:2024-01-03,SP-021:sul:015500,SP-021,sul,15.75,open-meteo:era5_seamless:-23.5:-46.8,2024-01-03,67.52,4.02,50.36,10,trigger,synthetic,synthetic,synthetic,synth-v1.0.0,1337,932480f22477dd00,baseline
SP-021:sul:015500:2024-03-01,SP-021:sul:015500,SP-021,sul,15.75,open-meteo:era5_seamless:-23.5:-46.8,2024-03-01,74.31,6.8,50.36,5,trigger,synthetic,synthetic,synthetic,synth-v1.0.0,1337,932480f22477dd00,baseline
SP-021:sul:015500:2024-04-21,SP-021:sul:015500,SP-021,sul,15.75,open-meteo:era5_seamless:-23.5:-46.8,2024-04-21,74.25,6.05,50.36,14,trigger,synthetic,synthetic,synthetic,synth-v1.0.0,1337,932480f22477dd00,baseline
SP-021:sul:015500:2024-07-06,SP-021:sul:015500,SP-021,sul,15.75,open-meteo:era5_seamless:-23.5:-46.8,2024-07-06,55.25,7.15,50.36,6,trigger,synthetic,synthetic,synthetic,synth-v1.0.0,1337,932480f22477dd00,baseline
SP-021:sul:015500:2024-10-01,SP-021:sul:015500,SP-021,sul,15.75,open-meteo:era5_seamless:-23.5:-46.8,2024-10-01,63.84,6.5,50.36,2,trigger,synthetic,synthetic,synthetic,synth-v1.0.0,1337,932480f22477dd00,baseline
SP-021:sul:015500:2024-12-15,SP-021:sul:015500,SP-021,sul,15.75,open-meteo:era5_seamless:-23.5:-46.8,2024-12-15,74.38,3.96,50.36,21,trigger,synthetic,synthetic,synthetic,synth-v1.0.0,1337,932480f22477dd00,baseline
SP-021:sul:015500:2025-02-11,SP-021:sul:015500,SP-021,sul,15.75,open-meteo:era5_seamless:-23.5:-46.8,2025-02-11,74.65,5.61,50.36,16,trigger,synthetic,synthetic,synthetic,synth-v1.0.0,1337,932480f22477dd00,baseline
SP-021:sul:015500:2025-03-25,SP-021:sul:015500,SP-021,sul,15.75,open-meteo:era5_seamless:-23.5:-46.8,2025-03-25,63.62,7.2,50.36,2,trigger,synthetic,synthetic,synthetic,synth-v1.0.0,1337,932480f22477dd00,baseline
SP-021:sul:015500:2025-05-28,SP-021:sul:015500,SP-021,sul,15.75,open-meteo:era5_seamless:-23.5:-46.8,2025-05-28,54.84,3.44,50.36,3,trigger,synthetic,synthetic,synthetic,synth-v1.0.0,1337,932480f22477dd00,baseline
SP-021:sul:015500:2025-11-05,SP-021:sul:015500,SP-021,sul,15.75,open-meteo:era5_seamless:-23.5:-46.8,2025-11-05,61.45,3.25,50.36,10,trigger,synthetic,synthetic,synthetic,synth-v1.0.0,1337,932480f22477dd00,baseline
SP-021:sul:015500:2026-01-10,SP-021:sul:015500,SP-021,sul,15.75,open-meteo:era5_seamless:-23.5:-46.8,2026-01-10,67.84,7.52,50.36,6,trigger,synthetic,synthetic,synthetic,synth-v1.0.0,1337,932480f22477dd00,baseline
SP-021:sul:015500:2026-02-20,SP-021:sul:015500,SP-021,sul,15.75,open-meteo:era5_seamless:-23.5:-46.8,2026-02-20,62.53,5.21,50.36,5,trigger,synthetic,synthetic,synthetic,synth-v1.0.0,1337,932480f22477dd00,baseline
SP-021:sul:015500:2026-04-08,SP-021:sul:015500,SP-021,sul,15.75,open-meteo:era5_seamless:-23.5:-46.8,2026-04-08,58.82,3.07,50.36,3,trigger,synthetic,synthetic,synthetic,synth-v1.0.0,1337,932480f22477dd00,baseline
SP-021:sul:015500:2026-08-07,SP-021:sul:015500,SP-021,sul,15.75,open-meteo:era5_seamless:-23.5:-46.8,2026-08-07,38.66,3.01,50.36,5,proactive,synthetic,synthetic,synthetic,synth-v1.0.0,1337,932480f22477dd00,baseline
SP-021:norte:016000:2023-01-25,SP-021:norte:016000,SP-021,norte,16.25,open-meteo:era5_seamless:-23.5:-46.8,2023-01-25,69.28,5.59,41.89,10,trigger,synthetic,synthetic,synthetic,synth-v1.0.0,1337,932480f22477dd00,baseline
SP-021:norte:016000:2023-03-17,SP-021:norte:016000,SP-021,norte,16.25,open-meteo:era5_seamless:-23.5:-46.8,2023-03-17,85.09,7.88,41.89,19,trigger,synthetic,synthetic,synthetic,synth-v1.0.0,1337,932480f22477dd00,baseline
SP-021:norte:016000:2023-05-17,SP-021:norte:016000,SP-021,norte,16.25,open-meteo:era5_seamless:-23.5:-46.8,2023-05-17,60.89,4.26,41.89,17,trigger,synthetic,synthetic,synthetic,synth-v1.0.0,1337,932480f22477dd00,baseline
SP-021:norte:016000:2023-09-19,SP-021:norte:016000,SP-021,norte,16.25,open-meteo:era5_seamless:-23.5:-46.8,2023-09-19,45.04,4.48,41.89,2,trigger,synthetic,synthetic,synthetic,synth-v1.0.0,1337,932480f22477dd00,baseline
SP-021:norte:016000:2023-11-14,SP-021:norte:016000,SP-021,norte,16.25,open-meteo:era5_seamless:-23.5:-46.8,2023-11-14,59.95,4.72,41.89,9,trigger,synthetic,synthetic,synthetic,synth-v1.0.0,1337,932480f22477dd00,baseline
SP-021:norte:016000:2023-12-27,SP-021:norte:016000,SP-021,norte,16.25,open-meteo:era5_seamless:-23.5:-46.8,2023-12-27,50.67,5.23,41.89,3,trigger,synthetic,synthetic,synthetic,synth-v1.0.0,1337,932480f22477dd00,baseline
SP-021:norte:016000:2024-02-11,SP-021:norte:016000,SP-021,norte,16.25,open-meteo:era5_seamless:-23.5:-46.8,2024-02-11,63.04,7.58,41.89,7,trigger,synthetic,synthetic,synthetic,synth-v1.0.0,1337,932480f22477dd00,baseline
SP-021:norte:016000:2024-03-16,SP-021:norte:016000,SP-021,norte,16.25,open-meteo:era5_seamless:-23.5:-46.8,2024-03-16,63.75,4.61,41.89,6,trigger,synthetic,synthetic,synthetic,synth-v1.0.0,1337,932480f22477dd00,baseline
SP-021:norte:016000:2024-04-30,SP-021:norte:016000,SP-021,norte,16.25,open-meteo:era5_seamless:-23.5:-46.8,2024-04-30,53.41,4.83,41.89,2,trigger,synthetic,synthetic,synthetic,synth-v1.0.0,1337,932480f22477dd00,baseline
SP-021:norte:016000:2024-08-08,SP-021:norte:016000,SP-021,norte,16.25,open-meteo:era5_seamless:-23.5:-46.8,2024-08-08,47.33,7.7,41.89,4,trigger,synthetic,synthetic,synthetic,synth-v1.0.0,1337,932480f22477dd00,baseline
SP-021:norte:016000:2024-10-10,SP-021:norte:016000,SP-021,norte,16.25,open-meteo:era5_seamless:-23.5:-46.8,2024-10-10,58.55,6.12,41.89,11,trigger,synthetic,synthetic,synthetic,synth-v1.0.0,1337,932480f22477dd00,baseline
SP-021:norte:016000:2024-12-04,SP-021:norte:016000,SP-021,norte,16.25,open-meteo:era5_seamless:-23.5:-46.8,2024-12-04,58.02,3.67,41.89,3,trigger,synthetic,synthetic,synthetic,synth-v1.0.0,1337,932480f22477dd00,baseline
SP-021:norte:016000:2025-01-24,SP-021:norte:016000,SP-021,norte,16.25,open-meteo:era5_seamless:-23.5:-46.8,2025-01-24,64.7,4.89,41.89,5,trigger,synthetic,synthetic,synthetic,synth-v1.0.0,1337,932480f22477dd00,baseline
SP-021:norte:016000:2025-03-03,SP-021:norte:016000,SP-021,norte,16.25,open-meteo:era5_seamless:-23.5:-46.8,2025-03-03,66.5,6.69,41.89,8,trigger,synthetic,synthetic,synthetic,synth-v1.0.0,1337,932480f22477dd00,baseline
SP-021:norte:016000:2025-05-01,SP-021:norte:016000,SP-021,norte,16.25,open-meteo:era5_seamless:-23.5:-46.8,2025-05-01,71.44,6.24,41.89,18,trigger,synthetic,synthetic,synthetic,synth-v1.0.0,1337,932480f22477dd00,baseline
SP-021:norte:016000:2025-09-23,SP-021:norte:016000,SP-021,norte,16.25,open-meteo:era5_seamless:-23.5:-46.8,2025-09-23,54.66,7.34,41.89,9,trigger,synthetic,synthetic,synthetic,synth-v1.0.0,1337,932480f22477dd00,baseline
SP-021:norte:016000:2025-12-11,SP-021:norte:016000,SP-021,norte,16.25,open-meteo:era5_seamless:-23.5:-46.8,2025-12-11,75.39,7.93,41.89,11,trigger,synthetic,synthetic,synthetic,synth-v1.0.0,1337,932480f22477dd00,baseline
SP-021:norte:016000:2026-01-19,SP-021:norte:016000,SP-021,norte,16.25,open-meteo:era5_seamless:-23.5:-46.8,2026-01-19,65.05,4.64,41.89,8,trigger,synthetic,synthetic,synthetic,synth-v1.0.0,1337,932480f22477dd00,baseline
SP-021:norte:016000:2026-03-06,SP-021:norte:016000,SP-021,norte,16.25,open-meteo:era5_seamless:-23.5:-46.8,2026-03-06,60.62,3.42,41.89,12,trigger,synthetic,synthetic,synthetic,synth-v1.0.0,1337,932480f22477dd00,baseline
SP-021:norte:016000:2026-05-03,SP-021:norte:016000,SP-021,norte,16.25,open-meteo:era5_seamless:-23.5:-46.8,2026-05-03,58.37,3.4,41.89,7,trigger,synthetic,synthetic,synthetic,synth-v1.0.0,1337,932480f22477dd00,baseline
SP-021:sul:016000:2023-01-21,SP-021:sul:016000,SP-021,sul,16.25,open-meteo:era5_seamless:-23.5:-46.8,2023-01-21,51.93,4.89,39.06,6,trigger,synthetic,synthetic,synthetic,synth-v1.0.0,1337,932480f22477dd00,baseline
SP-021:sul:016000:2023-02-28,SP-021:sul:016000,SP-021,sul,16.25,open-meteo:era5_seamless:-23.5:-46.8,2023-02-28,51.7,4.67,39.06,2,trigger,synthetic,synthetic,synthetic,synth-v1.0.0,1337,932480f22477dd00,baseline
SP-021:sul:016000:2023-04-04,SP-021:sul:016000,SP-021,sul,16.25,open-meteo:era5_seamless:-23.5:-46.8,2023-04-04,41.05,5.02,39.06,2,trigger,synthetic,synthetic,synthetic,synth-v1.0.0,1337,932480f22477dd00,baseline
SP-021:sul:016000:2023-08-05,SP-021:sul:016000,SP-021,sul,16.25,open-meteo:era5_seamless:-23.5:-46.8,2023-08-05,43.67,6.09,39.06,6,trigger,synthetic,synthetic,synthetic,synth-v1.0.0,1337,932480f22477dd00,baseline
SP-021:sul:016000:2023-10-06,SP-021:sul:016000,SP-021,sul,16.25,open-meteo:era5_seamless:-23.5:-46.8,2023-10-06,53.55,3.83,39.06,12,trigger,synthetic,synthetic,synthetic,synth-v1.0.0,1337,932480f22477dd00,baseline
SP-021:sul:016000:2023-11-25,SP-021:sul:016000,SP-021,sul,16.25,open-meteo:era5_seamless:-23.5:-46.8,2023-11-25,51.46,6.39,39.06,6,trigger,synthetic,synthetic,synthetic,synth-v1.0.0,1337,932480f22477dd00,baseline
SP-021:sul:016000:2023-12-29,SP-021:sul:016000,SP-021,sul,16.25,open-meteo:era5_seamless:-23.5:-46.8,2023-12-29,49.68,7.09,39.06,5,trigger,synthetic,synthetic,synthetic,synth-v1.0.0,1337,932480f22477dd00,baseline
SP-021:sul:016000:2024-02-08,SP-021:sul:016000,SP-021,sul,16.25,open-meteo:era5_seamless:-23.5:-46.8,2024-02-08,54.84,6.16,39.06,4,trigger,synthetic,synthetic,synthetic,synth-v1.0.0,1337,932480f22477dd00,baseline
SP-021:sul:016000:2024-03-19,SP-021:sul:016000,SP-021,sul,16.25,open-meteo:era5_seamless:-23.5:-46.8,2024-03-19,58.97,5.05,39.06,9,trigger,synthetic,synthetic,synthetic,synth-v1.0.0,1337,932480f22477dd00,baseline
SP-021:sul:016000:2024-05-07,SP-021:sul:016000,SP-021,sul,16.25,open-meteo:era5_seamless:-23.5:-46.8,2024-05-07,55.4,5.46,39.06,9,trigger,synthetic,synthetic,synthetic,synth-v1.0.0,1337,932480f22477dd00,baseline
SP-021:sul:016000:2024-08-21,SP-021:sul:016000,SP-021,sul,16.25,open-meteo:era5_seamless:-23.5:-46.8,2024-08-21,48.26,3.0,39.06,10,trigger,synthetic,synthetic,synthetic,synth-v1.0.0,1337,932480f22477dd00,baseline
SP-021:sul:016000:2024-10-25,SP-021:sul:016000,SP-021,sul,16.25,open-meteo:era5_seamless:-23.5:-46.8,2024-10-25,46.65,4.13,39.06,5,trigger,synthetic,synthetic,synthetic,synth-v1.0.0,1337,932480f22477dd00,baseline
SP-021:sul:016000:2024-12-18,SP-021:sul:016000,SP-021,sul,16.25,open-meteo:era5_seamless:-23.5:-46.8,2024-12-18,52.72,5.17,39.06,10,trigger,synthetic,synthetic,synthetic,synth-v1.0.0,1337,932480f22477dd00,baseline
SP-021:sul:016000:2025-02-05,SP-021:sul:016000,SP-021,sul,16.25,open-meteo:era5_seamless:-23.5:-46.8,2025-02-05,61.1,4.15,39.06,10,trigger,synthetic,synthetic,synthetic,synth-v1.0.0,1337,932480f22477dd00,baseline
SP-021:sul:016000:2025-03-09,SP-021:sul:016000,SP-021,sul,16.25,open-meteo:era5_seamless:-23.5:-46.8,2025-03-09,49.41,5.07,39.06,7,trigger,synthetic,synthetic,synthetic,synth-v1.0.0,1337,932480f22477dd00,baseline
SP-021:sul:016000:2025-04-23,SP-021:sul:016000,SP-021,sul,16.25,open-meteo:era5_seamless:-23.5:-46.8,2025-04-23,44.34,3.37,39.06,3,trigger,synthetic,synthetic,synthetic,synth-v1.0.0,1337,932480f22477dd00,baseline
SP-021:sul:016000:2025-09-28,SP-021:sul:016000,SP-021,sul,16.25,open-meteo:era5_seamless:-23.5:-46.8,2025-09-28,50.13,5.96,39.06,7,trigger,synthetic,synthetic,synthetic,synth-v1.0.0,1337,932480f22477dd00,baseline
SP-021:sul:016000:2025-11-22,SP-021:sul:016000,SP-021,sul,16.25,open-meteo:era5_seamless:-23.5:-46.8,2025-11-22,38.72,6.55,39.06,6,proactive,synthetic,synthetic,synthetic,synth-v1.0.0,1337,932480f22477dd00,baseline
SP-021:sul:016000:2026-01-15,SP-021:sul:016000,SP-021,sul,16.25,open-meteo:era5_seamless:-23.5:-46.8,2026-01-15,63.57,4.95,39.06,18,trigger,synthetic,synthetic,synthetic,synth-v1.0.0,1337,932480f22477dd00,baseline
SP-021:sul:016000:2026-02-28,SP-021:sul:016000,SP-021,sul,16.25,open-meteo:era5_seamless:-23.5:-46.8,2026-02-28,55.91,5.42,39.06,6,trigger,synthetic,synthetic,synthetic,synth-v1.0.0,1337,932480f22477dd00,baseline
SP-021:sul:016000:2026-04-12,SP-021:sul:016000,SP-021,sul,16.25,open-meteo:era5_seamless:-23.5:-46.8,2026-04-12,52.62,7.13,39.06,7,trigger,synthetic,synthetic,synthetic,synth-v1.0.0,1337,932480f22477dd00,baseline
SP-021:sul:016000:2026-07-21,SP-021:sul:016000,SP-021,sul,16.25,open-meteo:era5_seamless:-23.5:-46.8,2026-07-21,39.72,6.41,39.06,2,trigger,synthetic,synthetic,synthetic,synth-v1.0.0,1337,932480f22477dd00,baseline
SP-021:norte:016500:2023-01-24,SP-021:norte:016500,SP-021,norte,16.75,open-meteo:era5_seamless:-23.5:-46.8,2023-01-24,75.97,7.94,45.12,9,trigger,synthetic,synthetic,synthetic,synth-v1.0.0,1337,932480f22477dd00,baseline
SP-021:norte:016500:2023-03-01,SP-021:norte:016500,SP-021,norte,16.75,open-meteo:era5_seamless:-23.5:-46.8,2023-03-01,66.21,4.36,45.12,3,trigger,synthetic,synthetic,synthetic,synth-v1.0.0,1337,932480f22477dd00,baseline
SP-021:norte:016500:2023-04-17,SP-021:norte:016500,SP-021,norte,16.75,open-meteo:era5_seamless:-23.5:-46.8,2023-04-17,60.26,4.81,45.12,8,trigger,synthetic,synthetic,synthetic,synth-v1.0.0,1337,932480f22477dd00,baseline
SP-021:norte:016500:2023-08-24,SP-021:norte:016500,SP-021,norte,16.75,open-meteo:era5_seamless:-23.5:-46.8,2023-08-24,51.66,4.36,45.12,4,trigger,synthetic,synthetic,synthetic,synth-v1.0.0,1337,932480f22477dd00,baseline
SP-021:norte:016500:2023-10-21,SP-021:norte:016500,SP-021,norte,16.75,open-meteo:era5_seamless:-23.5:-46.8,2023-10-21,53.67,7.2,45.12,6,trigger,synthetic,synthetic,synthetic,synth-v1.0.0,1337,932480f22477dd00,baseline
SP-021:norte:016500:2023-11-29,SP-021:norte:016500,SP-021,norte,16.75,open-meteo:era5_seamless:-23.5:-46.8,2023-11-29,55.04,7.44,45.12,3,trigger,synthetic,synthetic,synthetic,synth-v1.0.0,1337,932480f22477dd00,baseline
SP-021:norte:016500:2024-01-02,SP-021:norte:016500,SP-021,norte,16.75,open-meteo:era5_seamless:-23.5:-46.8,2024-01-02,54.89,4.16,45.12,2,trigger,synthetic,synthetic,synthetic,synth-v1.0.0,1337,932480f22477dd00,baseline
SP-021:norte:016500:2024-02-19,SP-021:norte:016500,SP-021,norte,16.75,open-meteo:era5_seamless:-23.5:-46.8,2024-02-19,68.84,7.43,45.12,8,trigger,synthetic,synthetic,synthetic,synth-v1.0.0,1337,932480f22477dd00,baseline
SP-021:norte:016500:2024-03-29,SP-021:norte:016500,SP-021,norte,16.75,open-meteo:era5_seamless:-23.5:-46.8,2024-03-29,77.23,7.95,45.12,12,trigger,synthetic,synthetic,synthetic,synth-v1.0.0,1337,932480f22477dd00,baseline
SP-021:norte:016500:2024-05-17,SP-021:norte:016500,SP-021,norte,16.75,open-meteo:era5_seamless:-23.5:-46.8,2024-05-17,72.7,4.49,45.12,12,trigger,synthetic,synthetic,synthetic,synth-v1.0.0,1337,932480f22477dd00,baseline
SP-021:norte:016500:2024-09-23,SP-021:norte:016500,SP-021,norte,16.75,open-meteo:era5_seamless:-23.5:-46.8,2024-09-23,74.25,7.61,45.12,15,trigger,synthetic,synthetic,synthetic,synth-v1.0.0,1337,932480f22477dd00,baseline
SP-021:norte:016500:2024-11-16,SP-021:norte:016500,SP-021,norte,16.75,open-meteo:era5_seamless:-23.5:-46.8,2024-11-16,59.12,5.56,45.12,6,trigger,synthetic,synthetic,synthetic,synth-v1.0.0,1337,932480f22477dd00,baseline
SP-021:norte:016500:2024-12-25,SP-021:norte:016500,SP-021,norte,16.75,open-meteo:era5_seamless:-23.5:-46.8,2024-12-25,50.11,6.45,45.12,3,trigger,synthetic,synthetic,synthetic,synth-v1.0.0,1337,932480f22477dd00,baseline
SP-021:norte:016500:2025-02-01,SP-021:norte:016500,SP-021,norte,16.75,open-meteo:era5_seamless:-23.5:-46.8,2025-02-01,65.08,7.48,45.12,6,trigger,synthetic,synthetic,synthetic,synth-v1.0.0,1337,932480f22477dd00,baseline
SP-021:norte:016500:2025-03-21,SP-021:norte:016500,SP-021,norte,16.75,open-meteo:era5_seamless:-23.5:-46.8,2025-03-21,86.14,5.62,45.12,19,trigger,synthetic,synthetic,synthetic,synth-v1.0.0,1337,932480f22477dd00,baseline
SP-021:norte:016500:2025-05-20,SP-021:norte:016500,SP-021,norte,16.75,open-meteo:era5_seamless:-23.5:-46.8,2025-05-20,57.18,5.18,45.12,9,trigger,synthetic,synthetic,synthetic,synth-v1.0.0,1337,932480f22477dd00,baseline
SP-021:norte:016500:2025-10-21,SP-021:norte:016500,SP-021,norte,16.75,open-meteo:era5_seamless:-23.5:-46.8,2025-10-21,63.45,5.43,45.12,16,trigger,synthetic,synthetic,synthetic,synth-v1.0.0,1337,932480f22477dd00,baseline
SP-021:norte:016500:2025-12-25,SP-021:norte:016500,SP-021,norte,16.75,open-meteo:era5_seamless:-23.5:-46.8,2025-12-25,67.92,6.86,45.12,11,trigger,synthetic,synthetic,synthetic,synth-v1.0.0,1337,932480f22477dd00,baseline
SP-021:norte:016500:2026-02-06,SP-021:norte:016500,SP-021,norte,16.75,open-meteo:era5_seamless:-23.5:-46.8,2026-02-06,61.25,3.36,45.12,5,trigger,synthetic,synthetic,synthetic,synth-v1.0.0,1337,932480f22477dd00,baseline
SP-021:norte:016500:2026-03-27,SP-021:norte:016500,SP-021,norte,16.75,open-meteo:era5_seamless:-23.5:-46.8,2026-03-27,68.18,5.84,45.12,5,trigger,synthetic,synthetic,synthetic,synth-v1.0.0,1337,932480f22477dd00,baseline
SP-021:norte:016500:2026-05-26,SP-021:norte:016500,SP-021,norte,16.75,open-meteo:era5_seamless:-23.5:-46.8,2026-05-26,49.91,4.64,45.12,9,trigger,synthetic,synthetic,synthetic,synth-v1.0.0,1337,932480f22477dd00,baseline
SP-021:sul:016500:2023-02-02,SP-021:sul:016500,SP-021,sul,16.75,open-meteo:era5_seamless:-23.5:-46.8,2023-02-02,65.8,5.58,48.95,4,trigger,synthetic,synthetic,synthetic,synth-v1.0.0,1337,932480f22477dd00,baseline
SP-021:sul:016500:2023-03-10,SP-021:sul:016500,SP-021,sul,16.75,open-meteo:era5_seamless:-23.5:-46.8,2023-03-10,62.5,3.13,48.95,5,trigger,synthetic,synthetic,synthetic,synth-v1.0.0,1337,932480f22477dd00,baseline
SP-021:sul:016500:2023-05-11,SP-021:sul:016500,SP-021,sul,16.75,open-meteo:era5_seamless:-23.5:-46.8,2023-05-11,59.05,5.56,48.95,4,trigger,synthetic,synthetic,synthetic,synth-v1.0.0,1337,932480f22477dd00,baseline
SP-021:sul:016500:2023-09-16,SP-021:sul:016500,SP-021,sul,16.75,open-meteo:era5_seamless:-23.5:-46.8,2023-09-16,55.83,4.79,48.95,6,trigger,synthetic,synthetic,synthetic,synth-v1.0.0,1337,932480f22477dd00,baseline
SP-021:sul:016500:2023-11-01,SP-021:sul:016500,SP-021,sul,16.75,open-meteo:era5_seamless:-23.5:-46.8,2023-11-01,58.62,3.59,48.95,3,trigger,synthetic,synthetic,synthetic,synth-v1.0.0,1337,932480f22477dd00,baseline
SP-021:sul:016500:2023-12-27,SP-021:sul:016500,SP-021,sul,16.75,open-meteo:era5_seamless:-23.5:-46.8,2023-12-27,79.53,6.27,48.95,10,trigger,synthetic,synthetic,synthetic,synth-v1.0.0,1337,932480f22477dd00,baseline
SP-021:sul:016500:2024-02-14,SP-021:sul:016500,SP-021,sul,16.75,open-meteo:era5_seamless:-23.5:-46.8,2024-02-14,78.78,4.86,48.95,10,trigger,synthetic,synthetic,synthetic,synth-v1.0.0,1337,932480f22477dd00,baseline
SP-021:sul:016500:2024-03-31,SP-021:sul:016500,SP-021,sul,16.75,open-meteo:era5_seamless:-23.5:-46.8,2024-03-31,80.82,4.97,48.95,7,trigger,synthetic,synthetic,synthetic,synth-v1.0.0,1337,932480f22477dd00,baseline
SP-021:sul:016500:2024-05-24,SP-021:sul:016500,SP-021,sul,16.75,open-meteo:era5_seamless:-23.5:-46.8,2024-05-24,69.26,7.47,48.95,12,trigger,synthetic,synthetic,synthetic,synth-v1.0.0,1337,932480f22477dd00,baseline
SP-021:sul:016500:2024-08-28,SP-021:sul:016500,SP-021,sul,16.75,open-meteo:era5_seamless:-23.5:-46.8,2024-08-28,49.49,3.67,48.95,3,trigger,synthetic,synthetic,synthetic,synth-v1.0.0,1337,932480f22477dd00,baseline
SP-021:sul:016500:2024-11-03,SP-021:sul:016500,SP-021,sul,16.75,open-meteo:era5_seamless:-23.5:-46.8,2024-11-03,63.76,5.17,48.95,7,trigger,synthetic,synthetic,synthetic,synth-v1.0.0,1337,932480f22477dd00,baseline
SP-021:sul:016500:2024-12-17,SP-021:sul:016500,SP-021,sul,16.75,open-meteo:era5_seamless:-23.5:-46.8,2024-12-17,56.75,4.77,48.95,2,trigger,synthetic,synthetic,synthetic,synth-v1.0.0,1337,932480f22477dd00,baseline
SP-021:sul:016500:2025-02-01,SP-021:sul:016500,SP-021,sul,16.75,open-meteo:era5_seamless:-23.5:-46.8,2025-02-01,76.8,7.11,48.95,6,trigger,synthetic,synthetic,synthetic,synth-v1.0.0,1337,932480f22477dd00,baseline
SP-021:sul:016500:2025-03-04,SP-021:sul:016500,SP-021,sul,16.75,open-meteo:era5_seamless:-23.5:-46.8,2025-03-04,69.04,3.82,48.95,2,trigger,synthetic,synthetic,synthetic,synth-v1.0.0,1337,932480f22477dd00,baseline
SP-021:sul:016500:2025-05-04,SP-021:sul:016500,SP-021,sul,16.75,open-meteo:era5_seamless:-23.5:-46.8,2025-05-04,62.18,6.12,48.95,7,trigger,synthetic,synthetic,synthetic,synth-v1.0.0,1337,932480f22477dd00,baseline
SP-021:sul:016500:2025-09-27,SP-021:sul:016500,SP-021,sul,16.75,open-meteo:era5_seamless:-23.5:-46.8,2025-09-27,58.6,4.62,48.95,6,trigger,synthetic,synthetic,synthetic,synth-v1.0.0,1337,932480f22477dd00,baseline
SP-021:sul:016500:2025-12-16,SP-021:sul:016500,SP-021,sul,16.75,open-meteo:era5_seamless:-23.5:-46.8,2025-12-16,74.72,6.15,48.95,9,trigger,synthetic,synthetic,synthetic,synth-v1.0.0,1337,932480f22477dd00,baseline
SP-021:sul:016500:2026-01-30,SP-021:sul:016500,SP-021,sul,16.75,open-meteo:era5_seamless:-23.5:-46.8,2026-01-30,69.34,3.66,48.95,12,trigger,synthetic,synthetic,synthetic,synth-v1.0.0,1337,932480f22477dd00,baseline
SP-021:sul:016500:2026-03-17,SP-021:sul:016500,SP-021,sul,16.75,open-meteo:era5_seamless:-23.5:-46.8,2026-03-17,62.28,7.63,48.95,9,trigger,synthetic,synthetic,synthetic,synth-v1.0.0,1337,932480f22477dd00,baseline
SP-021:sul:016500:2026-05-13,SP-021:sul:016500,SP-021,sul,16.75,open-meteo:era5_seamless:-23.5:-46.8,2026-05-13,73.77,5.13,48.95,17,trigger,synthetic,synthetic,synthetic,synth-v1.0.0,1337,932480f22477dd00,baseline
SP-021:norte:017000:2023-01-28,SP-021:norte:017000,SP-021,norte,17.25,open-meteo:era5_seamless:-23.5:-46.8,2023-01-28,65.11,4.06,47.45,6,trigger,synthetic,synthetic,synthetic,synth-v1.0.0,1337,932480f22477dd00,baseline
SP-021:norte:017000:2023-03-16,SP-021:norte:017000,SP-021,norte,17.25,open-meteo:era5_seamless:-23.5:-46.8,2023-03-16,58.76,4.55,47.45,4,trigger,synthetic,synthetic,synthetic,synth-v1.0.0,1337,932480f22477dd00,baseline
SP-021:norte:017000:2023-07-08,SP-021:norte:017000,SP-021,norte,17.25,open-meteo:era5_seamless:-23.5:-46.8,2023-07-08,50.59,4.3,47.45,13,trigger,synthetic,synthetic,synthetic,synth-v1.0.0,1337,932480f22477dd00,baseline
SP-021:norte:017000:2023-10-11,SP-021:norte:017000,SP-021,norte,17.25,open-meteo:era5_seamless:-23.5:-46.8,2023-10-11,62.91,3.92,47.45,10,trigger,synthetic,synthetic,synthetic,synth-v1.0.0,1337,932480f22477dd00,baseline
SP-021:norte:017000:2023-12-06,SP-021:norte:017000,SP-021,norte,17.25,open-meteo:era5_seamless:-23.5:-46.8,2023-12-06,58.86,5.76,47.45,3,trigger,synthetic,synthetic,synthetic,synth-v1.0.0,1337,932480f22477dd00,baseline
SP-021:norte:017000:2024-01-18,SP-021:norte:017000,SP-021,norte,17.25,open-meteo:era5_seamless:-23.5:-46.8,2024-01-18,55.25,5.55,47.45,4,trigger,synthetic,synthetic,synthetic,synth-v1.0.0,1337,932480f22477dd00,baseline
SP-021:norte:017000:2024-03-08,SP-021:norte:017000,SP-021,norte,17.25,open-meteo:era5_seamless:-23.5:-46.8,2024-03-08,65.07,5.84,47.45,5,trigger,synthetic,synthetic,synthetic,synth-v1.0.0,1337,932480f22477dd00,baseline
SP-021:norte:017000:2024-04-20,SP-021:norte:017000,SP-021,norte,17.25,open-meteo:era5_seamless:-23.5:-46.8,2024-04-20,55.2,7.06,47.45,6,trigger,synthetic,synthetic,synthetic,synth-v1.0.0,1337,932480f22477dd00,baseline
SP-021:norte:017000:2024-07-12,SP-021:norte:017000,SP-021,norte,17.25,open-meteo:era5_seamless:-23.5:-46.8,2024-07-12,58.23,6.88,47.45,19,trigger,synthetic,synthetic,synthetic,synth-v1.0.0,1337,932480f22477dd00,baseline
SP-021:norte:017000:2024-10-02,SP-021:norte:017000,SP-021,norte,17.25,open-meteo:era5_seamless:-23.5:-46.8,2024-10-02,59.77,4.82,47.45,3,trigger,synthetic,synthetic,synthetic,synth-v1.0.0,1337,932480f22477dd00,baseline
SP-021:norte:017000:2024-12-03,SP-021:norte:017000,SP-021,norte,17.25,open-meteo:era5_seamless:-23.5:-46.8,2024-12-03,56.55,4.97,47.45,2,trigger,synthetic,synthetic,synthetic,synth-v1.0.0,1337,932480f22477dd00,baseline
SP-021:norte:017000:2025-01-31,SP-021:norte:017000,SP-021,norte,17.25,open-meteo:era5_seamless:-23.5:-46.8,2025-01-31,71.64,7.74,47.45,12,trigger,synthetic,synthetic,synthetic,synth-v1.0.0,1337,932480f22477dd00,baseline
SP-021:norte:017000:2025-03-06,SP-021:norte:017000,SP-021,norte,17.25,open-meteo:era5_seamless:-23.5:-46.8,2025-03-06,58.53,7.31,47.45,4,trigger,synthetic,synthetic,synthetic,synth-v1.0.0,1337,932480f22477dd00,baseline
SP-021:norte:017000:2025-05-05,SP-021:norte:017000,SP-021,norte,17.25,open-meteo:era5_seamless:-23.5:-46.8,2025-05-05,58.79,5.75,47.45,15,trigger,synthetic,synthetic,synthetic,synth-v1.0.0,1337,932480f22477dd00,baseline
SP-021:norte:017000:2025-09-27,SP-021:norte:017000,SP-021,norte,17.25,open-meteo:era5_seamless:-23.5:-46.8,2025-09-27,45.18,7.21,47.45,6,proactive,synthetic,synthetic,synthetic,synth-v1.0.0,1337,932480f22477dd00,baseline
SP-021:norte:017000:2025-12-09,SP-021:norte:017000,SP-021,norte,17.25,open-meteo:era5_seamless:-23.5:-46.8,2025-12-09,59.16,5.0,47.45,9,trigger,synthetic,synthetic,synthetic,synth-v1.0.0,1337,932480f22477dd00,baseline
SP-021:norte:017000:2026-01-27,SP-021:norte:017000,SP-021,norte,17.25,open-meteo:era5_seamless:-23.5:-46.8,2026-01-27,58.1,7.67,47.45,9,trigger,synthetic,synthetic,synthetic,synth-v1.0.0,1337,932480f22477dd00,baseline
SP-021:norte:017000:2026-03-08,SP-021:norte:017000,SP-021,norte,17.25,open-meteo:era5_seamless:-23.5:-46.8,2026-03-08,59.91,5.8,47.45,7,trigger,synthetic,synthetic,synthetic,synth-v1.0.0,1337,932480f22477dd00,baseline
SP-021:norte:017000:2026-05-01,SP-021:norte:017000,SP-021,norte,17.25,open-meteo:era5_seamless:-23.5:-46.8,2026-05-01,59.53,7.42,47.45,5,trigger,synthetic,synthetic,synthetic,synth-v1.0.0,1337,932480f22477dd00,baseline
SP-021:sul:017000:2023-02-07,SP-021:sul:017000,SP-021,sul,17.25,open-meteo:era5_seamless:-23.5:-46.8,2023-02-07,77.03,6.05,55.15,9,trigger,synthetic,synthetic,synthetic,synth-v1.0.0,1337,932480f22477dd00,baseline
SP-021:sul:017000:2023-03-16,SP-021:sul:017000,SP-021,sul,17.25,open-meteo:era5_seamless:-23.5:-46.8,2023-03-16,70.17,5.72,55.15,4,trigger,synthetic,synthetic,synthetic,synth-v1.0.0,1337,932480f22477dd00,baseline
SP-021:sul:017000:2023-05-09,SP-021:sul:017000,SP-021,sul,17.25,open-meteo:era5_seamless:-23.5:-46.8,2023-05-09,58.85,4.51,55.15,2,trigger,synthetic,synthetic,synthetic,synth-v1.0.0,1337,932480f22477dd00,baseline
SP-021:sul:017000:2023-09-22,SP-021:sul:017000,SP-021,sul,17.25,open-meteo:era5_seamless:-23.5:-46.8,2023-09-22,64.05,3.96,55.15,5,trigger,synthetic,synthetic,synthetic,synth-v1.0.0,1337,932480f22477dd00,baseline
SP-021:sul:017000:2023-11-14,SP-021:sul:017000,SP-021,sul,17.25,open-meteo:era5_seamless:-23.5:-46.8,2023-11-14,62.64,6.74,55.15,2,trigger,synthetic,synthetic,synthetic,synth-v1.0.0,1337,932480f22477dd00,baseline
SP-021:sul:017000:2023-12-28,SP-021:sul:017000,SP-021,sul,17.25,open-meteo:era5_seamless:-23.5:-46.8,2023-12-28,73.08,7.76,55.15,4,trigger,synthetic,synthetic,synthetic,synth-v1.0.0,1337,932480f22477dd00,baseline
SP-021:sul:017000:2024-02-09,SP-021:sul:017000,SP-021,sul,17.25,open-meteo:era5_seamless:-23.5:-46.8,2024-02-09,73.19,5.09,55.15,5,trigger,synthetic,synthetic,synthetic,synth-v1.0.0,1337,932480f22477dd00,baseline
SP-021:sul:017000:2024-03-18,SP-021:sul:017000,SP-021,sul,17.25,open-meteo:era5_seamless:-23.5:-46.8,2024-03-18,75.47,4.08,55.15,8,trigger,synthetic,synthetic,synthetic,synth-v1.0.0,1337,932480f22477dd00,baseline
SP-021:sul:017000:2024-05-11,SP-021:sul:017000,SP-021,sul,17.25,open-meteo:era5_seamless:-23.5:-46.8,2024-05-11,74.12,7.28,55.15,6,trigger,synthetic,synthetic,synthetic,synth-v1.0.0,1337,932480f22477dd00,baseline
SP-021:sul:017000:2024-09-06,SP-021:sul:017000,SP-021,sul,17.25,open-meteo:era5_seamless:-23.5:-46.8,2024-09-06,72.33,7.44,55.15,12,trigger,synthetic,synthetic,synthetic,synth-v1.0.0,1337,932480f22477dd00,baseline
SP-021:sul:017000:2024-11-01,SP-021:sul:017000,SP-021,sul,17.25,open-meteo:era5_seamless:-23.5:-46.8,2024-11-01,64.54,3.93,55.15,5,trigger,synthetic,synthetic,synthetic,synth-v1.0.0,1337,932480f22477dd00,baseline
SP-021:sul:017000:2024-12-25,SP-021:sul:017000,SP-021,sul,17.25,open-meteo:era5_seamless:-23.5:-46.8,2024-12-25,68.39,6.44,55.15,3,trigger,synthetic,synthetic,synthetic,synth-v1.0.0,1337,932480f22477dd00,baseline
SP-021:sul:017000:2025-02-09,SP-021:sul:017000,SP-021,sul,17.25,open-meteo:era5_seamless:-23.5:-46.8,2025-02-09,81.29,6.06,55.15,14,trigger,synthetic,synthetic,synthetic,synth-v1.0.0,1337,932480f22477dd00,baseline
SP-021:sul:017000:2025-03-12,SP-021:sul:017000,SP-021,sul,17.25,open-meteo:era5_seamless:-23.5:-46.8,2025-03-12,60.07,7.49,55.15,3,trigger,synthetic,synthetic,synthetic,synth-v1.0.0,1337,932480f22477dd00,baseline
SP-021:sul:017000:2025-05-04,SP-021:sul:017000,SP-021,sul,17.25,open-meteo:era5_seamless:-23.5:-46.8,2025-05-04,67.12,5.2,55.15,7,trigger,synthetic,synthetic,synthetic,synth-v1.0.0,1337,932480f22477dd00,baseline
SP-021:sul:017000:2025-10-09,SP-021:sul:017000,SP-021,sul,17.25,open-meteo:era5_seamless:-23.5:-46.8,2025-10-09,69.41,5.96,55.15,11,trigger,synthetic,synthetic,synthetic,synth-v1.0.0,1337,932480f22477dd00,baseline
SP-021:sul:017000:2025-12-29,SP-021:sul:017000,SP-021,sul,17.25,open-meteo:era5_seamless:-23.5:-46.8,2025-12-29,84.54,3.26,55.15,8,trigger,synthetic,synthetic,synthetic,synth-v1.0.0,1337,932480f22477dd00,baseline
SP-021:sul:017000:2026-02-24,SP-021:sul:017000,SP-021,sul,17.25,open-meteo:era5_seamless:-23.5:-46.8,2026-02-24,80.46,6.62,55.15,2,trigger,synthetic,synthetic,synthetic,synth-v1.0.0,1337,932480f22477dd00,baseline
SP-021:sul:017000:2026-04-14,SP-021:sul:017000,SP-021,sul,17.25,open-meteo:era5_seamless:-23.5:-46.8,2026-04-14,73.39,4.84,55.15,9,trigger,synthetic,synthetic,synthetic,synth-v1.0.0,1337,932480f22477dd00,baseline
SP-021:sul:017000:2026-09-01,SP-021:sul:017000,SP-021,sul,17.25,open-meteo:era5_seamless:-23.5:-46.8,2026-09-01,70.75,7.08,55.15,11,trigger,synthetic,synthetic,synthetic,synth-v1.0.0,1337,932480f22477dd00,baseline
SP-021:norte:017500:2023-01-18,SP-021:norte:017500,SP-021,norte,17.75,open-meteo:era5_seamless:-23.5:-46.8,2023-01-18,36.53,4.07,45.18,3,proactive,synthetic,synthetic,synthetic,synth-v1.0.0,1337,932480f22477dd00,baseline
SP-021:norte:017500:2023-03-07,SP-021:norte:017500,SP-021,norte,17.75,open-meteo:era5_seamless:-23.5:-46.8,2023-03-07,71.27,7.53,45.18,9,trigger,synthetic,synthetic,synthetic,synth-v1.0.0,1337,932480f22477dd00,baseline
SP-021:norte:017500:2023-04-30,SP-021:norte:017500,SP-021,norte,17.75,open-meteo:era5_seamless:-23.5:-46.8,2023-04-30,61.56,6.26,45.18,14,trigger,synthetic,synthetic,synthetic,synth-v1.0.0,1337,932480f22477dd00,baseline
SP-021:norte:017500:2023-09-13,SP-021:norte:017500,SP-021,norte,17.75,open-meteo:era5_seamless:-23.5:-46.8,2023-09-13,63.47,7.58,45.18,10,trigger,synthetic,synthetic,synthetic,synth-v1.0.0,1337,932480f22477dd00,baseline
SP-021:norte:017500:2023-10-31,SP-021:norte:017500,SP-021,norte,17.75,open-meteo:era5_seamless:-23.5:-46.8,2023-10-31,62.93,6.65,45.18,2,trigger,synthetic,synthetic,synthetic,synth-v1.0.0,1337,932480f22477dd00,baseline
SP-021:norte:017500:2023-12-16,SP-021:norte:017500,SP-021,norte,17.75,open-meteo:era5_seamless:-23.5:-46.8,2023-12-16,65.06,3.39,45.18,6,trigger,synthetic,synthetic,synthetic,synth-v1.0.0,1337,932480f22477dd00,baseline
SP-021:norte:017500:2024-02-15,SP-021:norte:017500,SP-021,norte,17.75,open-meteo:era5_seamless:-23.5:-46.8,2024-02-15,79.34,4.77,45.18,11,trigger,synthetic,synthetic,synthetic,synth-v1.0.0,1337,932480f22477dd00,baseline
SP-021:norte:017500:2024-03-28,SP-021:norte:017500,SP-021,norte,17.75,open-meteo:era5_seamless:-23.5:-46.8,2024-03-28,70.31,6.67,45.18,11,trigger,synthetic,synthetic,synthetic,synth-v1.0.0,1337,932480f22477dd00,baseline
SP-021:norte:017500:2024-05-22,SP-021:norte:017500,SP-021,norte,17.75,open-meteo:era5_seamless:-23.5:-46.8,2024-05-22,77.05,7.99,45.18,17,trigger,synthetic,synthetic,synthetic,synth-v1.0.0,1337,932480f22477dd00,baseline
SP-021:norte:017500:2024-09-19,SP-021:norte:017500,SP-021,norte,17.75,open-meteo:era5_seamless:-23.5:-46.8,2024-09-19,77.39,7.18,45.18,18,trigger,synthetic,synthetic,synthetic,synth-v1.0.0,1337,932480f22477dd00,baseline
SP-021:norte:017500:2024-11-12,SP-021:norte:017500,SP-021,norte,17.75,open-meteo:era5_seamless:-23.5:-46.8,2024-11-12,53.42,7.37,45.18,2,trigger,synthetic,synthetic,synthetic,synth-v1.0.0,1337,932480f22477dd00,baseline
SP-021:norte:017500:2025-01-03,SP-021:norte:017500,SP-021,norte,17.75,open-meteo:era5_seamless:-23.5:-46.8,2025-01-03,79.44,7.77,45.18,5,trigger,synthetic,synthetic,synthetic,synth-v1.0.0,1337,932480f22477dd00,baseline
SP-021:norte:017500:2025-02-14,SP-021:norte:017500,SP-021,norte,17.75,open-meteo:era5_seamless:-23.5:-46.8,2025-02-14,75.83,5.13,45.18,5,trigger,synthetic,synthetic,synthetic,synth-v1.0.0,1337,932480f22477dd00,baseline
SP-021:norte:017500:2025-03-30,SP-021:norte:017500,SP-021,norte,17.75,open-meteo:era5_seamless:-23.5:-46.8,2025-03-30,64.25,7.98,45.18,7,trigger,synthetic,synthetic,synthetic,synth-v1.0.0,1337,932480f22477dd00,baseline
SP-021:norte:017500:2025-06-06,SP-021:norte:017500,SP-021,norte,17.75,open-meteo:era5_seamless:-23.5:-46.8,2025-06-06,51.87,5.24,45.18,5,trigger,synthetic,synthetic,synthetic,synth-v1.0.0,1337,932480f22477dd00,baseline
SP-021:norte:017500:2025-10-24,SP-021:norte:017500,SP-021,norte,17.75,open-meteo:era5_seamless:-23.5:-46.8,2025-10-24,50.74,6.42,45.18,5,trigger,synthetic,synthetic,synthetic,synth-v1.0.0,1337,932480f22477dd00,baseline
SP-021:norte:017500:2025-12-23,SP-021:norte:017500,SP-021,norte,17.75,open-meteo:era5_seamless:-23.5:-46.8,2025-12-23,58.03,3.82,45.18,2,trigger,synthetic,synthetic,synthetic,synth-v1.0.0,1337,932480f22477dd00,baseline
SP-021:norte:017500:2026-02-20,SP-021:norte:017500,SP-021,norte,17.75,open-meteo:era5_seamless:-23.5:-46.8,2026-02-20,83.17,5.63,45.18,12,trigger,synthetic,synthetic,synthetic,synth-v1.0.0,1337,932480f22477dd00,baseline
SP-021:norte:017500:2026-04-24,SP-021:norte:017500,SP-021,norte,17.75,open-meteo:era5_seamless:-23.5:-46.8,2026-04-24,78.5,3.61,45.18,19,trigger,synthetic,synthetic,synthetic,synth-v1.0.0,1337,932480f22477dd00,baseline
SP-021:sul:017500:2023-02-02,SP-021:sul:017500,SP-021,sul,17.75,open-meteo:era5_seamless:-23.5:-46.8,2023-02-02,72.53,3.95,58.37,4,trigger,synthetic,synthetic,synthetic,synth-v1.0.0,1337,932480f22477dd00,baseline
SP-021:sul:017500:2023-03-22,SP-021:sul:017500,SP-021,sul,17.75,open-meteo:era5_seamless:-23.5:-46.8,2023-03-22,70.67,6.91,58.37,3,trigger,synthetic,synthetic,synthetic,synth-v1.0.0,1337,932480f22477dd00,baseline
SP-021:sul:017500:2023-07-05,SP-021:sul:017500,SP-021,sul,17.75,open-meteo:era5_seamless:-23.5:-46.8,2023-07-05,60.97,6.99,58.37,10,trigger,synthetic,synthetic,synthetic,synth-v1.0.0,1337,932480f22477dd00,baseline
SP-021:sul:017500:2023-10-15,SP-021:sul:017500,SP-021,sul,17.75,open-meteo:era5_seamless:-23.5:-46.8,2023-10-15,84.55,7.27,58.37,7,trigger,synthetic,synthetic,synthetic,synth-v1.0.0,1337,932480f22477dd00,baseline
SP-021:sul:017500:2023-12-02,SP-021:sul:017500,SP-021,sul,17.75,open-meteo:era5_seamless:-23.5:-46.8,2023-12-02,70.27,7.54,58.37,6,trigger,synthetic,synthetic,synthetic,synth-v1.0.0,1337,932480f22477dd00,baseline
SP-021:sul:017500:2024-01-21,SP-021:sul:017500,SP-021,sul,17.75,open-meteo:era5_seamless:-23.5:-46.8,2024-01-21,80.51,3.75,58.37,7,trigger,synthetic,synthetic,synthetic,synth-v1.0.0,1337,932480f22477dd00,baseline
SP-021:sul:017500:2024-03-21,SP-021:sul:017500,SP-021,sul,17.75,open-meteo:era5_seamless:-23.5:-46.8,2024-03-21,87.81,4.76,58.37,18,trigger,synthetic,synthetic,synthetic,synth-v1.0.0,1337,932480f22477dd00,baseline
SP-021:sul:017500:2024-05-23,SP-021:sul:017500,SP-021,sul,17.75,open-meteo:era5_seamless:-23.5:-46.8,2024-05-23,79.22,3.78,58.37,11,trigger,synthetic,synthetic,synthetic,synth-v1.0.0,1337,932480f22477dd00,baseline
SP-021:sul:017500:2024-09-26,SP-021:sul:017500,SP-021,sul,17.75,open-meteo:era5_seamless:-23.5:-46.8,2024-09-26,72.09,7.99,58.37,11,trigger,synthetic,synthetic,synthetic,synth-v1.0.0,1337,932480f22477dd00,baseline
SP-021:sul:017500:2024-11-19,SP-021:sul:017500,SP-021,sul,17.75,open-meteo:era5_seamless:-23.5:-46.8,2024-11-19,63.17,6.24,58.37,2,trigger,synthetic,synthetic,synthetic,synth-v1.0.0,1337,932480f22477dd00,baseline
SP-021:sul:017500:2025-01-04,SP-021:sul:017500,SP-021,sul,17.75,open-meteo:era5_seamless:-23.5:-46.8,2025-01-04,68.77,6.1,58.37,6,trigger,synthetic,synthetic,synthetic,synth-v1.0.0,1337,932480f22477dd00,baseline
SP-021:sul:017500:2025-02-21,SP-021:sul:017500,SP-021,sul,17.75,open-meteo:era5_seamless:-23.5:-46.8,2025-02-21,81.92,4.79,58.37,5,trigger,synthetic,synthetic,synthetic,synth-v1.0.0,1337,932480f22477dd00,baseline
SP-021:sul:017500:2025-04-11,SP-021:sul:017500,SP-021,sul,17.75,open-meteo:era5_seamless:-23.5:-46.8,2025-04-11,66.77,5.47,58.37,5,trigger,synthetic,synthetic,synthetic,synth-v1.0.0,1337,932480f22477dd00,baseline
SP-021:sul:017500:2025-09-09,SP-021:sul:017500,SP-021,sul,17.75,open-meteo:era5_seamless:-23.5:-46.8,2025-09-09,62.9,7.81,58.37,9,proactive,synthetic,synthetic,synthetic,synth-v1.0.0,1337,932480f22477dd00,baseline
SP-021:sul:017500:2025-11-28,SP-021:sul:017500,SP-021,sul,17.75,open-meteo:era5_seamless:-23.5:-46.8,2025-11-28,68.44,7.8,58.37,5,trigger,synthetic,synthetic,synthetic,synth-v1.0.0,1337,932480f22477dd00,baseline
SP-021:sul:017500:2026-01-07,SP-021:sul:017500,SP-021,sul,17.75,open-meteo:era5_seamless:-23.5:-46.8,2026-01-07,65.66,3.62,58.37,3,trigger,synthetic,synthetic,synthetic,synth-v1.0.0,1337,932480f22477dd00,baseline
SP-021:sul:017500:2026-03-08,SP-021:sul:017500,SP-021,sul,17.75,open-meteo:era5_seamless:-23.5:-46.8,2026-03-08,76.33,6.86,58.37,7,trigger,synthetic,synthetic,synthetic,synth-v1.0.0,1337,932480f22477dd00,baseline
SP-021:sul:017500:2026-04-30,SP-021:sul:017500,SP-021,sul,17.75,open-meteo:era5_seamless:-23.5:-46.8,2026-04-30,71.86,6.63,58.37,11,trigger,synthetic,synthetic,synthetic,synth-v1.0.0,1337,932480f22477dd00,baseline
SP-021:norte:018000:2023-03-08,SP-021:norte:018000,SP-021,norte,18.25,open-meteo:era5_seamless:-23.5:-46.8,2023-03-08,64.84,6.47,52.22,10,trigger,synthetic,synthetic,synthetic,synth-v1.0.0,1337,932480f22477dd00,baseline
SP-021:norte:018000:2023-08-11,SP-021:norte:018000,SP-021,norte,18.25,open-meteo:era5_seamless:-23.5:-46.8,2023-08-11,59.24,5.67,52.22,12,trigger,synthetic,synthetic,synthetic,synth-v1.0.0,1337,932480f22477dd00,baseline
SP-021:norte:018000:2023-11-12,SP-021:norte:018000,SP-021,norte,18.25,open-meteo:era5_seamless:-23.5:-46.8,2023-11-12,63.5,3.53,52.22,7,trigger,synthetic,synthetic,synthetic,synth-v1.0.0,1337,932480f22477dd00,baseline
SP-021:norte:018000:2024-01-24,SP-021:norte:018000,SP-021,norte,18.25,open-meteo:era5_seamless:-23.5:-46.8,2024-01-24,59.29,7.34,52.22,3,trigger,synthetic,synthetic,synthetic,synth-v1.0.0,1337,932480f22477dd00,baseline
SP-021:norte:018000:2024-04-03,SP-021:norte:018000,SP-021,norte,18.25,open-meteo:era5_seamless:-23.5:-46.8,2024-04-03,74.59,4.44,52.22,24,trigger,synthetic,synthetic,synthetic,synth-v1.0.0,1337,932480f22477dd00,baseline
SP-021:norte:018000:2024-08-09,SP-021:norte:018000,SP-021,norte,18.25,open-meteo:era5_seamless:-23.5:-46.8,2024-08-09,55.95,6.27,52.22,5,trigger,synthetic,synthetic,synthetic,synth-v1.0.0,1337,932480f22477dd00,baseline
SP-021:norte:018000:2024-11-26,SP-021:norte:018000,SP-021,norte,18.25,open-meteo:era5_seamless:-23.5:-46.8,2024-11-26,66.61,7.54,52.22,16,trigger,synthetic,synthetic,synthetic,synth-v1.0.0,1337,932480f22477dd00,baseline
SP-021:norte:018000:2025-02-08,SP-021:norte:018000,SP-021,norte,18.25,open-meteo:era5_seamless:-23.5:-46.8,2025-02-08,73.55,4.78,52.22,20,trigger,synthetic,synthetic,synthetic,synth-v1.0.0,1337,932480f22477dd00,baseline
SP-021:norte:018000:2025-04-12,SP-021:norte:018000,SP-021,norte,18.25,open-meteo:era5_seamless:-23.5:-46.8,2025-04-12,56.92,7.97,52.22,6,trigger,synthetic,synthetic,synthetic,synth-v1.0.0,1337,932480f22477dd00,baseline
SP-021:norte:018000:2025-10-10,SP-021:norte:018000,SP-021,norte,18.25,open-meteo:era5_seamless:-23.5:-46.8,2025-10-10,60.65,4.85,52.22,12,trigger,synthetic,synthetic,synthetic,synth-v1.0.0,1337,932480f22477dd00,baseline
SP-021:norte:018000:2026-01-09,SP-021:norte:018000,SP-021,norte,18.25,open-meteo:era5_seamless:-23.5:-46.8,2026-01-09,60.12,5.9,52.22,5,trigger,synthetic,synthetic,synthetic,synth-v1.0.0,1337,932480f22477dd00,baseline
SP-021:norte:018000:2026-03-20,SP-021:norte:018000,SP-021,norte,18.25,open-meteo:era5_seamless:-23.5:-46.8,2026-03-20,61.06,7.24,52.22,5,trigger,synthetic,synthetic,synthetic,synth-v1.0.0,1337,932480f22477dd00,baseline
SP-021:norte:018000:2026-07-31,SP-021:norte:018000,SP-021,norte,18.25,open-meteo:era5_seamless:-23.5:-46.8,2026-07-31,50.24,6.01,52.22,5,proactive,synthetic,synthetic,synthetic,synth-v1.0.0,1337,932480f22477dd00,baseline
SP-021:sul:018000:2023-01-06,SP-021:sul:018000,SP-021,sul,18.25,open-meteo:era5_seamless:-23.5:-46.8,2023-01-06,52.05,7.03,48.33,5,trigger,synthetic,synthetic,synthetic,synth-v1.0.0,1337,932480f22477dd00,baseline
SP-021:sul:018000:2023-03-04,SP-021:sul:018000,SP-021,sul,18.25,open-meteo:era5_seamless:-23.5:-46.8,2023-03-04,62.15,4.48,48.33,6,trigger,synthetic,synthetic,synthetic,synth-v1.0.0,1337,932480f22477dd00,baseline
SP-021:sul:018000:2023-05-27,SP-021:sul:018000,SP-021,sul,18.25,open-meteo:era5_seamless:-23.5:-46.8,2023-05-27,41.6,6.34,48.33,13,proactive,synthetic,synthetic,synthetic,synth-v1.0.0,1337,932480f22477dd00,baseline
SP-021:sul:018000:2023-10-18,SP-021:sul:018000,SP-021,sul,18.25,open-meteo:era5_seamless:-23.5:-46.8,2023-10-18,58.38,6.55,48.33,10,trigger,synthetic,synthetic,synthetic,synth-v1.0.0,1337,932480f22477dd00,baseline
SP-021:sul:018000:2023-12-15,SP-021:sul:018000,SP-021,sul,18.25,open-meteo:era5_seamless:-23.5:-46.8,2023-12-15,48.21,4.51,48.33,5,proactive,synthetic,synthetic,synthetic,synth-v1.0.0,1337,932480f22477dd00,baseline
SP-021:sul:018000:2024-03-04,SP-021:sul:018000,SP-021,sul,18.25,open-meteo:era5_seamless:-23.5:-46.8,2024-03-04,72.85,5.03,48.33,15,trigger,synthetic,synthetic,synthetic,synth-v1.0.0,1337,932480f22477dd00,baseline
SP-021:sul:018000:2024-04-18,SP-021:sul:018000,SP-021,sul,18.25,open-meteo:era5_seamless:-23.5:-46.8,2024-04-18,41.67,5.1,48.33,4,proactive,synthetic,synthetic,synthetic,synth-v1.0.0,1337,932480f22477dd00,baseline
SP-021:sul:018000:2024-09-06,SP-021:sul:018000,SP-021,sul,18.25,open-meteo:era5_seamless:-23.5:-46.8,2024-09-06,52.78,3.92,48.33,5,trigger,synthetic,synthetic,synthetic,synth-v1.0.0,1337,932480f22477dd00,baseline
SP-021:sul:018000:2024-12-04,SP-021:sul:018000,SP-021,sul,18.25,open-meteo:era5_seamless:-23.5:-46.8,2024-12-04,52.7,3.79,48.33,3,trigger,synthetic,synthetic,synthetic,synth-v1.0.0,1337,932480f22477dd00,baseline
SP-021:sul:018000:2025-02-19,SP-021:sul:018000,SP-021,sul,18.25,open-meteo:era5_seamless:-23.5:-46.8,2025-02-19,69.62,5.36,48.33,10,trigger,synthetic,synthetic,synthetic,synth-v1.0.0,1337,932480f22477dd00,baseline
SP-021:sul:018000:2025-05-07,SP-021:sul:018000,SP-021,sul,18.25,open-meteo:era5_seamless:-23.5:-46.8,2025-05-07,54.28,3.56,48.33,10,trigger,synthetic,synthetic,synthetic,synth-v1.0.0,1337,932480f22477dd00,baseline
SP-021:sul:018000:2025-12-03,SP-021:sul:018000,SP-021,sul,18.25,open-meteo:era5_seamless:-23.5:-46.8,2025-12-03,57.6,4.91,48.33,3,trigger,synthetic,synthetic,synthetic,synth-v1.0.0,1337,932480f22477dd00,baseline
SP-021:sul:018000:2026-02-03,SP-021:sul:018000,SP-021,sul,18.25,open-meteo:era5_seamless:-23.5:-46.8,2026-02-03,50.65,3.06,48.33,2,trigger,synthetic,synthetic,synthetic,synth-v1.0.0,1337,932480f22477dd00,baseline
SP-021:sul:018000:2026-04-18,SP-021:sul:018000,SP-021,sul,18.25,open-meteo:era5_seamless:-23.5:-46.8,2026-04-18,53.31,4.23,48.33,6,trigger,synthetic,synthetic,synthetic,synth-v1.0.0,1337,932480f22477dd00,baseline
SP-021:norte:018500:2023-01-31,SP-021:norte:018500,SP-021,norte,18.75,open-meteo:era5_seamless:-23.5:-46.8,2023-01-31,80.0,7.06,56.89,9,trigger,synthetic,synthetic,synthetic,synth-v1.0.0,1337,932480f22477dd00,baseline
SP-021:norte:018500:2023-03-17,SP-021:norte:018500,SP-021,norte,18.75,open-meteo:era5_seamless:-23.5:-46.8,2023-03-17,89.14,4.45,56.89,12,trigger,synthetic,synthetic,synthetic,synth-v1.0.0,1337,932480f22477dd00,baseline
SP-021:norte:018500:2023-06-17,SP-021:norte:018500,SP-021,norte,18.75,open-meteo:era5_seamless:-23.5:-46.8,2023-06-17,59.88,5.37,56.89,6,trigger,synthetic,synthetic,synthetic,synth-v1.0.0,1337,932480f22477dd00,baseline
SP-021:norte:018500:2023-10-05,SP-021:norte:018500,SP-021,norte,18.75,open-meteo:era5_seamless:-23.5:-46.8,2023-10-05,77.78,5.25,56.89,11,trigger,synthetic,synthetic,synthetic,synth-v1.0.0,1337,932480f22477dd00,baseline
SP-021:norte:018500:2023-11-26,SP-021:norte:018500,SP-021,norte,18.75,open-meteo:era5_seamless:-23.5:-46.8,2023-11-26,67.26,6.55,56.89,7,trigger,synthetic,synthetic,synthetic,synth-v1.0.0,1337,932480f22477dd00,baseline
SP-021:norte:018500:2024-01-18,SP-021:norte:018500,SP-021,norte,18.75,open-meteo:era5_seamless:-23.5:-46.8,2024-01-18,88.55,3.41,56.89,11,trigger,synthetic,synthetic,synthetic,synth-v1.0.0,1337,932480f22477dd00,baseline
SP-021:norte:018500:2024-03-05,SP-021:norte:018500,SP-021,norte,18.75,open-meteo:era5_seamless:-23.5:-46.8,2024-03-05,71.66,5.83,56.89,2,trigger,synthetic,synthetic,synthetic,synth-v1.0.0,1337,932480f22477dd00,baseline
SP-021:norte:018500:2024-04-18,SP-021:norte:018500,SP-021,norte,18.75,open-meteo:era5_seamless:-23.5:-46.8,2024-04-18,79.41,5.74,56.89,4,trigger,synthetic,synthetic,synthetic,synth-v1.0.0,1337,932480f22477dd00,baseline
SP-021:norte:018500:2024-06-27,SP-021:norte:018500,SP-021,norte,18.75,open-meteo:era5_seamless:-23.5:-46.8,2024-06-27,60.84,6.3,56.89,4,trigger,synthetic,synthetic,synthetic,synth-v1.0.0,1337,932480f22477dd00,baseline
SP-021:norte:018500:2024-10-03,SP-021:norte:018500,SP-021,norte,18.75,open-meteo:era5_seamless:-23.5:-46.8,2024-10-03,77.68,4.72,56.89,11,trigger,synthetic,synthetic,synthetic,synth-v1.0.0,1337,932480f22477dd00,baseline
SP-021:norte:018500:2024-11-27,SP-021:norte:018500,SP-021,norte,18.75,open-meteo:era5_seamless:-23.5:-46.8,2024-11-27,53.66,7.24,56.89,10,proactive,synthetic,synthetic,synthetic,synth-v1.0.0,1337,932480f22477dd00,baseline
SP-021:norte:018500:2025-01-13,SP-021:norte:018500,SP-021,norte,18.75,open-meteo:era5_seamless:-23.5:-46.8,2025-01-13,81.66,7.27,56.89,8,trigger,synthetic,synthetic,synthetic,synth-v1.0.0,1337,932480f22477dd00,baseline
SP-021:norte:018500:2025-02-24,SP-021:norte:018500,SP-021,norte,18.75,open-meteo:era5_seamless:-23.5:-46.8,2025-02-24,91.75,3.12,56.89,8,trigger,synthetic,synthetic,synthetic,synth-v1.0.0,1337,932480f22477dd00,baseline
SP-021:norte:018500:2025-05-03,SP-021:norte:018500,SP-021,norte,18.75,open-meteo:era5_seamless:-23.5:-46.8,2025-05-03,74.48,6.17,56.89,13,trigger,synthetic,synthetic,synthetic,synth-v1.0.0,1337,932480f22477dd00,baseline
SP-021:norte:018500:2025-10-07,SP-021:norte:018500,SP-021,norte,18.75,open-meteo:era5_seamless:-23.5:-46.8,2025-10-07,71.41,6.17,56.89,9,trigger,synthetic,synthetic,synthetic,synth-v1.0.0,1337,932480f22477dd00,baseline
SP-021:norte:018500:2025-12-23,SP-021:norte:018500,SP-021,norte,18.75,open-meteo:era5_seamless:-23.5:-46.8,2025-12-23,82.32,5.18,56.89,9,trigger,synthetic,synthetic,synthetic,synth-v1.0.0,1337,932480f22477dd00,baseline
SP-021:norte:018500:2026-02-02,SP-021:norte:018500,SP-021,norte,18.75,open-meteo:era5_seamless:-23.5:-46.8,2026-02-02,58.93,3.97,56.89,8,proactive,synthetic,synthetic,synthetic,synth-v1.0.0,1337,932480f22477dd00,baseline
SP-021:norte:018500:2026-04-04,SP-021:norte:018500,SP-021,norte,18.75,open-meteo:era5_seamless:-23.5:-46.8,2026-04-04,92.04,6.5,56.89,20,trigger,synthetic,synthetic,synthetic,synth-v1.0.0,1337,932480f22477dd00,baseline
SP-021:norte:018500:2026-08-11,SP-021:norte:018500,SP-021,norte,18.75,open-meteo:era5_seamless:-23.5:-46.8,2026-08-11,67.55,3.08,56.89,9,trigger,synthetic,synthetic,synthetic,synth-v1.0.0,1337,932480f22477dd00,baseline
SP-021:sul:018500:2023-01-24,SP-021:sul:018500,SP-021,sul,18.75,open-meteo:era5_seamless:-23.5:-46.8,2023-01-24,92.25,6.5,50.15,9,trigger,synthetic,synthetic,synthetic,synth-v1.0.0,1337,932480f22477dd00,baseline
SP-021:sul:018500:2023-03-12,SP-021:sul:018500,SP-021,sul,18.75,open-meteo:era5_seamless:-23.5:-46.8,2023-03-12,103.73,5.71,50.15,14,trigger,synthetic,synthetic,synthetic,synth-v1.0.0,1337,932480f22477dd00,baseline
SP-021:sul:018500:2023-04-18,SP-021:sul:018500,SP-021,sul,18.75,open-meteo:era5_seamless:-23.5:-46.8,2023-04-18,54.43,6.14,50.15,2,trigger,synthetic,synthetic,synthetic,synth-v1.0.0,1337,932480f22477dd00,baseline
SP-021:sul:018500:2023-08-14,SP-021:sul:018500,SP-021,sul,18.75,open-meteo:era5_seamless:-23.5:-46.8,2023-08-14,65.24,3.13,50.15,8,trigger,synthetic,synthetic,synthetic,synth-v1.0.0,1337,932480f22477dd00,baseline
SP-021:sul:018500:2023-10-17,SP-021:sul:018500,SP-021,sul,18.75,open-meteo:era5_seamless:-23.5:-46.8,2023-10-17,82.78,7.63,50.15,9,trigger,synthetic,synthetic,synthetic,synth-v1.0.0,1337,932480f22477dd00,baseline
SP-021:sul:018500:2023-12-07,SP-021:sul:018500,SP-021,sul,18.75,open-meteo:era5_seamless:-23.5:-46.8,2023-12-07,105.11,5.18,50.15,18,trigger,synthetic,synthetic,synthetic,synth-v1.0.0,1337,932480f22477dd00,baseline
SP-021:sul:018500:2024-01-03,SP-021:sul:018500,SP-021,sul,18.75,open-meteo:era5_seamless:-23.5:-46.8,2024-01-03,42.03,3.79,50.15,3,proactive,synthetic,synthetic,synthetic,synth-v1.0.0,1337,932480f22477dd00,baseline
SP-021:sul:018500:2024-02-27,SP-021:sul:018500,SP-021,sul,18.75,open-meteo:era5_seamless:-23.5:-46.8,2024-02-27,106.22,7.15,50.15,9,trigger,synthetic,synthetic,synthetic,synth-v1.0.0,1337,932480f22477dd00,baseline
SP-021:sul:018500:2024-03-28,SP-021:sul:018500,SP-021,sul,18.75,open-meteo:era5_seamless:-23.5:-46.8,2024-03-28,68.7,5.49,50.15,4,trigger,synthetic,synthetic,synthetic,synth-v1.0.0,1337,932480f22477dd00,baseline
SP-021:sul:018500:2024-05-28,SP-021:sul:018500,SP-021,sul,18.75,open-meteo:era5_seamless:-23.5:-46.8,2024-05-28,100.18,3.44,50.15,23,trigger,synthetic,synthetic,synthetic,synth-v1.0.0,1337,932480f22477dd00,baseline
SP-021:sul:018500:2024-09-02,SP-021:sul:018500,SP-021,sul,18.75,open-meteo:era5_seamless:-23.5:-46.8,2024-09-02,49.24,6.81,50.15,8,proactive,synthetic,synthetic,synthetic,synth-v1.0.0,1337,932480f22477dd00,baseline
SP-021:sul:018500:2024-10-16,SP-021:sul:018500,SP-021,sul,18.75,open-meteo:era5_seamless:-23.5:-46.8,2024-10-16,66.35,6.16,50.15,3,trigger,synthetic,synthetic,synthetic,synth-v1.0.0,1337,932480f22477dd00,baseline
SP-021:sul:018500:2024-12-02,SP-021:sul:018500,SP-021,sul,18.75,open-meteo:era5_seamless:-23.5:-46.8,2024-12-02,71.96,7.63,50.15,8,proactive,synthetic,synthetic,synthetic,synth-v1.0.0,1337,932480f22477dd00,baseline
SP-021:sul:018500:2025-01-09,SP-021:sul:018500,SP-021,sul,18.75,open-meteo:era5_seamless:-23.5:-46.8,2025-01-09,80.86,5.18,50.15,4,trigger,synthetic,synthetic,synthetic,synth-v1.0.0,1337,932480f22477dd00,baseline
SP-021:sul:018500:2025-02-18,SP-021:sul:018500,SP-021,sul,18.75,open-meteo:era5_seamless:-23.5:-46.8,2025-02-18,97.32,7.76,50.15,9,trigger,synthetic,synthetic,synthetic,synth-v1.0.0,1337,932480f22477dd00,baseline
SP-021:sul:018500:2025-03-18,SP-021:sul:018500,SP-021,sul,18.75,open-meteo:era5_seamless:-23.5:-46.8,2025-03-18,63.04,5.59,50.15,2,trigger,synthetic,synthetic,synthetic,synth-v1.0.0,1337,932480f22477dd00,baseline
SP-021:sul:018500:2025-05-05,SP-021:sul:018500,SP-021,sul,18.75,open-meteo:era5_seamless:-23.5:-46.8,2025-05-05,61.13,3.48,50.15,8,trigger,synthetic,synthetic,synthetic,synth-v1.0.0,1337,932480f22477dd00,baseline
SP-021:sul:018500:2025-10-01,SP-021:sul:018500,SP-021,sul,18.75,open-meteo:era5_seamless:-23.5:-46.8,2025-10-01,68.91,4.86,50.15,10,trigger,synthetic,synthetic,synthetic,synth-v1.0.0,1337,932480f22477dd00,baseline
SP-021:sul:018500:2025-12-12,SP-021:sul:018500,SP-021,sul,18.75,open-meteo:era5_seamless:-23.5:-46.8,2025-12-12,84.89,6.51,50.15,5,trigger,synthetic,synthetic,synthetic,synth-v1.0.0,1337,932480f22477dd00,baseline
SP-021:sul:018500:2026-01-15,SP-021:sul:018500,SP-021,sul,18.75,open-meteo:era5_seamless:-23.5:-46.8,2026-01-15,73.75,3.0,50.15,4,trigger,synthetic,synthetic,synthetic,synth-v1.0.0,1337,932480f22477dd00,baseline
SP-021:sul:018500:2026-02-24,SP-021:sul:018500,SP-021,sul,18.75,open-meteo:era5_seamless:-23.5:-46.8,2026-02-24,57.88,4.89,50.15,2,trigger,synthetic,synthetic,synthetic,synth-v1.0.0,1337,932480f22477dd00,baseline
SP-021:sul:018500:2026-04-05,SP-021:sul:018500,SP-021,sul,18.75,open-meteo:era5_seamless:-23.5:-46.8,2026-04-05,68.64,3.63,50.15,7,proactive,synthetic,synthetic,synthetic,synth-v1.0.0,1337,932480f22477dd00,baseline
SP-021:sul:018500:2026-07-28,SP-021:sul:018500,SP-021,sul,18.75,open-meteo:era5_seamless:-23.5:-46.8,2026-07-28,54.84,6.89,50.15,2,trigger,synthetic,synthetic,synthetic,synth-v1.0.0,1337,932480f22477dd00,baseline
SP-021:norte:019000:2023-03-09,SP-021:norte:019000,SP-021,norte,19.25,open-meteo:era5_seamless:-23.5:-46.8,2023-03-09,74.89,4.7,70.0,11,trigger,synthetic,synthetic,synthetic,synth-v1.0.0,1337,932480f22477dd00,baseline
SP-021:norte:019000:2023-08-28,SP-021:norte:019000,SP-021,norte,19.25,open-meteo:era5_seamless:-23.5:-46.8,2023-08-28,73.22,3.1,70.0,8,trigger,synthetic,synthetic,synthetic,synth-v1.0.0,1337,932480f22477dd00,baseline
SP-021:norte:019000:2023-12-01,SP-021:norte:019000,SP-021,norte,19.25,open-meteo:era5_seamless:-23.5:-46.8,2023-12-01,73.36,3.37,70.0,12,trigger,synthetic,synthetic,synthetic,synth-v1.0.0,1337,932480f22477dd00,baseline
SP-021:norte:019000:2024-02-14,SP-021:norte:019000,SP-021,norte,19.25,open-meteo:era5_seamless:-23.5:-46.8,2024-02-14,73.17,6.34,70.0,3,trigger,synthetic,synthetic,synthetic,synth-v1.0.0,1337,932480f22477dd00,baseline
SP-021:norte:019000:2024-04-25,SP-021:norte:019000,SP-021,norte,19.25,open-meteo:era5_seamless:-23.5:-46.8,2024-04-25,74.72,5.09,70.0,18,trigger,synthetic,synthetic,synthetic,synth-v1.0.0,1337,932480f22477dd00,baseline
SP-021:norte:019000:2024-09-20,SP-021:norte:019000,SP-021,norte,19.25,open-meteo:era5_seamless:-23.5:-46.8,2024-09-20,72.29,6.85,70.0,5,trigger,synthetic,synthetic,synthetic,synth-v1.0.0,1337,932480f22477dd00,baseline
SP-021:norte:019000:2024-11-04,SP-021:norte:019000,SP-021,norte,19.25,open-meteo:era5_seamless:-23.5:-46.8,2024-11-04,39.96,5.9,70.0,8,proactive,synthetic,synthetic,synthetic,synth-v1.0.0,1337,932480f22477dd00,baseline
SP-021:norte:019000:2025-01-31,SP-021:norte:019000,SP-021,norte,19.25,open-meteo:era5_seamless:-23.5:-46.8,2025-01-31,75.46,7.47,70.0,19,trigger,synthetic,synthetic,synthetic,synth-v1.0.0,1337,932480f22477dd00,baseline
SP-021:norte:019000:2025-03-28,SP-021:norte:019000,SP-021,norte,19.25,open-meteo:era5_seamless:-23.5:-46.8,2025-03-28,72.12,4.54,70.0,5,trigger,synthetic,synthetic,synthetic,synth-v1.0.0,1337,932480f22477dd00,baseline
SP-021:norte:019000:2025-10-16,SP-021:norte:019000,SP-021,norte,19.25,open-meteo:era5_seamless:-23.5:-46.8,2025-10-16,72.54,3.25,70.0,11,trigger,synthetic,synthetic,synthetic,synth-v1.0.0,1337,932480f22477dd00,baseline
SP-021:norte:019000:2026-01-01,SP-021:norte:019000,SP-021,norte,19.25,open-meteo:era5_seamless:-23.5:-46.8,2026-01-01,62.97,5.35,70.0,4,proactive,synthetic,synthetic,synthetic,synth-v1.0.0,1337,932480f22477dd00,baseline
SP-021:norte:019000:2026-03-13,SP-021:norte:019000,SP-021,norte,19.25,open-meteo:era5_seamless:-23.5:-46.8,2026-03-13,72.23,4.27,70.0,5,trigger,synthetic,synthetic,synthetic,synth-v1.0.0,1337,932480f22477dd00,baseline
SP-021:norte:019000:2026-08-22,SP-021:norte:019000,SP-021,norte,19.25,open-meteo:era5_seamless:-23.5:-46.8,2026-08-22,71.8,5.21,70.0,6,trigger,synthetic,synthetic,synthetic,synth-v1.0.0,1337,932480f22477dd00,baseline
SP-021:sul:019000:2023-01-20,SP-021:sul:019000,SP-021,sul,19.25,open-meteo:era5_seamless:-23.5:-46.8,2023-01-20,56.79,3.11,41.53,5,trigger,synthetic,synthetic,synthetic,synth-v1.0.0,1337,932480f22477dd00,baseline
SP-021:sul:019000:2023-02-25,SP-021:sul:019000,SP-021,sul,19.25,open-meteo:era5_seamless:-23.5:-46.8,2023-02-25,61.97,6.45,41.53,6,trigger,synthetic,synthetic,synthetic,synth-v1.0.0,1337,932480f22477dd00,baseline
SP-021:sul:019000:2023-03-31,SP-021:sul:019000,SP-021,sul,19.25,open-meteo:era5_seamless:-23.5:-46.8,2023-03-31,76.78,5.97,41.53,12,trigger,synthetic,synthetic,synthetic,synth-v1.0.0,1337,932480f22477dd00,baseline
SP-021:sul:019000:2023-05-28,SP-021:sul:019000,SP-021,sul,19.25,open-meteo:era5_seamless:-23.5:-46.8,2023-05-28,48.21,5.29,41.53,14,trigger,synthetic,synthetic,synthetic,synth-v1.0.0,1337,932480f22477dd00,baseline
SP-021:sul:019000:2023-09-09,SP-021:sul:019000,SP-021,sul,19.25,open-meteo:era5_seamless:-23.5:-46.8,2023-09-09,52.69,6.05,41.53,6,trigger,synthetic,synthetic,synthetic,synth-v1.0.0,1337,932480f22477dd00,baseline
SP-021:sul:019000:2023-10-15,SP-021:sul:019000,SP-021,sul,19.25,open-meteo:era5_seamless:-23.5:-46.8,2023-10-15,54.68,7.37,41.53,7,trigger,synthetic,synthetic,synthetic,synth-v1.0.0,1337,932480f22477dd00,baseline
SP-021:sul:019000:2023-11-15,SP-021:sul:019000,SP-021,sul,19.25,open-meteo:era5_seamless:-23.5:-46.8,2023-11-15,52.43,5.55,41.53,3,trigger,synthetic,synthetic,synthetic,synth-v1.0.0,1337,932480f22477dd00,baseline
SP-021:sul:019000:2023-12-28,SP-021:sul:019000,SP-021,sul,19.25,open-meteo:era5_seamless:-23.5:-46.8,2023-12-28,77.54,7.0,41.53,4,trigger,synthetic,synthetic,synthetic,synth-v1.0.0,1337,932480f22477dd00,baseline
SP-021:sul:019000:2024-01-30,SP-021:sul:019000,SP-021,sul,19.25,open-meteo:era5_seamless:-23.5:-46.8,2024-01-30,57.75,7.62,41.53,9,trigger,synthetic,synthetic,synthetic,synth-v1.0.0,1337,932480f22477dd00,baseline
SP-021:sul:019000:2024-03-06,SP-021:sul:019000,SP-021,sul,19.25,open-meteo:era5_seamless:-23.5:-46.8,2024-03-06,86.82,7.79,41.53,10,trigger,synthetic,synthetic,synthetic,synth-v1.0.0,1337,932480f22477dd00,baseline
SP-021:sul:019000:2024-04-13,SP-021:sul:019000,SP-021,sul,19.25,open-meteo:era5_seamless:-23.5:-46.8,2024-04-13,83.48,4.21,41.53,6,trigger,synthetic,synthetic,synthetic,synth-v1.0.0,1337,932480f22477dd00,baseline
SP-021:sul:019000:2024-05-22,SP-021:sul:019000,SP-021,sul,19.25,open-meteo:era5_seamless:-23.5:-46.8,2024-05-22,51.75,4.49,41.53,3,trigger,synthetic,synthetic,synthetic,synth-v1.0.0,1337,932480f22477dd00,baseline
SP-021:sul:019000:2024-09-11,SP-021:sul:019000,SP-021,sul,19.25,open-meteo:era5_seamless:-23.5:-46.8,2024-09-11,76.2,3.97,41.53,24,trigger,synthetic,synthetic,synthetic,synth-v1.0.0,1337,932480f22477dd00,baseline
SP-021:sul:019000:2024-11-03,SP-021:sul:019000,SP-021,sul,19.25,open-meteo:era5_seamless:-23.5:-46.8,2024-11-03,61.3,4.48,41.53,7,trigger,synthetic,synthetic,synthetic,synth-v1.0.0,1337,932480f22477dd00,baseline
SP-021:sul:019000:2024-12-11,SP-021:sul:019000,SP-021,sul,19.25,open-meteo:era5_seamless:-23.5:-46.8,2024-12-11,59.84,5.81,41.53,3,trigger,synthetic,synthetic,synthetic,synth-v1.0.0,1337,932480f22477dd00,baseline
SP-021:sul:019000:2025-01-26,SP-021:sul:019000,SP-021,sul,19.25,open-meteo:era5_seamless:-23.5:-46.8,2025-01-26,89.17,5.71,41.53,7,trigger,synthetic,synthetic,synthetic,synth-v1.0.0,1337,932480f22477dd00,baseline
SP-021:sul:019000:2025-02-19,SP-021:sul:019000,SP-021,sul,19.25,open-meteo:era5_seamless:-23.5:-46.8,2025-02-19,54.99,7.19,41.53,3,trigger,synthetic,synthetic,synthetic,synth-v1.0.0,1337,932480f22477dd00,baseline
SP-021:sul:019000:2025-03-27,SP-021:sul:019000,SP-021,sul,19.25,open-meteo:era5_seamless:-23.5:-46.8,2025-03-27,77.47,6.03,41.53,11,trigger,synthetic,synthetic,synthetic,synth-v1.0.0,1337,932480f22477dd00,baseline
SP-021:sul:019000:2025-05-22,SP-021:sul:019000,SP-021,sul,19.25,open-meteo:era5_seamless:-23.5:-46.8,2025-05-22,69.05,7.38,41.53,18,trigger,synthetic,synthetic,synthetic,synth-v1.0.0,1337,932480f22477dd00,baseline
SP-021:sul:019000:2025-09-25,SP-021:sul:019000,SP-021,sul,19.25,open-meteo:era5_seamless:-23.5:-46.8,2025-09-25,65.1,3.54,41.53,4,trigger,synthetic,synthetic,synthetic,synth-v1.0.0,1337,932480f22477dd00,baseline
SP-021:sul:019000:2025-11-27,SP-021:sul:019000,SP-021,sul,19.25,open-meteo:era5_seamless:-23.5:-46.8,2025-11-27,58.22,5.13,41.53,4,trigger,synthetic,synthetic,synthetic,synth-v1.0.0,1337,932480f22477dd00,baseline
SP-021:sul:019000:2026-01-17,SP-021:sul:019000,SP-021,sul,19.25,open-meteo:era5_seamless:-23.5:-46.8,2026-01-17,89.78,6.15,41.53,20,trigger,synthetic,synthetic,synthetic,synth-v1.0.0,1337,932480f22477dd00,baseline
SP-021:sul:019000:2026-03-05,SP-021:sul:019000,SP-021,sul,19.25,open-meteo:era5_seamless:-23.5:-46.8,2026-03-05,88.08,3.46,41.53,18,trigger,synthetic,synthetic,synthetic,synth-v1.0.0,1337,932480f22477dd00,baseline
SP-021:sul:019000:2026-04-09,SP-021:sul:019000,SP-021,sul,19.25,open-meteo:era5_seamless:-23.5:-46.8,2026-04-09,50.62,3.59,41.53,4,trigger,synthetic,synthetic,synthetic,synth-v1.0.0,1337,932480f22477dd00,baseline
SP-021:sul:019000:2026-07-12,SP-021:sul:019000,SP-021,sul,19.25,open-meteo:era5_seamless:-23.5:-46.8,2026-07-12,44.96,5.61,41.53,7,trigger,synthetic,synthetic,synthetic,synth-v1.0.0,1337,932480f22477dd00,baseline
SP-021:norte:019500:2023-02-03,SP-021:norte:019500,SP-021,norte,19.75,open-meteo:era5_seamless:-23.5:-46.8,2023-02-03,72.65,3.9,43.74,12,trigger,synthetic,synthetic,synthetic,synth-v1.0.0,1337,932480f22477dd00,baseline
SP-021:norte:019500:2023-03-12,SP-021:norte:019500,SP-021,norte,19.75,open-meteo:era5_seamless:-23.5:-46.8,2023-03-12,62.35,3.39,43.74,7,trigger,synthetic,synthetic,synthetic,synth-v1.0.0,1337,932480f22477dd00,baseline
SP-021:norte:019500:2023-05-08,SP-021:norte:019500,SP-021,norte,19.75,open-meteo:era5_seamless:-23.5:-46.8,2023-05-08,59.64,7.2,43.74,8,trigger,synthetic,synthetic,synthetic,synth-v1.0.0,1337,932480f22477dd00,baseline
SP-021:norte:019500:2023-09-06,SP-021:norte:019500,SP-021,norte,19.75,open-meteo:era5_seamless:-23.5:-46.8,2023-09-06,58.88,7.19,43.74,10,trigger,synthetic,synthetic,synthetic,synth-v1.0.0,1337,932480f22477dd00,baseline
SP-021:norte:019500:2023-10-06,SP-021:norte:019500,SP-021,norte,19.75,open-meteo:era5_seamless:-23.5:-46.8,2023-10-06,39.88,6.07,43.74,5,proactive,synthetic,synthetic,synthetic,synth-v1.0.0,1337,932480f22477dd00,baseline
SP-021:norte:019500:2023-11-17,SP-021:norte:019500,SP-021,norte,19.75,open-meteo:era5_seamless:-23.5:-46.8,2023-11-17,61.17,7.42,43.74,5,trigger,synthetic,synthetic,synthetic,synth-v1.0.0,1337,932480f22477dd00,baseline
SP-021:norte:019500:2023-12-20,SP-021:norte:019500,SP-021,norte,19.75,open-meteo:era5_seamless:-23.5:-46.8,2023-12-20,57.07,3.84,43.74,3,trigger,synthetic,synthetic,synthetic,synth-v1.0.0,1337,932480f22477dd00,baseline
SP-021:norte:019500:2024-02-06,SP-021:norte:019500,SP-021,norte,19.75,open-meteo:era5_seamless:-23.5:-46.8,2024-02-06,67.57,5.32,43.74,16,trigger,synthetic,synthetic,synthetic,synth-v1.0.0,1337,932480f22477dd00,baseline
SP-021:norte:019500:2024-03-07,SP-021:norte:019500,SP-021,norte,19.75,open-meteo:era5_seamless:-23.5:-46.8,2024-03-07,52.75,7.87,43.74,4,trigger,synthetic,synthetic,synthetic,synth-v1.0.0,1337,932480f22477dd00,baseline
SP-021:norte:019500:2024-04-09,SP-021:norte:019500,SP-021,norte,19.75,open-meteo:era5_seamless:-23.5:-46.8,2024-04-09,64.73,4.28,43.74,9,trigger,synthetic,synthetic,synthetic,synth-v1.0.0,1337,932480f22477dd00,baseline
SP-021:norte:019500:2024-06-03,SP-021:norte:019500,SP-021,norte,19.75,open-meteo:era5_seamless:-23.5:-46.8,2024-06-03,60.58,3.11,43.74,15,trigger,synthetic,synthetic,synthetic,synth-v1.0.0,1337,932480f22477dd00,baseline
SP-021:norte:019500:2024-09-11,SP-021:norte:019500,SP-021,norte,19.75,open-meteo:era5_seamless:-23.5:-46.8,2024-09-11,58.12,5.48,43.74,3,trigger,synthetic,synthetic,synthetic,synth-v1.0.0,1337,932480f22477dd00,baseline
SP-021:norte:019500:2024-11-08,SP-021:norte:019500,SP-021,norte,19.75,open-meteo:era5_seamless:-23.5:-46.8,2024-11-08,65.62,5.85,43.74,5,trigger,synthetic,synthetic,synthetic,synth-v1.0.0,1337,932480f22477dd00,baseline
SP-021:norte:019500:2024-12-13,SP-021:norte:019500,SP-021,norte,19.75,open-meteo:era5_seamless:-23.5:-46.8,2024-12-13,52.11,4.3,43.74,5,trigger,synthetic,synthetic,synthetic,synth-v1.0.0,1337,932480f22477dd00,baseline
SP-021:norte:019500:2025-01-24,SP-021:norte:019500,SP-021,norte,19.75,open-meteo:era5_seamless:-23.5:-46.8,2025-01-24,66.49,5.3,43.74,5,trigger,synthetic,synthetic,synthetic,synth-v1.0.0,1337,932480f22477dd00,baseline
SP-021:norte:019500:2025-02-27,SP-021:norte:019500,SP-021,norte,19.75,open-meteo:era5_seamless:-23.5:-46.8,2025-02-27,67.92,6.27,43.74,4,trigger,synthetic,synthetic,synthetic,synth-v1.0.0,1337,932480f22477dd00,baseline
SP-021:norte:019500:2025-04-07,SP-021:norte:019500,SP-021,norte,19.75,open-meteo:era5_seamless:-23.5:-46.8,2025-04-07,60.88,4.97,43.74,8,trigger,synthetic,synthetic,synthetic,synth-v1.0.0,1337,932480f22477dd00,baseline
SP-021:norte:019500:2025-07-10,SP-021:norte:019500,SP-021,norte,19.75,open-meteo:era5_seamless:-23.5:-46.8,2025-07-10,51.13,6.89,43.74,18,trigger,synthetic,synthetic,synthetic,synth-v1.0.0,1337,932480f22477dd00,baseline
SP-021:norte:019500:2025-10-12,SP-021:norte:019500,SP-021,norte,19.75,open-meteo:era5_seamless:-23.5:-46.8,2025-10-12,55.15,4.1,43.74,7,trigger,synthetic,synthetic,synthetic,synth-v1.0.0,1337,932480f22477dd00,baseline
SP-021:norte:019500:2025-12-09,SP-021:norte:019500,SP-021,norte,19.75,open-meteo:era5_seamless:-23.5:-46.8,2025-12-09,51.4,3.21,43.74,2,trigger,synthetic,synthetic,synthetic,synth-v1.0.0,1337,932480f22477dd00,baseline
SP-021:norte:019500:2026-01-13,SP-021:norte:019500,SP-021,norte,19.75,open-meteo:era5_seamless:-23.5:-46.8,2026-01-13,53.18,5.26,43.74,2,trigger,synthetic,synthetic,synthetic,synth-v1.0.0,1337,932480f22477dd00,baseline
SP-021:norte:019500:2026-02-18,SP-021:norte:019500,SP-021,norte,19.75,open-meteo:era5_seamless:-23.5:-46.8,2026-02-18,55.59,6.8,43.74,3,trigger,synthetic,synthetic,synthetic,synth-v1.0.0,1337,932480f22477dd00,baseline
SP-021:norte:019500:2026-03-24,SP-021:norte:019500,SP-021,norte,19.75,open-meteo:era5_seamless:-23.5:-46.8,2026-03-24,51.39,6.64,43.74,2,trigger,synthetic,synthetic,synthetic,synth-v1.0.0,1337,932480f22477dd00,baseline
SP-021:norte:019500:2026-05-06,SP-021:norte:019500,SP-021,norte,19.75,open-meteo:era5_seamless:-23.5:-46.8,2026-05-06,56.8,6.78,43.74,3,trigger,synthetic,synthetic,synthetic,synth-v1.0.0,1337,932480f22477dd00,baseline
SP-021:norte:019500:2026-08-28,SP-021:norte:019500,SP-021,norte,19.75,open-meteo:era5_seamless:-23.5:-46.8,2026-08-28,46.39,6.83,43.74,5,trigger,synthetic,synthetic,synthetic,synth-v1.0.0,1337,932480f22477dd00,baseline
SP-021:sul:019500:2023-01-30,SP-021:sul:019500,SP-021,sul,19.75,open-meteo:era5_seamless:-23.5:-46.8,2023-01-30,57.98,5.95,40.6,8,trigger,synthetic,synthetic,synthetic,synth-v1.0.0,1337,932480f22477dd00,baseline
SP-021:sul:019500:2023-03-29,SP-021:sul:019500,SP-021,sul,19.75,open-meteo:era5_seamless:-23.5:-46.8,2023-03-29,63.35,5.7,40.6,10,trigger,synthetic,synthetic,synthetic,synth-v1.0.0,1337,932480f22477dd00,baseline
SP-021:sul:019500:2023-08-19,SP-021:sul:019500,SP-021,sul,19.75,open-meteo:era5_seamless:-23.5:-46.8,2023-08-19,38.76,7.67,40.6,13,proactive,synthetic,synthetic,synthetic,synth-v1.0.0,1337,932480f22477dd00,baseline
SP-021:sul:019500:2023-11-01,SP-021:sul:019500,SP-021,sul,19.75,open-meteo:era5_seamless:-23.5:-46.8,2023-11-01,60.26,6.1,40.6,3,trigger,synthetic,synthetic,synthetic,synth-v1.0.0,1337,932480f22477dd00,baseline
SP-021:sul:019500:2023-12-26,SP-021:sul:019500,SP-021,sul,19.75,open-meteo:era5_seamless:-23.5:-46.8,2023-12-26,53.18,7.72,40.6,9,trigger,synthetic,synthetic,synthetic,synth-v1.0.0,1337,932480f22477dd00,baseline
SP-021:sul:019500:2024-02-18,SP-021:sul:019500,SP-021,sul,19.75,open-meteo:era5_seamless:-23.5:-46.8,2024-02-18,55.11,6.39,40.6,7,trigger,synthetic,synthetic,synthetic,synth-v1.0.0,1337,932480f22477dd00,baseline
SP-021:sul:019500:2024-04-08,SP-021:sul:019500,SP-021,sul,19.75,open-meteo:era5_seamless:-23.5:-46.8,2024-04-08,52.08,4.51,40.6,8,trigger,synthetic,synthetic,synthetic,synth-v1.0.0,1337,932480f22477dd00,baseline
SP-021:sul:019500:2024-08-08,SP-021:sul:019500,SP-021,sul,19.75,open-meteo:era5_seamless:-23.5:-46.8,2024-08-08,50.92,5.1,40.6,25,trigger,synthetic,synthetic,synthetic,synth-v1.0.0,1337,932480f22477dd00,baseline
SP-021:sul:019500:2024-11-03,SP-021:sul:019500,SP-021,sul,19.75,open-meteo:era5_seamless:-23.5:-46.8,2024-11-03,52.61,5.69,40.6,7,trigger,synthetic,synthetic,synthetic,synth-v1.0.0,1337,932480f22477dd00,baseline
SP-021:sul:019500:2025-01-03,SP-021:sul:019500,SP-021,sul,19.75,open-meteo:era5_seamless:-23.5:-46.8,2025-01-03,50.75,5.54,40.6,5,trigger,synthetic,synthetic,synthetic,synth-v1.0.0,1337,932480f22477dd00,baseline
SP-021:sul:019500:2025-02-20,SP-021:sul:019500,SP-021,sul,19.75,open-meteo:era5_seamless:-23.5:-46.8,2025-02-20,49.94,3.96,40.6,11,proactive,synthetic,synthetic,synthetic,synth-v1.0.0,1337,932480f22477dd00,baseline
SP-021:sul:019500:2025-05-13,SP-021:sul:019500,SP-021,sul,19.75,open-meteo:era5_seamless:-23.5:-46.8,2025-05-13,52.77,3.44,40.6,16,trigger,synthetic,synthetic,synthetic,synth-v1.0.0,1337,932480f22477dd00,baseline
SP-021:sul:019500:2025-11-19,SP-021:sul:019500,SP-021,sul,19.75,open-meteo:era5_seamless:-23.5:-46.8,2025-11-19,47.54,6.6,40.6,10,trigger,synthetic,synthetic,synthetic,synth-v1.0.0,1337,932480f22477dd00,baseline
SP-021:sul:019500:2026-01-13,SP-021:sul:019500,SP-021,sul,19.75,open-meteo:era5_seamless:-23.5:-46.8,2026-01-13,51.68,5.82,40.6,2,trigger,synthetic,synthetic,synthetic,synth-v1.0.0,1337,932480f22477dd00,baseline
SP-021:sul:019500:2026-03-13,SP-021:sul:019500,SP-021,sul,19.75,open-meteo:era5_seamless:-23.5:-46.8,2026-03-13,50.37,3.02,40.6,5,trigger,synthetic,synthetic,synthetic,synth-v1.0.0,1337,932480f22477dd00,baseline
SP-021:sul:019500:2026-08-11,SP-021:sul:019500,SP-021,sul,19.75,open-meteo:era5_seamless:-23.5:-46.8,2026-08-11,44.68,3.43,40.6,2,trigger,synthetic,synthetic,synthetic,synth-v1.0.0,1337,932480f22477dd00,baseline
SP-021:norte:020000:2023-02-17,SP-021:norte:020000,SP-021,norte,20.25,open-meteo:era5_seamless:-23.5:-46.8,2023-02-17,79.61,6.06,58.36,12,trigger,synthetic,synthetic,synthetic,synth-v1.0.0,1337,932480f22477dd00,baseline
SP-021:norte:020000:2023-04-12,SP-021:norte:020000,SP-021,norte,20.25,open-meteo:era5_seamless:-23.5:-46.8,2023-04-12,66.81,3.95,58.36,3,trigger,synthetic,synthetic,synthetic,synth-v1.0.0,1337,932480f22477dd00,baseline
SP-021:norte:020000:2023-09-07,SP-021:norte:020000,SP-021,norte,20.25,open-meteo:era5_seamless:-23.5:-46.8,2023-09-07,48.87,3.03,58.36,4,proactive,synthetic,synthetic,synthetic,synth-v1.0.0,1337,932480f22477dd00,baseline
SP-021:norte:020000:2023-12-04,SP-021:norte:020000,SP-021,norte,20.25,open-meteo:era5_seamless:-23.5:-46.8,2023-12-04,80.08,6.38,58.36,15,trigger,synthetic,synthetic,synthetic,synth-v1.0.0,1337,932480f22477dd00,baseline
SP-021:norte:020000:2024-01-26,SP-021:norte:020000,SP-021,norte,20.25,open-meteo:era5_seamless:-23.5:-46.8,2024-01-26,64.17,7.16,58.36,5,trigger,synthetic,synthetic,synthetic,synth-v1.0.0,1337,932480f22477dd00,baseline
SP-021:norte:020000:2024-03-17,SP-021:norte:020000,SP-021,norte,20.25,open-meteo:era5_seamless:-23.5:-46.8,2024-03-17,79.12,7.71,58.36,7,trigger,synthetic,synthetic,synthetic,synth-v1.0.0,1337,932480f22477dd00,baseline
SP-021:norte:020000:2024-05-15,SP-021:norte:020000,SP-021,norte,20.25,open-meteo:era5_seamless:-23.5:-46.8,2024-05-15,71.26,6.71,58.36,10,trigger,synthetic,synthetic,synthetic,synth-v1.0.0,1337,932480f22477dd00,baseline
SP-021:norte:020000:2024-09-20,SP-021:norte:020000,SP-021,norte,20.25,open-meteo:era5_seamless:-23.5:-46.8,2024-09-20,64.19,6.14,58.36,5,trigger,synthetic,synthetic,synthetic,synth-v1.0.0,1337,932480f22477dd00,baseline
SP-021:norte:020000:2024-12-03,SP-021:norte:020000,SP-021,norte,20.25,open-meteo:era5_seamless:-23.5:-46.8,2024-12-03,70.27,3.11,58.36,2,trigger,synthetic,synthetic,synthetic,synth-v1.0.0,1337,932480f22477dd00,baseline
SP-021:norte:020000:2025-02-18,SP-021:norte:020000,SP-021,norte,20.25,open-meteo:era5_seamless:-23.5:-46.8,2025-02-18,84.92,6.35,58.36,16,trigger,synthetic,synthetic,synthetic,synth-v1.0.0,1337,932480f22477dd00,baseline
SP-021:norte:020000:2025-04-19,SP-021:norte:020000,SP-021,norte,20.25,open-meteo:era5_seamless:-23.5:-46.8,2025-04-19,70.97,4.21,58.36,6,trigger,synthetic,synthetic,synthetic,synth-v1.0.0,1337,932480f22477dd00,baseline
SP-021:norte:020000:2025-10-23,SP-021:norte:020000,SP-021,norte,20.25,open-meteo:era5_seamless:-23.5:-46.8,2025-10-23,64.4,4.58,58.36,11,trigger,synthetic,synthetic,synthetic,synth-v1.0.0,1337,932480f22477dd00,baseline
SP-021:norte:020000:2025-12-17,SP-021:norte:020000,SP-021,norte,20.25,open-meteo:era5_seamless:-23.5:-46.8,2025-12-17,34.91,5.02,58.36,3,proactive,synthetic,synthetic,synthetic,synth-v1.0.0,1337,932480f22477dd00,baseline
SP-021:norte:020000:2026-02-13,SP-021:norte:020000,SP-021,norte,20.25,open-meteo:era5_seamless:-23.5:-46.8,2026-02-13,69.37,4.38,58.36,5,trigger,synthetic,synthetic,synthetic,synth-v1.0.0,1337,932480f22477dd00,baseline
SP-021:norte:020000:2026-04-17,SP-021:norte:020000,SP-021,norte,20.25,open-meteo:era5_seamless:-23.5:-46.8,2026-04-17,65.62,4.03,58.36,5,trigger,synthetic,synthetic,synthetic,synth-v1.0.0,1337,932480f22477dd00,baseline
SP-021:sul:020000:2023-01-16,SP-021:sul:020000,SP-021,sul,20.25,open-meteo:era5_seamless:-23.5:-46.8,2023-01-16,51.33,4.63,36.53,8,trigger,synthetic,synthetic,synthetic,synth-v1.0.0,1337,932480f22477dd00,baseline
SP-021:sul:020000:2023-02-22,SP-021:sul:020000,SP-021,sul,20.25,open-meteo:era5_seamless:-23.5:-46.8,2023-02-22,47.47,5.41,36.53,3,trigger,synthetic,synthetic,synthetic,synth-v1.0.0,1337,932480f22477dd00,baseline
SP-021:sul:020000:2023-04-03,SP-021:sul:020000,SP-021,sul,20.25,open-meteo:era5_seamless:-23.5:-46.8,2023-04-03,61.59,4.24,36.53,8,trigger,synthetic,synthetic,synthetic,synth-v1.0.0,1337,932480f22477dd00,baseline
SP-021:sul:020000:2023-08-10,SP-021:sul:020000,SP-021,sul,20.25,open-meteo:era5_seamless:-23.5:-46.8,2023-08-10,39.0,4.58,36.53,4,trigger,synthetic,synthetic,synthetic,synth-v1.0.0,1337,932480f22477dd00,baseline
SP-021:sul:020000:2023-10-21,SP-021:sul:020000,SP-021,sul,20.25,open-meteo:era5_seamless:-23.5:-46.8,2023-10-21,62.85,3.29,36.53,13,trigger,synthetic,synthetic,synthetic,synth-v1.0.0,1337,932480f22477dd00,baseline
SP-021:sul:020000:2023-12-10,SP-021:sul:020000,SP-021,sul,20.25,open-meteo:era5_seamless:-23.5:-46.8,2023-12-10,49.57,6.66,36.53,7,trigger,synthetic,synthetic,synthetic,synth-v1.0.0,1337,932480f22477dd00,baseline
SP-021:sul:020000:2024-01-21,SP-021:sul:020000,SP-021,sul,20.25,open-meteo:era5_seamless:-23.5:-46.8,2024-01-21,59.61,6.65,36.53,7,trigger,synthetic,synthetic,synthetic,synth-v1.0.0,1337,932480f22477dd00,baseline
SP-021:sul:020000:2024-02-28,SP-021:sul:020000,SP-021,sul,20.25,open-meteo:era5_seamless:-23.5:-46.8,2024-02-28,61.8,6.8,36.53,3,trigger,synthetic,synthetic,synthetic,synth-v1.0.0,1337,932480f22477dd00,baseline
SP-021:sul:020000:2024-03-30,SP-021:sul:020000,SP-021,sul,20.25,open-meteo:era5_seamless:-23.5:-46.8,2024-03-30,53.21,5.31,36.53,6,trigger,synthetic,synthetic,synthetic,synth-v1.0.0,1337,932480f22477dd00,baseline
SP-021:sul:020000:2024-05-11,SP-021:sul:020000,SP-021,sul,20.25,open-meteo:era5_seamless:-23.5:-46.8,2024-05-11,45.23,5.8,36.53,6,trigger,synthetic,synthetic,synthetic,synth-v1.0.0,1337,932480f22477dd00,baseline
SP-021:sul:020000:2024-08-31,SP-021:sul:020000,SP-021,sul,20.25,open-meteo:era5_seamless:-23.5:-46.8,2024-08-31,44.94,3.68,36.53,6,trigger,synthetic,synthetic,synthetic,synth-v1.0.0,1337,932480f22477dd00,baseline
SP-021:sul:020000:2024-10-31,SP-021:sul:020000,SP-021,sul,20.25,open-meteo:era5_seamless:-23.5:-46.8,2024-10-31,45.28,4.77,36.53,4,trigger,synthetic,synthetic,synthetic,synth-v1.0.0,1337,932480f22477dd00,baseline
SP-021:sul:020000:2024-12-17,SP-021:sul:020000,SP-021,sul,20.25,open-meteo:era5_seamless:-23.5:-46.8,2024-12-17,50.51,3.02,36.53,2,trigger,synthetic,synthetic,synthetic,synth-v1.0.0,1337,932480f22477dd00,baseline
SP-021:sul:020000:2025-01-30,SP-021:sul:020000,SP-021,sul,20.25,open-meteo:era5_seamless:-23.5:-46.8,2025-01-30,49.13,5.74,36.53,4,trigger,synthetic,synthetic,synthetic,synth-v1.0.0,1337,932480f22477dd00,baseline
SP-021:sul:020000:2025-03-09,SP-021:sul:020000,SP-021,sul,20.25,open-meteo:era5_seamless:-23.5:-46.8,2025-03-09,73.79,6.65,36.53,14,trigger,synthetic,synthetic,synthetic,synth-v1.0.0,1337,932480f22477dd00,baseline
SP-021:sul:020000:2025-04-22,SP-021:sul:020000,SP-021,sul,20.25,open-meteo:era5_seamless:-23.5:-46.8,2025-04-22,47.94,3.17,36.53,2,trigger,synthetic,synthetic,synthetic,synth-v1.0.0,1337,932480f22477dd00,baseline
SP-021:sul:020000:2025-10-06,SP-021:sul:020000,SP-021,sul,20.25,open-meteo:era5_seamless:-23.5:-46.8,2025-10-06,54.62,7.74,36.53,15,trigger,synthetic,synthetic,synthetic,synth-v1.0.0,1337,932480f22477dd00,baseline
SP-021:sul:020000:2025-12-07,SP-021:sul:020000,SP-021,sul,20.25,open-meteo:era5_seamless:-23.5:-46.8,2025-12-07,51.98,4.6,36.53,14,proactive,synthetic,synthetic,synthetic,synth-v1.0.0,1337,932480f22477dd00,baseline
SP-021:sul:020000:2026-01-20,SP-021:sul:020000,SP-021,sul,20.25,open-meteo:era5_seamless:-23.5:-46.8,2026-01-20,57.04,3.03,36.53,9,trigger,synthetic,synthetic,synthetic,synth-v1.0.0,1337,932480f22477dd00,baseline
SP-021:sul:020000:2026-03-15,SP-021:sul:020000,SP-021,sul,20.25,open-meteo:era5_seamless:-23.5:-46.8,2026-03-15,65.63,4.29,36.53,14,trigger,synthetic,synthetic,synthetic,synth-v1.0.0,1337,932480f22477dd00,baseline
SP-021:sul:020000:2026-05-02,SP-021:sul:020000,SP-021,sul,20.25,open-meteo:era5_seamless:-23.5:-46.8,2026-05-02,45.77,7.31,36.53,6,trigger,synthetic,synthetic,synthetic,synth-v1.0.0,1337,932480f22477dd00,baseline
SP-021:sul:020000:2026-09-01,SP-021:sul:020000,SP-021,sul,20.25,open-meteo:era5_seamless:-23.5:-46.8,2026-09-01,46.17,3.57,36.53,7,trigger,synthetic,synthetic,synthetic,synth-v1.0.0,1337,932480f22477dd00,baseline
SP-021:norte:020500:2023-01-13,SP-021:norte:020500,SP-021,norte,20.75,open-meteo:era5_seamless:-23.5:-46.8,2023-01-13,54.11,7.8,43.69,5,trigger,synthetic,synthetic,synthetic,synth-v1.0.0,1337,932480f22477dd00,baseline
SP-021:norte:020500:2023-03-02,SP-021:norte:020500,SP-021,norte,20.75,open-meteo:era5_seamless:-23.5:-46.8,2023-03-02,90.24,3.88,43.69,11,trigger,synthetic,synthetic,synthetic,synth-v1.0.0,1337,932480f22477dd00,baseline
SP-021:norte:020500:2023-04-25,SP-021:norte:020500,SP-021,norte,20.75,open-meteo:era5_seamless:-23.5:-46.8,2023-04-25,65.88,5.44,43.69,2,trigger,synthetic,synthetic,synthetic,synth-v1.0.0,1337,932480f22477dd00,baseline
SP-021:norte:020500:2023-08-29,SP-021:norte:020500,SP-021,norte,20.75,open-meteo:era5_seamless:-23.5:-46.8,2023-08-29,54.01,5.61,43.69,9,trigger,synthetic,synthetic,synthetic,synth-v1.0.0,1337,932480f22477dd00,baseline
SP-021:norte:020500:2023-10-25,SP-021:norte:020500,SP-021,norte,20.75,open-meteo:era5_seamless:-23.5:-46.8,2023-10-25,70.92,6.51,43.69,17,trigger,synthetic,synthetic,synthetic,synth-v1.0.0,1337,932480f22477dd00,baseline
SP-021:norte:020500:2023-12-09,SP-021:norte:020500,SP-021,norte,20.75,open-meteo:era5_seamless:-23.5:-46.8,2023-12-09,75.64,4.26,43.69,13,trigger,synthetic,synthetic,synthetic,synth-v1.0.0,1337,932480f22477dd00,baseline
SP-021:norte:020500:2024-02-01,SP-021:norte:020500,SP-021,norte,20.75,open-meteo:era5_seamless:-23.5:-46.8,2024-02-01,75.45,3.68,43.69,11,trigger,synthetic,synthetic,synthetic,synth-v1.0.0,1337,932480f22477dd00,baseline
SP-021:norte:020500:2024-03-20,SP-021:norte:020500,SP-021,norte,20.75,open-meteo:era5_seamless:-23.5:-46.8,2024-03-20,87.02,5.2,43.69,17,trigger,synthetic,synthetic,synthetic,synth-v1.0.0,1337,932480f22477dd00,baseline
SP-021:norte:020500:2024-04-30,SP-021:norte:020500,SP-021,norte,20.75,open-meteo:era5_seamless:-23.5:-46.8,2024-04-30,55.1,3.41,43.69,2,trigger,synthetic,synthetic,synthetic,synth-v1.0.0,1337,932480f22477dd00,baseline
SP-021:norte:020500:2024-08-26,SP-021:norte:020500,SP-021,norte,20.75,open-meteo:era5_seamless:-23.5:-46.8,2024-08-26,64.53,7.64,43.69,15,trigger,synthetic,synthetic,synthetic,synth-v1.0.0,1337,932480f22477dd00,baseline
SP-021:norte:020500:2024-10-08,SP-021:norte:020500,SP-021,norte,20.75,open-meteo:era5_seamless:-23.5:-46.8,2024-10-08,50.38,6.37,43.69,2,trigger,synthetic,synthetic,synthetic,synth-v1.0.0,1337,932480f22477dd00,baseline
SP-021:norte:020500:2024-11-30,SP-021:norte:020500,SP-021,norte,20.75,open-meteo:era5_seamless:-23.5:-46.8,2024-11-30,66.76,5.86,43.69,6,trigger,synthetic,synthetic,synthetic,synth-v1.0.0,1337,932480f22477dd00,baseline
SP-021:norte:020500:2025-01-07,SP-021:norte:020500,SP-021,norte,20.75,open-meteo:era5_seamless:-23.5:-46.8,2025-01-07,58.02,3.57,43.69,2,trigger,synthetic,synthetic,synthetic,synth-v1.0.0,1337,932480f22477dd00,baseline
SP-021:norte:020500:2025-02-19,SP-021:norte:020500,SP-021,norte,20.75,open-meteo:era5_seamless:-23.5:-46.8,2025-02-19,80.24,3.14,43.69,10,trigger,synthetic,synthetic,synthetic,synth-v1.0.0,1337,932480f22477dd00,baseline
SP-021:norte:020500:2025-04-09,SP-021:norte:020500,SP-021,norte,20.75,open-meteo:era5_seamless:-23.5:-46.8,2025-04-09,61.64,6.7,43.69,10,trigger,synthetic,synthetic,synthetic,synth-v1.0.0,1337,932480f22477dd00,baseline
SP-021:norte:020500:2025-06-30,SP-021:norte:020500,SP-021,norte,20.75,open-meteo:era5_seamless:-23.5:-46.8,2025-06-30,50.8,6.04,43.69,8,trigger,synthetic,synthetic,synthetic,synth-v1.0.0,1337,932480f22477dd00,baseline
SP-021:norte:020500:2025-10-21,SP-021:norte:020500,SP-021,norte,20.75,open-meteo:era5_seamless:-23.5:-46.8,2025-10-21,57.73,3.35,43.69,9,trigger,synthetic,synthetic,synthetic,synth-v1.0.0,1337,932480f22477dd00,baseline
SP-021:norte:020500:2025-12-26,SP-021:norte:020500,SP-021,norte,20.75,open-meteo:era5_seamless:-23.5:-46.8,2025-12-26,67.06,7.48,43.69,5,trigger,synthetic,synthetic,synthetic,synth-v1.0.0,1337,932480f22477dd00,baseline
SP-021:norte:020500:2026-01-28,SP-021:norte:020500,SP-021,norte,20.75,open-meteo:era5_seamless:-23.5:-46.8,2026-01-28,49.3,7.57,43.69,3,trigger,synthetic,synthetic,synthetic,synth-v1.0.0,1337,932480f22477dd00,baseline
SP-021:norte:020500:2026-03-04,SP-021:norte:020500,SP-021,norte,20.75,open-meteo:era5_seamless:-23.5:-46.8,2026-03-04,65.97,3.16,43.69,10,trigger,synthetic,synthetic,synthetic,synth-v1.0.0,1337,932480f22477dd00,baseline
SP-021:norte:020500:2026-05-07,SP-021:norte:020500,SP-021,norte,20.75,open-meteo:era5_seamless:-23.5:-46.8,2026-05-07,74.65,6.62,43.69,18,trigger,synthetic,synthetic,synthetic,synth-v1.0.0,1337,932480f22477dd00,baseline
SP-021:norte:020500:2026-09-01,SP-021:norte:020500,SP-021,norte,20.75,open-meteo:era5_seamless:-23.5:-46.8,2026-09-01,50.03,3.78,43.69,3,trigger,synthetic,synthetic,synthetic,synth-v1.0.0,1337,932480f22477dd00,baseline
SP-021:sul:020500:2023-01-24,SP-021:sul:020500,SP-021,sul,20.75,open-meteo:era5_seamless:-23.5:-46.8,2023-01-24,58.56,4.65,54.46,2,trigger,synthetic,synthetic,synthetic,synth-v1.0.0,1337,932480f22477dd00,baseline
SP-021:sul:020500:2023-03-08,SP-021:sul:020500,SP-021,sul,20.75,open-meteo:era5_seamless:-23.5:-46.8,2023-03-08,64.9,6.42,54.46,3,trigger,synthetic,synthetic,synthetic,synth-v1.0.0,1337,932480f22477dd00,baseline
SP-021:sul:020500:2023-05-07,SP-021:sul:020500,SP-021,sul,20.75,open-meteo:era5_seamless:-23.5:-46.8,2023-05-07,65.73,5.66,54.46,7,trigger,synthetic,synthetic,synthetic,synth-v1.0.0,1337,932480f22477dd00,baseline
SP-021:sul:020500:2023-09-26,SP-021:sul:020500,SP-021,sul,20.75,open-meteo:era5_seamless:-23.5:-46.8,2023-09-26,72.57,6.69,54.46,9,trigger,synthetic,synthetic,synthetic,synth-v1.0.0,1337,932480f22477dd00,baseline
SP-021:sul:020500:2023-11-24,SP-021:sul:020500,SP-021,sul,20.75,open-meteo:era5_seamless:-23.5:-46.8,2023-11-24,75.78,7.48,54.46,12,trigger,synthetic,synthetic,synthetic,synth-v1.0.0,1337,932480f22477dd00,baseline
SP-021:sul:020500:2024-01-14,SP-021:sul:020500,SP-021,sul,20.75,open-meteo:era5_seamless:-23.5:-46.8,2024-01-14,75.79,7.69,54.46,14,trigger,synthetic,synthetic,synthetic,synth-v1.0.0,1337,932480f22477dd00,baseline
SP-021:sul:020500:2024-03-09,SP-021:sul:020500,SP-021,sul,20.75,open-meteo:era5_seamless:-23.5:-46.8,2024-03-09,80.16,4.05,54.46,13,trigger,synthetic,synthetic,synthetic,synth-v1.0.0,1337,932480f22477dd00,baseline
SP-021:sul:020500:2024-04-30,SP-021:sul:020500,SP-021,sul,20.75,open-meteo:era5_seamless:-23.5:-46.8,2024-04-30,63.98,4.52,54.46,2,trigger,synthetic,synthetic,synthetic,synth-v1.0.0,1337,932480f22477dd00,baseline
SP-021:sul:020500:2024-08-19,SP-021:sul:020500,SP-021,sul,20.75,open-meteo:era5_seamless:-23.5:-46.8,2024-08-19,60.49,6.02,54.46,8,trigger,synthetic,synthetic,synthetic,synth-v1.0.0,1337,932480f22477dd00,baseline
SP-021:sul:020500:2024-10-31,SP-021:sul:020500,SP-021,sul,20.75,open-meteo:era5_seamless:-23.5:-46.8,2024-10-31,70.66,7.72,54.46,11,trigger,synthetic,synthetic,synthetic,synth-v1.0.0,1337,932480f22477dd00,baseline
SP-021:sul:020500:2024-12-16,SP-021:sul:020500,SP-021,sul,20.75,open-meteo:era5_seamless:-23.5:-46.8,2024-12-16,58.82,5.92,54.46,8,proactive,synthetic,synthetic,synthetic,synth-v1.0.0,1337,932480f22477dd00,baseline
SP-021:sul:020500:2025-02-08,SP-021:sul:020500,SP-021,sul,20.75,open-meteo:era5_seamless:-23.5:-46.8,2025-02-08,77.91,3.36,54.46,13,trigger,synthetic,synthetic,synthetic,synth-v1.0.0,1337,932480f22477dd00,baseline
SP-021:sul:020500:2025-03-30,SP-021:sul:020500,SP-021,sul,20.75,open-meteo:era5_seamless:-23.5:-46.8,2025-03-30,70.38,4.78,54.46,7,trigger,synthetic,synthetic,synthetic,synth-v1.0.0,1337,932480f22477dd00,baseline
SP-021:sul:020500:2025-09-02,SP-021:sul:020500,SP-021,sul,20.75,open-meteo:era5_seamless:-23.5:-46.8,2025-09-02,65.08,8.0,54.46,9,trigger,synthetic,synthetic,synthetic,synth-v1.0.0,1337,932480f22477dd00,baseline
SP-021:sul:020500:2025-12-04,SP-021:sul:020500,SP-021,sul,20.75,open-meteo:era5_seamless:-23.5:-46.8,2025-12-04,75.04,7.08,54.46,18,trigger,synthetic,synthetic,synthetic,synth-v1.0.0,1337,932480f22477dd00,baseline
SP-021:sul:020500:2026-01-02,SP-021:sul:020500,SP-021,sul,20.75,open-meteo:era5_seamless:-23.5:-46.8,2026-01-02,43.09,6.62,54.46,5,proactive,synthetic,synthetic,synthetic,synth-v1.0.0,1337,932480f22477dd00,baseline
SP-021:sul:020500:2026-02-25,SP-021:sul:020500,SP-021,sul,20.75,open-meteo:era5_seamless:-23.5:-46.8,2026-02-25,77.55,3.36,54.46,10,trigger,synthetic,synthetic,synthetic,synth-v1.0.0,1337,932480f22477dd00,baseline
SP-021:sul:020500:2026-04-29,SP-021:sul:020500,SP-021,sul,20.75,open-meteo:era5_seamless:-23.5:-46.8,2026-04-29,65.31,6.71,54.46,10,trigger,synthetic,synthetic,synthetic,synth-v1.0.0,1337,932480f22477dd00,baseline
SP-021:norte:021000:2023-01-22,SP-021:norte:021000,SP-021,norte,21.25,open-meteo:era5_seamless:-23.6:-46.8,2023-01-22,79.32,3.87,50.98,7,trigger,synthetic,synthetic,synthetic,synth-v1.0.0,1337,932480f22477dd00,baseline
SP-021:norte:021000:2023-03-02,SP-021:norte:021000,SP-021,norte,21.25,open-meteo:era5_seamless:-23.6:-46.8,2023-03-02,79.37,7.99,50.98,4,trigger,synthetic,synthetic,synthetic,synth-v1.0.0,1337,932480f22477dd00,baseline
SP-021:norte:021000:2023-03-31,SP-021:norte:021000,SP-021,norte,21.25,open-meteo:era5_seamless:-23.6:-46.8,2023-03-31,66.98,3.28,50.98,5,trigger,synthetic,synthetic,synthetic,synth-v1.0.0,1337,932480f22477dd00,baseline
SP-021:norte:021000:2023-06-21,SP-021:norte:021000,SP-021,norte,21.25,open-meteo:era5_seamless:-23.6:-46.8,2023-06-21,54.66,6.31,50.98,10,trigger,synthetic,synthetic,synthetic,synth-v1.0.0,1337,932480f22477dd00,baseline
SP-021:norte:021000:2023-09-05,SP-021:norte:021000,SP-021,norte,21.25,open-meteo:era5_seamless:-23.6:-46.8,2023-09-05,60.89,4.04,50.98,2,trigger,synthetic,synthetic,synthetic,synth-v1.0.0,1337,932480f22477dd00,baseline
SP-021:norte:021000:2023-10-31,SP-021:norte:021000,SP-021,norte,21.25,open-meteo:era5_seamless:-23.6:-46.8,2023-10-31,79.92,4.11,50.98,9,trigger,synthetic,synthetic,synthetic,synth-v1.0.0,1337,932480f22477dd00,baseline
SP-021:norte:021000:2023-12-20,SP-021:norte:021000,SP-021,norte,21.25,open-meteo:era5_seamless:-23.6:-46.8,2023-12-20,80.14,3.8,50.98,10,trigger,synthetic,synthetic,synthetic,synth-v1.0.0,1337,932480f22477dd00,baseline
SP-021:norte:021000:2024-02-07,SP-021:norte:021000,SP-021,norte,21.25,open-meteo:era5_seamless:-23.6:-46.8,2024-02-07,78.93,3.99,50.98,10,trigger,synthetic,synthetic,synthetic,synth-v1.0.0,1337,932480f22477dd00,baseline
SP-021:norte:021000:2024-03-14,SP-021:norte:021000,SP-021,norte,21.25,open-meteo:era5_seamless:-23.6:-46.8,2024-03-14,70.25,3.3,50.98,4,trigger,synthetic,synthetic,synthetic,synth-v1.0.0,1337,932480f22477dd00,baseline
SP-021:norte:021000:2024-04-23,SP-021:norte:021000,SP-021,norte,21.25,open-meteo:era5_seamless:-23.6:-46.8,2024-04-23,60.85,7.19,50.98,2,trigger,synthetic,synthetic,synthetic,synth-v1.0.0,1337,932480f22477dd00,baseline
SP-021:norte:021000:2024-06-06,SP-021:norte:021000,SP-021,norte,21.25,open-meteo:era5_seamless:-23.6:-46.8,2024-06-06,57.0,3.06,50.98,11,trigger,synthetic,synthetic,synthetic,synth-v1.0.0,1337,932480f22477dd00,baseline
SP-021:norte:021000:2024-09-04,SP-021:norte:021000,SP-021,norte,21.25,open-meteo:era5_seamless:-23.6:-46.8,2024-09-04,64.54,5.5,50.98,10,trigger,synthetic,synthetic,synthetic,synth-v1.0.0,1337,932480f22477dd00,baseline
SP-021:norte:021000:2024-10-31,SP-021:norte:021000,SP-021,norte,21.25,open-meteo:era5_seamless:-23.6:-46.8,2024-10-31,75.55,6.61,50.98,4,trigger,synthetic,synthetic,synthetic,synth-v1.0.0,1337,932480f22477dd00,baseline
SP-021:norte:021000:2024-12-09,SP-021:norte:021000,SP-021,norte,21.25,open-meteo:era5_seamless:-23.6:-46.8,2024-12-09,68.83,3.35,50.98,8,trigger,synthetic,synthetic,synthetic,synth-v1.0.0,1337,932480f22477dd00,baseline
SP-021:norte:021000:2025-01-26,SP-021:norte:021000,SP-021,norte,21.25,open-meteo:era5_seamless:-23.6:-46.8,2025-01-26,82.01,6.18,50.98,7,trigger,synthetic,synthetic,synthetic,synth-v1.0.0,1337,932480f22477dd00,baseline
SP-021:norte:021000:2025-02-27,SP-021:norte:021000,SP-021,norte,21.25,open-meteo:era5_seamless:-23.6:-46.8,2025-02-27,78.43,5.25,50.98,4,trigger,synthetic,synthetic,synthetic,synth-v1.0.0,1337,932480f22477dd00,baseline
SP-021:norte:021000:2025-04-09,SP-021:norte:021000,SP-021,norte,21.25,open-meteo:era5_seamless:-23.6:-46.8,2025-04-09,69.24,3.73,50.98,3,trigger,synthetic,synthetic,synthetic,synth-v1.0.0,1337,932480f22477dd00,baseline
SP-021:norte:021000:2025-07-07,SP-021:norte:021000,SP-021,norte,21.25,open-meteo:era5_seamless:-23.6:-46.8,2025-07-07,63.83,4.61,50.98,15,trigger,synthetic,synthetic,synthetic,synth-v1.0.0,1337,932480f22477dd00,baseline
SP-021:norte:021000:2025-10-17,SP-021:norte:021000,SP-021,norte,21.25,open-meteo:era5_seamless:-23.6:-46.8,2025-10-17,71.95,6.31,50.98,12,trigger,synthetic,synthetic,synthetic,synth-v1.0.0,1337,932480f22477dd00,baseline
SP-021:norte:021000:2025-12-10,SP-021:norte:021000,SP-021,norte,21.25,open-meteo:era5_seamless:-23.6:-46.8,2025-12-10,67.39,7.7,50.98,3,trigger,synthetic,synthetic,synthetic,synth-v1.0.0,1337,932480f22477dd00,baseline
SP-021:norte:021000:2026-01-13,SP-021:norte:021000,SP-021,norte,21.25,open-meteo:era5_seamless:-23.6:-46.8,2026-01-13,70.57,5.19,50.98,2,trigger,synthetic,synthetic,synthetic,synth-v1.0.0,1337,932480f22477dd00,baseline
SP-021:norte:021000:2026-03-05,SP-021:norte:021000,SP-021,norte,21.25,open-meteo:era5_seamless:-23.6:-46.8,2026-03-05,89.27,3.76,50.98,11,trigger,synthetic,synthetic,synthetic,synth-v1.0.0,1337,932480f22477dd00,baseline
SP-021:norte:021000:2026-04-28,SP-021:norte:021000,SP-021,norte,21.25,open-meteo:era5_seamless:-23.6:-46.8,2026-04-28,84.47,3.9,50.98,9,trigger,synthetic,synthetic,synthetic,synth-v1.0.0,1337,932480f22477dd00,baseline
SP-021:norte:021000:2026-08-13,SP-021:norte:021000,SP-021,norte,21.25,open-meteo:era5_seamless:-23.6:-46.8,2026-08-13,56.0,7.74,50.98,4,trigger,synthetic,synthetic,synthetic,synth-v1.0.0,1337,932480f22477dd00,baseline
SP-021:sul:021000:2023-01-25,SP-021:sul:021000,SP-021,sul,21.25,open-meteo:era5_seamless:-23.6:-46.8,2023-01-25,85.37,6.73,53.8,10,trigger,synthetic,synthetic,synthetic,synth-v1.0.0,1337,932480f22477dd00,baseline
SP-021:sul:021000:2023-02-28,SP-021:sul:021000,SP-021,sul,21.25,open-meteo:era5_seamless:-23.6:-46.8,2023-02-28,84.21,6.3,53.8,2,trigger,synthetic,synthetic,synthetic,synth-v1.0.0,1337,932480f22477dd00,baseline
SP-021:sul:021000:2023-04-08,SP-021:sul:021000,SP-021,sul,21.25,open-meteo:era5_seamless:-23.6:-46.8,2023-04-08,86.15,5.27,53.8,13,trigger,synthetic,synthetic,synthetic,synth-v1.0.0,1337,932480f22477dd00,baseline
SP-021:sul:021000:2023-06-10,SP-021:sul:021000,SP-021,sul,21.25,open-meteo:era5_seamless:-23.6:-46.8,2023-06-10,59.97,5.32,53.8,6,trigger,synthetic,synthetic,synthetic,synth-v1.0.0,1337,932480f22477dd00,baseline
SP-021:sul:021000:2023-09-04,SP-021:sul:021000,SP-021,sul,21.25,open-meteo:era5_seamless:-23.6:-46.8,2023-09-04,69.52,6.81,53.8,8,trigger,synthetic,synthetic,synthetic,synth-v1.0.0,1337,932480f22477dd00,baseline
SP-021:sul:021000:2023-10-15,SP-021:sul:021000,SP-021,sul,21.25,open-meteo:era5_seamless:-23.6:-46.8,2023-10-15,73.5,3.52,53.8,7,trigger,synthetic,synthetic,synthetic,synth-v1.0.0,1337,932480f22477dd00,baseline
SP-021:sul:021000:2023-11-24,SP-021:sul:021000,SP-021,sul,21.25,open-meteo:era5_seamless:-23.6:-46.8,2023-11-24,75.43,4.83,53.8,5,trigger,synthetic,synthetic,synthetic,synth-v1.0.0,1337,932480f22477dd00,baseline
SP-021:sul:021000:2023-12-27,SP-021:sul:021000,SP-021,sul,21.25,open-meteo:era5_seamless:-23.6:-46.8,2023-12-27,68.07,3.15,53.8,3,trigger,synthetic,synthetic,synthetic,synth-v1.0.0,1337,932480f22477dd00,baseline
SP-021:sul:021000:2024-02-21,SP-021:sul:021000,SP-021,sul,21.25,open-meteo:era5_seamless:-23.6:-46.8,2024-02-21,96.23,3.98,53.8,17,trigger,synthetic,synthetic,synthetic,synth-v1.0.0,1337,932480f22477dd00,baseline
SP-021:sul:021000:2024-03-25,SP-021:sul:021000,SP-021,sul,21.25,open-meteo:era5_seamless:-23.6:-46.8,2024-03-25,76.48,3.61,53.8,8,trigger,synthetic,synthetic,synthetic,synth-v1.0.0,1337,932480f22477dd00,baseline
SP-021:sul:021000:2024-05-12,SP-021:sul:021000,SP-021,sul,21.25,open-meteo:era5_seamless:-23.6:-46.8,2024-05-12,91.83,6.24,53.8,7,trigger,synthetic,synthetic,synthetic,synth-v1.0.0,1337,932480f22477dd00,baseline
SP-021:sul:021000:2024-07-21,SP-021:sul:021000,SP-021,sul,21.25,open-meteo:era5_seamless:-23.6:-46.8,2024-07-21,63.48,4.73,53.8,7,trigger,synthetic,synthetic,synthetic,synth-v1.0.0,1337,932480f22477dd00,baseline
SP-021:sul:021000:2024-10-02,SP-021:sul:021000,SP-021,sul,21.25,open-meteo:era5_seamless:-23.6:-46.8,2024-10-02,89.57,5.99,53.8,10,trigger,synthetic,synthetic,synthetic,synth-v1.0.0,1337,932480f22477dd00,baseline
SP-021:sul:021000:2024-11-16,SP-021:sul:021000,SP-021,sul,21.25,open-meteo:era5_seamless:-23.6:-46.8,2024-11-16,69.21,6.34,53.8,6,trigger,synthetic,synthetic,synthetic,synth-v1.0.0,1337,932480f22477dd00,baseline
SP-021:sul:021000:2024-12-24,SP-021:sul:021000,SP-021,sul,21.25,open-meteo:era5_seamless:-23.6:-46.8,2024-12-24,83.7,7.24,53.8,2,trigger,synthetic,synthetic,synthetic,synth-v1.0.0,1337,932480f22477dd00,baseline
SP-021:sul:021000:2025-01-24,SP-021:sul:021000,SP-021,sul,21.25,open-meteo:era5_seamless:-23.6:-46.8,2025-01-24,76.69,5.13,53.8,5,trigger,synthetic,synthetic,synthetic,synth-v1.0.0,1337,932480f22477dd00,baseline
SP-021:sul:021000:2025-03-02,SP-021:sul:021000,SP-021,sul,21.25,open-meteo:era5_seamless:-23.6:-46.8,2025-03-02,92.77,6.23,53.8,7,trigger,synthetic,synthetic,synthetic,synth-v1.0.0,1337,932480f22477dd00,baseline
SP-021:sul:021000:2025-04-01,SP-021:sul:021000,SP-021,sul,21.25,open-meteo:era5_seamless:-23.6:-46.8,2025-04-01,59.1,4.41,53.8,2,trigger,synthetic,synthetic,synthetic,synth-v1.0.0,1337,932480f22477dd00,baseline
SP-021:sul:021000:2025-05-20,SP-021:sul:021000,SP-021,sul,21.25,open-meteo:era5_seamless:-23.6:-46.8,2025-05-20,59.66,6.42,53.8,2,trigger,synthetic,synthetic,synthetic,synth-v1.0.0,1337,932480f22477dd00,baseline
SP-021:sul:021000:2025-09-23,SP-021:sul:021000,SP-021,sul,21.25,open-meteo:era5_seamless:-23.6:-46.8,2025-09-23,86.51,4.43,53.8,23,trigger,synthetic,synthetic,synthetic,synth-v1.0.0,1337,932480f22477dd00,baseline
SP-021:sul:021000:2025-11-21,SP-021:sul:021000,SP-021,sul,21.25,open-meteo:era5_seamless:-23.6:-46.8,2025-11-21,70.08,4.71,53.8,5,trigger,synthetic,synthetic,synthetic,synth-v1.0.0,1337,932480f22477dd00,baseline
SP-021:sul:021000:2026-01-02,SP-021:sul:021000,SP-021,sul,21.25,open-meteo:era5_seamless:-23.6:-46.8,2026-01-02,81.91,5.78,53.8,5,trigger,synthetic,synthetic,synthetic,synth-v1.0.0,1337,932480f22477dd00,baseline
SP-021:sul:021000:2026-02-24,SP-021:sul:021000,SP-021,sul,21.25,open-meteo:era5_seamless:-23.6:-46.8,2026-02-24,99.44,4.28,53.8,16,trigger,synthetic,synthetic,synthetic,synth-v1.0.0,1337,932480f22477dd00,baseline
SP-021:sul:021000:2026-04-04,SP-021:sul:021000,SP-021,sul,21.25,open-meteo:era5_seamless:-23.6:-46.8,2026-04-04,79.19,5.14,53.8,6,trigger,synthetic,synthetic,synthetic,synth-v1.0.0,1337,932480f22477dd00,baseline
SP-021:sul:021000:2026-05-24,SP-021:sul:021000,SP-021,sul,21.25,open-meteo:era5_seamless:-23.6:-46.8,2026-05-24,61.72,7.63,53.8,7,trigger,synthetic,synthetic,synthetic,synth-v1.0.0,1337,932480f22477dd00,baseline
SP-021:sul:021000:2026-08-29,SP-021:sul:021000,SP-021,sul,21.25,open-meteo:era5_seamless:-23.6:-46.8,2026-08-29,77.8,6.53,53.8,6,trigger,synthetic,synthetic,synthetic,synth-v1.0.0,1337,932480f22477dd00,baseline
SP-021:norte:021500:2023-01-23,SP-021:norte:021500,SP-021,norte,21.75,open-meteo:era5_seamless:-23.6:-46.8,2023-01-23,67.93,6.64,54.19,8,trigger,synthetic,synthetic,synthetic,synth-v1.0.0,1337,932480f22477dd00,baseline
SP-021:norte:021500:2023-02-21,SP-021:norte:021500,SP-021,norte,21.75,open-meteo:era5_seamless:-23.6:-46.8,2023-02-21,59.08,6.76,54.19,2,trigger,synthetic,synthetic,synthetic,synth-v1.0.0,1337,932480f22477dd00,baseline
SP-021:norte:021500:2023-03-22,SP-021:norte:021500,SP-021,norte,21.75,open-meteo:era5_seamless:-23.6:-46.8,2023-03-22,60.65,3.53,54.19,3,trigger,synthetic,synthetic,synthetic,synth-v1.0.0,1337,932480f22477dd00,baseline
SP-021:norte:021500:2023-05-25,SP-021:norte:021500,SP-021,norte,21.75,open-meteo:era5_seamless:-23.6:-46.8,2023-05-25,60.21,3.72,54.19,11,trigger,synthetic,synthetic,synthetic,synth-v1.0.0,1337,932480f22477dd00,baseline
SP-021:norte:021500:2023-09-21,SP-021:norte:021500,SP-021,norte,21.75,open-meteo:era5_seamless:-23.6:-46.8,2023-09-21,67.52,4.34,54.19,11,trigger,synthetic,synthetic,synthetic,synth-v1.0.0,1337,932480f22477dd00,baseline
SP-021:norte:021500:2023-11-17,SP-021:norte:021500,SP-021,norte,21.75,open-meteo:era5_seamless:-23.6:-46.8,2023-11-17,69.77,6.61,54.19,12,trigger,synthetic,synthetic,synthetic,synth-v1.0.0,1337,932480f22477dd00,baseline
SP-021:norte:021500:2023-12-29,SP-021:norte:021500,SP-021,norte,21.75,open-meteo:era5_seamless:-23.6:-46.8,2023-12-29,64.57,5.13,54.19,5,trigger,synthetic,synthetic,synthetic,synth-v1.0.0,1337,932480f22477dd00,baseline
SP-021:norte:021500:2024-02-08,SP-021:norte:021500,SP-021,norte,21.75,open-meteo:era5_seamless:-23.6:-46.8,2024-02-08,62.52,4.72,54.19,4,trigger,synthetic,synthetic,synthetic,synth-v1.0.0,1337,932480f22477dd00,baseline
SP-021:norte:021500:2024-03-22,SP-021:norte:021500,SP-021,norte,21.75,open-meteo:era5_seamless:-23.6:-46.8,2024-03-22,72.09,5.48,54.19,12,trigger,synthetic,synthetic,synthetic,synth-v1.0.0,1337,932480f22477dd00,baseline
SP-021:norte:021500:2024-05-02,SP-021:norte:021500,SP-021,norte,21.75,open-meteo:era5_seamless:-23.6:-46.8,2024-05-02,65.13,4.3,54.19,4,trigger,synthetic,synthetic,synthetic,synth-v1.0.0,1337,932480f22477dd00,baseline
SP-021:norte:021500:2024-07-18,SP-021:norte:021500,SP-021,norte,21.75,open-meteo:era5_seamless:-23.6:-46.8,2024-07-18,55.6,3.21,54.19,4,trigger,synthetic,synthetic,synthetic,synth-v1.0.0,1337,932480f22477dd00,baseline
SP-021:norte:021500:2024-10-11,SP-021:norte:021500,SP-021,norte,21.75,open-meteo:era5_seamless:-23.6:-46.8,2024-10-11,67.27,7.67,54.19,12,trigger,synthetic,synthetic,synthetic,synth-v1.0.0,1337,932480f22477dd00,baseline
SP-021:norte:021500:2024-11-28,SP-021:norte:021500,SP-021,norte,21.75,open-meteo:era5_seamless:-23.6:-46.8,2024-11-28,64.95,5.98,54.19,4,trigger,synthetic,synthetic,synthetic,synth-v1.0.0,1337,932480f22477dd00,baseline
SP-021:norte:021500:2025-01-20,SP-021:norte:021500,SP-021,norte,21.75,open-meteo:era5_seamless:-23.6:-46.8,2025-01-20,72.62,4.1,54.19,22,trigger,synthetic,synthetic,synthetic,synth-v1.0.0,1337,932480f22477dd00,baseline
SP-021:norte:021500:2025-02-26,SP-021:norte:021500,SP-021,norte,21.75,open-meteo:era5_seamless:-23.6:-46.8,2025-02-26,69.09,4.26,54.19,3,trigger,synthetic,synthetic,synthetic,synth-v1.0.0,1337,932480f22477dd00,baseline
SP-021:norte:021500:2025-04-19,SP-021:norte:021500,SP-021,norte,21.75,open-meteo:era5_seamless:-23.6:-46.8,2025-04-19,68.51,3.63,54.19,13,trigger,synthetic,synthetic,synthetic,synth-v1.0.0,1337,932480f22477dd00,baseline
SP-021:norte:021500:2025-08-14,SP-021:norte:021500,SP-021,norte,21.75,open-meteo:era5_seamless:-23.6:-46.8,2025-08-14,56.03,4.6,54.19,4,trigger,synthetic,synthetic,synthetic,synth-v1.0.0,1337,932480f22477dd00,baseline
SP-021:norte:021500:2025-11-04,SP-021:norte:021500,SP-021,norte,21.75,open-meteo:era5_seamless:-23.6:-46.8,2025-11-04,65.26,5.52,54.19,16,trigger,synthetic,synthetic,synthetic,synth-v1.0.0,1337,932480f22477dd00,baseline
SP-021:norte:021500:2026-01-03,SP-021:norte:021500,SP-021,norte,21.75,open-meteo:era5_seamless:-23.6:-46.8,2026-01-03,71.34,6.89,54.19,13,trigger,synthetic,synthetic,synthetic,synth-v1.0.0,1337,932480f22477dd00,baseline
SP-021:norte:021500:2026-02-13,SP-021:norte:021500,SP-021,norte,21.75,open-meteo:era5_seamless:-23.6:-46.8,2026-02-13,66.78,5.49,54.19,5,trigger,synthetic,synthetic,synthetic,synth-v1.0.0,1337,932480f22477dd00,baseline
SP-021:norte:021500:2026-03-26,SP-021:norte:021500,SP-021,norte,21.75,open-meteo:era5_seamless:-23.6:-46.8,2026-03-26,68.25,4.64,54.19,4,trigger,synthetic,synthetic,synthetic,synth-v1.0.0,1337,932480f22477dd00,baseline
SP-021:norte:021500:2026-04-30,SP-021:norte:021500,SP-021,norte,21.75,open-meteo:era5_seamless:-23.6:-46.8,2026-04-30,43.12,3.75,54.19,4,proactive,synthetic,synthetic,synthetic,synth-v1.0.0,1337,932480f22477dd00,baseline
SP-021:norte:021500:2026-08-30,SP-021:norte:021500,SP-021,norte,21.75,open-meteo:era5_seamless:-23.6:-46.8,2026-08-30,64.83,7.39,54.19,14,trigger,synthetic,synthetic,synthetic,synth-v1.0.0,1337,932480f22477dd00,baseline
SP-021:sul:021500:2023-01-20,SP-021:sul:021500,SP-021,sul,21.75,open-meteo:era5_seamless:-23.6:-46.8,2023-01-20,57.23,6.27,44.44,5,trigger,synthetic,synthetic,synthetic,synth-v1.0.0,1337,932480f22477dd00,baseline
SP-021:sul:021500:2023-03-02,SP-021:sul:021500,SP-021,sul,21.75,open-meteo:era5_seamless:-23.6:-46.8,2023-03-02,84.02,7.11,44.44,4,trigger,synthetic,synthetic,synthetic,synth-v1.0.0,1337,932480f22477dd00,baseline
SP-021:sul:021500:2023-04-07,SP-021:sul:021500,SP-021,sul,21.75,open-meteo:era5_seamless:-23.6:-46.8,2023-04-07,62.81,6.93,44.44,5,trigger,synthetic,synthetic,synthetic,synth-v1.0.0,1337,932480f22477dd00,baseline
SP-021:sul:021500:2023-06-02,SP-021:sul:021500,SP-021,sul,21.75,open-meteo:era5_seamless:-23.6:-46.8,2023-06-02,40.96,5.18,44.44,5,proactive,synthetic,synthetic,synthetic,synth-v1.0.0,1337,932480f22477dd00,baseline
SP-021:sul:021500:2023-09-05,SP-021:sul:021500,SP-021,sul,21.75,open-meteo:era5_seamless:-23.6:-46.8,2023-09-05,53.13,4.61,44.44,2,trigger,synthetic,synthetic,synthetic,synth-v1.0.0,1337,932480f22477dd00,baseline
SP-021:sul:021500:2023-10-28,SP-021:sul:021500,SP-021,sul,21.75,open-meteo:era5_seamless:-23.6:-46.8,2023-10-28,62.84,7.82,44.44,6,trigger,synthetic,synthetic,synthetic,synth-v1.0.0,1337,932480f22477dd00,baseline
SP-021:sul:021500:2023-12-16,SP-021:sul:021500,SP-021,sul,21.75,open-meteo:era5_seamless:-23.6:-46.8,2023-12-16,86.12,4.54,44.44,13,trigger,synthetic,synthetic,synthetic,synth-v1.0.0,1337,932480f22477dd00,baseline
SP-021:sul:021500:2024-01-28,SP-021:sul:021500,SP-021,sul,21.75,open-meteo:era5_seamless:-23.6:-46.8,2024-01-28,53.46,6.79,44.44,7,trigger,synthetic,synthetic,synthetic,synth-v1.0.0,1337,932480f22477dd00,baseline
SP-021:sul:021500:2024-03-02,SP-021:sul:021500,SP-021,sul,21.75,open-meteo:era5_seamless:-23.6:-46.8,2024-03-02,67.15,7.88,44.44,6,trigger,synthetic,synthetic,synthetic,synth-v1.0.0,1337,932480f22477dd00,baseline
SP-021:sul:021500:2024-04-07,SP-021:sul:021500,SP-021,sul,21.75,open-meteo:era5_seamless:-23.6:-46.8,2024-04-07,73.06,4.01,44.44,7,trigger,synthetic,synthetic,synthetic,synth-v1.0.0,1337,932480f22477dd00,baseline
SP-021:sul:021500:2024-05-23,SP-021:sul:021500,SP-021,sul,21.75,open-meteo:era5_seamless:-23.6:-46.8,2024-05-23,57.33,4.26,44.44,4,trigger,synthetic,synthetic,synthetic,synth-v1.0.0,1337,932480f22477dd00,baseline
SP-021:sul:021500:2024-08-31,SP-021:sul:021500,SP-021,sul,21.75,open-meteo:era5_seamless:-23.6:-46.8,2024-08-31,58.21,4.98,44.44,6,trigger,synthetic,synthetic,synthetic,synth-v1.0.0,1337,932480f22477dd00,baseline
SP-021:sul:021500:2024-10-08,SP-021:sul:021500,SP-021,sul,21.75,open-meteo:era5_seamless:-23.6:-46.8,2024-10-08,33.27,6.22,44.44,2,proactive,synthetic,synthetic,synthetic,synth-v1.0.0,1337,932480f22477dd00,baseline
SP-021:sul:021500:2024-12-02,SP-021:sul:021500,SP-021,sul,21.75,open-meteo:era5_seamless:-23.6:-46.8,2024-12-02,74.88,4.67,44.44,8,trigger,synthetic,synthetic,synthetic,synth-v1.0.0,1337,932480f22477dd00,baseline
SP-021:sul:021500:2025-01-18,SP-021:sul:021500,SP-021,sul,21.75,open-meteo:era5_seamless:-23.6:-46.8,2025-01-18,71.72,4.18,44.44,6,trigger,synthetic,synthetic,synthetic,synth-v1.0.0,1337,932480f22477dd00,baseline
SP-021:sul:021500:2025-03-01,SP-021:sul:021500,SP-021,sul,21.75,open-meteo:era5_seamless:-23.6:-46.8,2025-03-01,88.02,3.78,44.44,13,trigger,synthetic,synthetic,synthetic,synth-v1.0.0,1337,932480f22477dd00,baseline
SP-021:sul:021500:2025-04-30,SP-021:sul:021500,SP-021,sul,21.75,open-meteo:era5_seamless:-23.6:-46.8,2025-04-30,78.84,4.86,44.44,17,trigger,synthetic,synthetic,synthetic,synth-v1.0.0,1337,932480f22477dd00,baseline
SP-021:sul:021500:2025-08-31,SP-021:sul:021500,SP-021,sul,21.75,open-meteo:era5_seamless:-23.6:-46.8,2025-08-31,52.11,5.14,44.44,7,trigger,synthetic,synthetic,synthetic,synth-v1.0.0,1337,932480f22477dd00,baseline
SP-021:sul:021500:2025-11-26,SP-021:sul:021500,SP-021,sul,21.75,open-meteo:era5_seamless:-23.6:-46.8,2025-11-26,80.92,4.88,44.44,24,trigger,synthetic,synthetic,synthetic,synth-v1.0.0,1337,932480f22477dd00,baseline
SP-021:sul:021500:2026-01-12,SP-021:sul:021500,SP-021,sul,21.75,open-meteo:era5_seamless:-23.6:-46.8,2026-01-12,75.48,4.27,44.44,8,trigger,synthetic,synthetic,synthetic,synth-v1.0.0,1337,932480f22477dd00,baseline
SP-021:sul:021500:2026-03-01,SP-021:sul:021500,SP-021,sul,21.75,open-meteo:era5_seamless:-23.6:-46.8,2026-03-01,75.89,6.08,44.44,7,trigger,synthetic,synthetic,synthetic,synth-v1.0.0,1337,932480f22477dd00,baseline
SP-021:sul:021500:2026-04-13,SP-021:sul:021500,SP-021,sul,21.75,open-meteo:era5_seamless:-23.6:-46.8,2026-04-13,71.99,3.98,44.44,8,trigger,synthetic,synthetic,synthetic,synth-v1.0.0,1337,932480f22477dd00,baseline
SP-021:sul:021500:2026-08-13,SP-021:sul:021500,SP-021,sul,21.75,open-meteo:era5_seamless:-23.6:-46.8,2026-08-13,69.06,3.44,44.44,11,trigger,synthetic,synthetic,synthetic,synth-v1.0.0,1337,932480f22477dd00,baseline
SP-021:norte:022000:2023-01-25,SP-021:norte:022000,SP-021,norte,22.25,open-meteo:era5_seamless:-23.6:-46.8,2023-01-25,48.74,7.55,36.49,3,trigger,synthetic,synthetic,synthetic,synth-v1.0.0,1337,932480f22477dd00,baseline
SP-021:norte:022000:2023-02-27,SP-021:norte:022000,SP-021,norte,22.25,open-meteo:era5_seamless:-23.6:-46.8,2023-02-27,78.43,3.44,36.49,8,trigger,synthetic,synthetic,synthetic,synth-v1.0.0,1337,932480f22477dd00,baseline
SP-021:norte:022000:2023-03-29,SP-021:norte:022000,SP-021,norte,22.25,open-meteo:era5_seamless:-23.6:-46.8,2023-03-29,41.72,5.35,36.49,3,trigger,synthetic,synthetic,synthetic,synth-v1.0.0,1337,932480f22477dd00,baseline
SP-021:norte:022000:2023-05-12,SP-021:norte:022000,SP-021,norte,22.25,open-meteo:era5_seamless:-23.6:-46.8,2023-05-12,51.69,4.04,36.49,5,trigger,synthetic,synthetic,synthetic,synth-v1.0.0,1337,932480f22477dd00,baseline
SP-021:norte:022000:2023-08-22,SP-021:norte:022000,SP-021,norte,22.25,open-meteo:era5_seamless:-23.6:-46.8,2023-08-22,57.07,3.43,36.49,9,trigger,synthetic,synthetic,synthetic,synth-v1.0.0,1337,932480f22477dd00,baseline
SP-021:norte:022000:2023-10-16,SP-021:norte:022000,SP-021,norte,22.25,open-meteo:era5_seamless:-23.6:-46.8,2023-10-16,65.41,5.36,36.49,8,trigger,synthetic,synthetic,synthetic,synth-v1.0.0,1337,932480f22477dd00,baseline
SP-021:norte:022000:2023-11-14,SP-021:norte:022000,SP-021,norte,22.25,open-meteo:era5_seamless:-23.6:-46.8,2023-11-14,40.87,5.93,36.49,2,trigger,synthetic,synthetic,synthetic,synth-v1.0.0,1337,932480f22477dd00,baseline
SP-021:norte:022000:2023-12-23,SP-021:norte:022000,SP-021,norte,22.25,open-meteo:era5_seamless:-23.6:-46.8,2023-12-23,74.66,3.51,36.49,6,trigger,synthetic,synthetic,synthetic,synth-v1.0.0,1337,932480f22477dd00,baseline
SP-021:norte:022000:2024-01-30,SP-021:norte:022000,SP-021,norte,22.25,open-meteo:era5_seamless:-23.6:-46.8,2024-01-30,49.81,6.59,36.49,2,trigger,synthetic,synthetic,synthetic,synth-v1.0.0,1337,932480f22477dd00,baseline
SP-021:norte:022000:2024-03-02,SP-021:norte:022000,SP-021,norte,22.25,open-meteo:era5_seamless:-23.6:-46.8,2024-03-02,76.71,6.47,36.49,6,trigger,synthetic,synthetic,synthetic,synth-v1.0.0,1337,932480f22477dd00,baseline
SP-021:norte:022000:2024-04-07,SP-021:norte:022000,SP-021,norte,22.25,open-meteo:era5_seamless:-23.6:-46.8,2024-04-07,82.23,4.7,36.49,14,trigger,synthetic,synthetic,synthetic,synth-v1.0.0,1337,932480f22477dd00,baseline
SP-021:norte:022000:2024-05-09,SP-021:norte:022000,SP-021,norte,22.25,open-meteo:era5_seamless:-23.6:-46.8,2024-05-09,51.18,4.46,36.49,4,trigger,synthetic,synthetic,synthetic,synth-v1.0.0,1337,932480f22477dd00,baseline
SP-021:norte:022000:2024-07-09,SP-021:norte:022000,SP-021,norte,22.25,open-meteo:era5_seamless:-23.6:-46.8,2024-07-09,47.27,4.51,36.49,9,trigger,synthetic,synthetic,synthetic,synth-v1.0.0,1337,932480f22477dd00,baseline
SP-021:norte:022000:2024-09-20,SP-021:norte:022000,SP-021,norte,22.25,open-meteo:era5_seamless:-23.6:-46.8,2024-09-20,64.77,4.96,36.49,5,trigger,synthetic,synthetic,synthetic,synth-v1.0.0,1337,932480f22477dd00,baseline
SP-021:norte:022000:2024-10-30,SP-021:norte:022000,SP-021,norte,22.25,open-meteo:era5_seamless:-23.6:-46.8,2024-10-30,45.12,6.06,36.49,3,trigger,synthetic,synthetic,synthetic,synth-v1.0.0,1337,932480f22477dd00,baseline
SP-021:norte:022000:2024-12-21,SP-021:norte:022000,SP-021,norte,22.25,open-meteo:era5_seamless:-23.6:-46.8,2024-12-21,89.53,3.88,36.49,20,trigger,synthetic,synthetic,synthetic,synth-v1.0.0,1337,932480f22477dd00,baseline
SP-021:norte:022000:2025-01-28,SP-021:norte:022000,SP-021,norte,22.25,open-meteo:era5_seamless:-23.6:-46.8,2025-01-28,73.37,4.1,36.49,9,trigger,synthetic,synthetic,synthetic,synth-v1.0.0,1337,932480f22477dd00,baseline
SP-021:norte:022000:2025-03-01,SP-021:norte:022000,SP-021,norte,22.25,open-meteo:era5_seamless:-23.6:-46.8,2025-03-01,74.72,3.19,36.49,6,trigger,synthetic,synthetic,synthetic,synth-v1.0.0,1337,932480f22477dd00,baseline
SP-021:norte:022000:2025-04-22,SP-021:norte:022000,SP-021,norte,22.25,open-meteo:era5_seamless:-23.6:-46.8,2025-04-22,77.47,4.59,36.49,9,trigger,synthetic,synthetic,synthetic,synth-v1.0.0,1337,932480f22477dd00,baseline
SP-021:norte:022000:2025-06-27,SP-021:norte:022000,SP-021,norte,22.25,open-meteo:era5_seamless:-23.6:-46.8,2025-06-27,42.48,7.76,36.49,5,trigger,synthetic,synthetic,synthetic,synth-v1.0.0,1337,932480f22477dd00,baseline
SP-021:norte:022000:2025-09-19,SP-021:norte:022000,SP-021,norte,22.25,open-meteo:era5_seamless:-23.6:-46.8,2025-09-19,49.69,3.21,36.49,5,trigger,synthetic,synthetic,synthetic,synth-v1.0.0,1337,932480f22477dd00,baseline
SP-021:norte:022000:2025-11-21,SP-021:norte:022000,SP-021,norte,22.25,open-meteo:era5_seamless:-23.6:-46.8,2025-11-21,53.35,5.23,36.49,5,trigger,synthetic,synthetic,synthetic,synth-v1.0.0,1337,932480f22477dd00,baseline
SP-021:norte:022000:2025-12-31,SP-021:norte:022000,SP-021,norte,22.25,open-meteo:era5_seamless:-23.6:-46.8,2025-12-31,68.43,6.79,36.49,10,trigger,synthetic,synthetic,synthetic,synth-v1.0.0,1337,932480f22477dd00,baseline
SP-021:norte:022000:2026-02-03,SP-021:norte:022000,SP-021,norte,22.25,open-meteo:era5_seamless:-23.6:-46.8,2026-02-03,56.28,5.6,36.49,2,trigger,synthetic,synthetic,synthetic,synth-v1.0.0,1337,932480f22477dd00,baseline
SP-021:norte:022000:2026-02-28,SP-021:norte:022000,SP-021,norte,22.25,open-meteo:era5_seamless:-23.6:-46.8,2026-02-28,53.83,3.69,36.49,6,trigger,synthetic,synthetic,synthetic,synth-v1.0.0,1337,932480f22477dd00,baseline
SP-021:norte:022000:2026-04-06,SP-021:norte:022000,SP-021,norte,22.25,open-meteo:era5_seamless:-23.6:-46.8,2026-04-06,64.44,3.46,36.49,8,trigger,synthetic,synthetic,synthetic,synth-v1.0.0,1337,932480f22477dd00,baseline
SP-021:norte:022000:2026-06-06,SP-021:norte:022000,SP-021,norte,22.25,open-meteo:era5_seamless:-23.6:-46.8,2026-06-06,43.42,4.72,36.49,6,trigger,synthetic,synthetic,synthetic,synth-v1.0.0,1337,932480f22477dd00,baseline
SP-021:norte:022000:2026-08-25,SP-021:norte:022000,SP-021,norte,22.25,open-meteo:era5_seamless:-23.6:-46.8,2026-08-25,42.48,4.29,36.49,9,proactive,synthetic,synthetic,synthetic,synth-v1.0.0,1337,932480f22477dd00,baseline
SP-021:sul:022000:2023-02-01,SP-021:sul:022000,SP-021,sul,22.25,open-meteo:era5_seamless:-23.6:-46.8,2023-02-01,96.23,4.22,48.7,17,trigger,synthetic,synthetic,synthetic,synth-v1.0.0,1337,932480f22477dd00,baseline
SP-021:sul:022000:2023-03-03,SP-021:sul:022000,SP-021,sul,22.25,open-meteo:era5_seamless:-23.6:-46.8,2023-03-03,71.52,4.24,48.7,5,trigger,synthetic,synthetic,synthetic,synth-v1.0.0,1337,932480f22477dd00,baseline
SP-021:sul:022000:2023-04-07,SP-021:sul:022000,SP-021,sul,22.25,open-meteo:era5_seamless:-23.6:-46.8,2023-04-07,77.32,3.81,48.7,5,trigger,synthetic,synthetic,synthetic,synth-v1.0.0,1337,932480f22477dd00,baseline
SP-021:sul:022000:2023-06-16,SP-021:sul:022000,SP-021,sul,22.25,open-meteo:era5_seamless:-23.6:-46.8,2023-06-16,58.66,7.85,48.7,12,trigger,synthetic,synthetic,synthetic,synth-v1.0.0,1337,932480f22477dd00,baseline
SP-021:sul:022000:2023-08-29,SP-021:sul:022000,SP-021,sul,22.25,open-meteo:era5_seamless:-23.6:-46.8,2023-08-29,68.2,7.38,48.7,9,trigger,synthetic,synthetic,synthetic,synth-v1.0.0,1337,932480f22477dd00,baseline
SP-021:sul:022000:2023-10-07,SP-021:sul:022000,SP-021,sul,22.25,open-meteo:era5_seamless:-23.6:-46.8,2023-10-07,70.44,6.49,48.7,6,trigger,synthetic,synthetic,synthetic,synth-v1.0.0,1337,932480f22477dd00,baseline
SP-021:sul:022000:2023-11-07,SP-021:sul:022000,SP-021,sul,22.25,open-meteo:era5_seamless:-23.6:-46.8,2023-11-07,57.82,7.44,48.7,2,trigger,synthetic,synthetic,synthetic,synth-v1.0.0,1337,932480f22477dd00,baseline
SP-021:sul:022000:2023-12-12,SP-021:sul:022000,SP-021,sul,22.25,open-meteo:era5_seamless:-23.6:-46.8,2023-12-12,82.48,6.9,48.7,2,trigger,synthetic,synthetic,synthetic,synth-v1.0.0,1337,932480f22477dd00,baseline
SP-021:sul:022000:2024-01-08,SP-021:sul:022000,SP-021,sul,22.25,open-meteo:era5_seamless:-23.6:-46.8,2024-01-08,51.58,5.2,48.7,8,proactive,synthetic,synthetic,synthetic,synth-v1.0.0,1337,932480f22477dd00,baseline
SP-021:sul:022000:2024-02-22,SP-021:sul:022000,SP-021,sul,22.25,open-meteo:era5_seamless:-23.6:-46.8,2024-02-22,95.49,5.39,48.7,18,trigger,synthetic,synthetic,synthetic,synth-v1.0.0,1337,932480f22477dd00,baseline
SP-021:sul:022000:2024-03-21,SP-021:sul:022000,SP-021,sul,22.25,open-meteo:era5_seamless:-23.6:-46.8,2024-03-21,82.78,7.68,48.7,4,trigger,synthetic,synthetic,synthetic,synth-v1.0.0,1337,932480f22477dd00,baseline
SP-021:sul:022000:2024-05-01,SP-021:sul:022000,SP-021,sul,22.25,open-meteo:era5_seamless:-23.6:-46.8,2024-05-01,93.48,4.89,48.7,17,trigger,synthetic,synthetic,synthetic,synth-v1.0.0,1337,932480f22477dd00,baseline
SP-021:sul:022000:2024-06-21,SP-021:sul:022000,SP-021,sul,22.25,open-meteo:era5_seamless:-23.6:-46.8,2024-06-21,62.08,3.69,48.7,5,trigger,synthetic,synthetic,synthetic,synth-v1.0.0,1337,932480f22477dd00,baseline
SP-021:sul:022000:2024-09-15,SP-021:sul:022000,SP-021,sul,22.25,open-meteo:era5_seamless:-23.6:-46.8,2024-09-15,81.97,6.22,48.7,14,trigger,synthetic,synthetic,synthetic,synth-v1.0.0,1337,932480f22477dd00,baseline
SP-021:sul:022000:2024-10-31,SP-021:sul:022000,SP-021,sul,22.25,open-meteo:era5_seamless:-23.6:-46.8,2024-10-31,70.24,3.55,48.7,4,trigger,synthetic,synthetic,synthetic,synth-v1.0.0,1337,932480f22477dd00,baseline
SP-021:sul:022000:2024-12-03,SP-021:sul:022000,SP-021,sul,22.25,open-meteo:era5_seamless:-23.6:-46.8,2024-12-03,57.34,5.58,48.7,2,trigger,synthetic,synthetic,synthetic,synth-v1.0.0,1337,932480f22477dd00,baseline
SP-021:sul:022000:2025-01-02,SP-021:sul:022000,SP-021,sul,22.25,open-meteo:era5_seamless:-23.6:-46.8,2025-01-02,65.49,5.66,48.7,4,trigger,synthetic,synthetic,synthetic,synth-v1.0.0,1337,932480f22477dd00,baseline
SP-021:sul:022000:2025-01-30,SP-021:sul:022000,SP-021,sul,22.25,open-meteo:era5_seamless:-23.6:-46.8,2025-01-30,64.95,7.79,48.7,4,trigger,synthetic,synthetic,synthetic,synth-v1.0.0,1337,932480f22477dd00,baseline
SP-021:sul:022000:2025-02-28,SP-021:sul:022000,SP-021,sul,22.25,open-meteo:era5_seamless:-23.6:-46.8,2025-02-28,89.56,5.25,48.7,12,trigger,synthetic,synthetic,synthetic,synth-v1.0.0,1337,932480f22477dd00,baseline
SP-021:sul:022000:2025-04-01,SP-021:sul:022000,SP-021,sul,22.25,open-meteo:era5_seamless:-23.6:-46.8,2025-04-01,60.62,7.91,48.7,2,trigger,synthetic,synthetic,synthetic,synth-v1.0.0,1337,932480f22477dd00,baseline
SP-021:sul:022000:2025-05-11,SP-021:sul:022000,SP-021,sul,22.25,open-meteo:era5_seamless:-23.6:-46.8,2025-05-11,76.03,5.48,48.7,7,trigger,synthetic,synthetic,synthetic,synth-v1.0.0,1337,932480f22477dd00,baseline
SP-021:sul:022000:2025-08-07,SP-021:sul:022000,SP-021,sul,22.25,open-meteo:era5_seamless:-23.6:-46.8,2025-08-07,43.1,3.35,48.7,4,proactive,synthetic,synthetic,synthetic,synth-v1.0.0,1337,932480f22477dd00,baseline
SP-021:sul:022000:2025-10-23,SP-021:sul:022000,SP-021,sul,22.25,open-meteo:era5_seamless:-23.6:-46.8,2025-10-23,67.07,4.6,48.7,11,trigger,synthetic,synthetic,synthetic,synth-v1.0.0,1337,932480f22477dd00,baseline
SP-021:sul:022000:2025-12-10,SP-021:sul:022000,SP-021,sul,22.25,open-meteo:era5_seamless:-23.6:-46.8,2025-12-10,73.28,7.92,48.7,3,trigger,synthetic,synthetic,synthetic,synth-v1.0.0,1337,932480f22477dd00,baseline
SP-021:sul:022000:2026-01-09,SP-021:sul:022000,SP-021,sul,22.25,open-meteo:era5_seamless:-23.6:-46.8,2026-01-09,79.58,7.06,48.7,5,trigger,synthetic,synthetic,synthetic,synth-v1.0.0,1337,932480f22477dd00,baseline
SP-021:sul:022000:2026-02-14,SP-021:sul:022000,SP-021,sul,22.25,open-meteo:era5_seamless:-23.6:-46.8,2026-02-14,80.92,7.98,48.7,6,trigger,synthetic,synthetic,synthetic,synth-v1.0.0,1337,932480f22477dd00,baseline
SP-021:sul:022000:2026-03-16,SP-021:sul:022000,SP-021,sul,22.25,open-meteo:era5_seamless:-23.6:-46.8,2026-03-16,75.04,6.1,48.7,8,trigger,synthetic,synthetic,synthetic,synth-v1.0.0,1337,932480f22477dd00,baseline
SP-021:sul:022000:2026-04-18,SP-021:sul:022000,SP-021,sul,22.25,open-meteo:era5_seamless:-23.6:-46.8,2026-04-18,77.29,6.41,48.7,13,trigger,synthetic,synthetic,synthetic,synth-v1.0.0,1337,932480f22477dd00,baseline
SP-021:sul:022000:2026-06-21,SP-021:sul:022000,SP-021,sul,22.25,open-meteo:era5_seamless:-23.6:-46.8,2026-06-21,59.48,5.5,48.7,7,trigger,synthetic,synthetic,synthetic,synth-v1.0.0,1337,932480f22477dd00,baseline
SP-021:sul:022000:2026-09-01,SP-021:sul:022000,SP-021,sul,22.25,open-meteo:era5_seamless:-23.6:-46.8,2026-09-01,67.78,7.56,48.7,10,trigger,synthetic,synthetic,synthetic,synth-v1.0.0,1337,932480f22477dd00,baseline
SP-021:norte:022500:2023-01-26,SP-021:norte:022500,SP-021,norte,22.75,open-meteo:era5_seamless:-23.6:-46.8,2023-01-26,80.56,5.83,51.96,4,trigger,synthetic,synthetic,synthetic,synth-v1.0.0,1337,932480f22477dd00,baseline
SP-021:norte:022500:2023-03-03,SP-021:norte:022500,SP-021,norte,22.75,open-meteo:era5_seamless:-23.6:-46.8,2023-03-03,82.87,5.77,51.96,5,trigger,synthetic,synthetic,synthetic,synth-v1.0.0,1337,932480f22477dd00,baseline
SP-021:norte:022500:2023-04-15,SP-021:norte:022500,SP-021,norte,22.75,open-meteo:era5_seamless:-23.6:-46.8,2023-04-15,86.12,7.57,51.96,6,trigger,synthetic,synthetic,synthetic,synth-v1.0.0,1337,932480f22477dd00,baseline
SP-021:norte:022500:2023-07-07,SP-021:norte:022500,SP-021,norte,22.75,open-meteo:era5_seamless:-23.6:-46.8,2023-07-07,57.94,6.44,51.96,5,trigger,synthetic,synthetic,synthetic,synth-v1.0.0,1337,932480f22477dd00,baseline
SP-021:norte:022500:2023-09-30,SP-021:norte:022500,SP-021,norte,22.75,open-meteo:era5_seamless:-23.6:-46.8,2023-09-30,94.74,6.37,51.96,13,trigger,synthetic,synthetic,synthetic,synth-v1.0.0,1337,932480f22477dd00,baseline
SP-021:norte:022500:2023-11-15,SP-021:norte:022500,SP-021,norte,22.75,open-meteo:era5_seamless:-23.6:-46.8,2023-11-15,84.72,4.75,51.96,10,trigger,synthetic,synthetic,synthetic,synth-v1.0.0,1337,932480f22477dd00,baseline
SP-021:norte:022500:2023-12-27,SP-021:norte:022500,SP-021,norte,22.75,open-meteo:era5_seamless:-23.6:-46.8,2023-12-27,72.47,5.46,51.96,3,trigger,synthetic,synthetic,synthetic,synth-v1.0.0,1337,932480f22477dd00,baseline
SP-021:norte:022500:2024-02-08,SP-021:norte:022500,SP-021,norte,22.75,open-meteo:era5_seamless:-23.6:-46.8,2024-02-08,83.27,6.89,51.96,4,trigger,synthetic,synthetic,synthetic,synth-v1.0.0,1337,932480f22477dd00,baseline
SP-021:norte:022500:2024-03-14,SP-021:norte:022500,SP-021,norte,22.75,open-meteo:era5_seamless:-23.6:-46.8,2024-03-14,85.78,4.4,51.96,4,trigger,synthetic,synthetic,synthetic,synth-v1.0.0,1337,932480f22477dd00,baseline
SP-021:norte:022500:2024-04-18,SP-021:norte:022500,SP-021,norte,22.75,open-meteo:era5_seamless:-23.6:-46.8,2024-04-18,68.56,6.35,51.96,4,trigger,synthetic,synthetic,synthetic,synth-v1.0.0,1337,932480f22477dd00,baseline
SP-021:norte:022500:2024-06-07,SP-021:norte:022500,SP-021,norte,22.75,open-meteo:era5_seamless:-23.6:-46.8,2024-06-07,67.98,3.17,51.96,12,trigger,synthetic,synthetic,synthetic,synth-v1.0.0,1337,932480f22477dd00,baseline
SP-021:norte:022500:2024-09-06,SP-021:norte:022500,SP-021,norte,22.75,open-meteo:era5_seamless:-23.6:-46.8,2024-09-06,62.74,3.52,51.96,5,trigger,synthetic,synthetic,synthetic,synth-v1.0.0,1337,932480f22477dd00,baseline
SP-021:norte:022500:2024-11-08,SP-021:norte:022500,SP-021,norte,22.75,open-meteo:era5_seamless:-23.6:-46.8,2024-11-08,76.95,3.52,51.96,12,trigger,synthetic,synthetic,synthetic,synth-v1.0.0,1337,932480f22477dd00,baseline
SP-021:norte:022500:2025-01-09,SP-021:norte:022500,SP-021,norte,22.75,open-meteo:era5_seamless:-23.6:-46.8,2025-01-09,104.25,5.63,51.96,25,trigger,synthetic,synthetic,synthetic,synth-v1.0.0,1337,932480f22477dd00,baseline
SP-021:norte:022500:2025-02-16,SP-021:norte:022500,SP-021,norte,22.75,open-meteo:era5_seamless:-23.6:-46.8,2025-02-16,91.44,5.61,51.96,7,trigger,synthetic,synthetic,synthetic,synth-v1.0.0,1337,932480f22477dd00,baseline
SP-021:norte:022500:2025-04-01,SP-021:norte:022500,SP-021,norte,22.75,open-meteo:era5_seamless:-23.6:-46.8,2025-04-01,88.83,5.83,51.96,16,trigger,synthetic,synthetic,synthetic,synth-v1.0.0,1337,932480f22477dd00,baseline
SP-021:norte:022500:2025-05-23,SP-021:norte:022500,SP-021,norte,22.75,open-meteo:era5_seamless:-23.6:-46.8,2025-05-23,65.15,7.75,51.96,5,trigger,synthetic,synthetic,synthetic,synth-v1.0.0,1337,932480f22477dd00,baseline
SP-021:norte:022500:2025-09-14,SP-021:norte:022500,SP-021,norte,22.75,open-meteo:era5_seamless:-23.6:-46.8,2025-09-14,63.17,5.98,51.96,7,trigger,synthetic,synthetic,synthetic,synth-v1.0.0,1337,932480f22477dd00,baseline
SP-021:norte:022500:2025-11-26,SP-021:norte:022500,SP-021,norte,22.75,open-meteo:era5_seamless:-23.6:-46.8,2025-11-26,83.98,3.08,51.96,17,trigger,synthetic,synthetic,synthetic,synth-v1.0.0,1337,932480f22477dd00,baseline
SP-021:norte:022500:2026-01-16,SP-021:norte:022500,SP-021,norte,22.75,open-meteo:era5_seamless:-23.6:-46.8,2026-01-16,88.07,5.56,51.96,12,trigger,synthetic,synthetic,synthetic,synth-v1.0.0,1337,932480f22477dd00,baseline
SP-021:norte:022500:2026-02-25,SP-021:norte:022500,SP-021,norte,22.75,open-meteo:era5_seamless:-23.6:-46.8,2026-02-25,86.72,3.25,51.96,10,trigger,synthetic,synthetic,synthetic,synth-v1.0.0,1337,932480f22477dd00,baseline
SP-021:norte:022500:2026-04-14,SP-021:norte:022500,SP-021,norte,22.75,open-meteo:era5_seamless:-23.6:-46.8,2026-04-14,86.52,3.57,51.96,9,trigger,synthetic,synthetic,synthetic,synth-v1.0.0,1337,932480f22477dd00,baseline
SP-021:norte:022500:2026-07-14,SP-021:norte:022500,SP-021,norte,22.75,open-meteo:era5_seamless:-23.6:-46.8,2026-07-14,52.27,6.42,51.96,2,trigger,synthetic,synthetic,synthetic,synth-v1.0.0,1337,932480f22477dd00,baseline
SP-021:sul:022500:2023-02-02,SP-021:sul:022500,SP-021,sul,22.75,open-meteo:era5_seamless:-23.6:-46.8,2023-02-02,94.56,4.64,41.21,11,trigger,synthetic,synthetic,synthetic,synth-v1.0.0,1337,932480f22477dd00,baseline
SP-021:sul:022500:2023-03-11,SP-021:sul:022500,SP-021,sul,22.75,open-meteo:era5_seamless:-23.6:-46.8,2023-03-11,84.28,3.65,41.21,6,trigger,synthetic,synthetic,synthetic,synth-v1.0.0,1337,932480f22477dd00,baseline
SP-021:sul:022500:2023-04-24,SP-021:sul:022500,SP-021,sul,22.75,open-meteo:era5_seamless:-23.6:-46.8,2023-04-24,60.73,3.56,41.21,8,trigger,synthetic,synthetic,synthetic,synth-v1.0.0,1337,932480f22477dd00,baseline
SP-021:sul:022500:2023-08-01,SP-021:sul:022500,SP-021,sul,22.75,open-meteo:era5_seamless:-23.6:-46.8,2023-08-01,48.56,6.51,41.21,2,trigger,synthetic,synthetic,synthetic,synth-v1.0.0,1337,932480f22477dd00,baseline
SP-021:sul:022500:2023-10-12,SP-021:sul:022500,SP-021,sul,22.75,open-meteo:era5_seamless:-23.6:-46.8,2023-10-12,100.61,6.4,41.21,25,trigger,synthetic,synthetic,synthetic,synth-v1.0.0,1337,932480f22477dd00,baseline
SP-021:sul:022500:2023-11-14,SP-021:sul:022500,SP-021,sul,22.75,open-meteo:era5_seamless:-23.6:-46.8,2023-11-14,51.84,5.17,41.21,2,trigger,synthetic,synthetic,synthetic,synth-v1.0.0,1337,932480f22477dd00,baseline
SP-021:sul:022500:2023-12-12,SP-021:sul:022500,SP-021,sul,22.75,open-meteo:era5_seamless:-23.6:-46.8,2023-12-12,33.08,3.29,41.21,2,proactive,synthetic,synthetic,synthetic,synth-v1.0.0,1337,932480f22477dd00,baseline
SP-021:sul:022500:2024-01-25,SP-021:sul:022500,SP-021,sul,22.75,open-meteo:era5_seamless:-23.6:-46.8,2024-01-25,67.93,4.02,41.21,4,trigger,synthetic,synthetic,synthetic,synth-v1.0.0,1337,932480f22477dd00,baseline
SP-021:sul:022500:2024-03-08,SP-021:sul:022500,SP-021,sul,22.75,open-meteo:era5_seamless:-23.6:-46.8,2024-03-08,95.99,4.15,41.21,12,trigger,synthetic,synthetic,synthetic,synth-v1.0.0,1337,932480f22477dd00,baseline
SP-021:sul:022500:2024-04-16,SP-021:sul:022500,SP-021,sul,22.75,open-meteo:era5_seamless:-23.6:-46.8,2024-04-16,80.99,3.41,41.21,9,trigger,synthetic,synthetic,synthetic,synth-v1.0.0,1337,932480f22477dd00,baseline
SP-021:sul:022500:2024-06-15,SP-021:sul:022500,SP-021,sul,22.75,open-meteo:era5_seamless:-23.6:-46.8,2024-06-15,69.7,4.71,41.21,20,trigger,synthetic,synthetic,synthetic,synth-v1.0.0,1337,932480f22477dd00,baseline
SP-021:sul:022500:2024-09-13,SP-021:sul:022500,SP-021,sul,22.75,open-meteo:era5_seamless:-23.6:-46.8,2024-09-13,83.13,5.42,41.21,19,trigger,synthetic,synthetic,synthetic,synth-v1.0.0,1337,932480f22477dd00,baseline
SP-021:sul:022500:2024-11-08,SP-021:sul:022500,SP-021,sul,22.75,open-meteo:era5_seamless:-23.6:-46.8,2024-11-08,81.37,4.59,41.21,12,trigger,synthetic,synthetic,synthetic,synth-v1.0.0,1337,932480f22477dd00,baseline
SP-021:sul:022500:2024-12-31,SP-021:sul:022500,SP-021,sul,22.75,open-meteo:era5_seamless:-23.6:-46.8,2024-12-31,98.79,4.95,41.21,9,trigger,synthetic,synthetic,synthetic,synth-v1.0.0,1337,932480f22477dd00,baseline
SP-021:sul:022500:2025-02-01,SP-021:sul:022500,SP-021,sul,22.75,open-meteo:era5_seamless:-23.6:-46.8,2025-02-01,64.84,6.59,41.21,6,trigger,synthetic,synthetic,synthetic,synth-v1.0.0,1337,932480f22477dd00,baseline
SP-021:sul:022500:2025-03-01,SP-021:sul:022500,SP-021,sul,22.75,open-meteo:era5_seamless:-23.6:-46.8,2025-03-01,80.95,5.72,41.21,6,trigger,synthetic,synthetic,synthetic,synth-v1.0.0,1337,932480f22477dd00,baseline
SP-021:sul:022500:2025-04-02,SP-021:sul:022500,SP-021,sul,22.75,open-meteo:era5_seamless:-23.6:-46.8,2025-04-02,53.02,3.01,41.21,3,trigger,synthetic,synthetic,synthetic,synth-v1.0.0,1337,932480f22477dd00,baseline
SP-021:sul:022500:2025-05-23,SP-021:sul:022500,SP-021,sul,22.75,open-meteo:era5_seamless:-23.6:-46.8,2025-05-23,48.65,5.4,41.21,5,trigger,synthetic,synthetic,synthetic,synth-v1.0.0,1337,932480f22477dd00,baseline
SP-021:sul:022500:2025-09-09,SP-021:sul:022500,SP-021,sul,22.75,open-meteo:era5_seamless:-23.6:-46.8,2025-09-09,49.05,7.06,41.21,2,trigger,synthetic,synthetic,synthetic,synth-v1.0.0,1337,932480f22477dd00,baseline
SP-021:sul:022500:2025-11-10,SP-021:sul:022500,SP-021,sul,22.75,open-meteo:era5_seamless:-23.6:-46.8,2025-11-10,69.03,4.27,41.21,15,trigger,synthetic,synthetic,synthetic,synth-v1.0.0,1337,932480f22477dd00,baseline
SP-021:sul:022500:2025-12-23,SP-021:sul:022500,SP-021,sul,22.75,open-meteo:era5_seamless:-23.6:-46.8,2025-12-23,60.2,3.24,41.21,2,trigger,synthetic,synthetic,synthetic,synth-v1.0.0,1337,932480f22477dd00,baseline
SP-021:sul:022500:2026-02-17,SP-021:sul:022500,SP-021,sul,22.75,open-meteo:era5_seamless:-23.6:-46.8,2026-02-17,102.18,5.14,41.21,9,trigger,synthetic,synthetic,synthetic,synth-v1.0.0,1337,932480f22477dd00,baseline
SP-021:sul:022500:2026-03-27,SP-021:sul:022500,SP-021,sul,22.75,open-meteo:era5_seamless:-23.6:-46.8,2026-03-27,75.2,3.31,41.21,5,trigger,synthetic,synthetic,synthetic,synth-v1.0.0,1337,932480f22477dd00,baseline
SP-021:sul:022500:2026-05-18,SP-021:sul:022500,SP-021,sul,22.75,open-meteo:era5_seamless:-23.6:-46.8,2026-05-18,59.38,4.4,41.21,8,trigger,synthetic,synthetic,synthetic,synth-v1.0.0,1337,932480f22477dd00,baseline
SP-021:sul:022500:2026-08-29,SP-021:sul:022500,SP-021,sul,22.75,open-meteo:era5_seamless:-23.6:-46.8,2026-08-29,60.18,5.4,41.21,13,trigger,synthetic,synthetic,synthetic,synth-v1.0.0,1337,932480f22477dd00,baseline
SP-021:norte:023000:2023-01-10,SP-021:norte:023000,SP-021,norte,23.25,open-meteo:era5_seamless:-23.6:-46.8,2023-01-10,61.31,3.11,58.31,2,trigger,synthetic,synthetic,synthetic,synth-v1.0.0,1337,932480f22477dd00,baseline
SP-021:norte:023000:2023-02-28,SP-021:norte:023000,SP-021,norte,23.25,open-meteo:era5_seamless:-23.6:-46.8,2023-02-28,105.94,5.24,58.31,16,trigger,synthetic,synthetic,synthetic,synth-v1.0.0,1337,932480f22477dd00,baseline
SP-021:norte:023000:2023-04-20,SP-021:norte:023000,SP-021,norte,23.25,open-meteo:era5_seamless:-23.6:-46.8,2023-04-20,104.32,4.5,58.31,25,trigger,synthetic,synthetic,synthetic,synth-v1.0.0,1337,932480f22477dd00,baseline
SP-021:norte:023000:2023-07-21,SP-021:norte:023000,SP-021,norte,23.25,open-meteo:era5_seamless:-23.6:-46.8,2023-07-21,53.39,4.49,58.31,5,proactive,synthetic,synthetic,synthetic,synth-v1.0.0,1337,932480f22477dd00,baseline
SP-021:norte:023000:2023-09-30,SP-021:norte:023000,SP-021,norte,23.25,open-meteo:era5_seamless:-23.6:-46.8,2023-09-30,94.11,6.57,58.31,13,trigger,synthetic,synthetic,synthetic,synth-v1.0.0,1337,932480f22477dd00,baseline
SP-021:norte:023000:2023-11-09,SP-021:norte:023000,SP-021,norte,23.25,open-meteo:era5_seamless:-23.6:-46.8,2023-11-09,70.37,5.26,58.31,4,trigger,synthetic,synthetic,synthetic,synth-v1.0.0,1337,932480f22477dd00,baseline
SP-021:norte:023000:2023-12-29,SP-021:norte:023000,SP-021,norte,23.25,open-meteo:era5_seamless:-23.6:-46.8,2023-12-29,104.3,4.47,58.31,12,trigger,synthetic,synthetic,synthetic,synth-v1.0.0,1337,932480f22477dd00,baseline
SP-021:norte:023000:2024-02-09,SP-021:norte:023000,SP-021,norte,23.25,open-meteo:era5_seamless:-23.6:-46.8,2024-02-09,88.57,3.13,58.31,5,trigger,synthetic,synthetic,synthetic,synth-v1.0.0,1337,932480f22477dd00,baseline
SP-021:norte:023000:2024-03-29,SP-021:norte:023000,SP-021,norte,23.25,open-meteo:era5_seamless:-23.6:-46.8,2024-03-29,106.2,5.52,58.31,5,trigger,synthetic,synthetic,synthetic,synth-v1.0.0,1337,932480f22477dd00,baseline
SP-021:norte:023000:2024-04-30,SP-021:norte:023000,SP-021,norte,23.25,open-meteo:era5_seamless:-23.6:-46.8,2024-04-30,62.08,5.76,58.31,2,trigger,synthetic,synthetic,synthetic,synth-v1.0.0,1337,932480f22477dd00,baseline
SP-021:norte:023000:2024-07-01,SP-021:norte:023000,SP-021,norte,23.25,open-meteo:era5_seamless:-23.6:-46.8,2024-07-01,77.64,3.37,58.31,8,trigger,synthetic,synthetic,synthetic,synth-v1.0.0,1337,932480f22477dd00,baseline
SP-021:norte:023000:2024-09-22,SP-021:norte:023000,SP-021,norte,23.25,open-meteo:era5_seamless:-23.6:-46.8,2024-09-22,78.29,6.62,58.31,7,trigger,synthetic,synthetic,synthetic,synth-v1.0.0,1337,932480f22477dd00,baseline
SP-021:norte:023000:2024-11-17,SP-021:norte:023000,SP-021,norte,23.25,open-meteo:era5_seamless:-23.6:-46.8,2024-11-17,91.11,4.35,58.31,14,trigger,synthetic,synthetic,synthetic,synth-v1.0.0,1337,932480f22477dd00,baseline
SP-021:norte:023000:2024-12-25,SP-021:norte:023000,SP-021,norte,23.25,open-meteo:era5_seamless:-23.6:-46.8,2024-12-25,66.25,6.98,58.31,3,trigger,synthetic,synthetic,synthetic,synth-v1.0.0,1337,932480f22477dd00,baseline
SP-021:norte:023000:2025-01-31,SP-021:norte:023000,SP-021,norte,23.25,open-meteo:era5_seamless:-23.6:-46.8,2025-01-31,95.48,7.52,58.31,5,trigger,synthetic,synthetic,synthetic,synth-v1.0.0,1337,932480f22477dd00,baseline
SP-021:norte:023000:2025-03-08,SP-021:norte:023000,SP-021,norte,23.25,open-meteo:era5_seamless:-23.6:-46.8,2025-03-08,105.13,6.97,58.31,13,trigger,synthetic,synthetic,synthetic,synth-v1.0.0,1337,932480f22477dd00,baseline
SP-021:norte:023000:2025-04-23,SP-021:norte:023000,SP-021,norte,23.25,open-meteo:era5_seamless:-23.6:-46.8,2025-04-23,93.53,3.74,58.31,10,trigger,synthetic,synthetic,synthetic,synth-v1.0.0,1337,932480f22477dd00,baseline
SP-021:norte:023000:2025-08-19,SP-021:norte:023000,SP-021,norte,23.25,open-meteo:era5_seamless:-23.6:-46.8,2025-08-19,61.21,6.14,58.31,9,trigger,synthetic,synthetic,synthetic,synth-v1.0.0,1337,932480f22477dd00,baseline
SP-021:norte:023000:2025-10-30,SP-021:norte:023000,SP-021,norte,23.25,open-meteo:era5_seamless:-23.6:-46.8,2025-10-30,83.67,7.09,58.31,11,trigger,synthetic,synthetic,synthetic,synth-v1.0.0,1337,932480f22477dd00,baseline
SP-021:norte:023000:2025-12-24,SP-021:norte:023000,SP-021,norte,23.25,open-meteo:era5_seamless:-23.6:-46.8,2025-12-24,95.39,3.31,58.31,10,trigger,synthetic,synthetic,synthetic,synth-v1.0.0,1337,932480f22477dd00,baseline
SP-021:norte:023000:2026-02-05,SP-021:norte:023000,SP-021,norte,23.25,open-meteo:era5_seamless:-23.6:-46.8,2026-02-05,74.92,5.56,58.31,4,trigger,synthetic,synthetic,synthetic,synth-v1.0.0,1337,932480f22477dd00,baseline
SP-021:norte:023000:2026-03-16,SP-021:norte:023000,SP-021,norte,23.25,open-meteo:era5_seamless:-23.6:-46.8,2026-03-16,92.42,4.26,58.31,8,trigger,synthetic,synthetic,synthetic,synth-v1.0.0,1337,932480f22477dd00,baseline
SP-021:norte:023000:2026-04-27,SP-021:norte:023000,SP-021,norte,23.25,open-meteo:era5_seamless:-23.6:-46.8,2026-04-27,74.37,3.01,58.31,8,trigger,synthetic,synthetic,synthetic,synth-v1.0.0,1337,932480f22477dd00,baseline
SP-021:norte:023000:2026-09-01,SP-021:norte:023000,SP-021,norte,23.25,open-meteo:era5_seamless:-23.6:-46.8,2026-09-01,93.2,6.43,58.31,10,trigger,synthetic,synthetic,synthetic,synth-v1.0.0,1337,932480f22477dd00,baseline
SP-021:sul:023000:2023-01-19,SP-021:sul:023000,SP-021,sul,23.25,open-meteo:era5_seamless:-23.6:-46.8,2023-01-19,56.24,4.87,43.17,4,trigger,synthetic,synthetic,synthetic,synth-v1.0.0,1337,932480f22477dd00,baseline
SP-021:sul:023000:2023-02-15,SP-021:sul:023000,SP-021,sul,23.25,open-meteo:era5_seamless:-23.6:-46.8,2023-02-15,62.2,4.45,43.17,3,trigger,synthetic,synthetic,synthetic,synth-v1.0.0,1337,932480f22477dd00,baseline
SP-021:sul:023000:2023-03-22,SP-021:sul:023000,SP-021,sul,23.25,open-meteo:era5_seamless:-23.6:-46.8,2023-03-22,89.5,5.03,43.17,10,trigger,synthetic,synthetic,synthetic,synth-v1.0.0,1337,932480f22477dd00,baseline
SP-021:sul:023000:2023-05-10,SP-021:sul:023000,SP-021,sul,23.25,open-meteo:era5_seamless:-23.6:-46.8,2023-05-10,82.32,3.29,43.17,10,trigger,synthetic,synthetic,synthetic,synth-v1.0.0,1337,932480f22477dd00,baseline
SP-021:sul:023000:2023-09-14,SP-021:sul:023000,SP-021,sul,23.25,open-meteo:era5_seamless:-23.6:-46.8,2023-09-14,101.31,5.48,43.17,32,trigger,synthetic,synthetic,synthetic,synth-v1.0.0,1337,932480f22477dd00,baseline
SP-021:sul:023000:2023-10-25,SP-021:sul:023000,SP-021,sul,23.25,open-meteo:era5_seamless:-23.6:-46.8,2023-10-25,76.66,3.35,43.17,3,trigger,synthetic,synthetic,synthetic,synth-v1.0.0,1337,932480f22477dd00,baseline
SP-021:sul:023000:2023-12-06,SP-021:sul:023000,SP-021,sul,23.25,open-meteo:era5_seamless:-23.6:-46.8,2023-12-06,82.83,3.03,43.17,10,trigger,synthetic,synthetic,synthetic,synth-v1.0.0,1337,932480f22477dd00,baseline
SP-021:sul:023000:2024-01-16,SP-021:sul:023000,SP-021,sul,23.25,open-meteo:era5_seamless:-23.6:-46.8,2024-01-16,79.81,6.86,43.17,9,trigger,synthetic,synthetic,synthetic,synth-v1.0.0,1337,932480f22477dd00,baseline
SP-021:sul:023000:2024-02-18,SP-021:sul:023000,SP-021,sul,23.25,open-meteo:era5_seamless:-23.6:-46.8,2024-02-18,78.88,3.1,43.17,7,trigger,synthetic,synthetic,synthetic,synth-v1.0.0,1337,932480f22477dd00,baseline
SP-021:sul:023000:2024-04-09,SP-021:sul:023000,SP-021,sul,23.25,open-meteo:era5_seamless:-23.6:-46.8,2024-04-09,109.61,3.94,43.17,23,trigger,synthetic,synthetic,synthetic,synth-v1.0.0,1337,932480f22477dd00,baseline
SP-021:sul:023000:2024-05-20,SP-021:sul:023000,SP-021,sul,23.25,open-meteo:era5_seamless:-23.6:-46.8,2024-05-20,81.74,4.09,43.17,8,trigger,synthetic,synthetic,synthetic,synth-v1.0.0,1337,932480f22477dd00,baseline
SP-021:sul:023000:2024-08-25,SP-021:sul:023000,SP-021,sul,23.25,open-meteo:era5_seamless:-23.6:-46.8,2024-08-25,89.66,3.89,43.17,14,trigger,synthetic,synthetic,synthetic,synth-v1.0.0,1337,932480f22477dd00,baseline
SP-021:sul:023000:2024-10-11,SP-021:sul:023000,SP-021,sul,23.25,open-meteo:era5_seamless:-23.6:-46.8,2024-10-11,63.05,7.54,43.17,5,trigger,synthetic,synthetic,synthetic,synth-v1.0.0,1337,932480f22477dd00,baseline
SP-021:sul:023000:2024-11-16,SP-021:sul:023000,SP-021,sul,23.25,open-meteo:era5_seamless:-23.6:-46.8,2024-11-16,63.85,7.83,43.17,6,trigger,synthetic,synthetic,synthetic,synth-v1.0.0,1337,932480f22477dd00,baseline
SP-021:sul:023000:2024-12-13,SP-021:sul:023000,SP-021,sul,23.25,open-meteo:era5_seamless:-23.6:-46.8,2024-12-13,62.04,5.77,43.17,5,trigger,synthetic,synthetic,synthetic,synth-v1.0.0,1337,932480f22477dd00,baseline
SP-021:sul:023000:2025-01-20,SP-021:sul:023000,SP-021,sul,23.25,open-meteo:era5_seamless:-23.6:-46.8,2025-01-20,91.42,7.72,43.17,8,trigger,synthetic,synthetic,synthetic,synth-v1.0.0,1337,932480f22477dd00,baseline
SP-021:sul:023000:2025-02-11,SP-021:sul:023000,SP-021,sul,23.25,open-meteo:era5_seamless:-23.6:-46.8,2025-02-11,56.83,7.21,43.17,2,trigger,synthetic,synthetic,synthetic,synth-v1.0.0,1337,932480f22477dd00,baseline
SP-021:sul:023000:2025-03-16,SP-021:sul:023000,SP-021,sul,23.25,open-meteo:era5_seamless:-23.6:-46.8,2025-03-16,96.0,4.68,43.17,7,trigger,synthetic,synthetic,synthetic,synth-v1.0.0,1337,932480f22477dd00,baseline
SP-021:sul:023000:2025-04-29,SP-021:sul:023000,SP-021,sul,23.25,open-meteo:era5_seamless:-23.6:-46.8,2025-04-29,77.69,4.4,43.17,2,trigger,synthetic,synthetic,synthetic,synth-v1.0.0,1337,932480f22477dd00,baseline
SP-021:sul:023000:2025-07-27,SP-021:sul:023000,SP-021,sul,23.25,open-meteo:era5_seamless:-23.6:-46.8,2025-07-27,48.72,7.11,43.17,7,trigger,synthetic,synthetic,synthetic,synth-v1.0.0,1337,932480f22477dd00,baseline
SP-021:sul:023000:2025-10-01,SP-021:sul:023000,SP-021,sul,23.25,open-meteo:era5_seamless:-23.6:-46.8,2025-10-01,61.97,7.07,43.17,10,trigger,synthetic,synthetic,synthetic,synth-v1.0.0,1337,932480f22477dd00,baseline
SP-021:sul:023000:2025-11-16,SP-021:sul:023000,SP-021,sul,23.25,open-meteo:era5_seamless:-23.6:-46.8,2025-11-16,54.89,5.53,43.17,7,trigger,synthetic,synthetic,synthetic,synth-v1.0.0,1337,932480f22477dd00,baseline
SP-021:sul:023000:2025-12-25,SP-021:sul:023000,SP-021,sul,23.25,open-meteo:era5_seamless:-23.6:-46.8,2025-12-25,79.88,5.63,43.17,4,trigger,synthetic,synthetic,synthetic,synth-v1.0.0,1337,932480f22477dd00,baseline
SP-021:sul:023000:2026-01-25,SP-021:sul:023000,SP-021,sul,23.25,open-meteo:era5_seamless:-23.6:-46.8,2026-01-25,60.0,7.68,43.17,7,trigger,synthetic,synthetic,synthetic,synth-v1.0.0,1337,932480f22477dd00,baseline
SP-021:sul:023000:2026-02-27,SP-021:sul:023000,SP-021,sul,23.25,open-meteo:era5_seamless:-23.6:-46.8,2026-02-27,99.0,7.38,43.17,12,trigger,synthetic,synthetic,synthetic,synth-v1.0.0,1337,932480f22477dd00,baseline
SP-021:sul:023000:2026-04-02,SP-021:sul:023000,SP-021,sul,23.25,open-meteo:era5_seamless:-23.6:-46.8,2026-04-02,86.22,3.97,43.17,4,trigger,synthetic,synthetic,synthetic,synth-v1.0.0,1337,932480f22477dd00,baseline
SP-021:sul:023000:2026-05-26,SP-021:sul:023000,SP-021,sul,23.25,open-meteo:era5_seamless:-23.6:-46.8,2026-05-26,65.33,7.05,43.17,9,trigger,synthetic,synthetic,synthetic,synth-v1.0.0,1337,932480f22477dd00,baseline
SP-021:sul:023000:2026-08-25,SP-021:sul:023000,SP-021,sul,23.25,open-meteo:era5_seamless:-23.6:-46.8,2026-08-25,73.86,4.35,43.17,9,trigger,synthetic,synthetic,synthetic,synth-v1.0.0,1337,932480f22477dd00,baseline
SP-021:norte:023500:2023-01-21,SP-021:norte:023500,SP-021,norte,23.75,open-meteo:era5_seamless:-23.6:-46.8,2023-01-21,78.11,3.49,40.15,13,trigger,synthetic,synthetic,synthetic,synth-v1.0.0,1337,932480f22477dd00,baseline
SP-021:norte:023500:2023-03-01,SP-021:norte:023500,SP-021,norte,23.75,open-meteo:era5_seamless:-23.6:-46.8,2023-03-01,78.29,4.86,40.15,10,trigger,synthetic,synthetic,synthetic,synth-v1.0.0,1337,932480f22477dd00,baseline
SP-021:norte:023500:2023-04-05,SP-021:norte:023500,SP-021,norte,23.75,open-meteo:era5_seamless:-23.6:-46.8,2023-04-05,67.28,4.7,40.15,10,trigger,synthetic,synthetic,synthetic,synth-v1.0.0,1337,932480f22477dd00,baseline
SP-021:norte:023500:2023-06-07,SP-021:norte:023500,SP-021,norte,23.75,open-meteo:era5_seamless:-23.6:-46.8,2023-06-07,46.66,6.42,40.15,10,trigger,synthetic,synthetic,synthetic,synth-v1.0.0,1337,932480f22477dd00,baseline
SP-021:norte:023500:2023-08-30,SP-021:norte:023500,SP-021,norte,23.75,open-meteo:era5_seamless:-23.6:-46.8,2023-08-30,52.9,7.43,40.15,10,trigger,synthetic,synthetic,synthetic,synth-v1.0.0,1337,932480f22477dd00,baseline
SP-021:norte:023500:2023-10-17,SP-021:norte:023500,SP-021,norte,23.75,open-meteo:era5_seamless:-23.6:-46.8,2023-10-17,76.88,6.34,40.15,9,trigger,synthetic,synthetic,synthetic,synth-v1.0.0,1337,932480f22477dd00,baseline
SP-021:norte:023500:2023-11-20,SP-021:norte:023500,SP-021,norte,23.75,open-meteo:era5_seamless:-23.6:-46.8,2023-11-20,63.15,3.23,40.15,8,trigger,synthetic,synthetic,synthetic,synth-v1.0.0,1337,932480f22477dd00,baseline
SP-021:norte:023500:2023-12-27,SP-021:norte:023500,SP-021,norte,23.75,open-meteo:era5_seamless:-23.6:-46.8,2023-12-27,49.07,5.3,40.15,3,trigger,synthetic,synthetic,synthetic,synth-v1.0.0,1337,932480f22477dd00,baseline
SP-021:norte:023500:2024-02-17,SP-021:norte:023500,SP-021,norte,23.75,open-meteo:era5_seamless:-23.6:-46.8,2024-02-17,88.72,5.45,40.15,13,trigger,synthetic,synthetic,synthetic,synth-v1.0.0,1337,932480f22477dd00,baseline
SP-021:norte:023500:2024-03-24,SP-021:norte:023500,SP-021,norte,23.75,open-meteo:era5_seamless:-23.6:-46.8,2024-03-24,84.93,7.43,40.15,14,trigger,synthetic,synthetic,synthetic,synth-v1.0.0,1337,932480f22477dd00,baseline
SP-021:norte:023500:2024-05-06,SP-021:norte:023500,SP-021,norte,23.75,open-meteo:era5_seamless:-23.6:-46.8,2024-05-06,80.12,3.33,40.15,8,trigger,synthetic,synthetic,synthetic,synth-v1.0.0,1337,932480f22477dd00,baseline
SP-021:norte:023500:2024-07-14,SP-021:norte:023500,SP-021,norte,23.75,open-meteo:era5_seamless:-23.6:-46.8,2024-07-14,44.4,3.21,40.15,7,trigger,synthetic,synthetic,synthetic,synth-v1.0.0,1337,932480f22477dd00,baseline
SP-021:norte:023500:2024-10-01,SP-021:norte:023500,SP-021,norte,23.75,open-meteo:era5_seamless:-23.6:-46.8,2024-10-01,67.85,6.84,40.15,16,trigger,synthetic,synthetic,synthetic,synth-v1.0.0,1337,932480f22477dd00,baseline
SP-021:norte:023500:2024-11-19,SP-021:norte:023500,SP-021,norte,23.75,open-meteo:era5_seamless:-23.6:-46.8,2024-11-19,69.7,4.52,40.15,9,trigger,synthetic,synthetic,synthetic,synth-v1.0.0,1337,932480f22477dd00,baseline
SP-021:norte:023500:2024-12-29,SP-021:norte:023500,SP-021,norte,23.75,open-meteo:era5_seamless:-23.6:-46.8,2024-12-29,70.31,4.6,40.15,7,trigger,synthetic,synthetic,synthetic,synth-v1.0.0,1337,932480f22477dd00,baseline
SP-021:norte:023500:2025-01-29,SP-021:norte:023500,SP-021,norte,23.75,open-meteo:era5_seamless:-23.6:-46.8,2025-01-29,62.26,5.79,40.15,3,trigger,synthetic,synthetic,synthetic,synth-v1.0.0,1337,932480f22477dd00,baseline
SP-021:norte:023500:2025-02-28,SP-021:norte:023500,SP-021,norte,23.75,open-meteo:era5_seamless:-23.6:-46.8,2025-02-28,76.97,6.59,40.15,5,trigger,synthetic,synthetic,synthetic,synth-v1.0.0,1337,932480f22477dd00,baseline
SP-021:norte:023500:2025-04-12,SP-021:norte:023500,SP-021,norte,23.75,open-meteo:era5_seamless:-23.6:-46.8,2025-04-12,75.14,7.17,40.15,13,trigger,synthetic,synthetic,synthetic,synth-v1.0.0,1337,932480f22477dd00,baseline
SP-021:norte:023500:2025-05-21,SP-021:norte:023500,SP-021,norte,23.75,open-meteo:era5_seamless:-23.6:-46.8,2025-05-21,44.97,3.11,40.15,3,trigger,synthetic,synthetic,synthetic,synth-v1.0.0,1337,932480f22477dd00,baseline
SP-021:norte:023500:2025-10-04,SP-021:norte:023500,SP-021,norte,23.75,open-meteo:era5_seamless:-23.6:-46.8,2025-10-04,66.89,5.79,40.15,20,trigger,synthetic,synthetic,synthetic,synth-v1.0.0,1337,932480f22477dd00,baseline
SP-021:norte:023500:2025-11-27,SP-021:norte:023500,SP-021,norte,23.75,open-meteo:era5_seamless:-23.6:-46.8,2025-11-27,51.78,6.56,40.15,4,trigger,synthetic,synthetic,synthetic,synth-v1.0.0,1337,932480f22477dd00,baseline
SP-021:norte:023500:2026-01-07,SP-021:norte:023500,SP-021,norte,23.75,open-meteo:era5_seamless:-23.6:-46.8,2026-01-07,80.23,7.93,40.15,10,trigger,synthetic,synthetic,synthetic,synth-v1.0.0,1337,932480f22477dd00,baseline
SP-021:norte:023500:2026-03-10,SP-021:norte:023500,SP-021,norte,23.75,open-meteo:era5_seamless:-23.6:-46.8,2026-03-10,94.32,7.4,40.15,30,trigger,synthetic,synthetic,synthetic,synth-v1.0.0,1337,932480f22477dd00,baseline
SP-021:norte:023500:2026-04-11,SP-021:norte:023500,SP-021,norte,23.75,open-meteo:era5_seamless:-23.6:-46.8,2026-04-11,67.02,7.61,40.15,6,trigger,synthetic,synthetic,synthetic,synth-v1.0.0,1337,932480f22477dd00,baseline
SP-021:norte:023500:2026-06-04,SP-021:norte:023500,SP-021,norte,23.75,open-meteo:era5_seamless:-23.6:-46.8,2026-06-04,51.66,6.5,40.15,11,trigger,synthetic,synthetic,synthetic,synth-v1.0.0,1337,932480f22477dd00,baseline
SP-021:norte:023500:2026-08-18,SP-021:norte:023500,SP-021,norte,23.75,open-meteo:era5_seamless:-23.6:-46.8,2026-08-18,44.03,5.25,40.15,2,trigger,synthetic,synthetic,synthetic,synth-v1.0.0,1337,932480f22477dd00,baseline
SP-021:sul:023500:2023-01-17,SP-021:sul:023500,SP-021,sul,23.75,open-meteo:era5_seamless:-23.6:-46.8,2023-01-17,75.39,4.74,49.42,2,trigger,synthetic,synthetic,synthetic,synth-v1.0.0,1337,932480f22477dd00,baseline
SP-021:sul:023500:2023-02-26,SP-021:sul:023500,SP-021,sul,23.75,open-meteo:era5_seamless:-23.6:-46.8,2023-02-26,93.45,6.82,49.42,7,trigger,synthetic,synthetic,synthetic,synth-v1.0.0,1337,932480f22477dd00,baseline
SP-021:sul:023500:2023-04-08,SP-021:sul:023500,SP-021,sul,23.75,open-meteo:era5_seamless:-23.6:-46.8,2023-04-08,95.29,5.33,49.42,13,trigger,synthetic,synthetic,synthetic,synth-v1.0.0,1337,932480f22477dd00,baseline
SP-021:sul:023500:2023-07-06,SP-021:sul:023500,SP-021,sul,23.75,open-meteo:era5_seamless:-23.6:-46.8,2023-07-06,63.15,5.83,49.42,18,trigger,synthetic,synthetic,synthetic,synth-v1.0.0,1337,932480f22477dd00,baseline
SP-021:sul:023500:2023-09-16,SP-021:sul:023500,SP-021,sul,23.75,open-meteo:era5_seamless:-23.6:-46.8,2023-09-16,68.69,6.09,49.42,6,trigger,synthetic,synthetic,synthetic,synth-v1.0.0,1337,932480f22477dd00,baseline
SP-021:sul:023500:2023-11-07,SP-021:sul:023500,SP-021,sul,23.75,open-meteo:era5_seamless:-23.6:-46.8,2023-11-07,93.33,5.56,49.42,16,trigger,synthetic,synthetic,synthetic,synth-v1.0.0,1337,932480f22477dd00,baseline
SP-021:sul:023500:2023-12-12,SP-021:sul:023500,SP-021,sul,23.75,open-meteo:era5_seamless:-23.6:-46.8,2023-12-12,57.23,4.04,49.42,2,trigger,synthetic,synthetic,synthetic,synth-v1.0.0,1337,932480f22477dd00,baseline
SP-021:sul:023500:2024-02-01,SP-021:sul:023500,SP-021,sul,23.75,open-meteo:era5_seamless:-23.6:-46.8,2024-02-01,94.78,5.25,49.42,11,trigger,synthetic,synthetic,synthetic,synth-v1.0.0,1337,932480f22477dd00,baseline
SP-021:sul:023500:2024-03-07,SP-021:sul:023500,SP-021,sul,23.75,open-meteo:era5_seamless:-23.6:-46.8,2024-03-07,82.62,4.84,49.42,4,trigger,synthetic,synthetic,synthetic,synth-v1.0.0,1337,932480f22477dd00,baseline
SP-021:sul:023500:2024-04-17,SP-021:sul:023500,SP-021,sul,23.75,open-meteo:era5_seamless:-23.6:-46.8,2024-04-17,93.92,3.15,49.42,10,trigger,synthetic,synthetic,synthetic,synth-v1.0.0,1337,932480f22477dd00,baseline
SP-021:sul:023500:2024-06-11,SP-021:sul:023500,SP-021,sul,23.75,open-meteo:era5_seamless:-23.6:-46.8,2024-06-11,55.0,5.86,49.42,2,trigger,synthetic,synthetic,synthetic,synth-v1.0.0,1337,932480f22477dd00,baseline
SP-021:sul:023500:2024-09-09,SP-021:sul:023500,SP-021,sul,23.75,open-meteo:era5_seamless:-23.6:-46.8,2024-09-09,81.85,3.75,49.42,15,trigger,synthetic,synthetic,synthetic,synth-v1.0.0,1337,932480f22477dd00,baseline
SP-021:sul:023500:2024-11-07,SP-021:sul:023500,SP-021,sul,23.75,open-meteo:era5_seamless:-23.6:-46.8,2024-11-07,69.78,3.32,49.42,11,proactive,synthetic,synthetic,synthetic,synth-v1.0.0,1337,932480f22477dd00,baseline
SP-021:sul:023500:2024-12-22,SP-021:sul:023500,SP-021,sul,23.75,open-meteo:era5_seamless:-23.6:-46.8,2024-12-22,75.34,7.63,49.42,7,trigger,synthetic,synthetic,synthetic,synth-v1.0.0,1337,932480f22477dd00,baseline
SP-021:sul:023500:2025-01-23,SP-021:sul:023500,SP-021,sul,23.75,open-meteo:era5_seamless:-23.6:-46.8,2025-01-23,75.11,7.96,49.42,4,trigger,synthetic,synthetic,synthetic,synth-v1.0.0,1337,932480f22477dd00,baseline
SP-021:sul:023500:2025-02-22,SP-021:sul:023500,SP-021,sul,23.75,open-meteo:era5_seamless:-23.6:-46.8,2025-02-22,85.76,4.44,49.42,6,trigger,synthetic,synthetic,synthetic,synth-v1.0.0,1337,932480f22477dd00,baseline
SP-021:sul:023500:2025-04-06,SP-021:sul:023500,SP-021,sul,23.75,open-meteo:era5_seamless:-23.6:-46.8,2025-04-06,83.74,4.45,49.42,7,trigger,synthetic,synthetic,synthetic,synth-v1.0.0,1337,932480f22477dd00,baseline
SP-021:sul:023500:2025-05-28,SP-021:sul:023500,SP-021,sul,23.75,open-meteo:era5_seamless:-23.6:-46.8,2025-05-28,52.38,6.54,49.42,3,trigger,synthetic,synthetic,synthetic,synth-v1.0.0,1337,932480f22477dd00,baseline
SP-021:sul:023500:2025-09-12,SP-021:sul:023500,SP-021,sul,23.75,open-meteo:era5_seamless:-23.6:-46.8,2025-09-12,53.67,3.45,49.42,5,proactive,synthetic,synthetic,synthetic,synth-v1.0.0,1337,932480f22477dd00,baseline
SP-021:sul:023500:2025-11-20,SP-021:sul:023500,SP-021,sul,23.75,open-meteo:era5_seamless:-23.6:-46.8,2025-11-20,58.56,5.39,49.42,4,trigger,synthetic,synthetic,synthetic,synth-v1.0.0,1337,932480f22477dd00,baseline
SP-021:sul:023500:2025-12-31,SP-021:sul:023500,SP-021,sul,23.75,open-meteo:era5_seamless:-23.6:-46.8,2025-12-31,79.19,5.72,49.42,3,trigger,synthetic,synthetic,synthetic,synth-v1.0.0,1337,932480f22477dd00,baseline
SP-021:sul:023500:2026-02-26,SP-021:sul:023500,SP-021,sul,23.75,open-meteo:era5_seamless:-23.6:-46.8,2026-02-26,117.01,6.07,49.42,18,trigger,synthetic,synthetic,synthetic,synth-v1.0.0,1337,932480f22477dd00,baseline
SP-021:sul:023500:2026-04-07,SP-021:sul:023500,SP-021,sul,23.75,open-meteo:era5_seamless:-23.6:-46.8,2026-04-07,89.86,4.17,49.42,2,trigger,synthetic,synthetic,synthetic,synth-v1.0.0,1337,932480f22477dd00,baseline
SP-021:sul:023500:2026-06-23,SP-021:sul:023500,SP-021,sul,23.75,open-meteo:era5_seamless:-23.6:-46.8,2026-06-23,53.54,6.67,49.42,9,trigger,synthetic,synthetic,synthetic,synth-v1.0.0,1337,932480f22477dd00,baseline
SP-021:sul:023500:2026-09-01,SP-021:sul:023500,SP-021,sul,23.75,open-meteo:era5_seamless:-23.6:-46.8,2026-09-01,56.93,3.01,49.42,2,trigger,synthetic,synthetic,synthetic,synth-v1.0.0,1337,932480f22477dd00,baseline
SP-021:norte:024000:2023-01-22,SP-021:norte:024000,SP-021,norte,24.25,open-meteo:era5_seamless:-23.6:-46.8,2023-01-22,68.99,3.18,52.99,7,trigger,synthetic,synthetic,synthetic,synth-v1.0.0,1337,932480f22477dd00,baseline
SP-021:norte:024000:2023-03-05,SP-021:norte:024000,SP-021,norte,24.25,open-meteo:era5_seamless:-23.6:-46.8,2023-03-05,70.71,5.02,52.99,7,trigger,synthetic,synthetic,synthetic,synth-v1.0.0,1337,932480f22477dd00,baseline
SP-021:norte:024000:2023-04-21,SP-021:norte:024000,SP-021,norte,24.25,open-meteo:era5_seamless:-23.6:-46.8,2023-04-21,68.86,6.4,52.99,5,trigger,synthetic,synthetic,synthetic,synth-v1.0.0,1337,932480f22477dd00,baseline
SP-021:norte:024000:2023-08-09,SP-021:norte:024000,SP-021,norte,24.25,open-meteo:era5_seamless:-23.6:-46.8,2023-08-09,65.63,4.58,52.99,10,trigger,synthetic,synthetic,synthetic,synth-v1.0.0,1337,932480f22477dd00,baseline
SP-021:norte:024000:2023-10-15,SP-021:norte:024000,SP-021,norte,24.25,open-meteo:era5_seamless:-23.6:-46.8,2023-10-15,73.29,6.2,52.99,14,trigger,synthetic,synthetic,synthetic,synth-v1.0.0,1337,932480f22477dd00,baseline
SP-021:norte:024000:2023-11-21,SP-021:norte:024000,SP-021,norte,24.25,open-meteo:era5_seamless:-23.6:-46.8,2023-11-21,58.34,7.76,52.99,2,trigger,synthetic,synthetic,synthetic,synth-v1.0.0,1337,932480f22477dd00,baseline
SP-021:norte:024000:2023-12-28,SP-021:norte:024000,SP-021,norte,24.25,open-meteo:era5_seamless:-23.6:-46.8,2023-12-28,64.52,4.77,52.99,4,trigger,synthetic,synthetic,synthetic,synth-v1.0.0,1337,932480f22477dd00,baseline
SP-021:norte:024000:2024-02-19,SP-021:norte:024000,SP-021,norte,24.25,open-meteo:era5_seamless:-23.6:-46.8,2024-02-19,77.37,7.44,52.99,8,trigger,synthetic,synthetic,synthetic,synth-v1.0.0,1337,932480f22477dd00,baseline
SP-021:norte:024000:2024-03-23,SP-021:norte:024000,SP-021,norte,24.25,open-meteo:era5_seamless:-23.6:-46.8,2024-03-23,69.64,7.86,52.99,6,trigger,synthetic,synthetic,synthetic,synth-v1.0.0,1337,932480f22477dd00,baseline
SP-021:norte:024000:2024-05-12,SP-021:norte:024000,SP-021,norte,24.25,open-meteo:era5_seamless:-23.6:-46.8,2024-05-12,79.49,5.95,52.99,21,trigger,synthetic,synthetic,synthetic,synth-v1.0.0,1337,932480f22477dd00,baseline
SP-021:norte:024000:2024-08-01,SP-021:norte:024000,SP-021,norte,24.25,open-meteo:era5_seamless:-23.6:-46.8,2024-08-01,56.16,6.22,52.99,4,trigger,synthetic,synthetic,synthetic,synth-v1.0.0,1337,932480f22477dd00,baseline
SP-021:norte:024000:2024-10-11,SP-021:norte:024000,SP-021,norte,24.25,open-meteo:era5_seamless:-23.6:-46.8,2024-10-11,71.83,6.28,52.99,12,trigger,synthetic,synthetic,synthetic,synth-v1.0.0,1337,932480f22477dd00,baseline
SP-021:norte:024000:2024-12-02,SP-021:norte:024000,SP-021,norte,24.25,open-meteo:era5_seamless:-23.6:-46.8,2024-12-02,72.53,5.88,52.99,8,trigger,synthetic,synthetic,synthetic,synth-v1.0.0,1337,932480f22477dd00,baseline
SP-021:norte:024000:2025-01-13,SP-021:norte:024000,SP-021,norte,24.25,open-meteo:era5_seamless:-23.6:-46.8,2025-01-13,70.82,6.27,52.99,8,trigger,synthetic,synthetic,synthetic,synth-v1.0.0,1337,932480f22477dd00,baseline
SP-021:norte:024000:2025-02-05,SP-021:norte:024000,SP-021,norte,24.25,open-meteo:era5_seamless:-23.6:-46.8,2025-02-05,42.44,3.01,52.99,3,proactive,synthetic,synthetic,synthetic,synth-v1.0.0,1337,932480f22477dd00,baseline
SP-021:norte:024000:2025-03-20,SP-021:norte:024000,SP-021,norte,24.25,open-meteo:era5_seamless:-23.6:-46.8,2025-03-20,72.74,5.8,52.99,11,trigger,synthetic,synthetic,synthetic,synth-v1.0.0,1337,932480f22477dd00,baseline
SP-021:norte:024000:2025-05-09,SP-021:norte:024000,SP-021,norte,24.25,open-meteo:era5_seamless:-23.6:-46.8,2025-05-09,63.33,6.25,52.99,5,trigger,synthetic,synthetic,synthetic,synth-v1.0.0,1337,932480f22477dd00,baseline
SP-021:norte:024000:2025-09-22,SP-021:norte:024000,SP-021,norte,24.25,open-meteo:era5_seamless:-23.6:-46.8,2025-09-22,71.89,3.33,52.99,15,trigger,synthetic,synthetic,synthetic,synth-v1.0.0,1337,932480f22477dd00,baseline
SP-021:norte:024000:2025-11-25,SP-021:norte:024000,SP-021,norte,24.25,open-meteo:era5_seamless:-23.6:-46.8,2025-11-25,49.41,7.6,52.99,2,proactive,synthetic,synthetic,synthetic,synth-v1.0.0,1337,932480f22477dd00,baseline
SP-021:norte:024000:2025-12-31,SP-021:norte:024000,SP-021,norte,24.25,open-meteo:era5_seamless:-23.6:-46.8,2025-12-31,62.05,3.67,52.99,3,trigger,synthetic,synthetic,synthetic,synth-v1.0.0,1337,932480f22477dd00,baseline
SP-021:norte:024000:2026-02-21,SP-021:norte:024000,SP-021,norte,24.25,open-meteo:era5_seamless:-23.6:-46.8,2026-02-21,75.93,6.96,52.99,6,trigger,synthetic,synthetic,synthetic,synth-v1.0.0,1337,932480f22477dd00,baseline
SP-021:norte:024000:2026-04-13,SP-021:norte:024000,SP-021,norte,24.25,open-meteo:era5_seamless:-23.6:-46.8,2026-04-13,80.08,4.53,52.99,15,trigger,synthetic,synthetic,synthetic,synth-v1.0.0,1337,932480f22477dd00,baseline
SP-021:norte:024000:2026-07-28,SP-021:norte:024000,SP-021,norte,24.25,open-meteo:era5_seamless:-23.6:-46.8,2026-07-28,62.2,5.36,52.99,23,proactive,synthetic,synthetic,synthetic,synth-v1.0.0,1337,932480f22477dd00,baseline
SP-021:sul:024000:2023-01-27,SP-021:sul:024000,SP-021,sul,24.25,open-meteo:era5_seamless:-23.6:-46.8,2023-01-27,89.49,3.75,61.75,5,trigger,synthetic,synthetic,synthetic,synth-v1.0.0,1337,932480f22477dd00,baseline
SP-021:sul:024000:2023-03-05,SP-021:sul:024000,SP-021,sul,24.25,open-meteo:era5_seamless:-23.6:-46.8,2023-03-05,102.28,5.22,61.75,7,trigger,synthetic,synthetic,synthetic,synth-v1.0.0,1337,932480f22477dd00,baseline
SP-021:sul:024000:2023-04-06,SP-021:sul:024000,SP-021,sul,24.25,open-meteo:era5_seamless:-23.6:-46.8,2023-04-06,84.59,6.07,61.75,4,trigger,synthetic,synthetic,synthetic,synth-v1.0.0,1337,932480f22477dd00,baseline
SP-021:sul:024000:2023-05-31,SP-021:sul:024000,SP-021,sul,24.25,open-meteo:era5_seamless:-23.6:-46.8,2023-05-31,69.19,7.99,61.75,3,trigger,synthetic,synthetic,synthetic,synth-v1.0.0,1337,932480f22477dd00,baseline
SP-021:sul:024000:2023-08-19,SP-021:sul:024000,SP-021,sul,24.25,open-meteo:era5_seamless:-23.6:-46.8,2023-08-19,74.2,6.33,61.75,6,trigger,synthetic,synthetic,synthetic,synth-v1.0.0,1337,932480f22477dd00,baseline
SP-021:sul:024000:2023-10-01,SP-021:sul:024000,SP-021,sul,24.25,open-meteo:era5_seamless:-23.6:-46.8,2023-10-01,80.75,6.53,61.75,7,trigger,synthetic,synthetic,synthetic,synth-v1.0.0,1337,932480f22477dd00,baseline
SP-021:sul:024000:2023-11-13,SP-021:sul:024000,SP-021,sul,24.25,open-meteo:era5_seamless:-23.6:-46.8,2023-11-13,100.15,7.45,61.75,8,trigger,synthetic,synthetic,synthetic,synth-v1.0.0,1337,932480f22477dd00,baseline
SP-021:sul:024000:2023-12-23,SP-021:sul:024000,SP-021,sul,24.25,open-meteo:era5_seamless:-23.6:-46.8,2023-12-23,102.37,5.88,61.75,13,trigger,synthetic,synthetic,synthetic,synth-v1.0.0,1337,932480f22477dd00,baseline
SP-021:sul:024000:2024-01-23,SP-021:sul:024000,SP-021,sul,24.25,open-meteo:era5_seamless:-23.6:-46.8,2024-01-23,69.67,7.64,61.75,2,trigger,synthetic,synthetic,synthetic,synth-v1.0.0,1337,932480f22477dd00,baseline
SP-021:sul:024000:2024-02-29,SP-021:sul:024000,SP-021,sul,24.25,open-meteo:era5_seamless:-23.6:-46.8,2024-02-29,108.04,4.47,61.75,11,trigger,synthetic,synthetic,synthetic,synth-v1.0.0,1337,932480f22477dd00,baseline
SP-021:sul:024000:2024-03-30,SP-021:sul:024000,SP-021,sul,24.25,open-meteo:era5_seamless:-23.6:-46.8,2024-03-30,82.56,6.54,61.75,6,trigger,synthetic,synthetic,synthetic,synth-v1.0.0,1337,932480f22477dd00,baseline
SP-021:sul:024000:2024-05-03,SP-021:sul:024000,SP-021,sul,24.25,open-meteo:era5_seamless:-23.6:-46.8,2024-05-03,90.68,7.47,61.75,5,trigger,synthetic,synthetic,synthetic,synth-v1.0.0,1337,932480f22477dd00,baseline
SP-021:sul:024000:2024-06-30,SP-021:sul:024000,SP-021,sul,24.25,open-meteo:era5_seamless:-23.6:-46.8,2024-06-30,90.16,7.18,61.75,14,trigger,synthetic,synthetic,synthetic,synth-v1.0.0,1337,932480f22477dd00,baseline
SP-021:sul:024000:2024-09-05,SP-021:sul:024000,SP-021,sul,24.25,open-meteo:era5_seamless:-23.6:-46.8,2024-09-05,75.69,5.18,61.75,4,trigger,synthetic,synthetic,synthetic,synth-v1.0.0,1337,932480f22477dd00,baseline
SP-021:sul:024000:2024-10-15,SP-021:sul:024000,SP-021,sul,24.25,open-meteo:era5_seamless:-23.6:-46.8,2024-10-15,68.25,7.56,61.75,9,proactive,synthetic,synthetic,synthetic,synth-v1.0.0,1337,932480f22477dd00,baseline
SP-021:sul:024000:2024-11-21,SP-021:sul:024000,SP-021,sul,24.25,open-meteo:era5_seamless:-23.6:-46.8,2024-11-21,85.24,5.03,61.75,4,trigger,synthetic,synthetic,synthetic,synth-v1.0.0,1337,932480f22477dd00,baseline
SP-021:sul:024000:2024-12-31,SP-021:sul:024000,SP-021,sul,24.25,open-meteo:era5_seamless:-23.6:-46.8,2024-12-31,101.16,3.1,61.75,9,trigger,synthetic,synthetic,synthetic,synth-v1.0.0,1337,932480f22477dd00,baseline
SP-021:sul:024000:2025-02-06,SP-021:sul:024000,SP-021,sul,24.25,open-meteo:era5_seamless:-23.6:-46.8,2025-02-06,95.19,7.23,61.75,4,trigger,synthetic,synthetic,synthetic,synth-v1.0.0,1337,932480f22477dd00,baseline
SP-021:sul:024000:2025-03-05,SP-021:sul:024000,SP-021,sul,24.25,open-meteo:era5_seamless:-23.6:-46.8,2025-03-05,94.03,6.76,61.75,3,trigger,synthetic,synthetic,synthetic,synth-v1.0.0,1337,932480f22477dd00,baseline
SP-021:sul:024000:2025-04-20,SP-021:sul:024000,SP-021,sul,24.25,open-meteo:era5_seamless:-23.6:-46.8,2025-04-20,107.52,7.12,61.75,14,trigger,synthetic,synthetic,synthetic,synth-v1.0.0,1337,932480f22477dd00,baseline
SP-021:sul:024000:2025-06-10,SP-021:sul:024000,SP-021,sul,24.25,open-meteo:era5_seamless:-23.6:-46.8,2025-06-10,74.59,6.67,61.75,2,trigger,synthetic,synthetic,synthetic,synth-v1.0.0,1337,932480f22477dd00,baseline
SP-021:sul:024000:2025-09-18,SP-021:sul:024000,SP-021,sul,24.25,open-meteo:era5_seamless:-23.6:-46.8,2025-09-18,76.87,5.83,61.75,4,trigger,synthetic,synthetic,synthetic,synth-v1.0.0,1337,932480f22477dd00,baseline
SP-021:sul:024000:2025-12-08,SP-021:sul:024000,SP-021,sul,24.25,open-meteo:era5_seamless:-23.6:-46.8,2025-12-08,111.27,3.05,61.75,22,trigger,synthetic,synthetic,synthetic,synth-v1.0.0,1337,932480f22477dd00,baseline
SP-021:sul:024000:2026-01-18,SP-021:sul:024000,SP-021,sul,24.25,open-meteo:era5_seamless:-23.6:-46.8,2026-01-18,98.97,3.41,61.75,7,trigger,synthetic,synthetic,synthetic,synth-v1.0.0,1337,932480f22477dd00,baseline
SP-021:sul:024000:2026-02-26,SP-021:sul:024000,SP-021,sul,24.25,open-meteo:era5_seamless:-23.6:-46.8,2026-02-26,103.13,7.11,61.75,11,trigger,synthetic,synthetic,synthetic,synth-v1.0.0,1337,932480f22477dd00,baseline
SP-021:sul:024000:2026-03-31,SP-021:sul:024000,SP-021,sul,24.25,open-meteo:era5_seamless:-23.6:-46.8,2026-03-31,93.75,6.74,61.75,9,trigger,synthetic,synthetic,synthetic,synth-v1.0.0,1337,932480f22477dd00,baseline
SP-021:sul:024000:2026-05-08,SP-021:sul:024000,SP-021,sul,24.25,open-meteo:era5_seamless:-23.6:-46.8,2026-05-08,85.59,5.87,61.75,5,trigger,synthetic,synthetic,synthetic,synth-v1.0.0,1337,932480f22477dd00,baseline
SP-021:sul:024000:2026-07-20,SP-021:sul:024000,SP-021,sul,24.25,open-meteo:era5_seamless:-23.6:-46.8,2026-07-20,37.57,6.74,61.75,8,proactive,synthetic,synthetic,synthetic,synth-v1.0.0,1337,932480f22477dd00,baseline
SP-021:norte:024500:2023-02-02,SP-021:norte:024500,SP-021,norte,24.75,open-meteo:era5_seamless:-23.6:-46.8,2023-02-02,72.6,3.57,54.13,11,trigger,synthetic,synthetic,synthetic,synth-v1.0.0,1337,932480f22477dd00,baseline
SP-021:norte:024500:2023-03-30,SP-021:norte:024500,SP-021,norte,24.75,open-meteo:era5_seamless:-23.6:-46.8,2023-03-30,75.22,7.16,54.13,11,trigger,synthetic,synthetic,synthetic,synth-v1.0.0,1337,932480f22477dd00,baseline
SP-021:norte:024500:2023-06-29,SP-021:norte:024500,SP-021,norte,24.75,open-meteo:era5_seamless:-23.6:-46.8,2023-06-29,55.99,7.9,54.13,4,trigger,synthetic,synthetic,synthetic,synth-v1.0.0,1337,932480f22477dd00,baseline
SP-021:norte:024500:2023-10-06,SP-021:norte:024500,SP-021,norte,24.75,open-meteo:era5_seamless:-23.6:-46.8,2023-10-06,77.29,6.47,54.13,19,trigger,synthetic,synthetic,synthetic,synth-v1.0.0,1337,932480f22477dd00,baseline
SP-021:norte:024500:2023-11-22,SP-021:norte:024500,SP-021,norte,24.75,open-meteo:era5_seamless:-23.6:-46.8,2023-11-22,56.69,3.49,54.13,10,proactive,synthetic,synthetic,synthetic,synth-v1.0.0,1337,932480f22477dd00,baseline
SP-021:norte:024500:2024-01-22,SP-021:norte:024500,SP-021,norte,24.75,open-meteo:era5_seamless:-23.6:-46.8,2024-01-22,73.18,6.58,54.13,8,trigger,synthetic,synthetic,synthetic,synth-v1.0.0,1337,932480f22477dd00,baseline
SP-021:norte:024500:2024-03-13,SP-021:norte:024500,SP-021,norte,24.75,open-meteo:era5_seamless:-23.6:-46.8,2024-03-13,77.06,4.43,54.13,10,trigger,synthetic,synthetic,synthetic,synth-v1.0.0,1337,932480f22477dd00,baseline
SP-021:norte:024500:2024-05-13,SP-021:norte:024500,SP-021,norte,24.75,open-meteo:era5_seamless:-23.6:-46.8,2024-05-13,77.37,4.65,54.13,8,trigger,synthetic,synthetic,synthetic,synth-v1.0.0,1337,932480f22477dd00,baseline
SP-021:norte:024500:2024-08-30,SP-021:norte:024500,SP-021,norte,24.75,open-meteo:era5_seamless:-23.6:-46.8,2024-08-30,56.54,7.99,54.13,5,trigger,synthetic,synthetic,synthetic,synth-v1.0.0,1337,932480f22477dd00,baseline
SP-021:norte:024500:2024-11-09,SP-021:norte:024500,SP-021,norte,24.75,open-meteo:era5_seamless:-23.6:-46.8,2024-11-09,74.61,4.66,54.13,6,trigger,synthetic,synthetic,synthetic,synth-v1.0.0,1337,932480f22477dd00,baseline
SP-021:norte:024500:2024-12-31,SP-021:norte:024500,SP-021,norte,24.75,open-meteo:era5_seamless:-23.6:-46.8,2024-12-31,63.51,3.92,54.13,2,trigger,synthetic,synthetic,synthetic,synth-v1.0.0,1337,932480f22477dd00,baseline
SP-021:norte:024500:2025-02-19,SP-021:norte:024500,SP-021,norte,24.75,open-meteo:era5_seamless:-23.6:-46.8,2025-02-19,73.53,7.55,54.13,10,trigger,synthetic,synthetic,synthetic,synth-v1.0.0,1337,932480f22477dd00,baseline
SP-021:norte:024500:2025-04-06,SP-021:norte:024500,SP-021,norte,24.75,open-meteo:era5_seamless:-23.6:-46.8,2025-04-06,68.17,3.27,54.13,7,trigger,synthetic,synthetic,synthetic,synth-v1.0.0,1337,932480f22477dd00,baseline
SP-021:norte:024500:2025-08-28,SP-021:norte:024500,SP-021,norte,24.75,open-meteo:era5_seamless:-23.6:-46.8,2025-08-28,62.18,7.32,54.13,32,proactive,synthetic,synthetic,synthetic,synth-v1.0.0,1337,932480f22477dd00,baseline
SP-021:norte:024500:2025-11-19,SP-021:norte:024500,SP-021,norte,24.75,open-meteo:era5_seamless:-23.6:-46.8,2025-11-19,65.23,3.27,54.13,10,trigger,synthetic,synthetic,synthetic,synth-v1.0.0,1337,932480f22477dd00,baseline
SP-021:norte:024500:2026-01-20,SP-021:norte:024500,SP-021,norte,24.75,open-meteo:era5_seamless:-23.6:-46.8,2026-01-20,71.6,4.59,54.13,9,trigger,synthetic,synthetic,synthetic,synth-v1.0.0,1337,932480f22477dd00,baseline
SP-021:norte:024500:2026-03-05,SP-021:norte:024500,SP-021,norte,24.75,open-meteo:era5_seamless:-23.6:-46.8,2026-03-05,61.24,3.2,54.13,4,trigger,synthetic,synthetic,synthetic,synth-v1.0.0,1337,932480f22477dd00,baseline
SP-021:norte:024500:2026-05-09,SP-021:norte:024500,SP-021,norte,24.75,open-meteo:era5_seamless:-23.6:-46.8,2026-05-09,68.75,4.59,54.13,6,trigger,synthetic,synthetic,synthetic,synth-v1.0.0,1337,932480f22477dd00,baseline
SP-021:sul:024500:2023-01-17,SP-021:sul:024500,SP-021,sul,24.75,open-meteo:era5_seamless:-23.6:-46.8,2023-01-17,55.67,4.49,52.2,2,trigger,synthetic,synthetic,synthetic,synth-v1.0.0,1337,932480f22477dd00,baseline
SP-021:sul:024500:2023-02-15,SP-021:sul:024500,SP-021,sul,24.75,open-meteo:era5_seamless:-23.6:-46.8,2023-02-15,60.64,6.22,52.2,3,trigger,synthetic,synthetic,synthetic,synth-v1.0.0,1337,932480f22477dd00,baseline
SP-021:sul:024500:2023-03-27,SP-021:sul:024500,SP-021,sul,24.75,open-meteo:era5_seamless:-23.6:-46.8,2023-03-27,88.34,5.32,52.2,15,trigger,synthetic,synthetic,synthetic,synth-v1.0.0,1337,932480f22477dd00,baseline
SP-021:sul:024500:2023-05-27,SP-021:sul:024500,SP-021,sul,24.75,open-meteo:era5_seamless:-23.6:-46.8,2023-05-27,62.23,3.17,52.2,13,trigger,synthetic,synthetic,synthetic,synth-v1.0.0,1337,932480f22477dd00,baseline
SP-021:sul:024500:2023-09-24,SP-021:sul:024500,SP-021,sul,24.75,open-meteo:era5_seamless:-23.6:-46.8,2023-09-24,84.14,6.6,52.2,14,trigger,synthetic,synthetic,synthetic,synth-v1.0.0,1337,932480f22477dd00,baseline
SP-021:sul:024500:2023-11-10,SP-021:sul:024500,SP-021,sul,24.75,open-meteo:era5_seamless:-23.6:-46.8,2023-11-10,73.0,7.69,52.2,5,trigger,synthetic,synthetic,synthetic,synth-v1.0.0,1337,932480f22477dd00,baseline
SP-021:sul:024500:2023-12-12,SP-021:sul:024500,SP-021,sul,24.75,open-meteo:era5_seamless:-23.6:-46.8,2023-12-12,60.38,6.62,52.2,2,trigger,synthetic,synthetic,synthetic,synth-v1.0.0,1337,932480f22477dd00,baseline
SP-021:sul:024500:2024-01-19,SP-021:sul:024500,SP-021,sul,24.75,open-meteo:era5_seamless:-23.6:-46.8,2024-01-19,67.61,4.36,52.2,5,trigger,synthetic,synthetic,synthetic,synth-v1.0.0,1337,932480f22477dd00,baseline
SP-021:sul:024500:2024-02-27,SP-021:sul:024500,SP-021,sul,24.75,open-meteo:era5_seamless:-23.6:-46.8,2024-02-27,71.54,4.72,52.2,2,trigger,synthetic,synthetic,synthetic,synth-v1.0.0,1337,932480f22477dd00,baseline
SP-021:sul:024500:2024-04-09,SP-021:sul:024500,SP-021,sul,24.75,open-meteo:era5_seamless:-23.6:-46.8,2024-04-09,85.01,4.73,52.2,16,trigger,synthetic,synthetic,synthetic,synth-v1.0.0,1337,932480f22477dd00,baseline
SP-021:sul:024500:2024-05-19,SP-021:sul:024500,SP-021,sul,24.75,open-meteo:era5_seamless:-23.6:-46.8,2024-05-19,64.96,4.23,52.2,7,trigger,synthetic,synthetic,synthetic,synth-v1.0.0,1337,932480f22477dd00,baseline
SP-021:sul:024500:2024-08-26,SP-021:sul:024500,SP-021,sul,24.75,open-meteo:era5_seamless:-23.6:-46.8,2024-08-26,73.18,3.2,52.2,15,trigger,synthetic,synthetic,synthetic,synth-v1.0.0,1337,932480f22477dd00,baseline
SP-021:sul:024500:2024-10-23,SP-021:sul:024500,SP-021,sul,24.75,open-meteo:era5_seamless:-23.6:-46.8,2024-10-23,64.83,6.02,52.2,3,trigger,synthetic,synthetic,synthetic,synth-v1.0.0,1337,932480f22477dd00,baseline
SP-021:sul:024500:2024-12-05,SP-021:sul:024500,SP-021,sul,24.75,open-meteo:era5_seamless:-23.6:-46.8,2024-12-05,70.87,3.08,52.2,11,proactive,synthetic,synthetic,synthetic,synth-v1.0.0,1337,932480f22477dd00,baseline
SP-021:sul:024500:2025-01-31,SP-021:sul:024500,SP-021,sul,24.75,open-meteo:era5_seamless:-23.6:-46.8,2025-01-31,91.32,7.91,52.2,12,trigger,synthetic,synthetic,synthetic,synth-v1.0.0,1337,932480f22477dd00,baseline
SP-021:sul:024500:2025-02-28,SP-021:sul:024500,SP-021,sul,24.75,open-meteo:era5_seamless:-23.6:-46.8,2025-02-28,72.46,5.59,52.2,5,trigger,synthetic,synthetic,synthetic,synth-v1.0.0,1337,932480f22477dd00,baseline
SP-021:sul:024500:2025-04-11,SP-021:sul:024500,SP-021,sul,24.75,open-meteo:era5_seamless:-23.6:-46.8,2025-04-11,71.21,3.67,52.2,5,trigger,synthetic,synthetic,synthetic,synth-v1.0.0,1337,932480f22477dd00,baseline
SP-021:sul:024500:2025-06-02,SP-021:sul:024500,SP-021,sul,24.75,open-meteo:era5_seamless:-23.6:-46.8,2025-06-02,41.2,4.88,52.2,8,proactive,synthetic,synthetic,synthetic,synth-v1.0.0,1337,932480f22477dd00,baseline
SP-021:sul:024500:2025-10-07,SP-021:sul:024500,SP-021,sul,24.75,open-meteo:era5_seamless:-23.6:-46.8,2025-10-07,74.99,3.79,52.2,16,trigger,synthetic,synthetic,synthetic,synth-v1.0.0,1337,932480f22477dd00,baseline
SP-021:sul:024500:2025-12-18,SP-021:sul:024500,SP-021,sul,24.75,open-meteo:era5_seamless:-23.6:-46.8,2025-12-18,84.89,6.0,52.2,18,trigger,synthetic,synthetic,synthetic,synth-v1.0.0,1337,932480f22477dd00,baseline
SP-021:sul:024500:2026-01-20,SP-021:sul:024500,SP-021,sul,24.75,open-meteo:era5_seamless:-23.6:-46.8,2026-01-20,63.28,4.02,52.2,2,trigger,synthetic,synthetic,synthetic,synth-v1.0.0,1337,932480f22477dd00,baseline
SP-021:sul:024500:2026-02-26,SP-021:sul:024500,SP-021,sul,24.75,open-meteo:era5_seamless:-23.6:-46.8,2026-02-26,73.21,5.02,52.2,4,trigger,synthetic,synthetic,synthetic,synth-v1.0.0,1337,932480f22477dd00,baseline
SP-021:sul:024500:2026-04-12,SP-021:sul:024500,SP-021,sul,24.75,open-meteo:era5_seamless:-23.6:-46.8,2026-04-12,82.29,6.24,52.2,14,trigger,synthetic,synthetic,synthetic,synth-v1.0.0,1337,932480f22477dd00,baseline
SP-021:sul:024500:2026-06-20,SP-021:sul:024500,SP-021,sul,24.75,open-meteo:era5_seamless:-23.6:-46.8,2026-06-20,58.27,6.61,52.2,6,trigger,synthetic,synthetic,synthetic,synth-v1.0.0,1337,932480f22477dd00,baseline
SP-021:norte:025000:2023-02-05,SP-021:norte:025000,SP-021,norte,25.25,open-meteo:era5_seamless:-23.6:-46.8,2023-02-05,81.44,6.95,45.06,14,trigger,synthetic,synthetic,synthetic,synth-v1.0.0,1337,932480f22477dd00,baseline
SP-021:norte:025000:2023-03-15,SP-021:norte:025000,SP-021,norte,25.25,open-meteo:era5_seamless:-23.6:-46.8,2023-03-15,67.49,4.13,45.06,10,trigger,synthetic,synthetic,synthetic,synth-v1.0.0,1337,932480f22477dd00,baseline
SP-021:norte:025000:2023-05-09,SP-021:norte:025000,SP-021,norte,25.25,open-meteo:era5_seamless:-23.6:-46.8,2023-05-09,51.17,7.42,45.06,2,trigger,synthetic,synthetic,synthetic,synth-v1.0.0,1337,932480f22477dd00,baseline
SP-021:norte:025000:2023-09-12,SP-021:norte:025000,SP-021,norte,25.25,open-meteo:era5_seamless:-23.6:-46.8,2023-09-12,64.18,6.23,45.06,16,trigger,synthetic,synthetic,synthetic,synth-v1.0.0,1337,932480f22477dd00,baseline
SP-021:norte:025000:2023-10-25,SP-021:norte:025000,SP-021,norte,25.25,open-meteo:era5_seamless:-23.6:-46.8,2023-10-25,43.81,3.92,45.06,3,proactive,synthetic,synthetic,synthetic,synth-v1.0.0,1337,932480f22477dd00,baseline
SP-021:norte:025000:2023-12-16,SP-021:norte:025000,SP-021,norte,25.25,open-meteo:era5_seamless:-23.6:-46.8,2023-12-16,56.21,4.22,45.06,6,trigger,synthetic,synthetic,synthetic,synth-v1.0.0,1337,932480f22477dd00,baseline
SP-021:norte:025000:2024-02-18,SP-021:norte:025000,SP-021,norte,25.25,open-meteo:era5_seamless:-23.6:-46.8,2024-02-18,84.23,5.66,45.06,14,trigger,synthetic,synthetic,synthetic,synth-v1.0.0,1337,932480f22477dd00,baseline
SP-021:norte:025000:2024-04-10,SP-021:norte:025000,SP-021,norte,25.25,open-meteo:era5_seamless:-23.6:-46.8,2024-04-10,84.54,6.22,45.06,17,trigger,synthetic,synthetic,synthetic,synth-v1.0.0,1337,932480f22477dd00,baseline
SP-021:norte:025000:2024-05-30,SP-021:norte:025000,SP-021,norte,25.25,open-meteo:era5_seamless:-23.6:-46.8,2024-05-30,50.81,6.65,45.06,4,trigger,synthetic,synthetic,synthetic,synth-v1.0.0,1337,932480f22477dd00,baseline
SP-021:norte:025000:2024-08-21,SP-021:norte:025000,SP-021,norte,25.25,open-meteo:era5_seamless:-23.6:-46.8,2024-08-21,41.31,4.75,45.06,3,proactive,synthetic,synthetic,synthetic,synth-v1.0.0,1337,932480f22477dd00,baseline
SP-021:norte:025000:2024-11-06,SP-021:norte:025000,SP-021,norte,25.25,open-meteo:era5_seamless:-23.6:-46.8,2024-11-06,65.0,3.71,45.06,10,trigger,synthetic,synthetic,synthetic,synth-v1.0.0,1337,932480f22477dd00,baseline
SP-021:norte:025000:2024-12-31,SP-021:norte:025000,SP-021,norte,25.25,open-meteo:era5_seamless:-23.6:-46.8,2024-12-31,67.31,7.03,45.06,9,trigger,synthetic,synthetic,synthetic,synth-v1.0.0,1337,932480f22477dd00,baseline
SP-021:norte:025000:2025-02-04,SP-021:norte:025000,SP-021,norte,25.25,open-meteo:era5_seamless:-23.6:-46.8,2025-02-04,57.34,4.24,45.06,2,trigger,synthetic,synthetic,synthetic,synth-v1.0.0,1337,932480f22477dd00,baseline
SP-021:norte:025000:2025-03-14,SP-021:norte:025000,SP-021,norte,25.25,open-meteo:era5_seamless:-23.6:-46.8,2025-03-14,54.18,5.08,45.06,5,trigger,synthetic,synthetic,synthetic,synth-v1.0.0,1337,932480f22477dd00,baseline
SP-021:norte:025000:2025-05-12,SP-021:norte:025000,SP-021,norte,25.25,open-meteo:era5_seamless:-23.6:-46.8,2025-05-12,61.11,7.31,45.06,8,trigger,synthetic,synthetic,synthetic,synth-v1.0.0,1337,932480f22477dd00,baseline
SP-021:norte:025000:2025-09-23,SP-021:norte:025000,SP-021,norte,25.25,open-meteo:era5_seamless:-23.6:-46.8,2025-09-23,60.0,5.29,45.06,9,trigger,synthetic,synthetic,synthetic,synth-v1.0.0,1337,932480f22477dd00,baseline
SP-021:norte:025000:2025-12-16,SP-021:norte:025000,SP-021,norte,25.25,open-meteo:era5_seamless:-23.6:-46.8,2025-12-16,74.13,7.35,45.06,16,trigger,synthetic,synthetic,synthetic,synth-v1.0.0,1337,932480f22477dd00,baseline
SP-021:norte:025000:2026-01-21,SP-021:norte:025000,SP-021,norte,25.25,open-meteo:era5_seamless:-23.6:-46.8,2026-01-21,48.82,6.16,45.06,3,trigger,synthetic,synthetic,synthetic,synth-v1.0.0,1337,932480f22477dd00,baseline
SP-021:norte:025000:2026-02-19,SP-021:norte:025000,SP-021,norte,25.25,open-meteo:era5_seamless:-23.6:-46.8,2026-02-19,39.52,5.46,45.06,4,proactive,synthetic,synthetic,synthetic,synth-v1.0.0,1337,932480f22477dd00,baseline
SP-021:norte:025000:2026-04-07,SP-021:norte:025000,SP-021,norte,25.25,open-meteo:era5_seamless:-23.6:-46.8,2026-04-07,68.12,7.85,45.06,9,trigger,synthetic,synthetic,synthetic,synth-v1.0.0,1337,932480f22477dd00,baseline
SP-021:norte:025000:2026-06-23,SP-021:norte:025000,SP-021,norte,25.25,open-meteo:era5_seamless:-23.6:-46.8,2026-06-23,47.12,5.48,45.06,9,trigger,synthetic,synthetic,synthetic,synth-v1.0.0,1337,932480f22477dd00,baseline
SP-021:sul:025000:2023-01-28,SP-021:sul:025000,SP-021,sul,25.25,open-meteo:era5_seamless:-23.6:-46.8,2023-01-28,70.28,4.44,58.98,6,trigger,synthetic,synthetic,synthetic,synth-v1.0.0,1337,932480f22477dd00,baseline
SP-021:sul:025000:2023-03-23,SP-021:sul:025000,SP-021,sul,25.25,open-meteo:era5_seamless:-23.6:-46.8,2023-03-23,79.16,5.44,58.98,11,trigger,synthetic,synthetic,synthetic,synth-v1.0.0,1337,932480f22477dd00,baseline
SP-021:sul:025000:2023-06-09,SP-021:sul:025000,SP-021,sul,25.25,open-meteo:era5_seamless:-23.6:-46.8,2023-06-09,62.24,4.36,58.98,5,trigger,synthetic,synthetic,synthetic,synth-v1.0.0,1337,932480f22477dd00,baseline
SP-021:sul:025000:2023-10-01,SP-021:sul:025000,SP-021,sul,25.25,open-meteo:era5_seamless:-23.6:-46.8,2023-10-01,72.59,5.61,58.98,21,proactive,synthetic,synthetic,synthetic,synth-v1.0.0,1337,932480f22477dd00,baseline
SP-021:sul:025000:2023-11-27,SP-021:sul:025000,SP-021,sul,25.25,open-meteo:era5_seamless:-23.6:-46.8,2023-11-27,71.09,3.02,58.98,8,trigger,synthetic,synthetic,synthetic,synth-v1.0.0,1337,932480f22477dd00,baseline
SP-021:sul:025000:2024-02-12,SP-021:sul:025000,SP-021,sul,25.25,open-meteo:era5_seamless:-23.6:-46.8,2024-02-12,81.39,4.38,58.98,22,trigger,synthetic,synthetic,synthetic,synth-v1.0.0,1337,932480f22477dd00,baseline
SP-021:sul:025000:2024-04-04,SP-021:sul:025000,SP-021,sul,25.25,open-meteo:era5_seamless:-23.6:-46.8,2024-04-04,76.62,4.27,58.98,11,trigger,synthetic,synthetic,synthetic,synth-v1.0.0,1337,932480f22477dd00,baseline
SP-021:sul:025000:2024-06-07,SP-021:sul:025000,SP-021,sul,25.25,open-meteo:era5_seamless:-23.6:-46.8,2024-06-07,65.3,6.87,58.98,12,trigger,synthetic,synthetic,synthetic,synth-v1.0.0,1337,932480f22477dd00,baseline
SP-021:sul:025000:2024-09-11,SP-021:sul:025000,SP-021,sul,25.25,open-meteo:era5_seamless:-23.6:-46.8,2024-09-11,69.4,3.66,58.98,3,trigger,synthetic,synthetic,synthetic,synth-v1.0.0,1337,932480f22477dd00,baseline
SP-021:sul:025000:2024-12-03,SP-021:sul:025000,SP-021,sul,25.25,open-meteo:era5_seamless:-23.6:-46.8,2024-12-03,79.29,3.04,58.98,16,trigger,synthetic,synthetic,synthetic,synth-v1.0.0,1337,932480f22477dd00,baseline
SP-021:sul:025000:2025-01-21,SP-021:sul:025000,SP-021,sul,25.25,open-meteo:era5_seamless:-23.6:-46.8,2025-01-21,62.67,7.76,58.98,2,trigger,synthetic,synthetic,synthetic,synth-v1.0.0,1337,932480f22477dd00,baseline
SP-021:sul:025000:2025-03-07,SP-021:sul:025000,SP-021,sul,25.25,open-meteo:era5_seamless:-23.6:-46.8,2025-03-07,79.77,7.7,58.98,12,trigger,synthetic,synthetic,synthetic,synth-v1.0.0,1337,932480f22477dd00,baseline
SP-021:sul:025000:2025-04-22,SP-021:sul:025000,SP-021,sul,25.25,open-meteo:era5_seamless:-23.6:-46.8,2025-04-22,63.2,5.3,58.98,2,trigger,synthetic,synthetic,synthetic,synth-v1.0.0,1337,932480f22477dd00,baseline
SP-021:sul:025000:2025-07-19,SP-021:sul:025000,SP-021,sul,25.25,open-meteo:era5_seamless:-23.6:-46.8,2025-07-19,40.2,4.23,58.98,6,proactive,synthetic,synthetic,synthetic,synth-v1.0.0,1337,932480f22477dd00,baseline
SP-021:sul:025000:2025-11-05,SP-021:sul:025000,SP-021,sul,25.25,open-meteo:era5_seamless:-23.6:-46.8,2025-11-05,63.76,3.57,58.98,3,trigger,synthetic,synthetic,synthetic,synth-v1.0.0,1337,932480f22477dd00,baseline
SP-021:sul:025000:2026-01-08,SP-021:sul:025000,SP-021,sul,25.25,open-meteo:era5_seamless:-23.6:-46.8,2026-01-08,73.32,7.86,58.98,4,trigger,synthetic,synthetic,synthetic,synth-v1.0.0,1337,932480f22477dd00,baseline
SP-021:sul:025000:2026-03-01,SP-021:sul:025000,SP-021,sul,25.25,open-meteo:era5_seamless:-23.6:-46.8,2026-03-01,78.34,7.31,58.98,14,trigger,synthetic,synthetic,synthetic,synth-v1.0.0,1337,932480f22477dd00,baseline
SP-021:sul:025000:2026-04-12,SP-021:sul:025000,SP-021,sul,25.25,open-meteo:era5_seamless:-23.6:-46.8,2026-04-12,69.24,5.98,58.98,7,trigger,synthetic,synthetic,synthetic,synth-v1.0.0,1337,932480f22477dd00,baseline
SP-021:sul:025000:2026-08-12,SP-021:sul:025000,SP-021,sul,25.25,open-meteo:era5_seamless:-23.6:-46.8,2026-08-12,69.05,5.08,58.98,10,trigger,synthetic,synthetic,synthetic,synth-v1.0.0,1337,932480f22477dd00,baseline
SP-021:norte:025500:2023-01-26,SP-021:norte:025500,SP-021,norte,25.75,open-meteo:era5_seamless:-23.6:-46.8,2023-01-26,77.15,5.27,57.94,4,trigger,synthetic,synthetic,synthetic,synth-v1.0.0,1337,932480f22477dd00,baseline
SP-021:norte:025500:2023-03-06,SP-021:norte:025500,SP-021,norte,25.75,open-meteo:era5_seamless:-23.6:-46.8,2023-03-06,77.38,5.1,57.94,8,trigger,synthetic,synthetic,synthetic,synth-v1.0.0,1337,932480f22477dd00,baseline
SP-021:norte:025500:2023-04-18,SP-021:norte:025500,SP-021,norte,25.75,open-meteo:era5_seamless:-23.6:-46.8,2023-04-18,64.85,5.95,57.94,2,trigger,synthetic,synthetic,synthetic,synth-v1.0.0,1337,932480f22477dd00,baseline
SP-021:norte:025500:2023-08-07,SP-021:norte:025500,SP-021,norte,25.75,open-meteo:era5_seamless:-23.6:-46.8,2023-08-07,65.96,3.61,57.94,8,trigger,synthetic,synthetic,synthetic,synth-v1.0.0,1337,932480f22477dd00,baseline
SP-021:norte:025500:2023-10-10,SP-021:norte:025500,SP-021,norte,25.75,open-meteo:era5_seamless:-23.6:-46.8,2023-10-10,65.62,3.26,57.94,2,trigger,synthetic,synthetic,synthetic,synth-v1.0.0,1337,932480f22477dd00,baseline
SP-021:norte:025500:2023-11-24,SP-021:norte:025500,SP-021,norte,25.75,open-meteo:era5_seamless:-23.6:-46.8,2023-11-24,61.33,5.52,57.94,5,proactive,synthetic,synthetic,synthetic,synth-v1.0.0,1337,932480f22477dd00,baseline
SP-021:norte:025500:2024-01-09,SP-021:norte:025500,SP-021,norte,25.75,open-meteo:era5_seamless:-23.6:-46.8,2024-01-09,69.53,3.92,57.94,2,trigger,synthetic,synthetic,synthetic,synth-v1.0.0,1337,932480f22477dd00,baseline
SP-021:norte:025500:2024-03-04,SP-021:norte:025500,SP-021,norte,25.75,open-meteo:era5_seamless:-23.6:-46.8,2024-03-04,87.64,5.88,57.94,8,trigger,synthetic,synthetic,synthetic,synth-v1.0.0,1337,932480f22477dd00,baseline
SP-021:norte:025500:2024-04-11,SP-021:norte:025500,SP-021,norte,25.75,open-meteo:era5_seamless:-23.6:-46.8,2024-04-11,73.29,4.43,57.94,4,trigger,synthetic,synthetic,synthetic,synth-v1.0.0,1337,932480f22477dd00,baseline
SP-021:norte:025500:2024-06-09,SP-021:norte:025500,SP-021,norte,25.75,open-meteo:era5_seamless:-23.6:-46.8,2024-06-09,63.28,5.21,57.94,7,trigger,synthetic,synthetic,synthetic,synth-v1.0.0,1337,932480f22477dd00,baseline
SP-021:norte:025500:2024-09-17,SP-021:norte:025500,SP-021,norte,25.75,open-meteo:era5_seamless:-23.6:-46.8,2024-09-17,77.08,4.49,57.94,9,trigger,synthetic,synthetic,synthetic,synth-v1.0.0,1337,932480f22477dd00,baseline
SP-021:norte:025500:2024-11-28,SP-021:norte:025500,SP-021,norte,25.75,open-meteo:era5_seamless:-23.6:-46.8,2024-11-28,84.51,5.95,57.94,18,trigger,synthetic,synthetic,synthetic,synth-v1.0.0,1337,932480f22477dd00,baseline
SP-021:norte:025500:2024-12-28,SP-021:norte:025500,SP-021,norte,25.75,open-meteo:era5_seamless:-23.6:-46.8,2024-12-28,43.33,4.58,57.94,6,proactive,synthetic,synthetic,synthetic,synth-v1.0.0,1337,932480f22477dd00,baseline
SP-021:norte:025500:2025-01-28,SP-021:norte:025500,SP-021,norte,25.75,open-meteo:era5_seamless:-23.6:-46.8,2025-01-28,52.09,5.89,57.94,2,proactive,synthetic,synthetic,synthetic,synth-v1.0.0,1337,932480f22477dd00,baseline
SP-021:norte:025500:2025-03-07,SP-021:norte:025500,SP-021,norte,25.75,open-meteo:era5_seamless:-23.6:-46.8,2025-03-07,81.85,7.68,57.94,5,trigger,synthetic,synthetic,synthetic,synth-v1.0.0,1337,932480f22477dd00,baseline
SP-021:norte:025500:2025-04-24,SP-021:norte:025500,SP-021,norte,25.75,open-meteo:era5_seamless:-23.6:-46.8,2025-04-24,76.22,6.31,57.94,11,trigger,synthetic,synthetic,synthetic,synth-v1.0.0,1337,932480f22477dd00,baseline
SP-021:norte:025500:2025-09-05,SP-021:norte:025500,SP-021,norte,25.75,open-meteo:era5_seamless:-23.6:-46.8,2025-09-05,75.45,5.6,57.94,12,trigger,synthetic,synthetic,synthetic,synth-v1.0.0,1337,932480f22477dd00,baseline
SP-021:norte:025500:2025-11-27,SP-021:norte:025500,SP-021,norte,25.75,open-meteo:era5_seamless:-23.6:-46.8,2025-11-27,77.38,7.53,57.94,11,trigger,synthetic,synthetic,synthetic,synth-v1.0.0,1337,932480f22477dd00,baseline
SP-021:norte:025500:2026-01-10,SP-021:norte:025500,SP-021,norte,25.75,open-meteo:era5_seamless:-23.6:-46.8,2026-01-10,78.45,3.33,57.94,6,trigger,synthetic,synthetic,synthetic,synth-v1.0.0,1337,932480f22477dd00,baseline
SP-021:norte:025500:2026-03-12,SP-021:norte:025500,SP-021,norte,25.75,open-meteo:era5_seamless:-23.6:-46.8,2026-03-12,88.64,7.69,57.94,18,trigger,synthetic,synthetic,synthetic,synth-v1.0.0,1337,932480f22477dd00,baseline
SP-021:norte:025500:2026-04-19,SP-021:norte:025500,SP-021,norte,25.75,open-meteo:era5_seamless:-23.6:-46.8,2026-04-19,67.12,6.24,57.94,7,trigger,synthetic,synthetic,synthetic,synth-v1.0.0,1337,932480f22477dd00,baseline
SP-021:norte:025500:2026-07-18,SP-021:norte:025500,SP-021,norte,25.75,open-meteo:era5_seamless:-23.6:-46.8,2026-07-18,50.86,3.57,57.94,13,proactive,synthetic,synthetic,synthetic,synth-v1.0.0,1337,932480f22477dd00,baseline
SP-021:sul:025500:2023-02-23,SP-021:sul:025500,SP-021,sul,25.75,open-meteo:era5_seamless:-23.6:-46.8,2023-02-23,83.43,4.1,55.57,18,trigger,synthetic,synthetic,synthetic,synth-v1.0.0,1337,932480f22477dd00,baseline
SP-021:sul:025500:2023-04-12,SP-021:sul:025500,SP-021,sul,25.75,open-meteo:era5_seamless:-23.6:-46.8,2023-04-12,62.5,3.82,55.57,3,trigger,synthetic,synthetic,synthetic,synth-v1.0.0,1337,932480f22477dd00,baseline
SP-021:sul:025500:2023-08-27,SP-021:sul:025500,SP-021,sul,25.75,open-meteo:era5_seamless:-23.6:-46.8,2023-08-27,66.48,6.03,55.57,7,trigger,synthetic,synthetic,synthetic,synth-v1.0.0,1337,932480f22477dd00,baseline
SP-021:sul:025500:2023-11-01,SP-021:sul:025500,SP-021,sul,25.75,open-meteo:era5_seamless:-23.6:-46.8,2023-11-01,72.07,6.22,55.57,10,trigger,synthetic,synthetic,synthetic,synth-v1.0.0,1337,932480f22477dd00,baseline
SP-021:sul:025500:2023-12-24,SP-021:sul:025500,SP-021,sul,25.75,open-meteo:era5_seamless:-23.6:-46.8,2023-12-24,71.81,6.61,55.57,7,trigger,synthetic,synthetic,synthetic,synth-v1.0.0,1337,932480f22477dd00,baseline
SP-021:sul:025500:2024-02-18,SP-021:sul:025500,SP-021,sul,25.75,open-meteo:era5_seamless:-23.6:-46.8,2024-02-18,76.09,7.47,55.57,7,trigger,synthetic,synthetic,synthetic,synth-v1.0.0,1337,932480f22477dd00,baseline
SP-021:sul:025500:2024-04-01,SP-021:sul:025500,SP-021,sul,25.75,open-meteo:era5_seamless:-23.6:-46.8,2024-04-01,69.73,5.46,55.57,8,trigger,synthetic,synthetic,synthetic,synth-v1.0.0,1337,932480f22477dd00,baseline
SP-021:sul:025500:2024-05-30,SP-021:sul:025500,SP-021,sul,25.75,open-meteo:era5_seamless:-23.6:-46.8,2024-05-30,68.89,4.82,55.57,11,trigger,synthetic,synthetic,synthetic,synth-v1.0.0,1337,932480f22477dd00,baseline
SP-021:sul:025500:2024-09-14,SP-021:sul:025500,SP-021,sul,25.75,open-meteo:era5_seamless:-23.6:-46.8,2024-09-14,67.89,3.97,55.57,6,trigger,synthetic,synthetic,synthetic,synth-v1.0.0,1337,932480f22477dd00,baseline
SP-021:sul:025500:2024-11-23,SP-021:sul:025500,SP-021,sul,25.75,open-meteo:era5_seamless:-23.6:-46.8,2024-11-23,65.84,6.7,55.57,6,trigger,synthetic,synthetic,synthetic,synth-v1.0.0,1337,932480f22477dd00,baseline
SP-021:sul:025500:2025-01-14,SP-021:sul:025500,SP-021,sul,25.75,open-meteo:era5_seamless:-23.6:-46.8,2025-01-14,72.57,3.27,55.57,9,trigger,synthetic,synthetic,synthetic,synth-v1.0.0,1337,932480f22477dd00,baseline
SP-021:sul:025500:2025-03-01,SP-021:sul:025500,SP-021,sul,25.75,open-meteo:era5_seamless:-23.6:-46.8,2025-03-01,70.92,7.87,55.57,6,trigger,synthetic,synthetic,synthetic,synth-v1.0.0,1337,932480f22477dd00,baseline
SP-021:sul:025500:2025-04-27,SP-021:sul:025500,SP-021,sul,25.75,open-meteo:era5_seamless:-23.6:-46.8,2025-04-27,74.71,5.01,55.57,14,trigger,synthetic,synthetic,synthetic,synth-v1.0.0,1337,932480f22477dd00,baseline
SP-021:sul:025500:2025-09-30,SP-021:sul:025500,SP-021,sul,25.75,open-meteo:era5_seamless:-23.6:-46.8,2025-09-30,71.21,6.67,55.57,16,trigger,synthetic,synthetic,synthetic,synth-v1.0.0,1337,932480f22477dd00,baseline
SP-021:sul:025500:2025-12-19,SP-021:sul:025500,SP-021,sul,25.75,open-meteo:era5_seamless:-23.6:-46.8,2025-12-19,73.45,5.93,55.57,5,trigger,synthetic,synthetic,synthetic,synth-v1.0.0,1337,932480f22477dd00,baseline
SP-021:sul:025500:2026-02-28,SP-021:sul:025500,SP-021,sul,25.75,open-meteo:era5_seamless:-23.6:-46.8,2026-02-28,88.2,6.41,55.57,20,trigger,synthetic,synthetic,synthetic,synth-v1.0.0,1337,932480f22477dd00,baseline
SP-021:sul:025500:2026-04-17,SP-021:sul:025500,SP-021,sul,25.75,open-meteo:era5_seamless:-23.6:-46.8,2026-04-17,64.13,5.31,55.57,5,trigger,synthetic,synthetic,synthetic,synth-v1.0.0,1337,932480f22477dd00,baseline
SP-021:sul:025500:2026-09-01,SP-021:sul:025500,SP-021,sul,25.75,open-meteo:era5_seamless:-23.6:-46.8,2026-09-01,77.21,7.18,55.57,16,trigger,synthetic,synthetic,synthetic,synth-v1.0.0,1337,932480f22477dd00,baseline
SP-021:norte:026000:2023-01-29,SP-021:norte:026000,SP-021,norte,26.25,open-meteo:era5_seamless:-23.6:-46.8,2023-01-29,48.77,3.44,32.09,7,trigger,synthetic,synthetic,synthetic,synth-v1.0.0,1337,932480f22477dd00,baseline
SP-021:norte:026000:2023-03-25,SP-021:norte:026000,SP-021,norte,26.25,open-meteo:era5_seamless:-23.6:-46.8,2023-03-25,71.29,5.56,32.09,13,trigger,synthetic,synthetic,synthetic,synth-v1.0.0,1337,932480f22477dd00,baseline
SP-021:norte:026000:2023-05-29,SP-021:norte:026000,SP-021,norte,26.25,open-meteo:era5_seamless:-23.6:-46.8,2023-05-29,39.17,5.37,32.09,15,trigger,synthetic,synthetic,synthetic,synth-v1.0.0,1337,932480f22477dd00,baseline
SP-021:norte:026000:2023-09-10,SP-021:norte:026000,SP-021,norte,26.25,open-meteo:era5_seamless:-23.6:-46.8,2023-09-10,40.66,7.55,32.09,7,trigger,synthetic,synthetic,synthetic,synth-v1.0.0,1337,932480f22477dd00,baseline
SP-021:norte:026000:2023-10-17,SP-021:norte:026000,SP-021,norte,26.25,open-meteo:era5_seamless:-23.6:-46.8,2023-10-17,34.51,6.85,32.09,2,trigger,synthetic,synthetic,synthetic,synth-v1.0.0,1337,932480f22477dd00,baseline
SP-021:norte:026000:2023-11-26,SP-021:norte:026000,SP-021,norte,26.25,open-meteo:era5_seamless:-23.6:-46.8,2023-11-26,42.66,7.82,32.09,7,trigger,synthetic,synthetic,synthetic,synth-v1.0.0,1337,932480f22477dd00,baseline
SP-021:norte:026000:2023-12-27,SP-021:norte:026000,SP-021,norte,26.25,open-meteo:era5_seamless:-23.6:-46.8,2023-12-27,34.9,4.32,32.09,3,proactive,synthetic,synthetic,synthetic,synth-v1.0.0,1337,932480f22477dd00,baseline
SP-021:norte:026000:2024-02-16,SP-021:norte:026000,SP-021,norte,26.25,open-meteo:era5_seamless:-23.6:-46.8,2024-02-16,52.61,6.31,32.09,5,trigger,synthetic,synthetic,synthetic,synth-v1.0.0,1337,932480f22477dd00,baseline
SP-021:norte:026000:2024-03-29,SP-021:norte:026000,SP-021,norte,26.25,open-meteo:era5_seamless:-23.6:-46.8,2024-03-29,63.91,7.66,32.09,12,trigger,synthetic,synthetic,synthetic,synth-v1.0.0,1337,932480f22477dd00,baseline
SP-021:norte:026000:2024-05-06,SP-021:norte:026000,SP-021,norte,26.25,open-meteo:era5_seamless:-23.6:-46.8,2024-05-06,46.49,4.3,32.09,8,trigger,synthetic,synthetic,synthetic,synth-v1.0.0,1337,932480f22477dd00,baseline
SP-021:norte:026000:2024-08-23,SP-021:norte:026000,SP-021,norte,26.25,open-meteo:era5_seamless:-23.6:-46.8,2024-08-23,50.58,5.3,32.09,5,trigger,synthetic,synthetic,synthetic,synth-v1.0.0,1337,932480f22477dd00,baseline
SP-021:norte:026000:2024-10-19,SP-021:norte:026000,SP-021,norte,26.25,open-meteo:era5_seamless:-23.6:-46.8,2024-10-19,39.03,7.0,32.09,6,trigger,synthetic,synthetic,synthetic,synth-v1.0.0,1337,932480f22477dd00,baseline
SP-021:norte:026000:2024-12-15,SP-021:norte:026000,SP-021,norte,26.25,open-meteo:era5_seamless:-23.6:-46.8,2024-12-15,64.27,6.54,32.09,14,trigger,synthetic,synthetic,synthetic,synth-v1.0.0,1337,932480f22477dd00,baseline
SP-021:norte:026000:2025-01-23,SP-021:norte:026000,SP-021,norte,26.25,open-meteo:era5_seamless:-23.6:-46.8,2025-01-23,51.24,6.42,32.09,4,trigger,synthetic,synthetic,synthetic,synth-v1.0.0,1337,932480f22477dd00,baseline
SP-021:norte:026000:2025-02-26,SP-021:norte:026000,SP-021,norte,26.25,open-meteo:era5_seamless:-23.6:-46.8,2025-02-26,50.8,3.72,32.09,3,trigger,synthetic,synthetic,synthetic,synth-v1.0.0,1337,932480f22477dd00,baseline
SP-021:norte:026000:2025-04-22,SP-021:norte:026000,SP-021,norte,26.25,open-meteo:era5_seamless:-23.6:-46.8,2025-04-22,44.06,6.35,32.09,9,trigger,synthetic,synthetic,synthetic,synth-v1.0.0,1337,932480f22477dd00,baseline
SP-021:norte:026000:2025-07-30,SP-021:norte:026000,SP-021,norte,26.25,open-meteo:era5_seamless:-23.6:-46.8,2025-07-30,34.6,7.27,32.09,3,trigger,synthetic,synthetic,synthetic,synth-v1.0.0,1337,932480f22477dd00,baseline
SP-021:norte:026000:2025-10-08,SP-021:norte:026000,SP-021,norte,26.25,open-meteo:era5_seamless:-23.6:-46.8,2025-10-08,35.66,4.51,32.09,3,trigger,synthetic,synthetic,synthetic,synth-v1.0.0,1337,932480f22477dd00,baseline
SP-021:norte:026000:2025-12-14,SP-021:norte:026000,SP-021,norte,26.25,open-meteo:era5_seamless:-23.6:-46.8,2025-12-14,41.76,4.52,32.09,7,trigger,synthetic,synthetic,synthetic,synth-v1.0.0,1337,932480f22477dd00,baseline
SP-021:norte:026000:2026-02-02,SP-021:norte:026000,SP-021,norte,26.25,open-meteo:era5_seamless:-23.6:-46.8,2026-02-02,50.32,5.25,32.09,8,trigger,synthetic,synthetic,synthetic,synth-v1.0.0,1337,932480f22477dd00,baseline
SP-021:norte:026000:2026-03-21,SP-021:norte:026000,SP-021,norte,26.25,open-meteo:era5_seamless:-23.6:-46.8,2026-03-21,57.69,7.56,32.09,13,trigger,synthetic,synthetic,synthetic,synth-v1.0.0,1337,932480f22477dd00,baseline
SP-021:norte:026000:2026-04-28,SP-021:norte:026000,SP-021,norte,26.25,open-meteo:era5_seamless:-23.6:-46.8,2026-04-28,36.99,6.83,32.09,2,trigger,synthetic,synthetic,synthetic,synth-v1.0.0,1337,932480f22477dd00,baseline
SP-021:norte:026000:2026-08-24,SP-021:norte:026000,SP-021,norte,26.25,open-meteo:era5_seamless:-23.6:-46.8,2026-08-24,49.66,4.26,32.09,8,trigger,synthetic,synthetic,synthetic,synth-v1.0.0,1337,932480f22477dd00,baseline
SP-021:sul:026000:2023-02-07,SP-021:sul:026000,SP-021,sul,26.25,open-meteo:era5_seamless:-23.6:-46.8,2023-02-07,67.58,3.02,53.82,9,trigger,synthetic,synthetic,synthetic,synth-v1.0.0,1337,932480f22477dd00,baseline
SP-021:sul:026000:2023-04-20,SP-021:sul:026000,SP-021,sul,26.25,open-meteo:era5_seamless:-23.6:-46.8,2023-04-20,57.34,7.2,53.82,4,trigger,synthetic,synthetic,synthetic,synth-v1.0.0,1337,932480f22477dd00,baseline
SP-021:sul:026000:2023-09-23,SP-021:sul:026000,SP-021,sul,26.25,open-meteo:era5_seamless:-23.6:-46.8,2023-09-23,67.48,6.87,53.82,6,trigger,synthetic,synthetic,synthetic,synth-v1.0.0,1337,932480f22477dd00,baseline
SP-021:sul:026000:2023-12-10,SP-021:sul:026000,SP-021,sul,26.25,open-meteo:era5_seamless:-23.6:-46.8,2023-12-10,65.26,7.46,53.82,7,trigger,synthetic,synthetic,synthetic,synth-v1.0.0,1337,932480f22477dd00,baseline
SP-021:sul:026000:2024-03-14,SP-021:sul:026000,SP-021,sul,26.25,open-meteo:era5_seamless:-23.6:-46.8,2024-03-14,87.16,5.19,53.82,11,trigger,synthetic,synthetic,synthetic,synth-v1.0.0,1337,932480f22477dd00,baseline
SP-021:sul:026000:2024-06-02,SP-021:sul:026000,SP-021,sul,26.25,open-meteo:era5_seamless:-23.6:-46.8,2024-06-02,63.51,6.37,53.82,14,trigger,synthetic,synthetic,synthetic,synth-v1.0.0,1337,932480f22477dd00,baseline
SP-021:sul:026000:2024-10-06,SP-021:sul:026000,SP-021,sul,26.25,open-meteo:era5_seamless:-23.6:-46.8,2024-10-06,59.71,7.32,53.82,7,trigger,synthetic,synthetic,synthetic,synth-v1.0.0,1337,932480f22477dd00,baseline
SP-021:sul:026000:2024-12-22,SP-021:sul:026000,SP-021,sul,26.25,open-meteo:era5_seamless:-23.6:-46.8,2024-12-22,66.01,5.4,53.82,7,trigger,synthetic,synthetic,synthetic,synth-v1.0.0,1337,932480f22477dd00,baseline
SP-021:sul:026000:2025-03-11,SP-021:sul:026000,SP-021,sul,26.25,open-meteo:era5_seamless:-23.6:-46.8,2025-03-11,83.21,3.25,53.82,37,proactive,synthetic,synthetic,synthetic,synth-v1.0.0,1337,932480f22477dd00,baseline
SP-021:sul:026000:2025-06-13,SP-021:sul:026000,SP-021,sul,26.25,open-meteo:era5_seamless:-23.6:-46.8,2025-06-13,40.68,5.53,53.82,26,proactive,synthetic,synthetic,synthetic,synth-v1.0.0,1337,932480f22477dd00,baseline
SP-021:sul:026000:2025-10-30,SP-021:sul:026000,SP-021,sul,26.25,open-meteo:era5_seamless:-23.6:-46.8,2025-10-30,42.13,6.59,53.82,18,proactive,synthetic,synthetic,synthetic,synth-v1.0.0,1337,932480f22477dd00,baseline
SP-021:sul:026000:2026-01-21,SP-021:sul:026000,SP-021,sul,26.25,open-meteo:era5_seamless:-23.6:-46.8,2026-01-21,68.15,4.98,53.82,10,trigger,synthetic,synthetic,synthetic,synth-v1.0.0,1337,932480f22477dd00,baseline
SP-021:sul:026000:2026-04-01,SP-021:sul:026000,SP-021,sul,26.25,open-meteo:era5_seamless:-23.6:-46.8,2026-04-01,67.9,6.42,53.82,10,trigger,synthetic,synthetic,synthetic,synth-v1.0.0,1337,932480f22477dd00,baseline
SP-021:sul:026000:2026-06-24,SP-021:sul:026000,SP-021,sul,26.25,open-meteo:era5_seamless:-23.6:-46.8,2026-06-24,32.58,7.9,53.82,3,proactive,synthetic,synthetic,synthetic,synth-v1.0.0,1337,932480f22477dd00,baseline
SP-021:norte:026500:2023-01-11,SP-021:norte:026500,SP-021,norte,26.75,open-meteo:era5_seamless:-23.6:-46.8,2023-01-11,40.36,5.76,36.58,3,trigger,synthetic,synthetic,synthetic,synth-v1.0.0,1337,932480f22477dd00,baseline
SP-021:norte:026500:2023-02-21,SP-021:norte:026500,SP-021,norte,26.75,open-meteo:era5_seamless:-23.6:-46.8,2023-02-21,56.82,7.54,36.58,2,trigger,synthetic,synthetic,synthetic,synth-v1.0.0,1337,932480f22477dd00,baseline
SP-021:norte:026500:2023-04-03,SP-021:norte:026500,SP-021,norte,26.75,open-meteo:era5_seamless:-23.6:-46.8,2023-04-03,61.82,6.51,36.58,8,trigger,synthetic,synthetic,synthetic,synth-v1.0.0,1337,932480f22477dd00,baseline
SP-021:norte:026500:2023-06-20,SP-021:norte:026500,SP-021,norte,26.75,open-meteo:era5_seamless:-23.6:-46.8,2023-06-20,36.67,7.38,36.58,2,trigger,synthetic,synthetic,synthetic,synth-v1.0.0,1337,932480f22477dd00,baseline
SP-021:norte:026500:2023-09-16,SP-021:norte:026500,SP-021,norte,26.75,open-meteo:era5_seamless:-23.6:-46.8,2023-09-16,48.13,6.43,36.58,6,trigger,synthetic,synthetic,synthetic,synth-v1.0.0,1337,932480f22477dd00,baseline
SP-021:norte:026500:2023-11-01,SP-021:norte:026500,SP-021,norte,26.75,open-meteo:era5_seamless:-23.6:-46.8,2023-11-01,44.5,7.06,36.58,3,trigger,synthetic,synthetic,synthetic,synth-v1.0.0,1337,932480f22477dd00,baseline
SP-021:norte:026500:2023-12-16,SP-021:norte:026500,SP-021,norte,26.75,open-meteo:era5_seamless:-23.6:-46.8,2023-12-16,52.7,6.43,36.58,6,trigger,synthetic,synthetic,synthetic,synth-v1.0.0,1337,932480f22477dd00,baseline
SP-021:norte:026500:2024-02-05,SP-021:norte:026500,SP-021,norte,26.75,open-meteo:era5_seamless:-23.6:-46.8,2024-02-05,57.84,4.47,36.58,8,trigger,synthetic,synthetic,synthetic,synth-v1.0.0,1337,932480f22477dd00,baseline
SP-021:norte:026500:2024-03-20,SP-021:norte:026500,SP-021,norte,26.75,open-meteo:era5_seamless:-23.6:-46.8,2024-03-20,59.81,4.77,36.58,10,trigger,synthetic,synthetic,synthetic,synth-v1.0.0,1337,932480f22477dd00,baseline
SP-021:norte:026500:2024-06-02,SP-021:norte:026500,SP-021,norte,26.75,open-meteo:era5_seamless:-23.6:-46.8,2024-06-02,74.84,5.0,36.58,7,trigger,synthetic,synthetic,synthetic,synth-v1.0.0,1337,932480f22477dd00,baseline
SP-021:norte:026500:2024-09-12,SP-021:norte:026500,SP-021,norte,26.75,open-meteo:era5_seamless:-23.6:-46.8,2024-09-12,52.18,4.45,36.58,11,trigger,synthetic,synthetic,synthetic,synth-v1.0.0,1337,932480f22477dd00,baseline
SP-021:norte:026500:2024-11-15,SP-021:norte:026500,SP-021,norte,26.75,open-meteo:era5_seamless:-23.6:-46.8,2024-11-15,43.73,4.73,36.58,5,trigger,synthetic,synthetic,synthetic,synth-v1.0.0,1337,932480f22477dd00,baseline
SP-021:norte:026500:2025-01-12,SP-021:norte:026500,SP-021,norte,26.75,open-meteo:era5_seamless:-23.6:-46.8,2025-01-12,68.08,3.21,36.58,7,trigger,synthetic,synthetic,synthetic,synth-v1.0.0,1337,932480f22477dd00,baseline
SP-021:norte:026500:2025-02-19,SP-021:norte:026500,SP-021,norte,26.75,open-meteo:era5_seamless:-23.6:-46.8,2025-02-19,42.34,6.74,36.58,3,trigger,synthetic,synthetic,synthetic,synth-v1.0.0,1337,932480f22477dd00,baseline
SP-021:norte:026500:2025-03-26,SP-021:norte:026500,SP-021,norte,26.75,open-meteo:era5_seamless:-23.6:-46.8,2025-03-26,40.13,7.61,36.58,3,trigger,synthetic,synthetic,synthetic,synth-v1.0.0,1337,932480f22477dd00,baseline
SP-021:norte:026500:2025-05-20,SP-021:norte:026500,SP-021,norte,26.75,open-meteo:era5_seamless:-23.6:-46.8,2025-05-20,48.03,4.53,36.58,2,trigger,synthetic,synthetic,synthetic,synth-v1.0.0,1337,932480f22477dd00,baseline
SP-021:norte:026500:2025-10-14,SP-021:norte:026500,SP-021,norte,26.75,open-meteo:era5_seamless:-23.6:-46.8,2025-10-14,49.76,5.67,36.58,2,trigger,synthetic,synthetic,synthetic,synth-v1.0.0,1337,932480f22477dd00,baseline
SP-021:norte:026500:2025-12-17,SP-021:norte:026500,SP-021,norte,26.75,open-meteo:era5_seamless:-23.6:-46.8,2025-12-17,49.12,4.22,36.58,3,trigger,synthetic,synthetic,synthetic,synth-v1.0.0,1337,932480f22477dd00,baseline
SP-021:norte:026500:2026-02-08,SP-021:norte:026500,SP-021,norte,26.75,open-meteo:era5_seamless:-23.6:-46.8,2026-02-08,58.52,3.16,36.58,7,trigger,synthetic,synthetic,synthetic,synth-v1.0.0,1337,932480f22477dd00,baseline
SP-021:norte:026500:2026-03-30,SP-021:norte:026500,SP-021,norte,26.75,open-meteo:era5_seamless:-23.6:-46.8,2026-03-30,53.72,6.04,36.58,8,trigger,synthetic,synthetic,synthetic,synth-v1.0.0,1337,932480f22477dd00,baseline
SP-021:norte:026500:2026-06-06,SP-021:norte:026500,SP-021,norte,26.75,open-meteo:era5_seamless:-23.6:-46.8,2026-06-06,41.68,7.55,36.58,13,trigger,synthetic,synthetic,synthetic,synth-v1.0.0,1337,932480f22477dd00,baseline
SP-021:norte:026500:2026-09-01,SP-021:norte:026500,SP-021,norte,26.75,open-meteo:era5_seamless:-23.6:-46.8,2026-09-01,39.66,5.83,36.58,9,trigger,synthetic,synthetic,synthetic,synth-v1.0.0,1337,932480f22477dd00,baseline
SP-021:sul:026500:2023-01-17,SP-021:sul:026500,SP-021,sul,26.75,open-meteo:era5_seamless:-23.6:-46.8,2023-01-17,46.2,3.41,52.02,9,proactive,synthetic,synthetic,synthetic,synth-v1.0.0,1337,932480f22477dd00,baseline
SP-021:sul:026500:2023-03-12,SP-021:sul:026500,SP-021,sul,26.75,open-meteo:era5_seamless:-23.6:-46.8,2023-03-12,73.18,7.15,52.02,7,trigger,synthetic,synthetic,synthetic,synth-v1.0.0,1337,932480f22477dd00,baseline
SP-021:sul:026500:2023-05-14,SP-021:sul:026500,SP-021,sul,26.75,open-meteo:era5_seamless:-23.6:-46.8,2023-05-14,65.35,4.35,52.02,7,trigger,synthetic,synthetic,synthetic,synth-v1.0.0,1337,932480f22477dd00,baseline
SP-021:sul:026500:2023-09-20,SP-021:sul:026500,SP-021,sul,26.75,open-meteo:era5_seamless:-23.6:-46.8,2023-09-20,55.54,5.6,52.02,3,trigger,synthetic,synthetic,synthetic,synth-v1.0.0,1337,932480f22477dd00,baseline
SP-021:sul:026500:2023-11-29,SP-021:sul:026500,SP-021,sul,26.75,open-meteo:era5_seamless:-23.6:-46.8,2023-11-29,73.82,3.93,52.02,17,trigger,synthetic,synthetic,synthetic,synth-v1.0.0,1337,932480f22477dd00,baseline
SP-021:sul:026500:2024-02-02,SP-021:sul:026500,SP-021,sul,26.75,open-meteo:era5_seamless:-23.6:-46.8,2024-02-02,66.13,7.52,52.02,5,trigger,synthetic,synthetic,synthetic,synth-v1.0.0,1337,932480f22477dd00,baseline
SP-021:sul:026500:2024-03-23,SP-021:sul:026500,SP-021,sul,26.75,open-meteo:era5_seamless:-23.6:-46.8,2024-03-23,80.86,7.98,52.02,13,trigger,synthetic,synthetic,synthetic,synth-v1.0.0,1337,932480f22477dd00,baseline
SP-021:sul:026500:2024-05-21,SP-021:sul:026500,SP-021,sul,26.75,open-meteo:era5_seamless:-23.6:-46.8,2024-05-21,73.39,7.63,52.02,16,trigger,synthetic,synthetic,synthetic,synth-v1.0.0,1337,932480f22477dd00,baseline
SP-021:sul:026500:2024-09-05,SP-021:sul:026500,SP-021,sul,26.75,open-meteo:era5_seamless:-23.6:-46.8,2024-09-05,59.36,6.82,52.02,4,trigger,synthetic,synthetic,synthetic,synth-v1.0.0,1337,932480f22477dd00,baseline
SP-021:sul:026500:2024-11-06,SP-021:sul:026500,SP-021,sul,26.75,open-meteo:era5_seamless:-23.6:-46.8,2024-11-06,55.46,7.55,52.02,3,trigger,synthetic,synthetic,synthetic,synth-v1.0.0,1337,932480f22477dd00,baseline
SP-021:sul:026500:2024-12-30,SP-021:sul:026500,SP-021,sul,26.75,open-meteo:era5_seamless:-23.6:-46.8,2024-12-30,74.43,4.4,52.02,8,trigger,synthetic,synthetic,synthetic,synth-v1.0.0,1337,932480f22477dd00,baseline
SP-021:sul:026500:2025-02-21,SP-021:sul:026500,SP-021,sul,26.75,open-meteo:era5_seamless:-23.6:-46.8,2025-02-21,74.79,7.02,52.02,5,trigger,synthetic,synthetic,synthetic,synth-v1.0.0,1337,932480f22477dd00,baseline
SP-021:sul:026500:2025-04-15,SP-021:sul:026500,SP-021,sul,26.75,open-meteo:era5_seamless:-23.6:-46.8,2025-04-15,66.18,6.5,52.02,9,trigger,synthetic,synthetic,synthetic,synth-v1.0.0,1337,932480f22477dd00,baseline
SP-021:sul:026500:2025-09-06,SP-021:sul:026500,SP-021,sul,26.75,open-meteo:era5_seamless:-23.6:-46.8,2025-09-06,64.05,7.41,52.02,6,trigger,synthetic,synthetic,synthetic,synth-v1.0.0,1337,932480f22477dd00,baseline
SP-021:sul:026500:2025-12-13,SP-021:sul:026500,SP-021,sul,26.75,open-meteo:era5_seamless:-23.6:-46.8,2025-12-13,77.85,7.73,52.02,20,trigger,synthetic,synthetic,synthetic,synth-v1.0.0,1337,932480f22477dd00,baseline
SP-021:sul:026500:2026-02-08,SP-021:sul:026500,SP-021,sul,26.75,open-meteo:era5_seamless:-23.6:-46.8,2026-02-08,76.72,6.08,52.02,14,trigger,synthetic,synthetic,synthetic,synth-v1.0.0,1337,932480f22477dd00,baseline
SP-021:sul:026500:2026-03-28,SP-021:sul:026500,SP-021,sul,26.75,open-meteo:era5_seamless:-23.6:-46.8,2026-03-28,64.98,6.39,52.02,6,trigger,synthetic,synthetic,synthetic,synth-v1.0.0,1337,932480f22477dd00,baseline
SP-021:sul:026500:2026-06-10,SP-021:sul:026500,SP-021,sul,26.75,open-meteo:era5_seamless:-23.6:-46.8,2026-06-10,52.63,4.41,52.02,3,trigger,synthetic,synthetic,synthetic,synth-v1.0.0,1337,932480f22477dd00,baseline
SP-021:norte:027000:2023-01-27,SP-021:norte:027000,SP-021,norte,27.25,open-meteo:era5_seamless:-23.6:-46.8,2023-01-27,75.09,3.58,59.35,5,trigger,synthetic,synthetic,synthetic,synth-v1.0.0,1337,932480f22477dd00,baseline
SP-021:norte:027000:2023-03-21,SP-021:norte:027000,SP-021,norte,27.25,open-meteo:era5_seamless:-23.6:-46.8,2023-03-21,89.26,4.3,59.35,9,trigger,synthetic,synthetic,synthetic,synth-v1.0.0,1337,932480f22477dd00,baseline
SP-021:norte:027000:2023-05-16,SP-021:norte:027000,SP-021,norte,27.25,open-meteo:era5_seamless:-23.6:-46.8,2023-05-16,60.43,7.74,59.35,2,trigger,synthetic,synthetic,synthetic,synth-v1.0.0,1337,932480f22477dd00,baseline
SP-021:norte:027000:2023-09-06,SP-021:norte:027000,SP-021,norte,27.25,open-meteo:era5_seamless:-23.6:-46.8,2023-09-06,79.53,4.53,59.35,24,proactive,synthetic,synthetic,synthetic,synth-v1.0.0,1337,932480f22477dd00,baseline
SP-021:norte:027000:2023-10-31,SP-021:norte:027000,SP-021,norte,27.25,open-meteo:era5_seamless:-23.6:-46.8,2023-10-31,75.46,3.31,59.35,2,trigger,synthetic,synthetic,synthetic,synth-v1.0.0,1337,932480f22477dd00,baseline
SP-021:norte:027000:2023-12-22,SP-021:norte:027000,SP-021,norte,27.25,open-meteo:era5_seamless:-23.6:-46.8,2023-12-22,77.09,5.39,59.35,5,trigger,synthetic,synthetic,synthetic,synth-v1.0.0,1337,932480f22477dd00,baseline
SP-021:norte:027000:2024-02-14,SP-021:norte:027000,SP-021,norte,27.25,open-meteo:era5_seamless:-23.6:-46.8,2024-02-14,87.71,5.44,59.35,10,trigger,synthetic,synthetic,synthetic,synth-v1.0.0,1337,932480f22477dd00,baseline
SP-021:norte:027000:2024-03-23,SP-021:norte:027000,SP-021,norte,27.25,open-meteo:era5_seamless:-23.6:-46.8,2024-03-23,80.27,3.62,59.35,6,trigger,synthetic,synthetic,synthetic,synth-v1.0.0,1337,932480f22477dd00,baseline
SP-021:norte:027000:2024-05-09,SP-021:norte:027000,SP-021,norte,27.25,open-meteo:era5_seamless:-23.6:-46.8,2024-05-09,73.08,3.67,59.35,4,trigger,synthetic,synthetic,synthetic,synth-v1.0.0,1337,932480f22477dd00,baseline
SP-021:norte:027000:2024-08-18,SP-021:norte:027000,SP-021,norte,27.25,open-meteo:era5_seamless:-23.6:-46.8,2024-08-18,67.43,6.38,59.35,7,trigger,synthetic,synthetic,synthetic,synth-v1.0.0,1337,932480f22477dd00,baseline
SP-021:norte:027000:2024-10-23,SP-021:norte:027000,SP-021,norte,27.25,open-meteo:era5_seamless:-23.6:-46.8,2024-10-23,76.0,4.92,59.35,10,trigger,synthetic,synthetic,synthetic,synth-v1.0.0,1337,932480f22477dd00,baseline
SP-021:norte:027000:2024-12-11,SP-021:norte:027000,SP-021,norte,27.25,open-meteo:era5_seamless:-23.6:-46.8,2024-12-11,74.63,4.65,59.35,3,trigger,synthetic,synthetic,synthetic,synth-v1.0.0,1337,932480f22477dd00,baseline
SP-021:norte:027000:2025-01-22,SP-021:norte:027000,SP-021,norte,27.25,open-meteo:era5_seamless:-23.6:-46.8,2025-01-22,73.82,4.9,59.35,3,trigger,synthetic,synthetic,synthetic,synth-v1.0.0,1337,932480f22477dd00,baseline
SP-021:norte:027000:2025-03-06,SP-021:norte:027000,SP-021,norte,27.25,open-meteo:era5_seamless:-23.6:-46.8,2025-03-06,87.05,7.96,59.35,4,trigger,synthetic,synthetic,synthetic,synth-v1.0.0,1337,932480f22477dd00,baseline
SP-021:norte:027000:2025-04-27,SP-021:norte:027000,SP-021,norte,27.25,open-meteo:era5_seamless:-23.6:-46.8,2025-04-27,81.96,3.22,59.35,14,trigger,synthetic,synthetic,synthetic,synth-v1.0.0,1337,932480f22477dd00,baseline
SP-021:norte:027000:2025-09-19,SP-021:norte:027000,SP-021,norte,27.25,open-meteo:era5_seamless:-23.6:-46.8,2025-09-19,72.37,3.77,59.35,5,trigger,synthetic,synthetic,synthetic,synth-v1.0.0,1337,932480f22477dd00,baseline
SP-021:norte:027000:2025-11-27,SP-021:norte:027000,SP-021,norte,27.25,open-meteo:era5_seamless:-23.6:-46.8,2025-11-27,56.97,4.39,59.35,18,proactive,synthetic,synthetic,synthetic,synth-v1.0.0,1337,932480f22477dd00,baseline
SP-021:norte:027000:2026-01-18,SP-021:norte:027000,SP-021,norte,27.25,open-meteo:era5_seamless:-23.6:-46.8,2026-01-18,82.71,6.87,59.35,14,trigger,synthetic,synthetic,synthetic,synth-v1.0.0,1337,932480f22477dd00,baseline
SP-021:norte:027000:2026-03-17,SP-021:norte:027000,SP-021,norte,27.25,open-meteo:era5_seamless:-23.6:-46.8,2026-03-17,91.35,4.03,59.35,2,trigger,synthetic,synthetic,synthetic,synth-v1.0.0,1337,932480f22477dd00,baseline
SP-021:norte:027000:2026-05-07,SP-021:norte:027000,SP-021,norte,27.25,open-meteo:era5_seamless:-23.6:-46.8,2026-05-07,73.03,7.37,59.35,4,trigger,synthetic,synthetic,synthetic,synth-v1.0.0,1337,932480f22477dd00,baseline
SP-021:norte:027000:2026-08-30,SP-021:norte:027000,SP-021,norte,27.25,open-meteo:era5_seamless:-23.6:-46.8,2026-08-30,72.2,3.64,59.35,7,trigger,synthetic,synthetic,synthetic,synth-v1.0.0,1337,932480f22477dd00,baseline
SP-021:sul:027000:2023-01-26,SP-021:sul:027000,SP-021,sul,27.25,open-meteo:era5_seamless:-23.6:-46.8,2023-01-26,68.58,4.86,48.71,11,trigger,synthetic,synthetic,synthetic,synth-v1.0.0,1337,932480f22477dd00,baseline
SP-021:sul:027000:2023-03-04,SP-021:sul:027000,SP-021,sul,27.25,open-meteo:era5_seamless:-23.6:-46.8,2023-03-04,62.71,5.27,48.71,6,trigger,synthetic,synthetic,synthetic,synth-v1.0.0,1337,932480f22477dd00,baseline
SP-021:sul:027000:2023-04-21,SP-021:sul:027000,SP-021,sul,27.25,open-meteo:era5_seamless:-23.6:-46.8,2023-04-21,67.11,7.37,48.71,12,trigger,synthetic,synthetic,synthetic,synth-v1.0.0,1337,932480f22477dd00,baseline
SP-021:sul:027000:2023-08-15,SP-021:sul:027000,SP-021,sul,27.25,open-meteo:era5_seamless:-23.6:-46.8,2023-08-15,66.6,3.98,48.71,9,trigger,synthetic,synthetic,synthetic,synth-v1.0.0,1337,932480f22477dd00,baseline
SP-021:sul:027000:2023-10-18,SP-021:sul:027000,SP-021,sul,27.25,open-meteo:era5_seamless:-23.6:-46.8,2023-10-18,63.76,7.66,48.71,10,trigger,synthetic,synthetic,synthetic,synth-v1.0.0,1337,932480f22477dd00,baseline
SP-021:sul:027000:2023-12-03,SP-021:sul:027000,SP-021,sul,27.25,open-meteo:era5_seamless:-23.6:-46.8,2023-12-03,69.26,7.51,48.71,14,trigger,synthetic,synthetic,synthetic,synth-v1.0.0,1337,932480f22477dd00,baseline
SP-021:sul:027000:2024-01-11,SP-021:sul:027000,SP-021,sul,27.25,open-meteo:era5_seamless:-23.6:-46.8,2024-01-11,56.28,5.17,48.71,4,trigger,synthetic,synthetic,synthetic,synth-v1.0.0,1337,932480f22477dd00,baseline
SP-021:sul:027000:2024-02-17,SP-021:sul:027000,SP-021,sul,27.25,open-meteo:era5_seamless:-23.6:-46.8,2024-02-17,55.78,3.82,48.71,6,proactive,synthetic,synthetic,synthetic,synth-v1.0.0,1337,932480f22477dd00,baseline
SP-021:sul:027000:2024-04-01,SP-021:sul:027000,SP-021,sul,27.25,open-meteo:era5_seamless:-23.6:-46.8,2024-04-01,70.47,7.97,48.71,8,trigger,synthetic,synthetic,synthetic,synth-v1.0.0,1337,932480f22477dd00,baseline
SP-021:sul:027000:2024-05-10,SP-021:sul:027000,SP-021,sul,27.25,open-meteo:era5_seamless:-23.6:-46.8,2024-05-10,65.06,6.73,48.71,5,trigger,synthetic,synthetic,synthetic,synth-v1.0.0,1337,932480f22477dd00,baseline
SP-021:sul:027000:2024-08-06,SP-021:sul:027000,SP-021,sul,27.25,open-meteo:era5_seamless:-23.6:-46.8,2024-08-06,60.14,4.2,48.71,9,trigger,synthetic,synthetic,synthetic,synth-v1.0.0,1337,932480f22477dd00,baseline
SP-021:sul:027000:2024-10-14,SP-021:sul:027000,SP-021,sul,27.25,open-meteo:era5_seamless:-23.6:-46.8,2024-10-14,60.98,6.29,48.71,8,trigger,synthetic,synthetic,synthetic,synth-v1.0.0,1337,932480f22477dd00,baseline
SP-021:sul:027000:2024-11-29,SP-021:sul:027000,SP-021,sul,27.25,open-meteo:era5_seamless:-23.6:-46.8,2024-11-29,58.44,3.94,48.71,5,trigger,synthetic,synthetic,synthetic,synth-v1.0.0,1337,932480f22477dd00,baseline
SP-021:sul:027000:2025-01-12,SP-021:sul:027000,SP-021,sul,27.25,open-meteo:era5_seamless:-23.6:-46.8,2025-01-12,60.2,3.44,48.71,7,trigger,synthetic,synthetic,synthetic,synth-v1.0.0,1337,932480f22477dd00,baseline
SP-021:sul:027000:2025-02-19,SP-021:sul:027000,SP-021,sul,27.25,open-meteo:era5_seamless:-23.6:-46.8,2025-02-19,65.35,5.23,48.71,3,trigger,synthetic,synthetic,synthetic,synth-v1.0.0,1337,932480f22477dd00,baseline
SP-021:sul:027000:2025-04-05,SP-021:sul:027000,SP-021,sul,27.25,open-meteo:era5_seamless:-23.6:-46.8,2025-04-05,67.85,6.32,48.71,6,trigger,synthetic,synthetic,synthetic,synth-v1.0.0,1337,932480f22477dd00,baseline
SP-021:sul:027000:2025-06-01,SP-021:sul:027000,SP-021,sul,27.25,open-meteo:era5_seamless:-23.6:-46.8,2025-06-01,52.64,5.15,48.71,7,trigger,synthetic,synthetic,synthetic,synth-v1.0.0,1337,932480f22477dd00,baseline
SP-021:sul:027000:2025-10-03,SP-021:sul:027000,SP-021,sul,27.25,open-meteo:era5_seamless:-23.6:-46.8,2025-10-03,56.94,3.91,48.71,5,trigger,synthetic,synthetic,synthetic,synth-v1.0.0,1337,932480f22477dd00,baseline
SP-021:sul:027000:2025-12-10,SP-021:sul:027000,SP-021,sul,27.25,open-meteo:era5_seamless:-23.6:-46.8,2025-12-10,57.45,4.73,48.71,3,trigger,synthetic,synthetic,synthetic,synth-v1.0.0,1337,932480f22477dd00,baseline
SP-021:sul:027000:2026-01-25,SP-021:sul:027000,SP-021,sul,27.25,open-meteo:era5_seamless:-23.6:-46.8,2026-01-25,63.33,5.4,48.71,7,trigger,synthetic,synthetic,synthetic,synth-v1.0.0,1337,932480f22477dd00,baseline
SP-021:sul:027000:2026-03-10,SP-021:sul:027000,SP-021,sul,27.25,open-meteo:era5_seamless:-23.6:-46.8,2026-03-10,70.55,4.86,48.71,9,trigger,synthetic,synthetic,synthetic,synth-v1.0.0,1337,932480f22477dd00,baseline
SP-021:sul:027000:2026-04-18,SP-021:sul:027000,SP-021,sul,27.25,open-meteo:era5_seamless:-23.6:-46.8,2026-04-18,52.88,4.15,48.71,6,proactive,synthetic,synthetic,synthetic,synth-v1.0.0,1337,932480f22477dd00,baseline
SP-021:sul:027000:2026-08-05,SP-021:sul:027000,SP-021,sul,27.25,open-meteo:era5_seamless:-23.6:-46.8,2026-08-05,53.59,6.03,48.71,17,proactive,synthetic,synthetic,synthetic,synth-v1.0.0,1337,932480f22477dd00,baseline
SP-021:norte:027500:2023-02-05,SP-021:norte:027500,SP-021,norte,27.75,open-meteo:era5_seamless:-23.6:-46.8,2023-02-05,61.73,6.14,42.8,7,trigger,synthetic,synthetic,synthetic,synth-v1.0.0,1337,932480f22477dd00,baseline
SP-021:norte:027500:2023-03-20,SP-021:norte:027500,SP-021,norte,27.75,open-meteo:era5_seamless:-23.6:-46.8,2023-03-20,57.75,4.72,42.8,8,trigger,synthetic,synthetic,synthetic,synth-v1.0.0,1337,932480f22477dd00,baseline
SP-021:norte:027500:2023-06-11,SP-021:norte:027500,SP-021,norte,27.75,open-meteo:era5_seamless:-23.6:-46.8,2023-06-11,45.86,6.2,42.8,7,trigger,synthetic,synthetic,synthetic,synth-v1.0.0,1337,932480f22477dd00,baseline
SP-021:norte:027500:2023-09-26,SP-021:norte:027500,SP-021,norte,27.75,open-meteo:era5_seamless:-23.6:-46.8,2023-09-26,57.32,4.51,42.8,2,trigger,synthetic,synthetic,synthetic,synth-v1.0.0,1337,932480f22477dd00,baseline
SP-021:norte:027500:2023-11-24,SP-021:norte:027500,SP-021,norte,27.75,open-meteo:era5_seamless:-23.6:-46.8,2023-11-24,53.9,7.78,42.8,5,trigger,synthetic,synthetic,synthetic,synth-v1.0.0,1337,932480f22477dd00,baseline
SP-021:norte:027500:2024-01-13,SP-021:norte:027500,SP-021,norte,27.75,open-meteo:era5_seamless:-23.6:-46.8,2024-01-13,60.0,6.54,42.8,6,trigger,synthetic,synthetic,synthetic,synth-v1.0.0,1337,932480f22477dd00,baseline
SP-021:norte:027500:2024-03-03,SP-021:norte:027500,SP-021,norte,27.75,open-meteo:era5_seamless:-23.6:-46.8,2024-03-03,64.28,7.92,42.8,7,trigger,synthetic,synthetic,synthetic,synth-v1.0.0,1337,932480f22477dd00,baseline
SP-021:norte:027500:2024-04-15,SP-021:norte:027500,SP-021,norte,27.75,open-meteo:era5_seamless:-23.6:-46.8,2024-04-15,61.2,3.33,42.8,8,trigger,synthetic,synthetic,synthetic,synth-v1.0.0,1337,932480f22477dd00,baseline
SP-021:norte:027500:2024-07-10,SP-021:norte:027500,SP-021,norte,27.75,open-meteo:era5_seamless:-23.6:-46.8,2024-07-10,48.04,7.58,42.8,10,trigger,synthetic,synthetic,synthetic,synth-v1.0.0,1337,932480f22477dd00,baseline
SP-021:norte:027500:2024-09-30,SP-021:norte:027500,SP-021,norte,27.75,open-meteo:era5_seamless:-23.6:-46.8,2024-09-30,50.95,7.31,42.8,8,trigger,synthetic,synthetic,synthetic,synth-v1.0.0,1337,932480f22477dd00,baseline
SP-021:norte:027500:2024-11-26,SP-021:norte:027500,SP-021,norte,27.75,open-meteo:era5_seamless:-23.6:-46.8,2024-11-26,48.82,3.24,42.8,2,trigger,synthetic,synthetic,synthetic,synth-v1.0.0,1337,932480f22477dd00,baseline
SP-021:norte:027500:2025-02-09,SP-021:norte:027500,SP-021,norte,27.75,open-meteo:era5_seamless:-23.6:-46.8,2025-02-09,76.62,6.75,42.8,14,trigger,synthetic,synthetic,synthetic,synth-v1.0.0,1337,932480f22477dd00,baseline
SP-021:norte:027500:2025-04-06,SP-021:norte:027500,SP-021,norte,27.75,open-meteo:era5_seamless:-23.6:-46.8,2025-04-06,68.6,6.34,42.8,21,trigger,synthetic,synthetic,synthetic,synth-v1.0.0,1337,932480f22477dd00,baseline
SP-021:norte:027500:2025-07-12,SP-021:norte:027500,SP-021,norte,27.75,open-meteo:era5_seamless:-23.6:-46.8,2025-07-12,46.49,6.89,42.8,13,trigger,synthetic,synthetic,synthetic,synth-v1.0.0,1337,932480f22477dd00,baseline
SP-021:norte:027500:2025-10-22,SP-021:norte:027500,SP-021,norte,27.75,open-meteo:era5_seamless:-23.6:-46.8,2025-10-22,42.97,5.53,42.8,3,trigger,synthetic,synthetic,synthetic,synth-v1.0.0,1337,932480f22477dd00,baseline
SP-021:norte:027500:2026-01-08,SP-021:norte:027500,SP-021,norte,27.75,open-meteo:era5_seamless:-23.6:-46.8,2026-01-08,70.38,3.82,42.8,18,trigger,synthetic,synthetic,synthetic,synth-v1.0.0,1337,932480f22477dd00,baseline
SP-021:norte:027500:2026-03-02,SP-021:norte:027500,SP-021,norte,27.75,open-meteo:era5_seamless:-23.6:-46.8,2026-03-02,53.27,3.71,42.8,8,trigger,synthetic,synthetic,synthetic,synth-v1.0.0,1337,932480f22477dd00,baseline
SP-021:norte:027500:2026-05-11,SP-021:norte:027500,SP-021,norte,27.75,open-meteo:era5_seamless:-23.6:-46.8,2026-05-11,60.64,5.72,42.8,15,trigger,synthetic,synthetic,synthetic,synth-v1.0.0,1337,932480f22477dd00,baseline
SP-021:sul:027500:2023-02-24,SP-021:sul:027500,SP-021,sul,27.75,open-meteo:era5_seamless:-23.6:-46.8,2023-02-24,93.93,4.18,57.47,26,trigger,synthetic,synthetic,synthetic,synth-v1.0.0,1337,932480f22477dd00,baseline
SP-021:sul:027500:2023-04-07,SP-021:sul:027500,SP-021,sul,27.75,open-meteo:era5_seamless:-23.6:-46.8,2023-04-07,64.72,3.02,57.47,5,trigger,synthetic,synthetic,synthetic,synth-v1.0.0,1337,932480f22477dd00,baseline
SP-021:sul:027500:2023-08-31,SP-021:sul:027500,SP-021,sul,27.75,open-meteo:era5_seamless:-23.6:-46.8,2023-08-31,77.83,3.26,57.47,25,proactive,synthetic,synthetic,synthetic,synth-v1.0.0,1337,932480f22477dd00,baseline
SP-021:sul:027500:2023-11-01,SP-021:sul:027500,SP-021,sul,27.75,open-meteo:era5_seamless:-23.6:-46.8,2023-11-01,71.54,3.5,57.47,3,trigger,synthetic,synthetic,synthetic,synth-v1.0.0,1337,932480f22477dd00,baseline
SP-021:sul:027500:2023-12-23,SP-021:sul:027500,SP-021,sul,27.75,open-meteo:era5_seamless:-23.6:-46.8,2023-12-23,70.23,6.56,57.47,6,trigger,synthetic,synthetic,synthetic,synth-v1.0.0,1337,932480f22477dd00,baseline
SP-021:sul:027500:2024-02-08,SP-021:sul:027500,SP-021,sul,27.75,open-meteo:era5_seamless:-23.6:-46.8,2024-02-08,74.96,6.5,57.47,4,trigger,synthetic,synthetic,synthetic,synth-v1.0.0,1337,932480f22477dd00,baseline
SP-021:sul:027500:2024-03-21,SP-021:sul:027500,SP-021,sul,27.75,open-meteo:era5_seamless:-23.6:-46.8,2024-03-21,82.41,4.94,57.47,11,trigger,synthetic,synthetic,synthetic,synth-v1.0.0,1337,932480f22477dd00,baseline
SP-021:sul:027500:2024-05-09,SP-021:sul:027500,SP-021,sul,27.75,open-meteo:era5_seamless:-23.6:-46.8,2024-05-09,74.63,6.1,57.47,4,trigger,synthetic,synthetic,synthetic,synth-v1.0.0,1337,932480f22477dd00,baseline
SP-021:sul:027500:2024-08-13,SP-021:sul:027500,SP-021,sul,27.75,open-meteo:era5_seamless:-23.6:-46.8,2024-08-13,65.5,4.02,57.47,9,trigger,synthetic,synthetic,synthetic,synth-v1.0.0,1337,932480f22477dd00,baseline
SP-021:sul:027500:2024-10-15,SP-021:sul:027500,SP-021,sul,27.75,open-meteo:era5_seamless:-23.6:-46.8,2024-10-15,59.94,4.21,57.47,2,trigger,synthetic,synthetic,synthetic,synth-v1.0.0,1337,932480f22477dd00,baseline
SP-021:sul:027500:2024-12-03,SP-021:sul:027500,SP-021,sul,27.75,open-meteo:era5_seamless:-23.6:-46.8,2024-12-03,60.35,3.29,57.47,2,trigger,synthetic,synthetic,synthetic,synth-v1.0.0,1337,932480f22477dd00,baseline
SP-021:sul:027500:2025-02-04,SP-021:sul:027500,SP-021,sul,27.75,open-meteo:era5_seamless:-23.6:-46.8,2025-02-04,89.3,3.06,57.47,16,trigger,synthetic,synthetic,synthetic,synth-v1.0.0,1337,932480f22477dd00,baseline
SP-021:sul:027500:2025-03-22,SP-021:sul:027500,SP-021,sul,27.75,open-meteo:era5_seamless:-23.6:-46.8,2025-03-22,71.68,5.9,57.47,6,trigger,synthetic,synthetic,synthetic,synth-v1.0.0,1337,932480f22477dd00,baseline
SP-021:sul:027500:2025-05-28,SP-021:sul:027500,SP-021,sul,27.75,open-meteo:era5_seamless:-23.6:-46.8,2025-05-28,74.98,6.75,57.47,17,trigger,synthetic,synthetic,synthetic,synth-v1.0.0,1337,932480f22477dd00,baseline
SP-021:sul:027500:2025-10-08,SP-021:sul:027500,SP-021,sul,27.75,open-meteo:era5_seamless:-23.6:-46.8,2025-10-08,72.72,3.03,57.47,10,trigger,synthetic,synthetic,synthetic,synth-v1.0.0,1337,932480f22477dd00,baseline
SP-021:sul:027500:2025-12-29,SP-021:sul:027500,SP-021,sul,27.75,open-meteo:era5_seamless:-23.6:-46.8,2025-12-29,84.17,5.86,57.47,15,trigger,synthetic,synthetic,synthetic,synth-v1.0.0,1337,932480f22477dd00,baseline
SP-021:sul:027500:2026-02-15,SP-021:sul:027500,SP-021,sul,27.75,open-meteo:era5_seamless:-23.6:-46.8,2026-02-15,73.64,5.95,57.47,7,trigger,synthetic,synthetic,synthetic,synth-v1.0.0,1337,932480f22477dd00,baseline
SP-021:sul:027500:2026-04-04,SP-021:sul:027500,SP-021,sul,27.75,open-meteo:era5_seamless:-23.6:-46.8,2026-04-04,82.55,7.24,57.47,6,trigger,synthetic,synthetic,synthetic,synth-v1.0.0,1337,932480f22477dd00,baseline
SP-021:sul:027500:2026-05-12,SP-021:sul:027500,SP-021,sul,27.75,open-meteo:era5_seamless:-23.6:-46.8,2026-05-12,40.99,5.5,57.47,9,proactive,synthetic,synthetic,synthetic,synth-v1.0.0,1337,932480f22477dd00,baseline
SP-021:sul:027500:2026-09-01,SP-021:sul:027500,SP-021,sul,27.75,open-meteo:era5_seamless:-23.6:-46.8,2026-09-01,61.57,7.02,57.47,5,trigger,synthetic,synthetic,synthetic,synth-v1.0.0,1337,932480f22477dd00,baseline
SP-021:norte:028000:2023-01-30,SP-021:norte:028000,SP-021,norte,28.25,open-meteo:era5_seamless:-23.6:-46.8,2023-01-30,81.79,3.89,42.76,8,trigger,synthetic,synthetic,synthetic,synth-v1.0.0,1337,932480f22477dd00,baseline
SP-021:norte:028000:2023-03-04,SP-021:norte:028000,SP-021,norte,28.25,open-meteo:era5_seamless:-23.6:-46.8,2023-03-04,62.33,5.99,42.76,6,trigger,synthetic,synthetic,synthetic,synth-v1.0.0,1337,932480f22477dd00,baseline
SP-021:norte:028000:2023-04-06,SP-021:norte:028000,SP-021,norte,28.25,open-meteo:era5_seamless:-23.6:-46.8,2023-04-06,63.94,5.24,42.76,4,trigger,synthetic,synthetic,synthetic,synth-v1.0.0,1337,932480f22477dd00,baseline
SP-021:norte:028000:2023-06-16,SP-021:norte:028000,SP-021,norte,28.25,open-meteo:era5_seamless:-23.6:-46.8,2023-06-16,53.94,7.38,42.76,19,trigger,synthetic,synthetic,synthetic,synth-v1.0.0,1337,932480f22477dd00,baseline
SP-021:norte:028000:2023-09-01,SP-021:norte:028000,SP-021,norte,28.25,open-meteo:era5_seamless:-23.6:-46.8,2023-09-01,53.28,4.02,42.76,5,trigger,synthetic,synthetic,synthetic,synth-v1.0.0,1337,932480f22477dd00,baseline
SP-021:norte:028000:2023-10-18,SP-021:norte:028000,SP-021,norte,28.25,open-meteo:era5_seamless:-23.6:-46.8,2023-10-18,56.76,7.99,42.76,3,trigger,synthetic,synthetic,synthetic,synth-v1.0.0,1337,932480f22477dd00,baseline
SP-021:norte:028000:2023-11-20,SP-021:norte:028000,SP-021,norte,28.25,open-meteo:era5_seamless:-23.6:-46.8,2023-11-20,65.74,4.68,42.76,8,trigger,synthetic,synthetic,synthetic,synth-v1.0.0,1337,932480f22477dd00,baseline
SP-021:norte:028000:2023-12-28,SP-021:norte:028000,SP-021,norte,28.25,open-meteo:era5_seamless:-23.6:-46.8,2023-12-28,56.59,5.49,42.76,11,proactive,synthetic,synthetic,synthetic,synth-v1.0.0,1337,932480f22477dd00,baseline
SP-021:norte:028000:2024-02-12,SP-021:norte:028000,SP-021,norte,28.25,open-meteo:era5_seamless:-23.6:-46.8,2024-02-12,80.64,3.68,42.76,8,trigger,synthetic,synthetic,synthetic,synth-v1.0.0,1337,932480f22477dd00,baseline
SP-021:norte:028000:2024-03-12,SP-021:norte:028000,SP-021,norte,28.25,open-meteo:era5_seamless:-23.6:-46.8,2024-03-12,50.49,5.99,42.76,2,trigger,synthetic,synthetic,synthetic,synth-v1.0.0,1337,932480f22477dd00,baseline
SP-021:norte:028000:2024-04-11,SP-021:norte:028000,SP-021,norte,28.25,open-meteo:era5_seamless:-23.6:-46.8,2024-04-11,60.67,6.55,42.76,4,trigger,synthetic,synthetic,synthetic,synth-v1.0.0,1337,932480f22477dd00,baseline
SP-021:norte:028000:2024-05-23,SP-021:norte:028000,SP-021,norte,28.25,open-meteo:era5_seamless:-23.6:-46.8,2024-05-23,68.84,4.03,42.76,11,trigger,synthetic,synthetic,synthetic,synth-v1.0.0,1337,932480f22477dd00,baseline
SP-021:norte:028000:2024-08-30,SP-021:norte:028000,SP-021,norte,28.25,open-meteo:era5_seamless:-23.6:-46.8,2024-08-30,61.89,6.14,42.76,12,trigger,synthetic,synthetic,synthetic,synth-v1.0.0,1337,932480f22477dd00,baseline
SP-021:norte:028000:2024-10-08,SP-021:norte:028000,SP-021,norte,28.25,open-meteo:era5_seamless:-23.6:-46.8,2024-10-08,46.54,3.85,42.76,2,trigger,synthetic,synthetic,synthetic,synth-v1.0.0,1337,932480f22477dd00,baseline
SP-021:norte:028000:2024-12-07,SP-021:norte:028000,SP-021,norte,28.25,open-meteo:era5_seamless:-23.6:-46.8,2024-12-07,83.78,3.66,42.76,6,trigger,synthetic,synthetic,synthetic,synth-v1.0.0,1337,932480f22477dd00,baseline
SP-021:norte:028000:2025-01-09,SP-021:norte:028000,SP-021,norte,28.25,open-meteo:era5_seamless:-23.6:-46.8,2025-01-09,53.7,7.33,42.76,4,trigger,synthetic,synthetic,synthetic,synth-v1.0.0,1337,932480f22477dd00,baseline
SP-021:norte:028000:2025-02-23,SP-021:norte:028000,SP-021,norte,28.25,open-meteo:era5_seamless:-23.6:-46.8,2025-02-23,91.6,7.52,42.76,14,trigger,synthetic,synthetic,synthetic,synth-v1.0.0,1337,932480f22477dd00,baseline
SP-021:norte:028000:2025-04-12,SP-021:norte:028000,SP-021,norte,28.25,open-meteo:era5_seamless:-23.6:-46.8,2025-04-12,84.16,3.62,42.76,20,trigger,synthetic,synthetic,synthetic,synth-v1.0.0,1337,932480f22477dd00,baseline
SP-021:norte:028000:2025-06-10,SP-021:norte:028000,SP-021,norte,28.25,open-meteo:era5_seamless:-23.6:-46.8,2025-06-10,45.49,5.37,42.76,2,trigger,synthetic,synthetic,synthetic,synth-v1.0.0,1337,932480f22477dd00,baseline
SP-021:norte:028000:2025-09-27,SP-021:norte:028000,SP-021,norte,28.25,open-meteo:era5_seamless:-23.6:-46.8,2025-09-27,55.42,6.02,42.76,6,trigger,synthetic,synthetic,synthetic,synth-v1.0.0,1337,932480f22477dd00,baseline
SP-021:norte:028000:2025-11-27,SP-021:norte:028000,SP-021,norte,28.25,open-meteo:era5_seamless:-23.6:-46.8,2025-11-27,63.71,4.02,42.76,11,trigger,synthetic,synthetic,synthetic,synth-v1.0.0,1337,932480f22477dd00,baseline
SP-021:norte:028000:2026-01-13,SP-021:norte:028000,SP-021,norte,28.25,open-meteo:era5_seamless:-23.6:-46.8,2026-01-13,76.57,7.18,42.76,9,trigger,synthetic,synthetic,synthetic,synth-v1.0.0,1337,932480f22477dd00,baseline
SP-021:norte:028000:2026-02-23,SP-021:norte:028000,SP-021,norte,28.25,open-meteo:era5_seamless:-23.6:-46.8,2026-02-23,81.14,4.41,42.76,8,trigger,synthetic,synthetic,synthetic,synth-v1.0.0,1337,932480f22477dd00,baseline
SP-021:norte:028000:2026-04-10,SP-021:norte:028000,SP-021,norte,28.25,open-meteo:era5_seamless:-23.6:-46.8,2026-04-10,81.2,3.93,42.76,12,trigger,synthetic,synthetic,synthetic,synth-v1.0.0,1337,932480f22477dd00,baseline
SP-021:norte:028000:2026-06-10,SP-021:norte:028000,SP-021,norte,28.25,open-meteo:era5_seamless:-23.6:-46.8,2026-06-10,39.17,4.09,42.76,10,proactive,synthetic,synthetic,synthetic,synth-v1.0.0,1337,932480f22477dd00,baseline
SP-021:norte:028000:2026-09-01,SP-021:norte:028000,SP-021,norte,28.25,open-meteo:era5_seamless:-23.6:-46.8,2026-09-01,46.72,4.46,42.76,9,trigger,synthetic,synthetic,synthetic,synth-v1.0.0,1337,932480f22477dd00,baseline
SP-021:sul:028000:2023-01-30,SP-021:sul:028000,SP-021,sul,28.25,open-meteo:era5_seamless:-23.6:-46.8,2023-01-30,89.91,6.79,44.69,8,trigger,synthetic,synthetic,synthetic,synth-v1.0.0,1337,932480f22477dd00,baseline
SP-021:sul:028000:2023-03-10,SP-021:sul:028000,SP-021,sul,28.25,open-meteo:era5_seamless:-23.6:-46.8,2023-03-10,95.34,3.74,44.69,12,trigger,synthetic,synthetic,synthetic,synth-v1.0.0,1337,932480f22477dd00,baseline
SP-021:sul:028000:2023-04-27,SP-021:sul:028000,SP-021,sul,28.25,open-meteo:era5_seamless:-23.6:-46.8,2023-04-27,58.56,3.96,44.69,4,trigger,synthetic,synthetic,synthetic,synth-v1.0.0,1337,932480f22477dd00,baseline
SP-021:sul:028000:2023-08-21,SP-021:sul:028000,SP-021,sul,28.25,open-meteo:era5_seamless:-23.6:-46.8,2023-08-21,58.18,6.94,44.69,8,trigger,synthetic,synthetic,synthetic,synth-v1.0.0,1337,932480f22477dd00,baseline
SP-021:sul:028000:2023-10-07,SP-021:sul:028000,SP-021,sul,28.25,open-meteo:era5_seamless:-23.6:-46.8,2023-10-07,57.47,7.84,44.69,6,trigger,synthetic,synthetic,synthetic,synth-v1.0.0,1337,932480f22477dd00,baseline
SP-021:sul:028000:2023-11-18,SP-021:sul:028000,SP-021,sul,28.25,open-meteo:era5_seamless:-23.6:-46.8,2023-11-18,75.36,7.28,44.69,6,trigger,synthetic,synthetic,synthetic,synth-v1.0.0,1337,932480f22477dd00,baseline
SP-021:sul:028000:2023-12-20,SP-021:sul:028000,SP-021,sul,28.25,open-meteo:era5_seamless:-23.6:-46.8,2023-12-20,51.52,5.43,44.69,3,trigger,synthetic,synthetic,synthetic,synth-v1.0.0,1337,932480f22477dd00,baseline
SP-021:sul:028000:2024-02-01,SP-021:sul:028000,SP-021,sul,28.25,open-meteo:era5_seamless:-23.6:-46.8,2024-02-01,67.32,5.67,44.69,11,trigger,synthetic,synthetic,synthetic,synth-v1.0.0,1337,932480f22477dd00,baseline
SP-021:sul:028000:2024-03-06,SP-021:sul:028000,SP-021,sul,28.25,open-meteo:era5_seamless:-23.6:-46.8,2024-03-06,73.48,7.1,44.69,3,trigger,synthetic,synthetic,synthetic,synth-v1.0.0,1337,932480f22477dd00,baseline
SP-021:sul:028000:2024-04-05,SP-021:sul:028000,SP-021,sul,28.25,open-meteo:era5_seamless:-23.6:-46.8,2024-04-05,62.3,5.02,44.69,5,trigger,synthetic,synthetic,synthetic,synth-v1.0.0,1337,932480f22477dd00,baseline
SP-021:sul:028000:2024-05-20,SP-021:sul:028000,SP-021,sul,28.25,open-meteo:era5_seamless:-23.6:-46.8,2024-05-20,77.04,6.36,44.69,8,trigger,synthetic,synthetic,synthetic,synth-v1.0.0,1337,932480f22477dd00,baseline
SP-021:sul:028000:2024-08-19,SP-021:sul:028000,SP-021,sul,28.25,open-meteo:era5_seamless:-23.6:-46.8,2024-08-19,61.51,4.13,44.69,8,trigger,synthetic,synthetic,synthetic,synth-v1.0.0,1337,932480f22477dd00,baseline
SP-021:sul:028000:2024-10-17,SP-021:sul:028000,SP-021,sul,28.25,open-meteo:era5_seamless:-23.6:-46.8,2024-10-17,52.32,4.89,44.69,4,trigger,synthetic,synthetic,synthetic,synth-v1.0.0,1337,932480f22477dd00,baseline
SP-021:sul:028000:2024-12-19,SP-021:sul:028000,SP-021,sul,28.25,open-meteo:era5_seamless:-23.6:-46.8,2024-12-19,103.01,3.3,44.69,18,trigger,synthetic,synthetic,synthetic,synth-v1.0.0,1337,932480f22477dd00,baseline
SP-021:sul:028000:2025-01-28,SP-021:sul:028000,SP-021,sul,28.25,open-meteo:era5_seamless:-23.6:-46.8,2025-01-28,69.86,5.31,44.69,2,trigger,synthetic,synthetic,synthetic,synth-v1.0.0,1337,932480f22477dd00,baseline
SP-021:sul:028000:2025-02-28,SP-021:sul:028000,SP-021,sul,28.25,open-meteo:era5_seamless:-23.6:-46.8,2025-02-28,74.24,6.35,44.69,5,trigger,synthetic,synthetic,synthetic,synth-v1.0.0,1337,932480f22477dd00,baseline
SP-021:sul:028000:2025-04-09,SP-021:sul:028000,SP-021,sul,28.25,open-meteo:era5_seamless:-23.6:-46.8,2025-04-09,66.93,4.38,44.69,10,trigger,synthetic,synthetic,synthetic,synth-v1.0.0,1337,932480f22477dd00,baseline
SP-021:sul:028000:2025-06-14,SP-021:sul:028000,SP-021,sul,28.25,open-meteo:era5_seamless:-23.6:-46.8,2025-06-14,51.32,6.19,44.69,6,trigger,synthetic,synthetic,synthetic,synth-v1.0.0,1337,932480f22477dd00,baseline
SP-021:sul:028000:2025-10-01,SP-021:sul:028000,SP-021,sul,28.25,open-meteo:era5_seamless:-23.6:-46.8,2025-10-01,59.28,3.39,44.69,3,trigger,synthetic,synthetic,synthetic,synth-v1.0.0,1337,932480f22477dd00,baseline
SP-021:sul:028000:2025-12-23,SP-021:sul:028000,SP-021,sul,28.25,open-meteo:era5_seamless:-23.6:-46.8,2025-12-23,92.86,4.41,44.69,9,trigger,synthetic,synthetic,synthetic,synth-v1.0.0,1337,932480f22477dd00,baseline
SP-021:sul:028000:2026-02-03,SP-021:sul:028000,SP-021,sul,28.25,open-meteo:era5_seamless:-23.6:-46.8,2026-02-03,64.61,3.59,44.69,2,trigger,synthetic,synthetic,synthetic,synth-v1.0.0,1337,932480f22477dd00,baseline
SP-021:sul:028000:2026-03-19,SP-021:sul:028000,SP-021,sul,28.25,open-meteo:era5_seamless:-23.6:-46.8,2026-03-19,80.52,3.95,44.69,11,trigger,synthetic,synthetic,synthetic,synth-v1.0.0,1337,932480f22477dd00,baseline
SP-021:sul:028000:2026-05-17,SP-021:sul:028000,SP-021,sul,28.25,open-meteo:era5_seamless:-23.6:-46.8,2026-05-17,73.86,6.71,44.69,14,trigger,synthetic,synthetic,synthetic,synth-v1.0.0,1337,932480f22477dd00,baseline
SP-021:sul:028000:2026-09-01,SP-021:sul:028000,SP-021,sul,28.25,open-meteo:era5_seamless:-23.6:-46.8,2026-09-01,72.26,3.09,44.69,11,trigger,synthetic,synthetic,synthetic,synth-v1.0.0,1337,932480f22477dd00,baseline
SP-021:norte:028500:2023-01-17,SP-021:norte:028500,SP-021,norte,28.75,open-meteo:era5_seamless:-23.6:-46.8,2023-01-17,43.17,6.03,31.83,2,trigger,synthetic,synthetic,synthetic,synth-v1.0.0,1337,932480f22477dd00,baseline
SP-021:norte:028500:2023-02-18,SP-021:norte:028500,SP-021,norte,28.75,open-meteo:era5_seamless:-23.6:-46.8,2023-02-18,49.69,5.11,31.83,6,trigger,synthetic,synthetic,synthetic,synth-v1.0.0,1337,932480f22477dd00,baseline
SP-021:norte:028500:2023-03-21,SP-021:norte:028500,SP-021,norte,28.75,open-meteo:era5_seamless:-23.6:-46.8,2023-03-21,49.38,5.64,31.83,2,trigger,synthetic,synthetic,synthetic,synth-v1.0.0,1337,932480f22477dd00,baseline
SP-021:norte:028500:2023-05-20,SP-021:norte:028500,SP-021,norte,28.75,open-meteo:era5_seamless:-23.6:-46.8,2023-05-20,54.23,5.23,31.83,20,trigger,synthetic,synthetic,synthetic,synth-v1.0.0,1337,932480f22477dd00,baseline
SP-021:norte:028500:2023-08-22,SP-021:norte:028500,SP-021,norte,28.75,open-meteo:era5_seamless:-23.6:-46.8,2023-08-22,41.59,6.22,31.83,2,trigger,synthetic,synthetic,synthetic,synth-v1.0.0,1337,932480f22477dd00,baseline
SP-021:norte:028500:2023-10-03,SP-021:norte:028500,SP-021,norte,28.75,open-meteo:era5_seamless:-23.6:-46.8,2023-10-03,40.44,4.85,31.83,2,trigger,synthetic,synthetic,synthetic,synth-v1.0.0,1337,932480f22477dd00,baseline
SP-021:norte:028500:2023-11-16,SP-021:norte:028500,SP-021,norte,28.75,open-meteo:era5_seamless:-23.6:-46.8,2023-11-16,49.63,4.81,31.83,4,trigger,synthetic,synthetic,synthetic,synth-v1.0.0,1337,932480f22477dd00,baseline
SP-021:norte:028500:2023-12-20,SP-021:norte:028500,SP-021,norte,28.75,open-meteo:era5_seamless:-23.6:-46.8,2023-12-20,38.71,3.48,31.83,3,trigger,synthetic,synthetic,synthetic,synth-v1.0.0,1337,932480f22477dd00,baseline
SP-021:norte:028500:2024-02-07,SP-021:norte:028500,SP-021,norte,28.75,open-meteo:era5_seamless:-23.6:-46.8,2024-02-07,60.74,5.24,31.83,3,trigger,synthetic,synthetic,synthetic,synth-v1.0.0,1337,932480f22477dd00,baseline
SP-021:norte:028500:2024-03-13,SP-021:norte:028500,SP-021,norte,28.75,open-meteo:era5_seamless:-23.6:-46.8,2024-03-13,57.15,5.69,31.83,10,trigger,synthetic,synthetic,synthetic,synth-v1.0.0,1337,932480f22477dd00,baseline
SP-021:norte:028500:2024-05-08,SP-021:norte:028500,SP-021,norte,28.75,open-meteo:era5_seamless:-23.6:-46.8,2024-05-08,83.71,7.11,31.83,24,trigger,synthetic,synthetic,synthetic,synth-v1.0.0,1337,932480f22477dd00,baseline
SP-021:norte:028500:2024-06-25,SP-021:norte:028500,SP-021,norte,28.75,open-meteo:era5_seamless:-23.6:-46.8,2024-06-25,34.11,5.77,31.83,2,trigger,synthetic,synthetic,synthetic,synth-v1.0.0,1337,932480f22477dd00,baseline
SP-021:norte:028500:2024-09-07,SP-021:norte:028500,SP-021,norte,28.75,open-meteo:era5_seamless:-23.6:-46.8,2024-09-07,43.4,3.57,31.83,6,trigger,synthetic,synthetic,synthetic,synth-v1.0.0,1337,932480f22477dd00,baseline
SP-021:norte:028500:2024-11-02,SP-021:norte:028500,SP-021,norte,28.75,open-meteo:era5_seamless:-23.6:-46.8,2024-11-02,45.75,3.27,31.83,6,trigger,synthetic,synthetic,synthetic,synth-v1.0.0,1337,932480f22477dd00,baseline
SP-021:norte:028500:2024-12-18,SP-021:norte:028500,SP-021,norte,28.75,open-meteo:era5_seamless:-23.6:-46.8,2024-12-18,48.02,7.55,31.83,3,trigger,synthetic,synthetic,synthetic,synth-v1.0.0,1337,932480f22477dd00,baseline
SP-021:norte:028500:2025-01-17,SP-021:norte:028500,SP-021,norte,28.75,open-meteo:era5_seamless:-23.6:-46.8,2025-01-17,45.61,7.61,31.83,5,trigger,synthetic,synthetic,synthetic,synth-v1.0.0,1337,932480f22477dd00,baseline
SP-021:norte:028500:2025-02-18,SP-021:norte:028500,SP-021,norte,28.75,open-meteo:era5_seamless:-23.6:-46.8,2025-02-18,65.57,6.9,31.83,2,trigger,synthetic,synthetic,synthetic,synth-v1.0.0,1337,932480f22477dd00,baseline
SP-021:norte:028500:2025-03-26,SP-021:norte:028500,SP-021,norte,28.75,open-meteo:era5_seamless:-23.6:-46.8,2025-03-26,62.12,6.54,31.83,10,trigger,synthetic,synthetic,synthetic,synth-v1.0.0,1337,932480f22477dd00,baseline
SP-021:norte:028500:2025-05-10,SP-021:norte:028500,SP-021,norte,28.75,open-meteo:era5_seamless:-23.6:-46.8,2025-05-10,46.04,5.22,31.83,13,trigger,synthetic,synthetic,synthetic,synth-v1.0.0,1337,932480f22477dd00,baseline
SP-021:norte:028500:2025-08-31,SP-021:norte:028500,SP-021,norte,28.75,open-meteo:era5_seamless:-23.6:-46.8,2025-08-31,39.38,4.29,31.83,7,trigger,synthetic,synthetic,synthetic,synth-v1.0.0,1337,932480f22477dd00,baseline
SP-021:norte:028500:2025-10-30,SP-021:norte:028500,SP-021,norte,28.75,open-meteo:era5_seamless:-23.6:-46.8,2025-10-30,36.84,7.66,31.83,4,trigger,synthetic,synthetic,synthetic,synth-v1.0.0,1337,932480f22477dd00,baseline
SP-021:norte:028500:2025-12-13,SP-021:norte:028500,SP-021,norte,28.75,open-meteo:era5_seamless:-23.6:-46.8,2025-12-13,51.85,3.47,31.83,6,trigger,synthetic,synthetic,synthetic,synth-v1.0.0,1337,932480f22477dd00,baseline
SP-021:norte:028500:2026-01-29,SP-021:norte:028500,SP-021,norte,28.75,open-meteo:era5_seamless:-23.6:-46.8,2026-01-29,54.17,6.99,31.83,11,trigger,synthetic,synthetic,synthetic,synth-v1.0.0,1337,932480f22477dd00,baseline
SP-021:norte:028500:2026-02-27,SP-021:norte:028500,SP-021,norte,28.75,open-meteo:era5_seamless:-23.6:-46.8,2026-02-27,51.79,5.41,31.83,5,trigger,synthetic,synthetic,synthetic,synth-v1.0.0,1337,932480f22477dd00,baseline
SP-021:norte:028500:2026-04-05,SP-021:norte:028500,SP-021,norte,28.75,open-meteo:era5_seamless:-23.6:-46.8,2026-04-05,55.59,4.44,31.83,7,trigger,synthetic,synthetic,synthetic,synth-v1.0.0,1337,932480f22477dd00,baseline
SP-021:norte:028500:2026-06-03,SP-021:norte:028500,SP-021,norte,28.75,open-meteo:era5_seamless:-23.6:-46.8,2026-06-03,39.01,4.56,31.83,10,trigger,synthetic,synthetic,synthetic,synth-v1.0.0,1337,932480f22477dd00,baseline
SP-021:norte:028500:2026-08-27,SP-021:norte:028500,SP-021,norte,28.75,open-meteo:era5_seamless:-23.6:-46.8,2026-08-27,34.28,3.09,31.83,4,trigger,synthetic,synthetic,synthetic,synth-v1.0.0,1337,932480f22477dd00,baseline
SP-021:sul:028500:2023-01-23,SP-021:sul:028500,SP-021,sul,28.75,open-meteo:era5_seamless:-23.6:-46.8,2023-01-23,65.3,6.16,50.53,8,trigger,synthetic,synthetic,synthetic,synth-v1.0.0,1337,932480f22477dd00,baseline
SP-021:sul:028500:2023-03-02,SP-021:sul:028500,SP-021,sul,28.75,open-meteo:era5_seamless:-23.6:-46.8,2023-03-02,66.31,4.3,50.53,11,trigger,synthetic,synthetic,synthetic,synth-v1.0.0,1337,932480f22477dd00,baseline
SP-021:sul:028500:2023-03-28,SP-021:sul:028500,SP-021,sul,28.75,open-meteo:era5_seamless:-23.6:-46.8,2023-03-28,59.39,4.62,50.53,2,trigger,synthetic,synthetic,synthetic,synth-v1.0.0,1337,932480f22477dd00,baseline
SP-021:sul:028500:2023-05-12,SP-021:sul:028500,SP-021,sul,28.75,open-meteo:era5_seamless:-23.6:-46.8,2023-05-12,62.33,5.86,50.53,5,trigger,synthetic,synthetic,synthetic,synth-v1.0.0,1337,932480f22477dd00,baseline
SP-021:sul:028500:2023-08-10,SP-021:sul:028500,SP-021,sul,28.75,open-meteo:era5_seamless:-23.6:-46.8,2023-08-10,56.78,7.43,50.53,4,trigger,synthetic,synthetic,synthetic,synth-v1.0.0,1337,932480f22477dd00,baseline
SP-021:sul:028500:2023-09-30,SP-021:sul:028500,SP-021,sul,28.75,open-meteo:era5_seamless:-23.6:-46.8,2023-09-30,65.14,5.46,50.53,13,trigger,synthetic,synthetic,synthetic,synth-v1.0.0,1337,932480f22477dd00,baseline
SP-021:sul:028500:2023-11-01,SP-021:sul:028500,SP-021,sul,28.75,open-meteo:era5_seamless:-23.6:-46.8,2023-11-01,60.0,7.3,50.53,3,trigger,synthetic,synthetic,synthetic,synth-v1.0.0,1337,932480f22477dd00,baseline
SP-021:sul:028500:2023-12-05,SP-021:sul:028500,SP-021,sul,28.75,open-meteo:era5_seamless:-23.6:-46.8,2023-12-05,64.17,7.18,50.53,9,trigger,synthetic,synthetic,synthetic,synth-v1.0.0,1337,932480f22477dd00,baseline
SP-021:sul:028500:2024-01-02,SP-021:sul:028500,SP-021,sul,28.75,open-meteo:era5_seamless:-23.6:-46.8,2024-01-02,60.6,5.51,50.53,2,trigger,synthetic,synthetic,synthetic,synth-v1.0.0,1337,932480f22477dd00,baseline
SP-021:sul:028500:2024-02-02,SP-021:sul:028500,SP-021,sul,28.75,open-meteo:era5_seamless:-23.6:-46.8,2024-02-02,59.11,4.33,50.53,5,trigger,synthetic,synthetic,synthetic,synth-v1.0.0,1337,932480f22477dd00,baseline
SP-021:sul:028500:2024-03-13,SP-021:sul:028500,SP-021,sul,28.75,open-meteo:era5_seamless:-23.6:-46.8,2024-03-13,66.43,7.1,50.53,10,trigger,synthetic,synthetic,synthetic,synth-v1.0.0,1337,932480f22477dd00,baseline
SP-021:sul:028500:2024-04-11,SP-021:sul:028500,SP-021,sul,28.75,open-meteo:era5_seamless:-23.6:-46.8,2024-04-11,64.09,3.61,50.53,4,trigger,synthetic,synthetic,synthetic,synth-v1.0.0,1337,932480f22477dd00,baseline
SP-021:sul:028500:2024-05-19,SP-021:sul:028500,SP-021,sul,28.75,open-meteo:era5_seamless:-23.6:-46.8,2024-05-19,63.58,4.85,50.53,7,trigger,synthetic,synthetic,synthetic,synth-v1.0.0,1337,932480f22477dd00,baseline
SP-021:sul:028500:2024-07-18,SP-021:sul:028500,SP-021,sul,28.75,open-meteo:era5_seamless:-23.6:-46.8,2024-07-18,52.57,5.35,50.53,4,trigger,synthetic,synthetic,synthetic,synth-v1.0.0,1337,932480f22477dd00,baseline
SP-021:sul:028500:2024-09-14,SP-021:sul:028500,SP-021,sul,28.75,open-meteo:era5_seamless:-23.6:-46.8,2024-09-14,63.4,7.31,50.53,6,trigger,synthetic,synthetic,synthetic,synth-v1.0.0,1337,932480f22477dd00,baseline
SP-021:sul:028500:2024-10-17,SP-021:sul:028500,SP-021,sul,28.75,open-meteo:era5_seamless:-23.6:-46.8,2024-10-17,54.76,3.56,50.53,4,trigger,synthetic,synthetic,synthetic,synth-v1.0.0,1337,932480f22477dd00,baseline
SP-021:sul:028500:2024-12-08,SP-021:sul:028500,SP-021,sul,28.75,open-meteo:era5_seamless:-23.6:-46.8,2024-12-08,66.11,5.62,50.53,14,trigger,synthetic,synthetic,synthetic,synth-v1.0.0,1337,932480f22477dd00,baseline
SP-021:sul:028500:2025-01-18,SP-021:sul:028500,SP-021,sul,28.75,open-meteo:era5_seamless:-23.6:-46.8,2025-01-18,66.22,3.54,50.53,13,trigger,synthetic,synthetic,synthetic,synth-v1.0.0,1337,932480f22477dd00,baseline
SP-021:sul:028500:2025-02-20,SP-021:sul:028500,SP-021,sul,28.75,open-meteo:era5_seamless:-23.6:-46.8,2025-02-20,65.69,4.63,50.53,4,trigger,synthetic,synthetic,synthetic,synth-v1.0.0,1337,932480f22477dd00,baseline
SP-021:sul:028500:2025-03-30,SP-021:sul:028500,SP-021,sul,28.75,open-meteo:era5_seamless:-23.6:-46.8,2025-03-30,65.28,5.83,50.53,14,trigger,synthetic,synthetic,synthetic,synth-v1.0.0,1337,932480f22477dd00,baseline
SP-021:sul:028500:2025-05-09,SP-021:sul:028500,SP-021,sul,28.75,open-meteo:era5_seamless:-23.6:-46.8,2025-05-09,59.29,7.68,50.53,5,trigger,synthetic,synthetic,synthetic,synth-v1.0.0,1337,932480f22477dd00,baseline
SP-021:sul:028500:2025-08-03,SP-021:sul:028500,SP-021,sul,28.75,open-meteo:era5_seamless:-23.6:-46.8,2025-08-03,54.37,7.82,50.53,7,trigger,synthetic,synthetic,synthetic,synth-v1.0.0,1337,932480f22477dd00,baseline
SP-021:sul:028500:2025-10-08,SP-021:sul:028500,SP-021,sul,28.75,open-meteo:era5_seamless:-23.6:-46.8,2025-10-08,63.55,5.31,50.53,17,trigger,synthetic,synthetic,synthetic,synth-v1.0.0,1337,932480f22477dd00,baseline
SP-021:sul:028500:2025-12-01,SP-021:sul:028500,SP-021,sul,28.75,open-meteo:era5_seamless:-23.6:-46.8,2025-12-01,63.07,5.94,50.53,8,trigger,synthetic,synthetic,synthetic,synth-v1.0.0,1337,932480f22477dd00,baseline
SP-021:sul:028500:2026-01-03,SP-021:sul:028500,SP-021,sul,28.75,open-meteo:era5_seamless:-23.6:-46.8,2026-01-03,64.44,4.41,50.53,13,proactive,synthetic,synthetic,synthetic,synth-v1.0.0,1337,932480f22477dd00,baseline
SP-021:sul:028500:2026-02-13,SP-021:sul:028500,SP-021,sul,28.75,open-meteo:era5_seamless:-23.6:-46.8,2026-02-13,65.55,5.6,50.53,12,trigger,synthetic,synthetic,synthetic,synth-v1.0.0,1337,932480f22477dd00,baseline
SP-021:sul:028500:2026-03-05,SP-021:sul:028500,SP-021,sul,28.75,open-meteo:era5_seamless:-23.6:-46.8,2026-03-05,38.28,6.03,50.53,4,proactive,synthetic,synthetic,synthetic,synth-v1.0.0,1337,932480f22477dd00,baseline
SP-021:sul:028500:2026-04-04,SP-021:sul:028500,SP-021,sul,28.75,open-meteo:era5_seamless:-23.6:-46.8,2026-04-04,63.43,7.17,50.53,6,trigger,synthetic,synthetic,synthetic,synth-v1.0.0,1337,932480f22477dd00,baseline
SP-021:sul:028500:2026-05-09,SP-021:sul:028500,SP-021,sul,28.75,open-meteo:era5_seamless:-23.6:-46.8,2026-05-09,59.67,4.65,50.53,6,trigger,synthetic,synthetic,synthetic,synth-v1.0.0,1337,932480f22477dd00,baseline
SP-021:sul:028500:2026-08-04,SP-021:sul:028500,SP-021,sul,28.75,open-meteo:era5_seamless:-23.6:-46.8,2026-08-04,52.89,4.99,50.53,2,trigger,synthetic,synthetic,synthetic,synth-v1.0.0,1337,932480f22477dd00,baseline
SP-021:norte:029000:2023-02-15,SP-021:norte:029000,SP-021,norte,29.15,open-meteo:era5_seamless:-23.6:-46.8,2023-02-15,70.71,6.56,44.14,17,trigger,synthetic,synthetic,synthetic,synth-v1.0.0,1337,932480f22477dd00,baseline
SP-021:norte:029000:2023-04-07,SP-021:norte:029000,SP-021,norte,29.15,open-meteo:era5_seamless:-23.6:-46.8,2023-04-07,62.31,6.19,44.14,12,trigger,synthetic,synthetic,synthetic,synth-v1.0.0,1337,932480f22477dd00,baseline
SP-021:norte:029000:2023-08-18,SP-021:norte:029000,SP-021,norte,29.15,open-meteo:era5_seamless:-23.6:-46.8,2023-08-18,54.44,4.25,44.14,12,trigger,synthetic,synthetic,synthetic,synth-v1.0.0,1337,932480f22477dd00,baseline
SP-021:norte:029000:2023-11-13,SP-021:norte:029000,SP-021,norte,29.15,open-meteo:era5_seamless:-23.6:-46.8,2023-11-13,66.26,6.19,44.14,8,trigger,synthetic,synthetic,synthetic,synth-v1.0.0,1337,932480f22477dd00,baseline
SP-021:norte:029000:2024-01-10,SP-021:norte:029000,SP-021,norte,29.15,open-meteo:era5_seamless:-23.6:-46.8,2024-01-10,58.27,6.2,44.14,10,trigger,synthetic,synthetic,synthetic,synth-v1.0.0,1337,932480f22477dd00,baseline
SP-021:norte:029000:2024-03-01,SP-021:norte:029000,SP-021,norte,29.15,open-meteo:era5_seamless:-23.6:-46.8,2024-03-01,63.58,7.26,44.14,5,trigger,synthetic,synthetic,synthetic,synth-v1.0.0,1337,932480f22477dd00,baseline
SP-021:norte:029000:2024-04-22,SP-021:norte:029000,SP-021,norte,29.15,open-meteo:era5_seamless:-23.6:-46.8,2024-04-22,64.08,7.07,44.14,15,trigger,synthetic,synthetic,synthetic,synth-v1.0.0,1337,932480f22477dd00,baseline
SP-021:norte:029000:2024-07-02,SP-021:norte:029000,SP-021,norte,29.15,open-meteo:era5_seamless:-23.6:-46.8,2024-07-02,47.6,6.74,44.14,2,trigger,synthetic,synthetic,synthetic,synth-v1.0.0,1337,932480f22477dd00,baseline
SP-021:norte:029000:2024-10-06,SP-021:norte:029000,SP-021,norte,29.15,open-meteo:era5_seamless:-23.6:-46.8,2024-10-06,50.38,5.21,44.14,7,trigger,synthetic,synthetic,synthetic,synth-v1.0.0,1337,932480f22477dd00,baseline
SP-021:norte:029000:2024-12-27,SP-021:norte:029000,SP-021,norte,29.15,open-meteo:era5_seamless:-23.6:-46.8,2024-12-27,73.58,6.03,44.14,12,trigger,synthetic,synthetic,synthetic,synth-v1.0.0,1337,932480f22477dd00,baseline
SP-021:norte:029000:2025-02-22,SP-021:norte:029000,SP-021,norte,29.15,open-meteo:era5_seamless:-23.6:-46.8,2025-02-22,75.52,4.17,44.14,20,trigger,synthetic,synthetic,synthetic,synth-v1.0.0,1337,932480f22477dd00,baseline
SP-021:norte:029000:2025-04-18,SP-021:norte:029000,SP-021,norte,29.15,open-meteo:era5_seamless:-23.6:-46.8,2025-04-18,50.03,6.53,44.14,5,trigger,synthetic,synthetic,synthetic,synth-v1.0.0,1337,932480f22477dd00,baseline
SP-021:norte:029000:2025-08-30,SP-021:norte:029000,SP-021,norte,29.15,open-meteo:era5_seamless:-23.6:-46.8,2025-08-30,47.21,5.76,44.14,6,trigger,synthetic,synthetic,synthetic,synth-v1.0.0,1337,932480f22477dd00,baseline
SP-021:norte:029000:2025-11-26,SP-021:norte:029000,SP-021,norte,29.15,open-meteo:era5_seamless:-23.6:-46.8,2025-11-26,49.21,6.32,44.14,3,trigger,synthetic,synthetic,synthetic,synth-v1.0.0,1337,932480f22477dd00,baseline
SP-021:norte:029000:2026-01-25,SP-021:norte:029000,SP-021,norte,29.15,open-meteo:era5_seamless:-23.6:-46.8,2026-01-25,63.27,3.46,44.14,14,trigger,synthetic,synthetic,synthetic,synth-v1.0.0,1337,932480f22477dd00,baseline
SP-021:norte:029000:2026-03-06,SP-021:norte:029000,SP-021,norte,29.15,open-meteo:era5_seamless:-23.6:-46.8,2026-03-06,34.79,3.61,44.14,5,proactive,synthetic,synthetic,synthetic,synth-v1.0.0,1337,932480f22477dd00,baseline
SP-021:norte:029000:2026-05-14,SP-021:norte:029000,SP-021,norte,29.15,open-meteo:era5_seamless:-23.6:-46.8,2026-05-14,53.07,5.84,44.14,11,trigger,synthetic,synthetic,synthetic,synth-v1.0.0,1337,932480f22477dd00,baseline
SP-021:sul:029000:2023-01-17,SP-021:sul:029000,SP-021,sul,29.15,open-meteo:era5_seamless:-23.6:-46.8,2023-01-17,64.91,5.5,51.49,2,trigger,synthetic,synthetic,synthetic,synth-v1.0.0,1337,932480f22477dd00,baseline
SP-021:sul:029000:2023-03-06,SP-021:sul:029000,SP-021,sul,29.15,open-meteo:era5_seamless:-23.6:-46.8,2023-03-06,82.26,3.35,51.49,8,trigger,synthetic,synthetic,synthetic,synth-v1.0.0,1337,932480f22477dd00,baseline
SP-021:sul:029000:2023-04-29,SP-021:sul:029000,SP-021,sul,29.15,open-meteo:era5_seamless:-23.6:-46.8,2023-04-29,59.4,6.71,51.49,6,trigger,synthetic,synthetic,synthetic,synth-v1.0.0,1337,932480f22477dd00,baseline
SP-021:sul:029000:2023-08-06,SP-021:sul:029000,SP-021,sul,29.15,open-meteo:era5_seamless:-23.6:-46.8,2023-08-06,48.44,7.23,51.49,7,proactive,synthetic,synthetic,synthetic,synth-v1.0.0,1337,932480f22477dd00,baseline
SP-021:sul:029000:2023-10-06,SP-021:sul:029000,SP-021,sul,29.15,open-meteo:era5_seamless:-23.6:-46.8,2023-10-06,70.88,3.37,51.49,12,trigger,synthetic,synthetic,synthetic,synth-v1.0.0,1337,932480f22477dd00,baseline
SP-021:sul:029000:2023-12-03,SP-021:sul:029000,SP-021,sul,29.15,open-meteo:era5_seamless:-23.6:-46.8,2023-12-03,70.7,5.53,51.49,7,trigger,synthetic,synthetic,synthetic,synth-v1.0.0,1337,932480f22477dd00,baseline
SP-021:sul:029000:2024-01-21,SP-021:sul:029000,SP-021,sul,29.15,open-meteo:era5_seamless:-23.6:-46.8,2024-01-21,74.64,3.75,51.49,7,trigger,synthetic,synthetic,synthetic,synth-v1.0.0,1337,932480f22477dd00,baseline
SP-021:sul:029000:2024-03-07,SP-021:sul:029000,SP-021,sul,29.15,open-meteo:era5_seamless:-23.6:-46.8,2024-03-07,70.56,5.19,51.49,4,trigger,synthetic,synthetic,synthetic,synth-v1.0.0,1337,932480f22477dd00,baseline
SP-021:sul:029000:2024-04-19,SP-021:sul:029000,SP-021,sul,29.15,open-meteo:era5_seamless:-23.6:-46.8,2024-04-19,68.81,5.98,51.49,5,trigger,synthetic,synthetic,synthetic,synth-v1.0.0,1337,932480f22477dd00,baseline
SP-021:sul:029000:2024-06-18,SP-021:sul:029000,SP-021,sul,29.15,open-meteo:era5_seamless:-23.6:-46.8,2024-06-18,65.0,3.52,51.49,9,trigger,synthetic,synthetic,synthetic,synth-v1.0.0,1337,932480f22477dd00,baseline
SP-021:sul:029000:2024-09-18,SP-021:sul:029000,SP-021,sul,29.15,open-meteo:era5_seamless:-23.6:-46.8,2024-09-18,60.73,3.77,51.49,3,trigger,synthetic,synthetic,synthetic,synth-v1.0.0,1337,932480f22477dd00,baseline
SP-021:sul:029000:2024-11-28,SP-021:sul:029000,SP-021,sul,29.15,open-meteo:era5_seamless:-23.6:-46.8,2024-11-28,74.79,6.5,51.49,11,trigger,synthetic,synthetic,synthetic,synth-v1.0.0,1337,932480f22477dd00,baseline
SP-021:sul:029000:2025-01-11,SP-021:sul:029000,SP-021,sul,29.15,open-meteo:era5_seamless:-23.6:-46.8,2025-01-11,68.45,7.74,51.49,6,trigger,synthetic,synthetic,synthetic,synth-v1.0.0,1337,932480f22477dd00,baseline
SP-021:sul:029000:2025-02-15,SP-021:sul:029000,SP-021,sul,29.15,open-meteo:era5_seamless:-23.6:-46.8,2025-02-15,74.07,4.91,51.49,6,trigger,synthetic,synthetic,synthetic,synth-v1.0.0,1337,932480f22477dd00,baseline
SP-021:sul:029000:2025-03-31,SP-021:sul:029000,SP-021,sul,29.15,open-meteo:era5_seamless:-23.6:-46.8,2025-03-31,72.99,4.1,51.49,8,trigger,synthetic,synthetic,synthetic,synth-v1.0.0,1337,932480f22477dd00,baseline
SP-021:sul:029000:2025-06-10,SP-021:sul:029000,SP-021,sul,29.15,open-meteo:era5_seamless:-23.6:-46.8,2025-06-10,52.32,7.94,51.49,2,trigger,synthetic,synthetic,synthetic,synth-v1.0.0,1337,932480f22477dd00,baseline
SP-021:sul:029000:2025-09-12,SP-021:sul:029000,SP-021,sul,29.15,open-meteo:era5_seamless:-23.6:-46.8,2025-09-12,41.55,3.8,51.49,5,proactive,synthetic,synthetic,synthetic,synth-v1.0.0,1337,932480f22477dd00,baseline
SP-021:sul:029000:2025-11-30,SP-021:sul:029000,SP-021,sul,29.15,open-meteo:era5_seamless:-23.6:-46.8,2025-11-30,61.62,7.88,51.49,7,trigger,synthetic,synthetic,synthetic,synth-v1.0.0,1337,932480f22477dd00,baseline
SP-021:sul:029000:2026-01-13,SP-021:sul:029000,SP-021,sul,29.15,open-meteo:era5_seamless:-23.6:-46.8,2026-01-13,73.74,5.06,51.49,9,trigger,synthetic,synthetic,synthetic,synth-v1.0.0,1337,932480f22477dd00,baseline
SP-021:sul:029000:2026-03-13,SP-021:sul:029000,SP-021,sul,29.15,open-meteo:era5_seamless:-23.6:-46.8,2026-03-13,81.84,3.97,51.49,12,trigger,synthetic,synthetic,synthetic,synth-v1.0.0,1337,932480f22477dd00,baseline
SP-021:sul:029000:2026-05-01,SP-021:sul:029000,SP-021,sul,29.15,open-meteo:era5_seamless:-23.6:-46.8,2026-05-01,62.77,3.42,51.49,5,trigger,synthetic,synthetic,synthetic,synth-v1.0.0,1337,932480f22477dd00,baseline
SP-021:sul:029000:2026-09-01,SP-021:sul:029000,SP-021,sul,29.15,open-meteo:era5_seamless:-23.6:-46.8,2026-09-01,60.04,6.27,51.49,4,trigger,synthetic,synthetic,synthetic,synth-v1.0.0,1337,932480f22477dd00,baseline
