rocada_id,trecho_id,rodovia,sentido,km_mid,grid_cell_id,occurred_on,height_before_cm,height_after_cm,trigger_height_cm,delay_days,reason,source,data_source,provenance,generator_version,generator_seed,generator_params_hash,scenario
SP-021:norte:000000:2023-01-24,SP-021:norte:000000,SP-021,norte,0.25,open-meteo:era5_seamless:-23.4:-46.7,2023-01-24,64.04,4.77,54.81,2,trigger,synthetic,synthetic,synthetic,synth-v1.0.0,2024,2cf705e1237a369a,ood
SP-021:norte:000000:2023-03-12,SP-021:norte:000000,SP-021,norte,0.25,open-meteo:era5_seamless:-23.4:-46.7,2023-03-12,85.14,5.81,54.81,21,trigger,synthetic,synthetic,synthetic,synth-v1.0.0,2024,2cf705e1237a369a,ood
SP-021:norte:000000:2023-05-03,SP-021:norte:000000,SP-021,norte,0.25,open-meteo:era5_seamless:-23.4:-46.7,2023-05-03,71.13,5.03,54.81,17,trigger,synthetic,synthetic,synthetic,synth-v1.0.0,2024,2cf705e1237a369a,ood
SP-021:norte:000000:2023-09-04,SP-021:norte:000000,SP-021,norte,0.25,open-meteo:era5_seamless:-23.4:-46.7,2023-09-04,65.77,3.94,54.81,15,trigger,synthetic,synthetic,synthetic,synth-v1.0.0,2024,2cf705e1237a369a,ood
SP-021:norte:000000:2023-10-31,SP-021:norte:000000,SP-021,norte,0.25,open-meteo:era5_seamless:-23.4:-46.7,2023-10-31,76.4,3.94,54.81,16,trigger,synthetic,synthetic,synthetic,synth-v1.0.0,2024,2cf705e1237a369a,ood
SP-021:norte:000000:2023-12-14,SP-021:norte:000000,SP-021,norte,0.25,open-meteo:era5_seamless:-23.4:-46.7,2023-12-14,69.7,7.82,54.81,11,trigger,synthetic,synthetic,synthetic,synth-v1.0.0,2024,2cf705e1237a369a,ood
SP-021:norte:000000:2024-01-11,SP-021:norte:000000,SP-021,norte,0.25,open-meteo:era5_seamless:-23.4:-46.7,2024-01-11,45.1,3.07,54.81,11,proactive,synthetic,synthetic,synthetic,synth-v1.0.0,2024,2cf705e1237a369a,ood
SP-021:norte:000000:2024-02-29,SP-021:norte:000000,SP-021,norte,0.25,open-meteo:era5_seamless:-23.4:-46.7,2024-02-29,83.33,7.35,54.81,18,trigger,synthetic,synthetic,synthetic,synth-v1.0.0,2024,2cf705e1237a369a,ood
SP-021:norte:000000:2024-04-29,SP-021:norte:000000,SP-021,norte,0.25,open-meteo:era5_seamless:-23.4:-46.7,2024-04-29,91.81,7.99,54.81,36,trigger,synthetic,synthetic,synthetic,synth-v1.0.0,2024,2cf705e1237a369a,ood
SP-021:norte:000000:2024-07-12,SP-021:norte:000000,SP-021,norte,0.25,open-meteo:era5_seamless:-23.4:-46.7,2024-07-12,61.56,6.24,54.81,12,trigger,synthetic,synthetic,synthetic,synth-v1.0.0,2024,2cf705e1237a369a,ood
SP-021:norte:000000:2024-09-29,SP-021:norte:000000,SP-021,norte,0.25,open-meteo:era5_seamless:-23.4:-46.7,2024-09-29,66.83,6.86,54.81,14,trigger,synthetic,synthetic,synthetic,synth-v1.0.0,2024,2cf705e1237a369a,ood
SP-021:norte:000000:2024-11-16,SP-021:norte:000000,SP-021,norte,0.25,open-meteo:era5_seamless:-23.4:-46.7,2024-11-16,65.08,7.59,54.81,13,proactive,synthetic,synthetic,synthetic,synth-v1.0.0,2024,2cf705e1237a369a,ood
SP-021:norte:000000:2024-12-25,SP-021:norte:000000,SP-021,norte,0.25,open-meteo:era5_seamless:-23.4:-46.7,2024-12-25,70.75,3.15,54.81,10,trigger,synthetic,synthetic,synthetic,synth-v1.0.0,2024,2cf705e1237a369a,ood
SP-021:norte:000000:2025-02-03,SP-021:norte:000000,SP-021,norte,0.25,open-meteo:era5_seamless:-23.4:-46.7,2025-02-03,77.36,3.84,54.81,8,trigger,synthetic,synthetic,synthetic,synth-v1.0.0,2024,2cf705e1237a369a,ood
SP-021:norte:000000:2025-03-22,SP-021:norte:000000,SP-021,norte,0.25,open-meteo:era5_seamless:-23.4:-46.7,2025-03-22,79.76,6.61,54.81,13,trigger,synthetic,synthetic,synthetic,synth-v1.0.0,2024,2cf705e1237a369a,ood
SP-021:norte:000000:2025-05-07,SP-021:norte:000000,SP-021,norte,0.25,open-meteo:era5_seamless:-23.4:-46.7,2025-05-07,68.71,6.29,54.81,10,trigger,synthetic,synthetic,synthetic,synth-v1.0.0,2024,2cf705e1237a369a,ood
SP-021:norte:000000:2025-09-18,SP-021:norte:000000,SP-021,norte,0.25,open-meteo:era5_seamless:-23.4:-46.7,2025-09-18,67.63,4.51,54.81,25,trigger,synthetic,synthetic,synthetic,synth-v1.0.0,2024,2cf705e1237a369a,ood
SP-021:norte:000000:2025-11-02,SP-021:norte:000000,SP-021,norte,0.25,open-meteo:era5_seamless:-23.4:-46.7,2025-11-02,43.53,5.8,54.81,14,proactive,synthetic,synthetic,synthetic,synth-v1.0.0,2024,2cf705e1237a369a,ood
SP-021:norte:000000:2026-01-02,SP-021:norte:000000,SP-021,norte,0.25,open-meteo:era5_seamless:-23.4:-46.7,2026-01-02,80.3,7.22,54.81,19,trigger,synthetic,synthetic,synthetic,synth-v1.0.0,2024,2cf705e1237a369a,ood
SP-021:norte:000000:2026-02-17,SP-021:norte:000000,SP-021,norte,0.25,open-meteo:era5_seamless:-23.4:-46.7,2026-02-17,76.86,4.35,54.81,9,trigger,synthetic,synthetic,synthetic,synth-v1.0.0,2024,2cf705e1237a369a,ood
SP-021:norte:000000:2026-03-21,SP-021:norte:000000,SP-021,norte,0.25,open-meteo:era5_seamless:-23.4:-46.7,2026-03-21,64.4,3.38,54.81,6,trigger,synthetic,synthetic,synthetic,synth-v1.0.0,2024,2cf705e1237a369a,ood
SP-021:norte:000000:2026-04-29,SP-021:norte:000000,SP-021,norte,0.25,open-meteo:era5_seamless:-23.4:-46.7,2026-04-29,59.82,5.89,54.81,3,trigger,synthetic,synthetic,synthetic,synth-v1.0.0,2024,2cf705e1237a369a,ood
SP-021:norte:000000:2026-07-12,SP-021:norte:000000,SP-021,norte,0.25,open-meteo:era5_seamless:-23.4:-46.7,2026-07-12,48.22,4.29,54.81,14,proactive,synthetic,synthetic,synthetic,synth-v1.0.0,2024,2cf705e1237a369a,ood
SP-021:norte:000000:2026-08-22,SP-021:norte:000000,SP-021,norte,0.25,open-meteo:era5_seamless:-23.4:-46.7,2026-08-22,37.92,6.92,54.81,6,proactive,synthetic,synthetic,synthetic,synth-v1.0.0,2024,2cf705e1237a369a,ood
SP-021:sul:000000:2023-01-31,SP-021:sul:000000,SP-021,sul,0.25,open-meteo:era5_seamless:-23.4:-46.7,2023-01-31,59.76,3.85,39.56,16,trigger,synthetic,synthetic,synthetic,synth-v1.0.0,2024,2cf705e1237a369a,ood
SP-021:sul:000000:2023-03-05,SP-021:sul:000000,SP-021,sul,0.25,open-meteo:era5_seamless:-23.4:-46.7,2023-03-05,48.15,3.35,39.56,7,trigger,synthetic,synthetic,synthetic,synth-v1.0.0,2024,2cf705e1237a369a,ood
SP-021:sul:000000:2023-04-18,SP-021:sul:000000,SP-021,sul,0.25,open-meteo:era5_seamless:-23.4:-46.7,2023-04-18,47.82,5.74,39.56,9,trigger,synthetic,synthetic,synthetic,synth-v1.0.0,2024,2cf705e1237a369a,ood
SP-021:sul:000000:2023-08-24,SP-021:sul:000000,SP-021,sul,0.25,open-meteo:era5_seamless:-23.4:-46.7,2023-08-24,46.26,3.46,39.56,18,trigger,synthetic,synthetic,synthetic,synth-v1.0.0,2024,2cf705e1237a369a,ood
SP-021:sul:000000:2023-10-27,SP-021:sul:000000,SP-021,sul,0.25,open-meteo:era5_seamless:-23.4:-46.7,2023-10-27,49.99,6.5,39.56,12,trigger,synthetic,synthetic,synthetic,synth-v1.0.0,2024,2cf705e1237a369a,ood
SP-021:sul:000000:2023-12-08,SP-021:sul:000000,SP-021,sul,0.25,open-meteo:era5_seamless:-23.4:-46.7,2023-12-08,44.1,6.7,39.56,5,trigger,synthetic,synthetic,synthetic,synth-v1.0.0,2024,2cf705e1237a369a,ood
SP-021:sul:000000:2024-01-28,SP-021:sul:000000,SP-021,sul,0.25,open-meteo:era5_seamless:-23.4:-46.7,2024-01-28,46.59,7.08,39.56,7,trigger,synthetic,synthetic,synthetic,synth-v1.0.0,2024,2cf705e1237a369a,ood
SP-021:sul:000000:2024-03-26,SP-021:sul:000000,SP-021,sul,0.25,open-meteo:era5_seamless:-23.4:-46.7,2024-03-26,71.39,5.24,39.56,23,trigger,synthetic,synthetic,synthetic,synth-v1.0.0,2024,2cf705e1237a369a,ood
SP-021:sul:000000:2024-05-08,SP-021:sul:000000,SP-021,sul,0.25,open-meteo:era5_seamless:-23.4:-46.7,2024-05-08,47.34,7.14,39.56,10,trigger,synthetic,synthetic,synthetic,synth-v1.0.0,2024,2cf705e1237a369a,ood
SP-021:sul:000000:2024-08-26,SP-021:sul:000000,SP-021,sul,0.25,open-meteo:era5_seamless:-23.4:-46.7,2024-08-26,45.12,7.59,39.56,15,trigger,synthetic,synthetic,synthetic,synth-v1.0.0,2024,2cf705e1237a369a,ood
SP-021:sul:000000:2024-10-10,SP-021:sul:000000,SP-021,sul,0.25,open-meteo:era5_seamless:-23.4:-46.7,2024-10-10,33.68,7.78,39.56,4,proactive,synthetic,synthetic,synthetic,synth-v1.0.0,2024,2cf705e1237a369a,ood
SP-021:sul:000000:2024-11-19,SP-021:sul:000000,SP-021,sul,0.25,open-meteo:era5_seamless:-23.4:-46.7,2024-11-19,41.05,6.13,39.56,2,trigger,synthetic,synthetic,synthetic,synth-v1.0.0,2024,2cf705e1237a369a,ood
SP-021:sul:000000:2025-01-06,SP-021:sul:000000,SP-021,sul,0.25,open-meteo:era5_seamless:-23.4:-46.7,2025-01-06,58.04,5.27,39.56,22,proactive,synthetic,synthetic,synthetic,synth-v1.0.0,2024,2cf705e1237a369a,ood
SP-021:sul:000000:2025-02-05,SP-021:sul:000000,SP-021,sul,0.25,open-meteo:era5_seamless:-23.4:-46.7,2025-02-05,44.31,3.81,39.56,3,trigger,synthetic,synthetic,synthetic,synth-v1.0.0,2024,2cf705e1237a369a,ood
SP-021:sul:000000:2025-04-08,SP-021:sul:000000,SP-021,sul,0.25,open-meteo:era5_seamless:-23.4:-46.7,2025-04-08,63.91,6.4,39.56,37,trigger,synthetic,synthetic,synthetic,synth-v1.0.0,2024,2cf705e1237a369a,ood
SP-021:sul:000000:2025-05-29,SP-021:sul:000000,SP-021,sul,0.25,open-meteo:era5_seamless:-23.4:-46.7,2025-05-29,41.2,3.84,39.56,4,trigger,synthetic,synthetic,synthetic,synth-v1.0.0,2024,2cf705e1237a369a,ood
SP-021:sul:000000:2025-10-07,SP-021:sul:000000,SP-021,sul,0.25,open-meteo:era5_seamless:-23.4:-46.7,2025-10-07,42.23,3.27,39.56,2,trigger,synthetic,synthetic,synthetic,synth-v1.0.0,2024,2cf705e1237a369a,ood
SP-021:sul:000000:2026-01-07,SP-021:sul:000000,SP-021,sul,0.25,open-meteo:era5_seamless:-23.4:-46.7,2026-01-07,64.39,6.33,39.56,17,trigger,synthetic,synthetic,synthetic,synth-v1.0.0,2024,2cf705e1237a369a,ood
SP-021:sul:000000:2026-02-15,SP-021:sul:000000,SP-021,sul,0.25,open-meteo:era5_seamless:-23.4:-46.7,2026-02-15,47.01,3.63,39.56,7,trigger,synthetic,synthetic,synthetic,synth-v1.0.0,2024,2cf705e1237a369a,ood
SP-021:sul:000000:2026-04-07,SP-021:sul:000000,SP-021,sul,0.25,open-meteo:era5_seamless:-23.4:-46.7,2026-04-07,60.53,3.89,39.56,16,trigger,synthetic,synthetic,synthetic,synth-v1.0.0,2024,2cf705e1237a369a,ood
SP-021:sul:000000:2026-08-21,SP-021:sul:000000,SP-021,sul,0.25,open-meteo:era5_seamless:-23.4:-46.7,2026-08-21,53.49,6.23,39.56,19,trigger,synthetic,synthetic,synthetic,synth-v1.0.0,2024,2cf705e1237a369a,ood
SP-021:norte:000500:2023-01-24,SP-021:norte:000500,SP-021,norte,0.75,open-meteo:era5_seamless:-23.4:-46.7,2023-01-24,52.3,7.32,44.43,2,trigger,synthetic,synthetic,synthetic,synth-v1.0.0,2024,2cf705e1237a369a,ood
SP-021:norte:000500:2023-03-09,SP-021:norte:000500,SP-021,norte,0.75,open-meteo:era5_seamless:-23.4:-46.7,2023-03-09,71.25,4.59,44.43,11,trigger,synthetic,synthetic,synthetic,synth-v1.0.0,2024,2cf705e1237a369a,ood
SP-021:norte:000500:2023-04-30,SP-021:norte:000500,SP-021,norte,0.75,open-meteo:era5_seamless:-23.4:-46.7,2023-04-30,61.45,4.93,44.43,28,trigger,synthetic,synthetic,synthetic,synth-v1.0.0,2024,2cf705e1237a369a,ood
SP-021:norte:000500:2023-08-22,SP-021:norte:000500,SP-021,norte,0.75,open-meteo:era5_seamless:-23.4:-46.7,2023-08-22,54.09,7.88,44.43,16,trigger,synthetic,synthetic,synthetic,synth-v1.0.0,2024,2cf705e1237a369a,ood
SP-021:norte:000500:2023-10-09,SP-021:norte:000500,SP-021,norte,0.75,open-meteo:era5_seamless:-23.4:-46.7,2023-10-09,53.15,4.63,44.43,8,trigger,synthetic,synthetic,synthetic,synth-v1.0.0,2024,2cf705e1237a369a,ood
SP-021:norte:000500:2023-11-29,SP-021:norte:000500,SP-021,norte,0.75,open-meteo:era5_seamless:-23.4:-46.7,2023-11-29,66.1,5.47,44.43,24,trigger,synthetic,synthetic,synthetic,synth-v1.0.0,2024,2cf705e1237a369a,ood
SP-021:norte:000500:2024-01-17,SP-021:norte:000500,SP-021,norte,0.75,open-meteo:era5_seamless:-23.4:-46.7,2024-01-17,60.1,7.77,44.43,17,trigger,synthetic,synthetic,synthetic,synth-v1.0.0,2024,2cf705e1237a369a,ood
SP-021:norte:000500:2024-02-22,SP-021:norte:000500,SP-021,norte,0.75,open-meteo:era5_seamless:-23.4:-46.7,2024-02-22,60.8,3.28,44.43,11,trigger,synthetic,synthetic,synthetic,synth-v1.0.0,2024,2cf705e1237a369a,ood
SP-021:norte:000500:2024-04-20,SP-021:norte:000500,SP-021,norte,0.75,open-meteo:era5_seamless:-23.4:-46.7,2024-04-20,77.7,7.19,44.43,41,proactive,synthetic,synthetic,synthetic,synth-v1.0.0,2024,2cf705e1237a369a,ood
SP-021:norte:000500:2024-06-09,SP-021:norte:000500,SP-021,norte,0.75,open-meteo:era5_seamless:-23.4:-46.7,2024-06-09,47.72,6.14,44.43,7,trigger,synthetic,synthetic,synthetic,synth-v1.0.0,2024,2cf705e1237a369a,ood
SP-021:norte:000500:2024-08-31,SP-021:norte:000500,SP-021,norte,0.75,open-meteo:era5_seamless:-23.4:-46.7,2024-08-31,50.7,6.73,44.43,13,trigger,synthetic,synthetic,synthetic,synth-v1.0.0,2024,2cf705e1237a369a,ood
SP-021:norte:000500:2024-10-26,SP-021:norte:000500,SP-021,norte,0.75,open-meteo:era5_seamless:-23.4:-46.7,2024-10-26,53.34,5.24,44.43,6,trigger,synthetic,synthetic,synthetic,synth-v1.0.0,2024,2cf705e1237a369a,ood
SP-021:norte:000500:2024-12-13,SP-021:norte:000500,SP-021,norte,0.75,open-meteo:era5_seamless:-23.4:-46.7,2024-12-13,66.36,3.82,44.43,19,trigger,synthetic,synthetic,synthetic,synth-v1.0.0,2024,2cf705e1237a369a,ood
SP-021:norte:000500:2025-01-17,SP-021:norte:000500,SP-021,norte,0.75,open-meteo:era5_seamless:-23.4:-46.7,2025-01-17,57.96,5.05,44.43,12,trigger,synthetic,synthetic,synthetic,synth-v1.0.0,2024,2cf705e1237a369a,ood
SP-021:norte:000500:2025-03-06,SP-021:norte:000500,SP-021,norte,0.75,open-meteo:era5_seamless:-23.4:-46.7,2025-03-06,76.15,7.7,44.43,25,trigger,synthetic,synthetic,synthetic,synth-v1.0.0,2024,2cf705e1237a369a,ood
SP-021:norte:000500:2025-04-22,SP-021:norte:000500,SP-021,norte,0.75,open-meteo:era5_seamless:-23.4:-46.7,2025-04-22,59.76,6.08,44.43,16,trigger,synthetic,synthetic,synthetic,synth-v1.0.0,2024,2cf705e1237a369a,ood
SP-021:norte:000500:2025-07-09,SP-021:norte:000500,SP-021,norte,0.75,open-meteo:era5_seamless:-23.4:-46.7,2025-07-09,49.89,4.43,44.43,17,trigger,synthetic,synthetic,synthetic,synth-v1.0.0,2024,2cf705e1237a369a,ood
SP-021:norte:000500:2025-10-14,SP-021:norte:000500,SP-021,norte,0.75,open-meteo:era5_seamless:-23.4:-46.7,2025-10-14,51.41,3.34,44.43,2,trigger,synthetic,synthetic,synthetic,synth-v1.0.0,2024,2cf705e1237a369a,ood
SP-021:norte:000500:2025-12-06,SP-021:norte:000500,SP-021,norte,0.75,open-meteo:era5_seamless:-23.4:-46.7,2025-12-06,52.89,4.26,44.43,6,trigger,synthetic,synthetic,synthetic,synth-v1.0.0,2024,2cf705e1237a369a,ood
SP-021:norte:000500:2026-02-17,SP-021:norte:000500,SP-021,norte,0.75,open-meteo:era5_seamless:-23.4:-46.7,2026-02-17,80.31,6.41,44.43,44,trigger,synthetic,synthetic,synthetic,synth-v1.0.0,2024,2cf705e1237a369a,ood
SP-021:norte:000500:2026-03-28,SP-021:norte:000500,SP-021,norte,0.75,open-meteo:era5_seamless:-23.4:-46.7,2026-03-28,63.59,5.28,44.43,13,trigger,synthetic,synthetic,synthetic,synth-v1.0.0,2024,2cf705e1237a369a,ood
SP-021:norte:000500:2026-05-11,SP-021:norte:000500,SP-021,norte,0.75,open-meteo:era5_seamless:-23.4:-46.7,2026-05-11,51.4,6.64,44.43,8,trigger,synthetic,synthetic,synthetic,synth-v1.0.0,2024,2cf705e1237a369a,ood
SP-021:norte:000500:2026-08-24,SP-021:norte:000500,SP-021,norte,0.75,open-meteo:era5_seamless:-23.4:-46.7,2026-08-24,54.63,4.35,44.43,15,trigger,synthetic,synthetic,synthetic,synth-v1.0.0,2024,2cf705e1237a369a,ood
SP-021:sul:000500:2023-02-02,SP-021:sul:000500,SP-021,sul,0.75,open-meteo:era5_seamless:-23.4:-46.7,2023-02-02,56.24,3.73,46.21,4,trigger,synthetic,synthetic,synthetic,synth-v1.0.0,2024,2cf705e1237a369a,ood
SP-021:sul:000500:2023-04-26,SP-021:sul:000500,SP-021,sul,0.75,open-meteo:era5_seamless:-23.4:-46.7,2023-04-26,76.18,5.66,46.21,45,trigger,synthetic,synthetic,synthetic,synth-v1.0.0,2024,2cf705e1237a369a,ood
SP-021:sul:000500:2023-09-06,SP-021:sul:000500,SP-021,sul,0.75,open-meteo:era5_seamless:-23.4:-46.7,2023-09-06,47.66,3.68,46.21,3,trigger,synthetic,synthetic,synthetic,synth-v1.0.0,2024,2cf705e1237a369a,ood
SP-021:sul:000500:2023-11-10,SP-021:sul:000500,SP-021,sul,0.75,open-meteo:era5_seamless:-23.4:-46.7,2023-11-10,58.43,7.65,46.21,12,trigger,synthetic,synthetic,synthetic,synth-v1.0.0,2024,2cf705e1237a369a,ood
SP-021:sul:000500:2023-12-30,SP-021:sul:000500,SP-021,sul,0.75,open-meteo:era5_seamless:-23.4:-46.7,2023-12-30,49.58,6.46,46.21,6,trigger,synthetic,synthetic,synthetic,synth-v1.0.0,2024,2cf705e1237a369a,ood
SP-021:sul:000500:2024-02-23,SP-021:sul:000500,SP-021,sul,0.75,open-meteo:era5_seamless:-23.4:-46.7,2024-02-23,61.93,7.53,46.21,12,trigger,synthetic,synthetic,synthetic,synth-v1.0.0,2024,2cf705e1237a369a,ood
SP-021:sul:000500:2024-04-17,SP-021:sul:000500,SP-021,sul,0.75,open-meteo:era5_seamless:-23.4:-46.7,2024-04-17,67.65,3.35,46.21,24,trigger,synthetic,synthetic,synthetic,synth-v1.0.0,2024,2cf705e1237a369a,ood
SP-021:sul:000500:2024-08-13,SP-021:sul:000500,SP-021,sul,0.75,open-meteo:era5_seamless:-23.4:-46.7,2024-08-13,54.21,4.07,46.21,9,trigger,synthetic,synthetic,synthetic,synth-v1.0.0,2024,2cf705e1237a369a,ood
SP-021:sul:000500:2024-11-04,SP-021:sul:000500,SP-021,sul,0.75,open-meteo:era5_seamless:-23.4:-46.7,2024-11-04,53.13,7.32,46.21,8,trigger,synthetic,synthetic,synthetic,synth-v1.0.0,2024,2cf705e1237a369a,ood
SP-021:sul:000500:2025-01-12,SP-021:sul:000500,SP-021,sul,0.75,open-meteo:era5_seamless:-23.4:-46.7,2025-01-12,72.08,7.83,46.21,28,trigger,synthetic,synthetic,synthetic,synth-v1.0.0,2024,2cf705e1237a369a,ood
SP-021:sul:000500:2025-02-24,SP-021:sul:000500,SP-021,sul,0.75,open-meteo:era5_seamless:-23.4:-46.7,2025-02-24,63.6,7.67,46.21,15,trigger,synthetic,synthetic,synthetic,synth-v1.0.0,2024,2cf705e1237a369a,ood
SP-021:sul:000500:2025-04-16,SP-021:sul:000500,SP-021,sul,0.75,open-meteo:era5_seamless:-23.4:-46.7,2025-04-16,49.65,7.58,46.21,3,trigger,synthetic,synthetic,synthetic,synth-v1.0.0,2024,2cf705e1237a369a,ood
SP-021:sul:000500:2025-08-28,SP-021:sul:000500,SP-021,sul,0.75,open-meteo:era5_seamless:-23.4:-46.7,2025-08-28,50.66,4.77,46.21,11,trigger,synthetic,synthetic,synthetic,synth-v1.0.0,2024,2cf705e1237a369a,ood
SP-021:sul:000500:2025-12-05,SP-021:sul:000500,SP-021,sul,0.75,open-meteo:era5_seamless:-23.4:-46.7,2025-12-05,55.8,5.98,46.21,12,trigger,synthetic,synthetic,synthetic,synth-v1.0.0,2024,2cf705e1237a369a,ood
SP-021:sul:000500:2026-01-24,SP-021:sul:000500,SP-021,sul,0.75,open-meteo:era5_seamless:-23.4:-46.7,2026-01-24,53.18,6.52,46.21,13,trigger,synthetic,synthetic,synthetic,synth-v1.0.0,2024,2cf705e1237a369a,ood
SP-021:sul:000500:2026-02-28,SP-021:sul:000500,SP-021,sul,0.75,open-meteo:era5_seamless:-23.4:-46.7,2026-02-28,51.81,3.27,46.21,6,trigger,synthetic,synthetic,synthetic,synth-v1.0.0,2024,2cf705e1237a369a,ood
SP-021:sul:000500:2026-04-11,SP-021:sul:000500,SP-021,sul,0.75,open-meteo:era5_seamless:-23.4:-46.7,2026-04-11,51.15,3.83,46.21,6,trigger,synthetic,synthetic,synthetic,synth-v1.0.0,2024,2cf705e1237a369a,ood
SP-021:sul:000500:2026-08-15,SP-021:sul:000500,SP-021,sul,0.75,open-meteo:era5_seamless:-23.4:-46.7,2026-08-15,50.31,5.57,46.21,13,trigger,synthetic,synthetic,synthetic,synth-v1.0.0,2024,2cf705e1237a369a,ood
SP-021:norte:001000:2023-03-23,SP-021:norte:001000,SP-021,norte,1.25,open-meteo:era5_seamless:-23.4:-46.7,2023-03-23,80.73,4.64,61.8,39,trigger,synthetic,synthetic,synthetic,synth-v1.0.0,2024,2cf705e1237a369a,ood
SP-021:norte:001000:2023-09-13,SP-021:norte:001000,SP-021,norte,1.25,open-meteo:era5_seamless:-23.4:-46.7,2023-09-13,61.43,3.31,61.8,24,proactive,synthetic,synthetic,synthetic,synth-v1.0.0,2024,2cf705e1237a369a,ood
SP-021:norte:001000:2023-12-15,SP-021:norte:001000,SP-021,norte,1.25,open-meteo:era5_seamless:-23.4:-46.7,2023-12-15,68.15,6.35,61.8,12,trigger,synthetic,synthetic,synthetic,synth-v1.0.0,2024,2cf705e1237a369a,ood
SP-021:norte:001000:2024-03-05,SP-021:norte:001000,SP-021,norte,1.25,open-meteo:era5_seamless:-23.4:-46.7,2024-03-05,70.64,3.83,61.8,9,trigger,synthetic,synthetic,synthetic,synth-v1.0.0,2024,2cf705e1237a369a,ood
SP-021:norte:001000:2024-05-02,SP-021:norte:001000,SP-021,norte,1.25,open-meteo:era5_seamless:-23.4:-46.7,2024-05-02,61.28,7.31,61.8,4,proactive,synthetic,synthetic,synthetic,synth-v1.0.0,2024,2cf705e1237a369a,ood
SP-021:norte:001000:2024-10-26,SP-021:norte:001000,SP-021,norte,1.25,open-meteo:era5_seamless:-23.4:-46.7,2024-10-26,65.63,3.43,61.8,13,trigger,synthetic,synthetic,synthetic,synth-v1.0.0,2024,2cf705e1237a369a,ood
SP-021:norte:001000:2025-01-11,SP-021:norte:001000,SP-021,norte,1.25,open-meteo:era5_seamless:-23.4:-46.7,2025-01-11,69.94,6.56,61.8,13,trigger,synthetic,synthetic,synthetic,synth-v1.0.0,2024,2cf705e1237a369a,ood
SP-021:norte:001000:2025-03-08,SP-021:norte:001000,SP-021,norte,1.25,open-meteo:era5_seamless:-23.4:-46.7,2025-03-08,66.34,4.76,61.8,6,trigger,synthetic,synthetic,synthetic,synth-v1.0.0,2024,2cf705e1237a369a,ood
SP-021:norte:001000:2025-05-07,SP-021:norte:001000,SP-021,norte,1.25,open-meteo:era5_seamless:-23.4:-46.7,2025-05-07,50.69,7.24,61.8,3,proactive,synthetic,synthetic,synthetic,synth-v1.0.0,2024,2cf705e1237a369a,ood
SP-021:norte:001000:2025-12-11,SP-021:norte:001000,SP-021,norte,1.25,open-meteo:era5_seamless:-23.4:-46.7,2025-12-11,68.77,4.28,61.8,18,trigger,synthetic,synthetic,synthetic,synth-v1.0.0,2024,2cf705e1237a369a,ood
SP-021:norte:001000:2026-02-27,SP-021:norte:001000,SP-021,norte,1.25,open-meteo:era5_seamless:-23.4:-46.7,2026-02-27,70.46,7.35,61.8,12,trigger,synthetic,synthetic,synthetic,synth-v1.0.0,2024,2cf705e1237a369a,ood
SP-021:norte:001000:2026-05-25,SP-021:norte:001000,SP-021,norte,1.25,open-meteo:era5_seamless:-23.4:-46.7,2026-05-25,63.28,7.75,61.8,8,trigger,synthetic,synthetic,synthetic,synth-v1.0.0,2024,2cf705e1237a369a,ood
SP-021:sul:001000:2023-02-06,SP-021:sul:001000,SP-021,sul,1.25,open-meteo:era5_seamless:-23.4:-46.7,2023-02-06,78.97,5.58,58.84,15,trigger,synthetic,synthetic,synthetic,synth-v1.0.0,2024,2cf705e1237a369a,ood
SP-021:sul:001000:2023-03-20,SP-021:sul:001000,SP-021,sul,1.25,open-meteo:era5_seamless:-23.4:-46.7,2023-03-20,71.67,7.11,58.84,22,proactive,synthetic,synthetic,synthetic,synth-v1.0.0,2024,2cf705e1237a369a,ood
SP-021:sul:001000:2023-06-02,SP-021:sul:001000,SP-021,sul,1.25,open-meteo:era5_seamless:-23.4:-46.7,2023-06-02,62.6,4.3,58.84,19,trigger,synthetic,synthetic,synthetic,synth-v1.0.0,2024,2cf705e1237a369a,ood
SP-021:sul:001000:2023-10-09,SP-021:sul:001000,SP-021,sul,1.25,open-meteo:era5_seamless:-23.4:-46.7,2023-10-09,66.65,3.23,58.84,8,trigger,synthetic,synthetic,synthetic,synth-v1.0.0,2024,2cf705e1237a369a,ood
SP-021:sul:001000:2023-12-29,SP-021:sul:001000,SP-021,sul,1.25,open-meteo:era5_seamless:-23.4:-46.7,2023-12-29,85.44,3.51,58.84,40,trigger,synthetic,synthetic,synthetic,synth-v1.0.0,2024,2cf705e1237a369a,ood
SP-021:sul:001000:2024-02-05,SP-021:sul:001000,SP-021,sul,1.25,open-meteo:era5_seamless:-23.4:-46.7,2024-02-05,51.13,3.57,58.84,8,proactive,synthetic,synthetic,synthetic,synth-v1.0.0,2024,2cf705e1237a369a,ood
SP-021:sul:001000:2024-03-24,SP-021:sul:001000,SP-021,sul,1.25,open-meteo:era5_seamless:-23.4:-46.7,2024-03-24,82.45,6.93,58.84,14,trigger,synthetic,synthetic,synthetic,synth-v1.0.0,2024,2cf705e1237a369a,ood
SP-021:sul:001000:2024-05-13,SP-021:sul:001000,SP-021,sul,1.25,open-meteo:era5_seamless:-23.4:-46.7,2024-05-13,69.31,5.49,58.84,15,trigger,synthetic,synthetic,synthetic,synth-v1.0.0,2024,2cf705e1237a369a,ood
SP-021:sul:001000:2024-09-14,SP-021:sul:001000,SP-021,sul,1.25,open-meteo:era5_seamless:-23.4:-46.7,2024-09-14,63.11,4.98,58.84,6,trigger,synthetic,synthetic,synthetic,synth-v1.0.0,2024,2cf705e1237a369a,ood
SP-021:sul:001000:2024-11-14,SP-021:sul:001000,SP-021,sul,1.25,open-meteo:era5_seamless:-23.4:-46.7,2024-11-14,59.92,6.78,58.84,18,proactive,synthetic,synthetic,synthetic,synth-v1.0.0,2024,2cf705e1237a369a,ood
SP-021:sul:001000:2025-01-13,SP-021:sul:001000,SP-021,sul,1.25,open-meteo:era5_seamless:-23.4:-46.7,2025-01-13,84.57,5.51,58.84,22,trigger,synthetic,synthetic,synthetic,synth-v1.0.0,2024,2cf705e1237a369a,ood
SP-021:sul:001000:2025-02-27,SP-021:sul:001000,SP-021,sul,1.25,open-meteo:era5_seamless:-23.4:-46.7,2025-02-27,78.92,6.87,58.84,11,trigger,synthetic,synthetic,synthetic,synth-v1.0.0,2024,2cf705e1237a369a,ood
SP-021:sul:001000:2025-04-18,SP-021:sul:001000,SP-021,sul,1.25,open-meteo:era5_seamless:-23.4:-46.7,2025-04-18,61.76,5.35,58.84,26,proactive,synthetic,synthetic,synthetic,synth-v1.0.0,2024,2cf705e1237a369a,ood
SP-021:sul:001000:2025-09-09,SP-021:sul:001000,SP-021,sul,1.25,open-meteo:era5_seamless:-23.4:-46.7,2025-09-09,64.74,3.91,58.84,16,trigger,synthetic,synthetic,synthetic,synth-v1.0.0,2024,2cf705e1237a369a,ood
SP-021:sul:001000:2025-12-10,SP-021:sul:001000,SP-021,sul,1.25,open-meteo:era5_seamless:-23.4:-46.7,2025-12-10,68.31,5.32,58.84,10,trigger,synthetic,synthetic,synthetic,synth-v1.0.0,2024,2cf705e1237a369a,ood
SP-021:sul:001000:2026-02-14,SP-021:sul:001000,SP-021,sul,1.25,open-meteo:era5_seamless:-23.4:-46.7,2026-02-14,84.22,4.25,58.84,27,trigger,synthetic,synthetic,synthetic,synth-v1.0.0,2024,2cf705e1237a369a,ood
SP-021:sul:001000:2026-04-20,SP-021:sul:001000,SP-021,sul,1.25,open-meteo:era5_seamless:-23.4:-46.7,2026-04-20,82.94,5.84,58.84,29,trigger,synthetic,synthetic,synthetic,synth-v1.0.0,2024,2cf705e1237a369a,ood
SP-021:sul:001000:2026-09-01,SP-021:sul:001000,SP-021,sul,1.25,open-meteo:era5_seamless:-23.4:-46.7,2026-09-01,65.63,5.51,58.84,18,trigger,synthetic,synthetic,synthetic,synth-v1.0.0,2024,2cf705e1237a369a,ood
SP-021:norte:001500:2023-02-09,SP-021:norte:001500,SP-021,norte,1.75,open-meteo:era5_seamless:-23.4:-46.7,2023-02-09,56.77,7.24,54.16,4,trigger,synthetic,synthetic,synthetic,synth-v1.0.0,2024,2cf705e1237a369a,ood
SP-021:norte:001500:2023-04-10,SP-021:norte:001500,SP-021,norte,1.75,open-meteo:era5_seamless:-23.4:-46.7,2023-04-10,62.33,6.63,54.16,15,trigger,synthetic,synthetic,synthetic,synth-v1.0.0,2024,2cf705e1237a369a,ood
SP-021:norte:001500:2023-08-25,SP-021:norte:001500,SP-021,norte,1.75,open-meteo:era5_seamless:-23.4:-46.7,2023-08-25,47.67,7.69,54.16,5,proactive,synthetic,synthetic,synthetic,synth-v1.0.0,2024,2cf705e1237a369a,ood
SP-021:norte:001500:2023-11-15,SP-021:norte:001500,SP-021,norte,1.75,open-meteo:era5_seamless:-23.4:-46.7,2023-11-15,59.15,4.63,54.16,10,trigger,synthetic,synthetic,synthetic,synth-v1.0.0,2024,2cf705e1237a369a,ood
SP-021:norte:001500:2024-01-31,SP-021:norte:001500,SP-021,norte,1.75,open-meteo:era5_seamless:-23.4:-46.7,2024-01-31,55.96,7.96,54.16,3,trigger,synthetic,synthetic,synthetic,synth-v1.0.0,2024,2cf705e1237a369a,ood
SP-021:norte:001500:2024-03-01,SP-021:norte:001500,SP-021,norte,1.75,open-meteo:era5_seamless:-23.4:-46.7,2024-03-01,42.92,7.8,54.16,5,proactive,synthetic,synthetic,synthetic,synth-v1.0.0,2024,2cf705e1237a369a,ood
SP-021:norte:001500:2024-04-20,SP-021:norte:001500,SP-021,norte,1.75,open-meteo:era5_seamless:-23.4:-46.7,2024-04-20,57.36,5.06,54.16,6,trigger,synthetic,synthetic,synthetic,synth-v1.0.0,2024,2cf705e1237a369a,ood
SP-021:norte:001500:2024-09-27,SP-021:norte:001500,SP-021,norte,1.75,open-meteo:era5_seamless:-23.4:-46.7,2024-09-27,57.5,5.96,54.16,12,trigger,synthetic,synthetic,synthetic,synth-v1.0.0,2024,2cf705e1237a369a,ood
SP-021:norte:001500:2024-12-25,SP-021:norte:001500,SP-021,norte,1.75,open-meteo:era5_seamless:-23.4:-46.7,2024-12-25,64.98,3.05,54.16,17,trigger,synthetic,synthetic,synthetic,synth-v1.0.0,2024,2cf705e1237a369a,ood
SP-021:norte:001500:2025-02-25,SP-021:norte:001500,SP-021,norte,1.75,open-meteo:era5_seamless:-23.4:-46.7,2025-02-25,63.77,3.46,54.16,9,trigger,synthetic,synthetic,synthetic,synth-v1.0.0,2024,2cf705e1237a369a,ood
SP-021:norte:001500:2025-05-21,SP-021:norte:001500,SP-021,norte,1.75,open-meteo:era5_seamless:-23.4:-46.7,2025-05-21,58.88,6.64,54.16,10,trigger,synthetic,synthetic,synthetic,synth-v1.0.0,2024,2cf705e1237a369a,ood
SP-021:norte:001500:2025-12-16,SP-021:norte:001500,SP-021,norte,1.75,open-meteo:era5_seamless:-23.4:-46.7,2025-12-16,63.4,3.16,54.16,23,trigger,synthetic,synthetic,synthetic,synth-v1.0.0,2024,2cf705e1237a369a,ood
SP-021:norte:001500:2026-03-07,SP-021:norte:001500,SP-021,norte,1.75,open-meteo:era5_seamless:-23.4:-46.7,2026-03-07,66.49,7.88,54.16,20,trigger,synthetic,synthetic,synthetic,synth-v1.0.0,2024,2cf705e1237a369a,ood
SP-021:norte:001500:2026-06-01,SP-021:norte:001500,SP-021,norte,1.75,open-meteo:era5_seamless:-23.4:-46.7,2026-06-01,57.57,4.71,54.16,22,trigger,synthetic,synthetic,synthetic,synth-v1.0.0,2024,2cf705e1237a369a,ood
SP-021:sul:001500:2023-02-11,SP-021:sul:001500,SP-021,sul,1.75,open-meteo:era5_seamless:-23.4:-46.7,2023-02-11,75.93,4.51,65.0,6,trigger,synthetic,synthetic,synthetic,synth-v1.0.0,2024,2cf705e1237a369a,ood
SP-021:sul:001500:2023-03-19,SP-021:sul:001500,SP-021,sul,1.75,open-meteo:era5_seamless:-23.4:-46.7,2023-03-19,65.96,7.91,65.0,7,proactive,synthetic,synthetic,synthetic,synth-v1.0.0,2024,2cf705e1237a369a,ood
SP-021:sul:001500:2023-06-06,SP-021:sul:001500,SP-021,sul,1.75,open-meteo:era5_seamless:-23.4:-46.7,2023-06-06,68.1,7.9,65.0,23,trigger,synthetic,synthetic,synthetic,synth-v1.0.0,2024,2cf705e1237a369a,ood
SP-021:sul:001500:2023-11-01,SP-021:sul:001500,SP-021,sul,1.75,open-meteo:era5_seamless:-23.4:-46.7,2023-11-01,83.13,5.67,65.0,24,trigger,synthetic,synthetic,synthetic,synth-v1.0.0,2024,2cf705e1237a369a,ood
SP-021:sul:001500:2024-01-14,SP-021:sul:001500,SP-021,sul,1.75,open-meteo:era5_seamless:-23.4:-46.7,2024-01-14,75.16,5.89,65.0,21,trigger,synthetic,synthetic,synthetic,synth-v1.0.0,2024,2cf705e1237a369a,ood
SP-021:sul:001500:2024-03-05,SP-021:sul:001500,SP-021,sul,1.75,open-meteo:era5_seamless:-23.4:-46.7,2024-03-05,78.73,7.97,65.0,23,proactive,synthetic,synthetic,synthetic,synth-v1.0.0,2024,2cf705e1237a369a,ood
SP-021:sul:001500:2024-04-26,SP-021:sul:001500,SP-021,sul,1.75,open-meteo:era5_seamless:-23.4:-46.7,2024-04-26,77.64,7.95,65.0,12,trigger,synthetic,synthetic,synthetic,synth-v1.0.0,2024,2cf705e1237a369a,ood
SP-021:sul:001500:2024-10-09,SP-021:sul:001500,SP-021,sul,1.75,open-meteo:era5_seamless:-23.4:-46.7,2024-10-09,79.68,3.11,65.0,45,trigger,synthetic,synthetic,synthetic,synth-v1.0.0,2024,2cf705e1237a369a,ood
SP-021:sul:001500:2024-12-30,SP-021:sul:001500,SP-021,sul,1.75,open-meteo:era5_seamless:-23.4:-46.7,2024-12-30,85.65,4.85,65.0,29,trigger,synthetic,synthetic,synthetic,synth-v1.0.0,2024,2cf705e1237a369a,ood
SP-021:sul:001500:2025-02-17,SP-021:sul:001500,SP-021,sul,1.75,open-meteo:era5_seamless:-23.4:-46.7,2025-02-17,78.4,5.14,65.0,8,trigger,synthetic,synthetic,synthetic,synth-v1.0.0,2024,2cf705e1237a369a,ood
SP-021:sul:001500:2025-04-24,SP-021:sul:001500,SP-021,sul,1.75,open-meteo:era5_seamless:-23.4:-46.7,2025-04-24,77.12,3.13,65.0,18,trigger,synthetic,synthetic,synthetic,synth-v1.0.0,2024,2cf705e1237a369a,ood
SP-021:sul:001500:2025-09-21,SP-021:sul:001500,SP-021,sul,1.75,open-meteo:era5_seamless:-23.4:-46.7,2025-09-21,66.68,7.92,65.0,7,proactive,synthetic,synthetic,synthetic,synth-v1.0.0,2024,2cf705e1237a369a,ood
SP-021:sul:001500:2025-12-16,SP-021:sul:001500,SP-021,sul,1.75,open-meteo:era5_seamless:-23.4:-46.7,2025-12-16,71.65,7.27,65.0,9,trigger,synthetic,synthetic,synthetic,synth-v1.0.0,2024,2cf705e1237a369a,ood
SP-021:sul:001500:2026-02-09,SP-021:sul:001500,SP-021,sul,1.75,open-meteo:era5_seamless:-23.4:-46.7,2026-02-09,74.89,6.49,65.0,8,trigger,synthetic,synthetic,synthetic,synth-v1.0.0,2024,2cf705e1237a369a,ood
SP-021:sul:001500:2026-04-09,SP-021:sul:001500,SP-021,sul,1.75,open-meteo:era5_seamless:-23.4:-46.7,2026-04-09,82.61,3.86,65.0,18,trigger,synthetic,synthetic,synthetic,synth-v1.0.0,2024,2cf705e1237a369a,ood
SP-021:sul:001500:2026-09-01,SP-021:sul:001500,SP-021,sul,1.75,open-meteo:era5_seamless:-23.4:-46.7,2026-09-01,72.39,5.04,65.0,35,trigger,synthetic,synthetic,synthetic,synth-v1.0.0,2024,2cf705e1237a369a,ood
SP-021:norte:002000:2023-02-12,SP-021:norte:002000,SP-021,norte,2.25,open-meteo:era5_seamless:-23.4:-46.7,2023-02-12,78.18,5.61,54.41,21,trigger,synthetic,synthetic,synthetic,synth-v1.0.0,2024,2cf705e1237a369a,ood
SP-021:norte:002000:2023-04-05,SP-021:norte:002000,SP-021,norte,2.25,open-meteo:era5_seamless:-23.4:-46.7,2023-04-05,71.92,6.22,54.41,17,trigger,synthetic,synthetic,synthetic,synth-v1.0.0,2024,2cf705e1237a369a,ood
SP-021:norte:002000:2023-08-14,SP-021:norte:002000,SP-021,norte,2.25,open-meteo:era5_seamless:-23.4:-46.7,2023-08-14,56.81,6.14,54.41,8,trigger,synthetic,synthetic,synthetic,synth-v1.0.0,2024,2cf705e1237a369a,ood
SP-021:norte:002000:2023-11-22,SP-021:norte:002000,SP-021,norte,2.25,open-meteo:era5_seamless:-23.4:-46.7,2023-11-22,78.46,4.82,54.41,31,trigger,synthetic,synthetic,synthetic,synth-v1.0.0,2024,2cf705e1237a369a,ood
SP-021:norte:002000:2024-02-05,SP-021:norte:002000,SP-021,norte,2.25,open-meteo:era5_seamless:-23.4:-46.7,2024-02-05,71.77,6.33,54.41,22,trigger,synthetic,synthetic,synthetic,synth-v1.0.0,2024,2cf705e1237a369a,ood
SP-021:norte:002000:2024-03-24,SP-021:norte:002000,SP-021,norte,2.25,open-meteo:era5_seamless:-23.4:-46.7,2024-03-24,72.54,4.61,54.41,14,trigger,synthetic,synthetic,synthetic,synth-v1.0.0,2024,2cf705e1237a369a,ood
SP-021:norte:002000:2024-05-24,SP-021:norte:002000,SP-021,norte,2.25,open-meteo:era5_seamless:-23.4:-46.7,2024-05-24,64.97,6.02,54.41,19,trigger,synthetic,synthetic,synthetic,synth-v1.0.0,2024,2cf705e1237a369a,ood
SP-021:norte:002000:2024-09-29,SP-021:norte:002000,SP-021,norte,2.25,open-meteo:era5_seamless:-23.4:-46.7,2024-09-29,61.27,7.98,54.41,14,trigger,synthetic,synthetic,synthetic,synth-v1.0.0,2024,2cf705e1237a369a,ood
SP-021:norte:002000:2024-11-28,SP-021:norte:002000,SP-021,norte,2.25,open-meteo:era5_seamless:-23.4:-46.7,2024-11-28,61.65,6.19,54.41,4,trigger,synthetic,synthetic,synthetic,synth-v1.0.0,2024,2cf705e1237a369a,ood
SP-021:norte:002000:2025-01-30,SP-021:norte:002000,SP-021,norte,2.25,open-meteo:era5_seamless:-23.4:-46.7,2025-01-30,78.9,3.17,54.41,25,trigger,synthetic,synthetic,synthetic,synth-v1.0.0,2024,2cf705e1237a369a,ood
SP-021:norte:002000:2025-03-23,SP-021:norte:002000,SP-021,norte,2.25,open-meteo:era5_seamless:-23.4:-46.7,2025-03-23,68.12,4.25,54.41,21,trigger,synthetic,synthetic,synthetic,synth-v1.0.0,2024,2cf705e1237a369a,ood
SP-021:norte:002000:2025-05-27,SP-021:norte:002000,SP-021,norte,2.25,open-meteo:era5_seamless:-23.4:-46.7,2025-05-27,61.56,5.97,54.41,16,trigger,synthetic,synthetic,synthetic,synth-v1.0.0,2024,2cf705e1237a369a,ood
SP-021:norte:002000:2025-10-22,SP-021:norte:002000,SP-021,norte,2.25,open-meteo:era5_seamless:-23.4:-46.7,2025-10-22,54.73,4.26,54.41,3,trigger,synthetic,synthetic,synthetic,synth-v1.0.0,2024,2cf705e1237a369a,ood
SP-021:norte:002000:2026-01-07,SP-021:norte:002000,SP-021,norte,2.25,open-meteo:era5_seamless:-23.4:-46.7,2026-01-07,71.17,6.05,54.41,17,trigger,synthetic,synthetic,synthetic,synth-v1.0.0,2024,2cf705e1237a369a,ood
SP-021:norte:002000:2026-03-22,SP-021:norte:002000,SP-021,norte,2.25,open-meteo:era5_seamless:-23.4:-46.7,2026-03-22,79.92,4.05,54.41,28,trigger,synthetic,synthetic,synthetic,synth-v1.0.0,2024,2cf705e1237a369a,ood
SP-021:norte:002000:2026-06-09,SP-021:norte:002000,SP-021,norte,2.25,open-meteo:era5_seamless:-23.4:-46.7,2026-06-09,57.82,6.19,54.41,9,trigger,synthetic,synthetic,synthetic,synth-v1.0.0,2024,2cf705e1237a369a,ood
SP-021:sul:002000:2023-02-10,SP-021:sul:002000,SP-021,sul,2.25,open-meteo:era5_seamless:-23.4:-46.7,2023-02-10,55.39,6.38,59.96,5,proactive,synthetic,synthetic,synthetic,synth-v1.0.0,2024,2cf705e1237a369a,ood
SP-021:sul:002000:2023-04-24,SP-021:sul:002000,SP-021,sul,2.25,open-meteo:era5_seamless:-23.4:-46.7,2023-04-24,65.31,4.63,59.96,15,trigger,synthetic,synthetic,synthetic,synth-v1.0.0,2024,2cf705e1237a369a,ood
SP-021:sul:002000:2023-09-02,SP-021:sul:002000,SP-021,sul,2.25,open-meteo:era5_seamless:-23.4:-46.7,2023-09-02,42.25,5.93,59.96,13,proactive,synthetic,synthetic,synthetic,synth-v1.0.0,2024,2cf705e1237a369a,ood
SP-021:sul:002000:2023-11-28,SP-021:sul:002000,SP-021,sul,2.25,open-meteo:era5_seamless:-23.4:-46.7,2023-11-28,63.09,7.76,59.96,9,trigger,synthetic,synthetic,synthetic,synth-v1.0.0,2024,2cf705e1237a369a,ood
SP-021:sul:002000:2024-03-08,SP-021:sul:002000,SP-021,sul,2.25,open-meteo:era5_seamless:-23.4:-46.7,2024-03-08,72.15,6.94,59.96,26,trigger,synthetic,synthetic,synthetic,synth-v1.0.0,2024,2cf705e1237a369a,ood
SP-021:sul:002000:2024-05-22,SP-021:sul:002000,SP-021,sul,2.25,open-meteo:era5_seamless:-23.4:-46.7,2024-05-22,63.39,5.25,59.96,10,trigger,synthetic,synthetic,synthetic,synth-v1.0.0,2024,2cf705e1237a369a,ood
SP-021:sul:002000:2024-11-19,SP-021:sul:002000,SP-021,sul,2.25,open-meteo:era5_seamless:-23.4:-46.7,2024-11-19,67.37,3.72,59.96,16,trigger,synthetic,synthetic,synthetic,synth-v1.0.0,2024,2cf705e1237a369a,ood
SP-021:sul:002000:2025-01-29,SP-021:sul:002000,SP-021,sul,2.25,open-meteo:era5_seamless:-23.4:-46.7,2025-01-29,66.66,3.19,59.96,10,trigger,synthetic,synthetic,synthetic,synth-v1.0.0,2024,2cf705e1237a369a,ood
SP-021:sul:002000:2025-05-02,SP-021:sul:002000,SP-021,sul,2.25,open-meteo:era5_seamless:-23.4:-46.7,2025-05-02,70.17,7.59,59.96,26,trigger,synthetic,synthetic,synthetic,synth-v1.0.0,2024,2cf705e1237a369a,ood
SP-021:sul:002000:2025-11-29,SP-021:sul:002000,SP-021,sul,2.25,open-meteo:era5_seamless:-23.4:-46.7,2025-11-29,64.37,3.22,59.96,13,trigger,synthetic,synthetic,synthetic,synth-v1.0.0,2024,2cf705e1237a369a,ood
SP-021:sul:002000:2026-02-22,SP-021:sul:002000,SP-021,sul,2.25,open-meteo:era5_seamless:-23.4:-46.7,2026-02-22,68.88,3.33,59.96,14,trigger,synthetic,synthetic,synthetic,synth-v1.0.0,2024,2cf705e1237a369a,ood
SP-021:sul:002000:2026-04-08,SP-021:sul:002000,SP-021,sul,2.25,open-meteo:era5_seamless:-23.4:-46.7,2026-04-08,50.39,4.28,59.96,10,proactive,synthetic,synthetic,synthetic,synth-v1.0.0,2024,2cf705e1237a369a,ood
SP-021:norte:002500:2023-01-22,SP-021:norte:002500,SP-021,norte,2.75,open-meteo:era5_seamless:-23.4:-46.7,2023-01-22,61.16,3.83,42.63,7,trigger,synthetic,synthetic,synthetic,synth-v1.0.0,2024,2cf705e1237a369a,ood
SP-021:norte:002500:2023-03-03,SP-021:norte:002500,SP-021,norte,2.75,open-meteo:era5_seamless:-23.4:-46.7,2023-03-03,58.52,3.49,42.63,19,proactive,synthetic,synthetic,synthetic,synth-v1.0.0,2024,2cf705e1237a369a,ood
SP-021:norte:002500:2023-04-26,SP-021:norte:002500,SP-021,norte,2.75,open-meteo:era5_seamless:-23.4:-46.7,2023-04-26,58.34,5.9,42.63,24,trigger,synthetic,synthetic,synthetic,synth-v1.0.0,2024,2cf705e1237a369a,ood
SP-021:norte:002500:2023-08-20,SP-021:norte:002500,SP-021,norte,2.75,open-meteo:era5_seamless:-23.4:-46.7,2023-08-20,44.72,6.59,42.63,7,proactive,synthetic,synthetic,synthetic,synth-v1.0.0,2024,2cf705e1237a369a,ood
SP-021:norte:002500:2023-11-04,SP-021:norte:002500,SP-021,norte,2.75,open-meteo:era5_seamless:-23.4:-46.7,2023-11-04,64.63,6.69,42.63,20,trigger,synthetic,synthetic,synthetic,synth-v1.0.0,2024,2cf705e1237a369a,ood
SP-021:norte:002500:2023-12-26,SP-021:norte:002500,SP-021,norte,2.75,open-meteo:era5_seamless:-23.4:-46.7,2023-12-26,56.69,4.14,42.63,9,trigger,synthetic,synthetic,synthetic,synth-v1.0.0,2024,2cf705e1237a369a,ood
SP-021:norte:002500:2024-02-21,SP-021:norte:002500,SP-021,norte,2.75,open-meteo:era5_seamless:-23.4:-46.7,2024-02-21,63.79,6.07,42.63,17,trigger,synthetic,synthetic,synthetic,synth-v1.0.0,2024,2cf705e1237a369a,ood
SP-021:norte:002500:2024-03-27,SP-021:norte:002500,SP-021,norte,2.75,open-meteo:era5_seamless:-23.4:-46.7,2024-03-27,56.97,5.57,42.63,10,trigger,synthetic,synthetic,synthetic,synth-v1.0.0,2024,2cf705e1237a369a,ood
SP-021:norte:002500:2024-05-11,SP-021:norte:002500,SP-021,norte,2.75,open-meteo:era5_seamless:-23.4:-46.7,2024-05-11,51.92,6.62,42.63,13,trigger,synthetic,synthetic,synthetic,synth-v1.0.0,2024,2cf705e1237a369a,ood
SP-021:norte:002500:2024-09-09,SP-021:norte:002500,SP-021,norte,2.75,open-meteo:era5_seamless:-23.4:-46.7,2024-09-09,53.81,4.41,42.63,22,trigger,synthetic,synthetic,synthetic,synth-v1.0.0,2024,2cf705e1237a369a,ood
SP-021:norte:002500:2024-11-21,SP-021:norte:002500,SP-021,norte,2.75,open-meteo:era5_seamless:-23.4:-46.7,2024-11-21,59.36,4.37,42.63,11,trigger,synthetic,synthetic,synthetic,synth-v1.0.0,2024,2cf705e1237a369a,ood
SP-021:norte:002500:2025-01-02,SP-021:norte:002500,SP-021,norte,2.75,open-meteo:era5_seamless:-23.4:-46.7,2025-01-02,55.59,4.71,42.63,11,trigger,synthetic,synthetic,synthetic,synth-v1.0.0,2024,2cf705e1237a369a,ood
SP-021:norte:002500:2025-02-25,SP-021:norte:002500,SP-021,norte,2.75,open-meteo:era5_seamless:-23.4:-46.7,2025-02-25,76.2,4.45,42.63,16,trigger,synthetic,synthetic,synthetic,synth-v1.0.0,2024,2cf705e1237a369a,ood
SP-021:norte:002500:2025-04-17,SP-021:norte:002500,SP-021,norte,2.75,open-meteo:era5_seamless:-23.4:-46.7,2025-04-17,52.92,6.35,42.63,11,trigger,synthetic,synthetic,synthetic,synth-v1.0.0,2024,2cf705e1237a369a,ood
SP-021:norte:002500:2025-07-01,SP-021:norte:002500,SP-021,norte,2.75,open-meteo:era5_seamless:-23.4:-46.7,2025-07-01,44.97,7.29,42.63,2,trigger,synthetic,synthetic,synthetic,synth-v1.0.0,2024,2cf705e1237a369a,ood
SP-021:norte:002500:2025-10-18,SP-021:norte:002500,SP-021,norte,2.75,open-meteo:era5_seamless:-23.4:-46.7,2025-10-18,45.54,3.95,42.63,6,trigger,synthetic,synthetic,synthetic,synth-v1.0.0,2024,2cf705e1237a369a,ood
SP-021:norte:002500:2025-12-30,SP-021:norte:002500,SP-021,norte,2.75,open-meteo:era5_seamless:-23.4:-46.7,2025-12-30,62.89,4.92,42.63,16,trigger,synthetic,synthetic,synthetic,synth-v1.0.0,2024,2cf705e1237a369a,ood
SP-021:norte:002500:2026-03-06,SP-021:norte:002500,SP-021,norte,2.75,open-meteo:era5_seamless:-23.4:-46.7,2026-03-06,72.55,7.37,42.63,26,trigger,synthetic,synthetic,synthetic,synth-v1.0.0,2024,2cf705e1237a369a,ood
SP-021:norte:002500:2026-04-21,SP-021:norte:002500,SP-021,norte,2.75,open-meteo:era5_seamless:-23.4:-46.7,2026-04-21,56.61,6.02,42.63,16,trigger,synthetic,synthetic,synthetic,synth-v1.0.0,2024,2cf705e1237a369a,ood
SP-021:norte:002500:2026-08-15,SP-021:norte:002500,SP-021,norte,2.75,open-meteo:era5_seamless:-23.4:-46.7,2026-08-15,49.19,6.05,42.63,13,trigger,synthetic,synthetic,synthetic,synth-v1.0.0,2024,2cf705e1237a369a,ood
SP-021:sul:002500:2023-01-19,SP-021:sul:002500,SP-021,sul,2.75,open-meteo:era5_seamless:-23.4:-46.7,2023-01-19,64.09,3.14,37.95,18,trigger,synthetic,synthetic,synthetic,synth-v1.0.0,2024,2cf705e1237a369a,ood
SP-021:sul:002500:2023-02-08,SP-021:sul:002500,SP-021,sul,2.75,open-meteo:era5_seamless:-23.4:-46.7,2023-02-08,43.81,6.67,37.95,3,trigger,synthetic,synthetic,synthetic,synth-v1.0.0,2024,2cf705e1237a369a,ood
SP-021:sul:002500:2023-03-01,SP-021:sul:002500,SP-021,sul,2.75,open-meteo:era5_seamless:-23.4:-46.7,2023-03-01,45.98,6.2,37.95,3,trigger,synthetic,synthetic,synthetic,synth-v1.0.0,2024,2cf705e1237a369a,ood
SP-021:sul:002500:2023-03-27,SP-021:sul:002500,SP-021,sul,2.75,open-meteo:era5_seamless:-23.4:-46.7,2023-03-27,58.1,7.83,37.95,8,trigger,synthetic,synthetic,synthetic,synth-v1.0.0,2024,2cf705e1237a369a,ood
SP-021:sul:002500:2023-06-03,SP-021:sul:002500,SP-021,sul,2.75,open-meteo:era5_seamless:-23.4:-46.7,2023-06-03,60.59,6.2,37.95,34,trigger,synthetic,synthetic,synthetic,synth-v1.0.0,2024,2cf705e1237a369a,ood
SP-021:sul:002500:2023-08-30,SP-021:sul:002500,SP-021,sul,2.75,open-meteo:era5_seamless:-23.4:-46.7,2023-08-30,47.9,6.56,37.95,10,trigger,synthetic,synthetic,synthetic,synth-v1.0.0,2024,2cf705e1237a369a,ood
SP-021:sul:002500:2023-10-12,SP-021:sul:002500,SP-021,sul,2.75,open-meteo:era5_seamless:-23.4:-46.7,2023-10-12,54.66,7.64,37.95,11,trigger,synthetic,synthetic,synthetic,synth-v1.0.0,2024,2cf705e1237a369a,ood
SP-021:sul:002500:2023-11-14,SP-021:sul:002500,SP-021,sul,2.75,open-meteo:era5_seamless:-23.4:-46.7,2023-11-14,60.44,5.6,37.95,9,trigger,synthetic,synthetic,synthetic,synth-v1.0.0,2024,2cf705e1237a369a,ood
SP-021:sul:002500:2023-12-21,SP-021:sul:002500,SP-021,sul,2.75,open-meteo:era5_seamless:-23.4:-46.7,2023-12-21,54.24,3.97,37.95,11,trigger,synthetic,synthetic,synthetic,synth-v1.0.0,2024,2cf705e1237a369a,ood
SP-021:sul:002500:2024-02-15,SP-021:sul:002500,SP-021,sul,2.75,open-meteo:era5_seamless:-23.4:-46.7,2024-02-15,76.87,7.69,37.95,25,trigger,synthetic,synthetic,synthetic,synth-v1.0.0,2024,2cf705e1237a369a,ood
SP-021:sul:002500:2024-04-04,SP-021:sul:002500,SP-021,sul,2.75,open-meteo:era5_seamless:-23.4:-46.7,2024-04-04,84.23,5.44,37.95,32,trigger,synthetic,synthetic,synthetic,synth-v1.0.0,2024,2cf705e1237a369a,ood
SP-021:sul:002500:2024-05-28,SP-021:sul:002500,SP-021,sul,2.75,open-meteo:era5_seamless:-23.4:-46.7,2024-05-28,68.52,7.78,37.95,30,trigger,synthetic,synthetic,synthetic,synth-v1.0.0,2024,2cf705e1237a369a,ood
SP-021:sul:002500:2024-08-29,SP-021:sul:002500,SP-021,sul,2.75,open-meteo:era5_seamless:-23.4:-46.7,2024-08-29,57.88,6.11,37.95,25,trigger,synthetic,synthetic,synthetic,synth-v1.0.0,2024,2cf705e1237a369a,ood
SP-021:sul:002500:2024-10-28,SP-021:sul:002500,SP-021,sul,2.75,open-meteo:era5_seamless:-23.4:-46.7,2024-10-28,62.38,4.88,37.95,22,trigger,synthetic,synthetic,synthetic,synth-v1.0.0,2024,2cf705e1237a369a,ood
SP-021:sul:002500:2024-12-06,SP-021:sul:002500,SP-021,sul,2.75,open-meteo:era5_seamless:-23.4:-46.7,2024-12-06,65.18,7.83,37.95,12,trigger,synthetic,synthetic,synthetic,synth-v1.0.0,2024,2cf705e1237a369a,ood
SP-021:sul:002500:2025-01-10,SP-021:sul:002500,SP-021,sul,2.75,open-meteo:era5_seamless:-23.4:-46.7,2025-01-10,67.42,6.83,37.95,12,trigger,synthetic,synthetic,synthetic,synth-v1.0.0,2024,2cf705e1237a369a,ood
SP-021:sul:002500:2025-02-20,SP-021:sul:002500,SP-021,sul,2.75,open-meteo:era5_seamless:-23.4:-46.7,2025-02-20,81.11,5.37,37.95,25,trigger,synthetic,synthetic,synthetic,synth-v1.0.0,2024,2cf705e1237a369a,ood
SP-021:sul:002500:2025-03-27,SP-021:sul:002500,SP-021,sul,2.75,open-meteo:era5_seamless:-23.4:-46.7,2025-03-27,53.97,5.14,37.95,18,proactive,synthetic,synthetic,synthetic,synth-v1.0.0,2024,2cf705e1237a369a,ood
SP-021:sul:002500:2025-05-06,SP-021:sul:002500,SP-021,sul,2.75,open-meteo:era5_seamless:-23.4:-46.7,2025-05-06,60.51,7.4,37.95,16,trigger,synthetic,synthetic,synthetic,synth-v1.0.0,2024,2cf705e1237a369a,ood
SP-021:sul:002500:2025-08-11,SP-021:sul:002500,SP-021,sul,2.75,open-meteo:era5_seamless:-23.4:-46.7,2025-08-11,46.91,7.18,37.95,8,trigger,synthetic,synthetic,synthetic,synth-v1.0.0,2024,2cf705e1237a369a,ood
SP-021:sul:002500:2025-10-04,SP-021:sul:002500,SP-021,sul,2.75,open-meteo:era5_seamless:-23.4:-46.7,2025-10-04,46.34,5.22,37.95,13,trigger,synthetic,synthetic,synthetic,synth-v1.0.0,2024,2cf705e1237a369a,ood
SP-021:sul:002500:2025-12-08,SP-021:sul:002500,SP-021,sul,2.75,open-meteo:era5_seamless:-23.4:-46.7,2025-12-08,64.0,7.88,37.95,22,trigger,synthetic,synthetic,synthetic,synth-v1.0.0,2024,2cf705e1237a369a,ood
SP-021:sul:002500:2026-01-16,SP-021:sul:002500,SP-021,sul,2.75,open-meteo:era5_seamless:-23.4:-46.7,2026-01-16,67.76,5.77,37.95,19,trigger,synthetic,synthetic,synthetic,synth-v1.0.0,2024,2cf705e1237a369a,ood
SP-021:sul:002500:2026-03-03,SP-021:sul:002500,SP-021,sul,2.75,open-meteo:era5_seamless:-23.4:-46.7,2026-03-03,78.82,7.09,37.95,23,trigger,synthetic,synthetic,synthetic,synth-v1.0.0,2024,2cf705e1237a369a,ood
SP-021:sul:002500:2026-04-03,SP-021:sul:002500,SP-021,sul,2.75,open-meteo:era5_seamless:-23.4:-46.7,2026-04-03,61.63,3.53,37.95,12,trigger,synthetic,synthetic,synthetic,synth-v1.0.0,2024,2cf705e1237a369a,ood
SP-021:sul:002500:2026-05-24,SP-021:sul:002500,SP-021,sul,2.75,open-meteo:era5_seamless:-23.4:-46.7,2026-05-24,47.62,3.33,37.95,14,trigger,synthetic,synthetic,synthetic,synth-v1.0.0,2024,2cf705e1237a369a,ood
SP-021:sul:002500:2026-08-23,SP-021:sul:002500,SP-021,sul,2.75,open-meteo:era5_seamless:-23.4:-46.7,2026-08-23,52.26,5.36,37.95,14,trigger,synthetic,synthetic,synthetic,synth-v1.0.0,2024,2cf705e1237a369a,ood
SP-021:norte:003000:2023-01-31,SP-021:norte:003000,SP-021,norte,3.25,open-meteo:era5_seamless:-23.4:-46.7,2023-01-31,81.97,3.24,57.1,9,trigger,synthetic,synthetic,synthetic,synth-v1.0.0,2024,2cf705e1237a369a,ood
SP-021:norte:003000:2023-03-24,SP-021:norte:003000,SP-021,norte,3.25,open-meteo:era5_seamless:-23.4:-46.7,2023-03-24,101.91,3.14,57.1,33,proactive,synthetic,synthetic,synthetic,synth-v1.0.0,2024,2cf705e1237a369a,ood
SP-021:norte:003000:2023-05-13,SP-021:norte:003000,SP-021,norte,3.25,open-meteo:era5_seamless:-23.4:-46.7,2023-05-13,72.33,4.63,57.1,13,trigger,synthetic,synthetic,synthetic,synth-v1.0.0,2024,2cf705e1237a369a,ood
SP-021:norte:003000:2023-09-17,SP-021:norte:003000,SP-021,norte,3.25,open-meteo:era5_seamless:-23.4:-46.7,2023-09-17,82.67,3.7,57.1,35,trigger,synthetic,synthetic,synthetic,synth-v1.0.0,2024,2cf705e1237a369a,ood
SP-021:norte:003000:2023-11-04,SP-021:norte:003000,SP-021,norte,3.25,open-meteo:era5_seamless:-23.4:-46.7,2023-11-04,83.31,3.31,57.1,13,trigger,synthetic,synthetic,synthetic,synth-v1.0.0,2024,2cf705e1237a369a,ood
SP-021:norte:003000:2023-12-20,SP-021:norte:003000,SP-021,norte,3.25,open-meteo:era5_seamless:-23.4:-46.7,2023-12-20,82.83,3.21,57.1,17,trigger,synthetic,synthetic,synthetic,synth-v1.0.0,2024,2cf705e1237a369a,ood
SP-021:norte:003000:2024-02-06,SP-021:norte:003000,SP-021,norte,3.25,open-meteo:era5_seamless:-23.4:-46.7,2024-02-06,82.75,6.86,57.1,16,trigger,synthetic,synthetic,synthetic,synth-v1.0.0,2024,2cf705e1237a369a,ood
SP-021:norte:003000:2024-03-12,SP-021:norte:003000,SP-021,norte,3.25,open-meteo:era5_seamless:-23.4:-46.7,2024-03-12,85.94,6.2,57.1,9,trigger,synthetic,synthetic,synthetic,synth-v1.0.0,2024,2cf705e1237a369a,ood
SP-021:norte:003000:2024-04-29,SP-021:norte:003000,SP-021,norte,3.25,open-meteo:era5_seamless:-23.4:-46.7,2024-04-29,90.89,5.65,57.1,22,trigger,synthetic,synthetic,synthetic,synth-v1.0.0,2024,2cf705e1237a369a,ood
SP-021:norte:003000:2024-07-15,SP-021:norte:003000,SP-021,norte,3.25,open-meteo:era5_seamless:-23.4:-46.7,2024-07-15,70.6,7.92,57.1,22,trigger,synthetic,synthetic,synthetic,synth-v1.0.0,2024,2cf705e1237a369a,ood
SP-021:norte:003000:2024-09-22,SP-021:norte:003000,SP-021,norte,3.25,open-meteo:era5_seamless:-23.4:-46.7,2024-09-22,71.57,6.58,57.1,14,trigger,synthetic,synthetic,synthetic,synth-v1.0.0,2024,2cf705e1237a369a,ood
SP-021:norte:003000:2024-11-27,SP-021:norte:003000,SP-021,norte,3.25,open-meteo:era5_seamless:-23.4:-46.7,2024-11-27,92.12,6.86,57.1,24,trigger,synthetic,synthetic,synthetic,synth-v1.0.0,2024,2cf705e1237a369a,ood
SP-021:norte:003000:2025-01-22,SP-021:norte:003000,SP-021,norte,3.25,open-meteo:era5_seamless:-23.4:-46.7,2025-01-22,102.23,5.88,57.1,31,trigger,synthetic,synthetic,synthetic,synth-v1.0.0,2024,2cf705e1237a369a,ood
SP-021:norte:003000:2025-03-07,SP-021:norte:003000,SP-021,norte,3.25,open-meteo:era5_seamless:-23.4:-46.7,2025-03-07,98.98,5.16,57.1,12,trigger,synthetic,synthetic,synthetic,synth-v1.0.0,2024,2cf705e1237a369a,ood
SP-021:norte:003000:2025-05-06,SP-021:norte:003000,SP-021,norte,3.25,open-meteo:era5_seamless:-23.4:-46.7,2025-05-06,89.16,5.22,57.1,30,trigger,synthetic,synthetic,synthetic,synth-v1.0.0,2024,2cf705e1237a369a,ood
SP-021:norte:003000:2025-08-25,SP-021:norte:003000,SP-021,norte,3.25,open-meteo:era5_seamless:-23.4:-46.7,2025-08-25,64.86,7.55,57.1,8,trigger,synthetic,synthetic,synthetic,synth-v1.0.0,2024,2cf705e1237a369a,ood
SP-021:norte:003000:2025-11-08,SP-021:norte:003000,SP-021,norte,3.25,open-meteo:era5_seamless:-23.4:-46.7,2025-11-08,76.6,5.93,57.1,13,trigger,synthetic,synthetic,synthetic,synth-v1.0.0,2024,2cf705e1237a369a,ood
SP-021:norte:003000:2026-01-04,SP-021:norte:003000,SP-021,norte,3.25,open-meteo:era5_seamless:-23.4:-46.7,2026-01-04,93.31,4.54,57.1,21,trigger,synthetic,synthetic,synthetic,synth-v1.0.0,2024,2cf705e1237a369a,ood
SP-021:norte:003000:2026-03-08,SP-021:norte:003000,SP-021,norte,3.25,open-meteo:era5_seamless:-23.4:-46.7,2026-03-08,105.13,5.72,57.1,21,trigger,synthetic,synthetic,synthetic,synth-v1.0.0,2024,2cf705e1237a369a,ood
SP-021:norte:003000:2026-04-09,SP-021:norte:003000,SP-021,norte,3.25,open-meteo:era5_seamless:-23.4:-46.7,2026-04-09,76.39,7.73,57.1,11,trigger,synthetic,synthetic,synthetic,synth-v1.0.0,2024,2cf705e1237a369a,ood
SP-021:norte:003000:2026-06-02,SP-021:norte:003000,SP-021,norte,3.25,open-meteo:era5_seamless:-23.4:-46.7,2026-06-02,64.97,3.86,57.1,9,trigger,synthetic,synthetic,synthetic,synth-v1.0.0,2024,2cf705e1237a369a,ood
SP-021:norte:003000:2026-09-01,SP-021:norte:003000,SP-021,norte,3.25,open-meteo:era5_seamless:-23.4:-46.7,2026-09-01,70.21,6.13,57.1,21,trigger,synthetic,synthetic,synthetic,synth-v1.0.0,2024,2cf705e1237a369a,ood
SP-021:sul:003000:2023-02-03,SP-021:sul:003000,SP-021,sul,3.25,open-meteo:era5_seamless:-23.4:-46.7,2023-02-03,68.18,4.7,41.63,19,trigger,synthetic,synthetic,synthetic,synth-v1.0.0,2024,2cf705e1237a369a,ood
SP-021:sul:003000:2023-03-03,SP-021:sul:003000,SP-021,sul,3.25,open-meteo:era5_seamless:-23.4:-46.7,2023-03-03,53.15,4.32,41.63,12,proactive,synthetic,synthetic,synthetic,synth-v1.0.0,2024,2cf705e1237a369a,ood
SP-021:sul:003000:2023-04-18,SP-021:sul:003000,SP-021,sul,3.25,open-meteo:era5_seamless:-23.4:-46.7,2023-04-18,65.14,3.51,41.63,16,trigger,synthetic,synthetic,synthetic,synth-v1.0.0,2024,2cf705e1237a369a,ood
SP-021:sul:003000:2023-06-17,SP-021:sul:003000,SP-021,sul,3.25,open-meteo:era5_seamless:-23.4:-46.7,2023-06-17,38.31,3.44,41.63,13,proactive,synthetic,synthetic,synthetic,synth-v1.0.0,2024,2cf705e1237a369a,ood
SP-021:sul:003000:2023-09-23,SP-021:sul:003000,SP-021,sul,3.25,open-meteo:era5_seamless:-23.4:-46.7,2023-09-23,58.28,4.56,41.63,20,trigger,synthetic,synthetic,synthetic,synth-v1.0.0,2024,2cf705e1237a369a,ood
SP-021:sul:003000:2023-11-13,SP-021:sul:003000,SP-021,sul,3.25,open-meteo:era5_seamless:-23.4:-46.7,2023-11-13,67.81,6.41,41.63,22,trigger,synthetic,synthetic,synthetic,synth-v1.0.0,2024,2cf705e1237a369a,ood
SP-021:sul:003000:2023-12-25,SP-021:sul:003000,SP-021,sul,3.25,open-meteo:era5_seamless:-23.4:-46.7,2023-12-25,56.73,5.99,41.63,8,trigger,synthetic,synthetic,synthetic,synth-v1.0.0,2024,2cf705e1237a369a,ood
SP-021:sul:003000:2024-02-11,SP-021:sul:003000,SP-021,sul,3.25,open-meteo:era5_seamless:-23.4:-46.7,2024-02-11,66.16,5.69,41.63,14,trigger,synthetic,synthetic,synthetic,synth-v1.0.0,2024,2cf705e1237a369a,ood
SP-021:sul:003000:2024-03-18,SP-021:sul:003000,SP-021,sul,3.25,open-meteo:era5_seamless:-23.4:-46.7,2024-03-18,68.04,3.93,41.63,15,trigger,synthetic,synthetic,synthetic,synth-v1.0.0,2024,2cf705e1237a369a,ood
SP-021:sul:003000:2024-05-18,SP-021:sul:003000,SP-021,sul,3.25,open-meteo:era5_seamless:-23.4:-46.7,2024-05-18,72.94,5.16,41.63,20,trigger,synthetic,synthetic,synthetic,synth-v1.0.0,2024,2cf705e1237a369a,ood
SP-021:sul:003000:2024-08-15,SP-021:sul:003000,SP-021,sul,3.25,open-meteo:era5_seamless:-23.4:-46.7,2024-08-15,47.97,5.23,41.63,11,trigger,synthetic,synthetic,synthetic,synth-v1.0.0,2024,2cf705e1237a369a,ood
SP-021:sul:003000:2024-10-10,SP-021:sul:003000,SP-021,sul,3.25,open-meteo:era5_seamless:-23.4:-46.7,2024-10-10,48.22,6.45,41.63,11,trigger,synthetic,synthetic,synthetic,synth-v1.0.0,2024,2cf705e1237a369a,ood
SP-021:sul:003000:2024-12-10,SP-021:sul:003000,SP-021,sul,3.25,open-meteo:era5_seamless:-23.4:-46.7,2024-12-10,74.43,5.84,41.63,30,trigger,synthetic,synthetic,synthetic,synth-v1.0.0,2024,2cf705e1237a369a,ood
SP-021:sul:003000:2025-02-09,SP-021:sul:003000,SP-021,sul,3.25,open-meteo:era5_seamless:-23.4:-46.7,2025-02-09,82.55,4.91,41.63,35,trigger,synthetic,synthetic,synthetic,synth-v1.0.0,2024,2cf705e1237a369a,ood
SP-021:sul:003000:2025-03-08,SP-021:sul:003000,SP-021,sul,3.25,open-meteo:era5_seamless:-23.4:-46.7,2025-03-08,52.64,4.37,41.63,6,trigger,synthetic,synthetic,synthetic,synth-v1.0.0,2024,2cf705e1237a369a,ood
SP-021:sul:003000:2025-04-23,SP-021:sul:003000,SP-021,sul,3.25,open-meteo:era5_seamless:-23.4:-46.7,2025-04-23,60.14,3.33,41.63,10,trigger,synthetic,synthetic,synthetic,synth-v1.0.0,2024,2cf705e1237a369a,ood
SP-021:sul:003000:2025-07-11,SP-021:sul:003000,SP-021,sul,3.25,open-meteo:era5_seamless:-23.4:-46.7,2025-07-11,48.41,5.0,41.63,26,trigger,synthetic,synthetic,synthetic,synth-v1.0.0,2024,2cf705e1237a369a,ood
SP-021:sul:003000:2025-09-30,SP-021:sul:003000,SP-021,sul,3.25,open-meteo:era5_seamless:-23.4:-46.7,2025-09-30,43.69,7.69,41.63,2,trigger,synthetic,synthetic,synthetic,synth-v1.0.0,2024,2cf705e1237a369a,ood
SP-021:sul:003000:2025-12-14,SP-021:sul:003000,SP-021,sul,3.25,open-meteo:era5_seamless:-23.4:-46.7,2025-12-14,66.2,6.98,41.63,28,trigger,synthetic,synthetic,synthetic,synth-v1.0.0,2024,2cf705e1237a369a,ood
SP-021:sul:003000:2026-02-18,SP-021:sul:003000,SP-021,sul,3.25,open-meteo:era5_seamless:-23.4:-46.7,2026-02-18,80.21,6.72,41.63,45,trigger,synthetic,synthetic,synthetic,synth-v1.0.0,2024,2cf705e1237a369a,ood
SP-021:sul:003000:2026-03-25,SP-021:sul:003000,SP-021,sul,3.25,open-meteo:era5_seamless:-23.4:-46.7,2026-03-25,59.71,6.4,41.63,10,trigger,synthetic,synthetic,synthetic,synth-v1.0.0,2024,2cf705e1237a369a,ood
SP-021:sul:003000:2026-05-25,SP-021:sul:003000,SP-021,sul,3.25,open-meteo:era5_seamless:-23.4:-46.7,2026-05-25,58.68,6.85,41.63,29,trigger,synthetic,synthetic,synthetic,synth-v1.0.0,2024,2cf705e1237a369a,ood
SP-021:sul:003000:2026-09-01,SP-021:sul:003000,SP-021,sul,3.25,open-meteo:era5_seamless:-23.4:-46.7,2026-09-01,53.87,6.7,41.63,22,trigger,synthetic,synthetic,synthetic,synth-v1.0.0,2024,2cf705e1237a369a,ood
SP-021:norte:003500:2023-02-16,SP-021:norte:003500,SP-021,norte,3.75,open-meteo:era5_seamless:-23.4:-46.7,2023-02-16,66.21,5.33,48.19,18,trigger,synthetic,synthetic,synthetic,synth-v1.0.0,2024,2cf705e1237a369a,ood
SP-021:norte:003500:2023-04-01,SP-021:norte:003500,SP-021,norte,3.75,open-meteo:era5_seamless:-23.4:-46.7,2023-04-01,57.58,5.33,48.19,6,trigger,synthetic,synthetic,synthetic,synth-v1.0.0,2024,2cf705e1237a369a,ood
SP-021:norte:003500:2023-08-29,SP-021:norte:003500,SP-021,norte,3.75,open-meteo:era5_seamless:-23.4:-46.7,2023-08-29,54.08,5.19,48.19,16,trigger,synthetic,synthetic,synthetic,synth-v1.0.0,2024,2cf705e1237a369a,ood
SP-021:norte:003500:2023-11-12,SP-021:norte:003500,SP-021,norte,3.75,open-meteo:era5_seamless:-23.4:-46.7,2023-11-12,60.04,6.67,48.19,7,trigger,synthetic,synthetic,synthetic,synth-v1.0.0,2024,2cf705e1237a369a,ood
SP-021:norte:003500:2024-02-09,SP-021:norte:003500,SP-021,norte,3.75,open-meteo:era5_seamless:-23.4:-46.7,2024-02-09,67.34,4.74,48.19,33,trigger,synthetic,synthetic,synthetic,synth-v1.0.0,2024,2cf705e1237a369a,ood
SP-021:norte:003500:2024-03-22,SP-021:norte:003500,SP-021,norte,3.75,open-meteo:era5_seamless:-23.4:-46.7,2024-03-22,58.47,4.7,48.19,5,trigger,synthetic,synthetic,synthetic,synth-v1.0.0,2024,2cf705e1237a369a,ood
SP-021:norte:003500:2024-04-27,SP-021:norte:003500,SP-021,norte,3.75,open-meteo:era5_seamless:-23.4:-46.7,2024-04-27,43.98,5.29,48.19,6,proactive,synthetic,synthetic,synthetic,synth-v1.0.0,2024,2cf705e1237a369a,ood
SP-021:norte:003500:2024-09-18,SP-021:norte:003500,SP-021,norte,3.75,open-meteo:era5_seamless:-23.4:-46.7,2024-09-18,55.51,3.95,48.19,24,trigger,synthetic,synthetic,synthetic,synth-v1.0.0,2024,2cf705e1237a369a,ood
SP-021:norte:003500:2024-11-30,SP-021:norte:003500,SP-021,norte,3.75,open-meteo:era5_seamless:-23.4:-46.7,2024-11-30,55.96,6.95,48.19,6,trigger,synthetic,synthetic,synthetic,synth-v1.0.0,2024,2cf705e1237a369a,ood
SP-021:norte:003500:2025-01-20,SP-021:norte:003500,SP-021,norte,3.75,open-meteo:era5_seamless:-23.4:-46.7,2025-01-20,58.71,6.55,48.19,29,proactive,synthetic,synthetic,synthetic,synth-v1.0.0,2024,2cf705e1237a369a,ood
SP-021:norte:003500:2025-04-16,SP-021:norte:003500,SP-021,norte,3.75,open-meteo:era5_seamless:-23.4:-46.7,2025-04-16,74.89,3.53,48.19,45,trigger,synthetic,synthetic,synthetic,synth-v1.0.0,2024,2cf705e1237a369a,ood
SP-021:norte:003500:2025-09-04,SP-021:norte:003500,SP-021,norte,3.75,open-meteo:era5_seamless:-23.4:-46.7,2025-09-04,50.21,3.06,48.19,11,proactive,synthetic,synthetic,synthetic,synth-v1.0.0,2024,2cf705e1237a369a,ood
SP-021:norte:003500:2025-11-30,SP-021:norte:003500,SP-021,norte,3.75,open-meteo:era5_seamless:-23.4:-46.7,2025-11-30,48.77,5.33,48.19,21,proactive,synthetic,synthetic,synthetic,synth-v1.0.0,2024,2cf705e1237a369a,ood
SP-021:norte:003500:2026-01-23,SP-021:norte:003500,SP-021,norte,3.75,open-meteo:era5_seamless:-23.4:-46.7,2026-01-23,53.46,3.27,48.19,26,proactive,synthetic,synthetic,synthetic,synth-v1.0.0,2024,2cf705e1237a369a,ood
SP-021:norte:003500:2026-03-31,SP-021:norte:003500,SP-021,norte,3.75,open-meteo:era5_seamless:-23.4:-46.7,2026-03-31,68.68,6.84,48.19,30,trigger,synthetic,synthetic,synthetic,synth-v1.0.0,2024,2cf705e1237a369a,ood
SP-021:norte:003500:2026-08-14,SP-021:norte:003500,SP-021,norte,3.75,open-meteo:era5_seamless:-23.4:-46.7,2026-08-14,55.33,7.34,48.19,12,trigger,synthetic,synthetic,synthetic,synth-v1.0.0,2024,2cf705e1237a369a,ood
SP-021:sul:003500:2023-02-19,SP-021:sul:003500,SP-021,sul,3.75,open-meteo:era5_seamless:-23.4:-46.7,2023-02-19,88.23,5.75,70.0,14,trigger,synthetic,synthetic,synthetic,synth-v1.0.0,2024,2cf705e1237a369a,ood
SP-021:sul:003500:2023-03-31,SP-021:sul:003500,SP-021,sul,3.75,open-meteo:era5_seamless:-23.4:-46.7,2023-03-31,75.78,7.68,70.0,5,trigger,synthetic,synthetic,synthetic,synth-v1.0.0,2024,2cf705e1237a369a,ood
SP-021:sul:003500:2023-08-30,SP-021:sul:003500,SP-021,sul,3.75,open-meteo:era5_seamless:-23.4:-46.7,2023-08-30,81.25,6.18,70.0,24,trigger,synthetic,synthetic,synthetic,synth-v1.0.0,2024,2cf705e1237a369a,ood
SP-021:sul:003500:2023-11-02,SP-021:sul:003500,SP-021,sul,3.75,open-meteo:era5_seamless:-23.4:-46.7,2023-11-02,78.05,6.89,70.0,4,trigger,synthetic,synthetic,synthetic,synth-v1.0.0,2024,2cf705e1237a369a,ood
SP-021:sul:003500:2024-01-18,SP-021:sul:003500,SP-021,sul,3.75,open-meteo:era5_seamless:-23.4:-46.7,2024-01-18,87.57,7.0,70.0,25,trigger,synthetic,synthetic,synthetic,synth-v1.0.0,2024,2cf705e1237a369a,ood
SP-021:sul:003500:2024-03-03,SP-021:sul:003500,SP-021,sul,3.75,open-meteo:era5_seamless:-23.4:-46.7,2024-03-03,80.66,4.36,70.0,7,trigger,synthetic,synthetic,synthetic,synth-v1.0.0,2024,2cf705e1237a369a,ood
SP-021:sul:003500:2024-05-03,SP-021:sul:003500,SP-021,sul,3.75,open-meteo:era5_seamless:-23.4:-46.7,2024-05-03,88.53,3.37,70.0,19,trigger,synthetic,synthetic,synthetic,synth-v1.0.0,2024,2cf705e1237a369a,ood
SP-021:sul:003500:2024-09-07,SP-021:sul:003500,SP-021,sul,3.75,open-meteo:era5_seamless:-23.4:-46.7,2024-09-07,75.75,4.77,70.0,13,trigger,synthetic,synthetic,synthetic,synth-v1.0.0,2024,2cf705e1237a369a,ood
SP-021:sul:003500:2024-12-05,SP-021:sul:003500,SP-021,sul,3.75,open-meteo:era5_seamless:-23.4:-46.7,2024-12-05,89.23,4.33,70.0,18,trigger,synthetic,synthetic,synthetic,synth-v1.0.0,2024,2cf705e1237a369a,ood
SP-021:sul:003500:2025-02-05,SP-021:sul:003500,SP-021,sul,3.75,open-meteo:era5_seamless:-23.4:-46.7,2025-02-05,93.82,5.21,70.0,24,trigger,synthetic,synthetic,synthetic,synth-v1.0.0,2024,2cf705e1237a369a,ood
SP-021:sul:003500:2025-03-28,SP-021:sul:003500,SP-021,sul,3.75,open-meteo:era5_seamless:-23.4:-46.7,2025-03-28,79.82,7.35,70.0,19,proactive,synthetic,synthetic,synthetic,synth-v1.0.0,2024,2cf705e1237a369a,ood
SP-021:sul:003500:2025-05-12,SP-021:sul:003500,SP-021,sul,3.75,open-meteo:era5_seamless:-23.4:-46.7,2025-05-12,63.42,3.05,70.0,8,proactive,synthetic,synthetic,synthetic,synth-v1.0.0,2024,2cf705e1237a369a,ood
SP-021:sul:003500:2025-10-26,SP-021:sul:003500,SP-021,sul,3.75,open-meteo:era5_seamless:-23.4:-46.7,2025-10-26,76.61,4.89,70.0,14,trigger,synthetic,synthetic,synthetic,synth-v1.0.0,2024,2cf705e1237a369a,ood
SP-021:sul:003500:2026-01-09,SP-021:sul:003500,SP-021,sul,3.75,open-meteo:era5_seamless:-23.4:-46.7,2026-01-09,85.46,7.66,70.0,12,trigger,synthetic,synthetic,synthetic,synth-v1.0.0,2024,2cf705e1237a369a,ood
SP-021:sul:003500:2026-02-27,SP-021:sul:003500,SP-021,sul,3.75,open-meteo:era5_seamless:-23.4:-46.7,2026-02-27,81.85,7.92,70.0,5,trigger,synthetic,synthetic,synthetic,synth-v1.0.0,2024,2cf705e1237a369a,ood
SP-021:sul:003500:2026-04-30,SP-021:sul:003500,SP-021,sul,3.75,open-meteo:era5_seamless:-23.4:-46.7,2026-04-30,84.19,5.01,70.0,25,trigger,synthetic,synthetic,synthetic,synth-v1.0.0,2024,2cf705e1237a369a,ood
SP-021:sul:003500:2026-09-01,SP-021:sul:003500,SP-021,sul,3.75,open-meteo:era5_seamless:-23.4:-46.7,2026-09-01,67.91,3.96,70.0,11,proactive,synthetic,synthetic,synthetic,synth-v1.0.0,2024,2cf705e1237a369a,ood
SP-021:norte:004000:2023-01-17,SP-021:norte:004000,SP-021,norte,4.25,open-meteo:era5_seamless:-23.4:-46.7,2023-01-17,47.56,5.03,41.44,2,trigger,synthetic,synthetic,synthetic,synth-v1.0.0,2024,2cf705e1237a369a,ood
SP-021:norte:004000:2023-02-12,SP-021:norte:004000,SP-021,norte,4.25,open-meteo:era5_seamless:-23.4:-46.7,2023-02-12,55.19,4.43,41.44,7,trigger,synthetic,synthetic,synthetic,synth-v1.0.0,2024,2cf705e1237a369a,ood
SP-021:norte:004000:2023-04-10,SP-021:norte:004000,SP-021,norte,4.25,open-meteo:era5_seamless:-23.4:-46.7,2023-04-10,81.88,5.7,41.44,36,trigger,synthetic,synthetic,synthetic,synth-v1.0.0,2024,2cf705e1237a369a,ood
SP-021:norte:004000:2023-06-16,SP-021:norte:004000,SP-021,norte,4.25,open-meteo:era5_seamless:-23.4:-46.7,2023-06-16,48.84,6.96,41.44,19,trigger,synthetic,synthetic,synthetic,synth-v1.0.0,2024,2cf705e1237a369a,ood
SP-021:norte:004000:2023-09-02,SP-021:norte:004000,SP-021,norte,4.25,open-meteo:era5_seamless:-23.4:-46.7,2023-09-02,49.48,5.37,41.44,13,trigger,synthetic,synthetic,synthetic,synth-v1.0.0,2024,2cf705e1237a369a,ood
SP-021:norte:004000:2023-10-22,SP-021:norte:004000,SP-021,norte,4.25,open-meteo:era5_seamless:-23.4:-46.7,2023-10-22,60.79,5.46,41.44,14,trigger,synthetic,synthetic,synthetic,synth-v1.0.0,2024,2cf705e1237a369a,ood
SP-021:norte:004000:2023-12-05,SP-021:norte:004000,SP-021,norte,4.25,open-meteo:era5_seamless:-23.4:-46.7,2023-12-05,64.02,5.96,41.44,16,trigger,synthetic,synthetic,synthetic,synth-v1.0.0,2024,2cf705e1237a369a,ood
SP-021:norte:004000:2024-01-21,SP-021:norte:004000,SP-021,norte,4.25,open-meteo:era5_seamless:-23.4:-46.7,2024-01-21,64.17,6.12,41.44,14,trigger,synthetic,synthetic,synthetic,synth-v1.0.0,2024,2cf705e1237a369a,ood
SP-021:norte:004000:2024-03-05,SP-021:norte:004000,SP-021,norte,4.25,open-meteo:era5_seamless:-23.4:-46.7,2024-03-05,76.56,7.46,41.44,16,trigger,synthetic,synthetic,synthetic,synth-v1.0.0,2024,2cf705e1237a369a,ood
SP-021:norte:004000:2024-04-11,SP-021:norte:004000,SP-021,norte,4.25,open-meteo:era5_seamless:-23.4:-46.7,2024-04-11,68.36,5.32,41.44,18,trigger,synthetic,synthetic,synthetic,synth-v1.0.0,2024,2cf705e1237a369a,ood
SP-021:norte:004000:2024-06-04,SP-021:norte:004000,SP-021,norte,4.25,open-meteo:era5_seamless:-23.4:-46.7,2024-06-04,56.9,4.83,41.44,23,trigger,synthetic,synthetic,synthetic,synth-v1.0.0,2024,2cf705e1237a369a,ood
SP-021:norte:004000:2024-08-17,SP-021:norte:004000,SP-021,norte,4.25,open-meteo:era5_seamless:-23.4:-46.7,2024-08-17,46.96,4.57,41.44,6,trigger,synthetic,synthetic,synthetic,synth-v1.0.0,2024,2cf705e1237a369a,ood
SP-021:norte:004000:2024-10-18,SP-021:norte:004000,SP-021,norte,4.25,open-meteo:era5_seamless:-23.4:-46.7,2024-10-18,57.76,3.96,41.44,19,trigger,synthetic,synthetic,synthetic,synth-v1.0.0,2024,2cf705e1237a369a,ood
SP-021:norte:004000:2024-11-30,SP-021:norte:004000,SP-021,norte,4.25,open-meteo:era5_seamless:-23.4:-46.7,2024-11-30,65.34,7.55,41.44,13,trigger,synthetic,synthetic,synthetic,synth-v1.0.0,2024,2cf705e1237a369a,ood
SP-021:norte:004000:2024-12-28,SP-021:norte:004000,SP-021,norte,4.25,open-meteo:era5_seamless:-23.4:-46.7,2024-12-28,52.49,4.21,41.44,6,trigger,synthetic,synthetic,synthetic,synth-v1.0.0,2024,2cf705e1237a369a,ood
SP-021:norte:004000:2025-02-08,SP-021:norte:004000,SP-021,norte,4.25,open-meteo:era5_seamless:-23.4:-46.7,2025-02-08,75.02,6.3,41.44,20,trigger,synthetic,synthetic,synthetic,synth-v1.0.0,2024,2cf705e1237a369a,ood
SP-021:norte:004000:2025-03-24,SP-021:norte:004000,SP-021,norte,4.25,open-meteo:era5_seamless:-23.4:-46.7,2025-03-24,71.42,4.08,41.44,15,trigger,synthetic,synthetic,synthetic,synth-v1.0.0,2024,2cf705e1237a369a,ood
SP-021:norte:004000:2025-04-27,SP-021:norte:004000,SP-021,norte,4.25,open-meteo:era5_seamless:-23.4:-46.7,2025-04-27,52.64,7.21,41.44,7,trigger,synthetic,synthetic,synthetic,synth-v1.0.0,2024,2cf705e1237a369a,ood
SP-021:norte:004000:2025-06-21,SP-021:norte:004000,SP-021,norte,4.25,open-meteo:era5_seamless:-23.4:-46.7,2025-06-21,43.72,3.89,41.44,6,trigger,synthetic,synthetic,synthetic,synth-v1.0.0,2024,2cf705e1237a369a,ood
SP-021:norte:004000:2025-10-02,SP-021:norte:004000,SP-021,norte,4.25,open-meteo:era5_seamless:-23.4:-46.7,2025-10-02,51.27,5.55,41.44,11,trigger,synthetic,synthetic,synthetic,synth-v1.0.0,2024,2cf705e1237a369a,ood
SP-021:norte:004000:2025-11-23,SP-021:norte:004000,SP-021,norte,4.25,open-meteo:era5_seamless:-23.4:-46.7,2025-11-23,52.11,4.78,41.44,7,trigger,synthetic,synthetic,synthetic,synth-v1.0.0,2024,2cf705e1237a369a,ood
SP-021:norte:004000:2026-01-14,SP-021:norte:004000,SP-021,norte,4.25,open-meteo:era5_seamless:-23.4:-46.7,2026-01-14,73.67,3.97,41.44,24,trigger,synthetic,synthetic,synthetic,synth-v1.0.0,2024,2cf705e1237a369a,ood
SP-021:norte:004000:2026-02-17,SP-021:norte:004000,SP-021,norte,4.25,open-meteo:era5_seamless:-23.4:-46.7,2026-02-17,60.46,6.75,41.44,9,trigger,synthetic,synthetic,synthetic,synth-v1.0.0,2024,2cf705e1237a369a,ood
SP-021:norte:004000:2026-03-26,SP-021:norte:004000,SP-021,norte,4.25,open-meteo:era5_seamless:-23.4:-46.7,2026-03-26,67.67,5.96,41.44,11,trigger,synthetic,synthetic,synthetic,synth-v1.0.0,2024,2cf705e1237a369a,ood
SP-021:norte:004000:2026-05-09,SP-021:norte:004000,SP-021,norte,4.25,open-meteo:era5_seamless:-23.4:-46.7,2026-05-09,57.21,6.97,41.44,6,trigger,synthetic,synthetic,synthetic,synth-v1.0.0,2024,2cf705e1237a369a,ood
SP-021:norte:004000:2026-08-10,SP-021:norte:004000,SP-021,norte,4.25,open-meteo:era5_seamless:-23.4:-46.7,2026-08-10,52.01,3.08,41.44,8,trigger,synthetic,synthetic,synthetic,synth-v1.0.0,2024,2cf705e1237a369a,ood
SP-021:sul:004000:2023-02-25,SP-021:sul:004000,SP-021,sul,4.25,open-meteo:era5_seamless:-23.4:-46.7,2023-02-25,82.96,4.31,69.41,20,trigger,synthetic,synthetic,synthetic,synth-v1.0.0,2024,2cf705e1237a369a,ood
SP-021:sul:004000:2023-05-07,SP-021:sul:004000,SP-021,sul,4.25,open-meteo:era5_seamless:-23.4:-46.7,2023-05-07,78.08,5.74,69.41,14,trigger,synthetic,synthetic,synthetic,synth-v1.0.0,2024,2cf705e1237a369a,ood
SP-021:sul:004000:2023-10-18,SP-021:sul:004000,SP-021,sul,4.25,open-meteo:era5_seamless:-23.4:-46.7,2023-10-18,78.93,3.6,69.41,17,trigger,synthetic,synthetic,synthetic,synth-v1.0.0,2024,2cf705e1237a369a,ood
SP-021:sul:004000:2023-12-26,SP-021:sul:004000,SP-021,sul,4.25,open-meteo:era5_seamless:-23.4:-46.7,2023-12-26,77.55,4.25,69.41,9,trigger,synthetic,synthetic,synthetic,synth-v1.0.0,2024,2cf705e1237a369a,ood
SP-021:sul:004000:2024-02-23,SP-021:sul:004000,SP-021,sul,4.25,open-meteo:era5_seamless:-23.4:-46.7,2024-02-23,75.09,3.59,69.41,5,trigger,synthetic,synthetic,synthetic,synth-v1.0.0,2024,2cf705e1237a369a,ood
SP-021:sul:004000:2024-04-26,SP-021:sul:004000,SP-021,sul,4.25,open-meteo:era5_seamless:-23.4:-46.7,2024-04-26,81.44,7.7,69.41,19,trigger,synthetic,synthetic,synthetic,synth-v1.0.0,2024,2cf705e1237a369a,ood
SP-021:sul:004000:2024-08-21,SP-021:sul:004000,SP-021,sul,4.25,open-meteo:era5_seamless:-23.4:-46.7,2024-08-21,67.82,4.71,69.41,17,proactive,synthetic,synthetic,synthetic,synth-v1.0.0,2024,2cf705e1237a369a,ood
SP-021:sul:004000:2024-11-24,SP-021:sul:004000,SP-021,sul,4.25,open-meteo:era5_seamless:-23.4:-46.7,2024-11-24,77.38,6.56,69.41,14,trigger,synthetic,synthetic,synthetic,synth-v1.0.0,2024,2cf705e1237a369a,ood
SP-021:sul:004000:2025-02-19,SP-021:sul:004000,SP-021,sul,4.25,open-meteo:era5_seamless:-23.4:-46.7,2025-02-19,88.91,3.43,69.41,38,trigger,synthetic,synthetic,synthetic,synth-v1.0.0,2024,2cf705e1237a369a,ood
SP-021:sul:004000:2025-03-30,SP-021:sul:004000,SP-021,sul,4.25,open-meteo:era5_seamless:-23.4:-46.7,2025-03-30,57.16,4.55,69.41,21,proactive,synthetic,synthetic,synthetic,synth-v1.0.0,2024,2cf705e1237a369a,ood
SP-021:sul:004000:2025-09-09,SP-021:sul:004000,SP-021,sul,4.25,open-meteo:era5_seamless:-23.4:-46.7,2025-09-09,77.22,7.46,69.41,37,trigger,synthetic,synthetic,synthetic,synth-v1.0.0,2024,2cf705e1237a369a,ood
SP-021:sul:004000:2025-12-10,SP-021:sul:004000,SP-021,sul,4.25,open-meteo:era5_seamless:-23.4:-46.7,2025-12-10,70.55,4.7,69.41,45,proactive,synthetic,synthetic,synthetic,synth-v1.0.0,2024,2cf705e1237a369a,ood
SP-021:sul:004000:2026-01-09,SP-021:sul:004000,SP-021,sul,4.25,open-meteo:era5_seamless:-23.4:-46.7,2026-01-09,50.55,4.19,69.41,5,proactive,synthetic,synthetic,synthetic,synth-v1.0.0,2024,2cf705e1237a369a,ood
SP-021:sul:004000:2026-03-14,SP-021:sul:004000,SP-021,sul,4.25,open-meteo:era5_seamless:-23.4:-46.7,2026-03-14,80.15,6.38,69.41,20,trigger,synthetic,synthetic,synthetic,synth-v1.0.0,2024,2cf705e1237a369a,ood
SP-021:sul:004000:2026-05-26,SP-021:sul:004000,SP-021,sul,4.25,open-meteo:era5_seamless:-23.4:-46.7,2026-05-26,72.04,7.03,69.41,9,trigger,synthetic,synthetic,synthetic,synth-v1.0.0,2024,2cf705e1237a369a,ood
SP-021:norte:004500:2023-02-05,SP-021:norte:004500,SP-021,norte,4.75,open-meteo:era5_seamless:-23.4:-46.8,2023-02-05,80.49,5.8,64.87,7,trigger,synthetic,synthetic,synthetic,synth-v1.0.0,2024,2cf705e1237a369a,ood
SP-021:norte:004500:2023-03-16,SP-021:norte:004500,SP-021,norte,4.75,open-meteo:era5_seamless:-23.4:-46.8,2023-03-16,80.55,5.8,64.87,11,trigger,synthetic,synthetic,synthetic,synth-v1.0.0,2024,2cf705e1237a369a,ood
SP-021:norte:004500:2023-06-06,SP-021:norte:004500,SP-021,norte,4.75,open-meteo:era5_seamless:-23.4:-46.8,2023-06-06,80.51,5.64,64.87,37,trigger,synthetic,synthetic,synthetic,synth-v1.0.0,2024,2cf705e1237a369a,ood
SP-021:norte:004500:2023-09-22,SP-021:norte:004500,SP-021,norte,4.75,open-meteo:era5_seamless:-23.4:-46.8,2023-09-22,70.69,7.3,64.87,5,trigger,synthetic,synthetic,synthetic,synth-v1.0.0,2024,2cf705e1237a369a,ood
SP-021:norte:004500:2023-11-28,SP-021:norte:004500,SP-021,norte,4.75,open-meteo:era5_seamless:-23.4:-46.8,2023-11-28,91.3,4.24,64.87,30,trigger,synthetic,synthetic,synthetic,synth-v1.0.0,2024,2cf705e1237a369a,ood
SP-021:norte:004500:2023-12-28,SP-021:norte:004500,SP-021,norte,4.75,open-meteo:era5_seamless:-23.4:-46.8,2023-12-28,54.4,6.6,64.87,4,proactive,synthetic,synthetic,synthetic,synth-v1.0.0,2024,2cf705e1237a369a,ood
SP-021:norte:004500:2024-02-04,SP-021:norte:004500,SP-021,norte,4.75,open-meteo:era5_seamless:-23.4:-46.8,2024-02-04,64.29,4.2,64.87,7,proactive,synthetic,synthetic,synthetic,synth-v1.0.0,2024,2cf705e1237a369a,ood
SP-021:norte:004500:2024-04-06,SP-021:norte:004500,SP-021,norte,4.75,open-meteo:era5_seamless:-23.4:-46.8,2024-04-06,97.88,6.57,64.87,27,trigger,synthetic,synthetic,synthetic,synth-v1.0.0,2024,2cf705e1237a369a,ood
SP-021:norte:004500:2024-05-28,SP-021:norte:004500,SP-021,norte,4.75,open-meteo:era5_seamless:-23.4:-46.8,2024-05-28,70.27,6.33,64.87,9,trigger,synthetic,synthetic,synthetic,synth-v1.0.0,2024,2cf705e1237a369a,ood
SP-021:norte:004500:2024-10-01,SP-021:norte:004500,SP-021,norte,4.75,open-meteo:era5_seamless:-23.4:-46.8,2024-10-01,83.13,6.75,64.87,30,trigger,synthetic,synthetic,synthetic,synth-v1.0.0,2024,2cf705e1237a369a,ood
SP-021:norte:004500:2024-11-21,SP-021:norte:004500,SP-021,norte,4.75,open-meteo:era5_seamless:-23.4:-46.8,2024-11-21,72.11,7.99,64.87,4,trigger,synthetic,synthetic,synthetic,synth-v1.0.0,2024,2cf705e1237a369a,ood
SP-021:norte:004500:2025-01-22,SP-021:norte:004500,SP-021,norte,4.75,open-meteo:era5_seamless:-23.4:-46.8,2025-01-22,94.86,7.29,64.87,31,trigger,synthetic,synthetic,synthetic,synth-v1.0.0,2024,2cf705e1237a369a,ood
SP-021:norte:004500:2025-03-05,SP-021:norte:004500,SP-021,norte,4.75,open-meteo:era5_seamless:-23.4:-46.8,2025-03-05,85.05,4.2,64.87,10,trigger,synthetic,synthetic,synthetic,synth-v1.0.0,2024,2cf705e1237a369a,ood
SP-021:norte:004500:2025-05-10,SP-021:norte:004500,SP-021,norte,4.75,open-meteo:era5_seamless:-23.4:-46.8,2025-05-10,84.35,6.08,64.87,20,trigger,synthetic,synthetic,synthetic,synth-v1.0.0,2024,2cf705e1237a369a,ood
SP-021:norte:004500:2025-10-04,SP-021:norte:004500,SP-021,norte,4.75,open-meteo:era5_seamless:-23.4:-46.8,2025-10-04,75.09,5.96,64.87,20,trigger,synthetic,synthetic,synthetic,synth-v1.0.0,2024,2cf705e1237a369a,ood
SP-021:norte:004500:2025-12-04,SP-021:norte:004500,SP-021,norte,4.75,open-meteo:era5_seamless:-23.4:-46.8,2025-12-04,68.06,4.32,64.87,4,trigger,synthetic,synthetic,synthetic,synth-v1.0.0,2024,2cf705e1237a369a,ood
SP-021:norte:004500:2026-01-17,SP-021:norte:004500,SP-021,norte,4.75,open-meteo:era5_seamless:-23.4:-46.8,2026-01-17,75.04,4.9,64.87,6,trigger,synthetic,synthetic,synthetic,synth-v1.0.0,2024,2cf705e1237a369a,ood
SP-021:norte:004500:2026-02-22,SP-021:norte:004500,SP-021,norte,4.75,open-meteo:era5_seamless:-23.4:-46.8,2026-02-22,74.32,4.07,64.87,14,proactive,synthetic,synthetic,synthetic,synth-v1.0.0,2024,2cf705e1237a369a,ood
SP-021:norte:004500:2026-03-31,SP-021:norte:004500,SP-021,norte,4.75,open-meteo:era5_seamless:-23.4:-46.8,2026-03-31,72.97,7.69,64.87,2,trigger,synthetic,synthetic,synthetic,synth-v1.0.0,2024,2cf705e1237a369a,ood
SP-021:norte:004500:2026-05-29,SP-021:norte:004500,SP-021,norte,4.75,open-meteo:era5_seamless:-23.4:-46.8,2026-05-29,64.03,3.97,64.87,19,proactive,synthetic,synthetic,synthetic,synth-v1.0.0,2024,2cf705e1237a369a,ood
SP-021:sul:004500:2023-02-09,SP-021:sul:004500,SP-021,sul,4.75,open-meteo:era5_seamless:-23.4:-46.8,2023-02-09,83.26,7.55,61.45,18,trigger,synthetic,synthetic,synthetic,synth-v1.0.0,2024,2cf705e1237a369a,ood
SP-021:sul:004500:2023-03-25,SP-021:sul:004500,SP-021,sul,4.75,open-meteo:era5_seamless:-23.4:-46.8,2023-03-25,81.44,5.43,61.45,13,trigger,synthetic,synthetic,synthetic,synth-v1.0.0,2024,2cf705e1237a369a,ood
SP-021:sul:004500:2023-05-28,SP-021:sul:004500,SP-021,sul,4.75,open-meteo:era5_seamless:-23.4:-46.8,2023-05-28,65.28,4.43,61.45,14,trigger,synthetic,synthetic,synthetic,synth-v1.0.0,2024,2cf705e1237a369a,ood
SP-021:sul:004500:2023-09-21,SP-021:sul:004500,SP-021,sul,4.75,open-meteo:era5_seamless:-23.4:-46.8,2023-09-21,72.56,5.69,61.45,11,trigger,synthetic,synthetic,synthetic,synth-v1.0.0,2024,2cf705e1237a369a,ood
SP-021:sul:004500:2023-11-08,SP-021:sul:004500,SP-021,sul,4.75,open-meteo:era5_seamless:-23.4:-46.8,2023-11-08,71.91,3.91,61.45,17,proactive,synthetic,synthetic,synthetic,synth-v1.0.0,2024,2cf705e1237a369a,ood
SP-021:sul:004500:2023-12-14,SP-021:sul:004500,SP-021,sul,4.75,open-meteo:era5_seamless:-23.4:-46.8,2023-12-14,59.06,7.9,61.45,11,proactive,synthetic,synthetic,synthetic,synth-v1.0.0,2024,2cf705e1237a369a,ood
SP-021:sul:004500:2024-02-10,SP-021:sul:004500,SP-021,sul,4.75,open-meteo:era5_seamless:-23.4:-46.8,2024-02-10,82.26,4.95,61.45,27,proactive,synthetic,synthetic,synthetic,synth-v1.0.0,2024,2cf705e1237a369a,ood
SP-021:sul:004500:2024-03-31,SP-021:sul:004500,SP-021,sul,4.75,open-meteo:era5_seamless:-23.4:-46.8,2024-03-31,84.84,4.87,61.45,21,trigger,synthetic,synthetic,synthetic,synth-v1.0.0,2024,2cf705e1237a369a,ood
SP-021:sul:004500:2024-06-24,SP-021:sul:004500,SP-021,sul,4.75,open-meteo:era5_seamless:-23.4:-46.8,2024-06-24,80.68,6.51,61.45,43,trigger,synthetic,synthetic,synthetic,synth-v1.0.0,2024,2cf705e1237a369a,ood
SP-021:sul:004500:2024-09-22,SP-021:sul:004500,SP-021,sul,4.75,open-meteo:era5_seamless:-23.4:-46.8,2024-09-22,68.31,4.23,61.45,7,trigger,synthetic,synthetic,synthetic,synth-v1.0.0,2024,2cf705e1237a369a,ood
SP-021:sul:004500:2024-10-31,SP-021:sul:004500,SP-021,sul,4.75,open-meteo:era5_seamless:-23.4:-46.8,2024-10-31,49.35,7.06,61.45,4,proactive,synthetic,synthetic,synthetic,synth-v1.0.0,2024,2cf705e1237a369a,ood
SP-021:sul:004500:2024-12-19,SP-021:sul:004500,SP-021,sul,4.75,open-meteo:era5_seamless:-23.4:-46.8,2024-12-19,75.73,6.24,61.45,11,trigger,synthetic,synthetic,synthetic,synth-v1.0.0,2024,2cf705e1237a369a,ood
SP-021:sul:004500:2025-01-30,SP-021:sul:004500,SP-021,sul,4.75,open-meteo:era5_seamless:-23.4:-46.8,2025-01-30,80.24,5.44,61.45,11,trigger,synthetic,synthetic,synthetic,synth-v1.0.0,2024,2cf705e1237a369a,ood
SP-021:sul:004500:2025-03-09,SP-021:sul:004500,SP-021,sul,4.75,open-meteo:era5_seamless:-23.4:-46.8,2025-03-09,78.8,6.25,61.45,14,trigger,synthetic,synthetic,synthetic,synth-v1.0.0,2024,2cf705e1237a369a,ood
SP-021:sul:004500:2025-05-02,SP-021:sul:004500,SP-021,sul,4.75,open-meteo:era5_seamless:-23.4:-46.8,2025-05-02,75.35,3.88,61.45,12,trigger,synthetic,synthetic,synthetic,synth-v1.0.0,2024,2cf705e1237a369a,ood
SP-021:sul:004500:2025-07-01,SP-021:sul:004500,SP-021,sul,4.75,open-meteo:era5_seamless:-23.4:-46.8,2025-07-01,47.03,6.3,61.45,9,proactive,synthetic,synthetic,synthetic,synth-v1.0.0,2024,2cf705e1237a369a,ood
SP-021:sul:004500:2025-10-21,SP-021:sul:004500,SP-021,sul,4.75,open-meteo:era5_seamless:-23.4:-46.8,2025-10-21,67.96,7.58,61.45,9,trigger,synthetic,synthetic,synthetic,synth-v1.0.0,2024,2cf705e1237a369a,ood
SP-021:sul:004500:2025-12-19,SP-021:sul:004500,SP-021,sul,4.75,open-meteo:era5_seamless:-23.4:-46.8,2025-12-19,73.39,4.61,61.45,12,trigger,synthetic,synthetic,synthetic,synth-v1.0.0,2024,2cf705e1237a369a,ood
SP-021:sul:004500:2026-02-06,SP-021:sul:004500,SP-021,sul,4.75,open-meteo:era5_seamless:-23.4:-46.8,2026-02-06,76.4,5.33,61.45,12,trigger,synthetic,synthetic,synthetic,synth-v1.0.0,2024,2cf705e1237a369a,ood
SP-021:sul:004500:2026-03-20,SP-021:sul:004500,SP-021,sul,4.75,open-meteo:era5_seamless:-23.4:-46.8,2026-03-20,77.81,7.73,61.45,12,trigger,synthetic,synthetic,synthetic,synth-v1.0.0,2024,2cf705e1237a369a,ood
SP-021:sul:004500:2026-05-08,SP-021:sul:004500,SP-021,sul,4.75,open-meteo:era5_seamless:-23.4:-46.8,2026-05-08,68.74,3.87,61.45,5,trigger,synthetic,synthetic,synthetic,synth-v1.0.0,2024,2cf705e1237a369a,ood
SP-021:sul:004500:2026-09-01,SP-021:sul:004500,SP-021,sul,4.75,open-meteo:era5_seamless:-23.4:-46.8,2026-09-01,67.04,6.49,61.45,14,trigger,synthetic,synthetic,synthetic,synth-v1.0.0,2024,2cf705e1237a369a,ood
SP-021:norte:005000:2023-03-18,SP-021:norte:005000,SP-021,norte,5.25,open-meteo:era5_seamless:-23.4:-46.8,2023-03-18,93.2,6.08,67.94,34,trigger,synthetic,synthetic,synthetic,synth-v1.0.0,2024,2cf705e1237a369a,ood
SP-021:norte:005000:2023-08-22,SP-021:norte:005000,SP-021,norte,5.25,open-meteo:era5_seamless:-23.4:-46.8,2023-08-22,75.71,5.19,67.94,16,trigger,synthetic,synthetic,synthetic,synth-v1.0.0,2024,2cf705e1237a369a,ood
SP-021:norte:005000:2023-11-22,SP-021:norte:005000,SP-021,norte,5.25,open-meteo:era5_seamless:-23.4:-46.8,2023-11-22,80.7,5.93,67.94,10,trigger,synthetic,synthetic,synthetic,synth-v1.0.0,2024,2cf705e1237a369a,ood
SP-021:norte:005000:2024-02-20,SP-021:norte:005000,SP-021,norte,5.25,open-meteo:era5_seamless:-23.4:-46.8,2024-02-20,86.82,7.81,67.94,16,trigger,synthetic,synthetic,synthetic,synth-v1.0.0,2024,2cf705e1237a369a,ood
SP-021:norte:005000:2024-04-29,SP-021:norte:005000,SP-021,norte,5.25,open-meteo:era5_seamless:-23.4:-46.8,2024-04-29,87.82,4.17,67.94,29,trigger,synthetic,synthetic,synthetic,synth-v1.0.0,2024,2cf705e1237a369a,ood
SP-021:norte:005000:2024-09-05,SP-021:norte:005000,SP-021,norte,5.25,open-meteo:era5_seamless:-23.4:-46.8,2024-09-05,62.71,6.64,67.94,11,proactive,synthetic,synthetic,synthetic,synth-v1.0.0,2024,2cf705e1237a369a,ood
SP-021:norte:005000:2024-12-21,SP-021:norte:005000,SP-021,norte,5.25,open-meteo:era5_seamless:-23.4:-46.8,2024-12-21,88.7,7.36,67.94,27,trigger,synthetic,synthetic,synthetic,synth-v1.0.0,2024,2cf705e1237a369a,ood
SP-021:norte:005000:2025-02-10,SP-021:norte:005000,SP-021,norte,5.25,open-meteo:era5_seamless:-23.4:-46.8,2025-02-10,77.44,5.46,67.94,8,trigger,synthetic,synthetic,synthetic,synth-v1.0.0,2024,2cf705e1237a369a,ood
SP-021:norte:005000:2025-03-06,SP-021:norte:005000,SP-021,norte,5.25,open-meteo:era5_seamless:-23.4:-46.8,2025-03-06,45.13,6.42,67.94,4,proactive,synthetic,synthetic,synthetic,synth-v1.0.0,2024,2cf705e1237a369a,ood
SP-021:norte:005000:2025-05-26,SP-021:norte:005000,SP-021,norte,5.25,open-meteo:era5_seamless:-23.4:-46.8,2025-05-26,75.37,5.11,67.94,15,trigger,synthetic,synthetic,synthetic,synth-v1.0.0,2024,2cf705e1237a369a,ood
SP-021:norte:005000:2025-11-29,SP-021:norte:005000,SP-021,norte,5.25,open-meteo:era5_seamless:-23.4:-46.8,2025-11-29,76.58,4.82,67.94,13,trigger,synthetic,synthetic,synthetic,synth-v1.0.0,2024,2cf705e1237a369a,ood
SP-021:norte:005000:2026-03-06,SP-021:norte:005000,SP-021,norte,5.25,open-meteo:era5_seamless:-23.4:-46.8,2026-03-06,94.69,6.39,67.94,40,trigger,synthetic,synthetic,synthetic,synth-v1.0.0,2024,2cf705e1237a369a,ood
SP-021:norte:005000:2026-05-13,SP-021:norte:005000,SP-021,norte,5.25,open-meteo:era5_seamless:-23.4:-46.8,2026-05-13,71.96,4.83,67.94,10,trigger,synthetic,synthetic,synthetic,synth-v1.0.0,2024,2cf705e1237a369a,ood
SP-021:sul:005000:2023-02-25,SP-021:sul:005000,SP-021,sul,5.25,open-meteo:era5_seamless:-23.4:-46.8,2023-02-25,64.76,7.38,62.24,13,proactive,synthetic,synthetic,synthetic,synth-v1.0.0,2024,2cf705e1237a369a,ood
SP-021:sul:005000:2023-06-21,SP-021:sul:005000,SP-021,sul,5.25,open-meteo:era5_seamless:-23.4:-46.8,2023-06-21,67.36,7.12,62.24,45,trigger,synthetic,synthetic,synthetic,synth-v1.0.0,2024,2cf705e1237a369a,ood
SP-021:sul:005000:2023-12-16,SP-021:sul:005000,SP-021,sul,5.25,open-meteo:era5_seamless:-23.4:-46.8,2023-12-16,76.66,7.02,62.24,41,trigger,synthetic,synthetic,synthetic,synth-v1.0.0,2024,2cf705e1237a369a,ood
SP-021:sul:005000:2024-03-13,SP-021:sul:005000,SP-021,sul,5.25,open-meteo:era5_seamless:-23.4:-46.8,2024-03-13,74.03,7.94,62.24,24,proactive,synthetic,synthetic,synthetic,synth-v1.0.0,2024,2cf705e1237a369a,ood
SP-021:sul:005000:2024-06-12,SP-021:sul:005000,SP-021,sul,5.25,open-meteo:era5_seamless:-23.4:-46.8,2024-06-12,64.66,7.84,62.24,17,trigger,synthetic,synthetic,synthetic,synth-v1.0.0,2024,2cf705e1237a369a,ood
SP-021:sul:005000:2024-12-09,SP-021:sul:005000,SP-021,sul,5.25,open-meteo:era5_seamless:-23.4:-46.8,2024-12-09,75.58,6.12,62.24,29,trigger,synthetic,synthetic,synthetic,synth-v1.0.0,2024,2cf705e1237a369a,ood
SP-021:sul:005000:2025-02-19,SP-021:sul:005000,SP-021,sul,5.25,open-meteo:era5_seamless:-23.4:-46.8,2025-02-19,72.43,3.53,62.24,3,trigger,synthetic,synthetic,synthetic,synth-v1.0.0,2024,2cf705e1237a369a,ood
SP-021:sul:005000:2025-05-29,SP-021:sul:005000,SP-021,sul,5.25,open-meteo:era5_seamless:-23.4:-46.8,2025-05-29,66.25,5.26,62.24,18,trigger,synthetic,synthetic,synthetic,synth-v1.0.0,2024,2cf705e1237a369a,ood
SP-021:sul:005000:2025-12-27,SP-021:sul:005000,SP-021,sul,5.25,open-meteo:era5_seamless:-23.4:-46.8,2025-12-27,71.37,4.72,62.24,13,trigger,synthetic,synthetic,synthetic,synth-v1.0.0,2024,2cf705e1237a369a,ood
SP-021:sul:005000:2026-03-17,SP-021:sul:005000,SP-021,sul,5.25,open-meteo:era5_seamless:-23.4:-46.8,2026-03-17,70.52,4.13,62.24,16,trigger,synthetic,synthetic,synthetic,synth-v1.0.0,2024,2cf705e1237a369a,ood
SP-021:sul:005000:2026-08-27,SP-021:sul:005000,SP-021,sul,5.25,open-meteo:era5_seamless:-23.4:-46.8,2026-08-27,65.7,3.17,62.24,18,trigger,synthetic,synthetic,synthetic,synth-v1.0.0,2024,2cf705e1237a369a,ood
SP-021:norte:005500:2023-02-27,SP-021:norte:005500,SP-021,norte,5.75,open-meteo:era5_seamless:-23.4:-46.8,2023-02-27,97.65,5.74,68.88,29,trigger,synthetic,synthetic,synthetic,synth-v1.0.0,2024,2cf705e1237a369a,ood
SP-021:norte:005500:2023-04-17,SP-021:norte:005500,SP-021,norte,5.75,open-meteo:era5_seamless:-23.4:-46.8,2023-04-17,81.45,3.41,68.88,15,trigger,synthetic,synthetic,synthetic,synth-v1.0.0,2024,2cf705e1237a369a,ood
SP-021:norte:005500:2023-09-07,SP-021:norte:005500,SP-021,norte,5.75,open-meteo:era5_seamless:-23.4:-46.8,2023-09-07,76.19,6.03,68.88,18,trigger,synthetic,synthetic,synthetic,synth-v1.0.0,2024,2cf705e1237a369a,ood
SP-021:norte:005500:2023-12-04,SP-021:norte:005500,SP-021,norte,5.75,open-meteo:era5_seamless:-23.4:-46.8,2023-12-04,95.09,7.65,68.88,36,trigger,synthetic,synthetic,synthetic,synth-v1.0.0,2024,2cf705e1237a369a,ood
SP-021:norte:005500:2024-02-08,SP-021:norte:005500,SP-021,norte,5.75,open-meteo:era5_seamless:-23.4:-46.8,2024-02-08,86.85,3.66,68.88,18,trigger,synthetic,synthetic,synthetic,synth-v1.0.0,2024,2cf705e1237a369a,ood
SP-021:norte:005500:2024-03-12,SP-021:norte:005500,SP-021,norte,5.75,open-meteo:era5_seamless:-23.4:-46.8,2024-03-12,73.76,5.84,68.88,2,trigger,synthetic,synthetic,synthetic,synth-v1.0.0,2024,2cf705e1237a369a,ood
SP-021:norte:005500:2024-05-07,SP-021:norte:005500,SP-021,norte,5.75,open-meteo:era5_seamless:-23.4:-46.8,2024-05-07,84.64,7.53,68.88,16,trigger,synthetic,synthetic,synthetic,synth-v1.0.0,2024,2cf705e1237a369a,ood
SP-021:norte:005500:2024-09-10,SP-021:norte:005500,SP-021,norte,5.75,open-meteo:era5_seamless:-23.4:-46.8,2024-09-10,76.52,4.86,68.88,9,trigger,synthetic,synthetic,synthetic,synth-v1.0.0,2024,2cf705e1237a369a,ood
SP-021:norte:005500:2024-12-14,SP-021:norte:005500,SP-021,norte,5.75,open-meteo:era5_seamless:-23.4:-46.8,2024-12-14,95.06,4.24,68.88,34,trigger,synthetic,synthetic,synthetic,synth-v1.0.0,2024,2cf705e1237a369a,ood
SP-021:norte:005500:2025-01-30,SP-021:norte:005500,SP-021,norte,5.75,open-meteo:era5_seamless:-23.4:-46.8,2025-01-30,86.18,3.32,68.88,11,trigger,synthetic,synthetic,synthetic,synth-v1.0.0,2024,2cf705e1237a369a,ood
SP-021:norte:005500:2025-03-15,SP-021:norte:005500,SP-021,norte,5.75,open-meteo:era5_seamless:-23.4:-46.8,2025-03-15,82.64,6.42,68.88,13,trigger,synthetic,synthetic,synthetic,synth-v1.0.0,2024,2cf705e1237a369a,ood
SP-021:norte:005500:2025-05-05,SP-021:norte:005500,SP-021,norte,5.75,open-meteo:era5_seamless:-23.4:-46.8,2025-05-05,73.8,3.23,68.88,8,trigger,synthetic,synthetic,synthetic,synth-v1.0.0,2024,2cf705e1237a369a,ood
SP-021:norte:005500:2025-09-05,SP-021:norte:005500,SP-021,norte,5.75,open-meteo:era5_seamless:-23.4:-46.8,2025-09-05,61.16,5.81,68.88,19,proactive,synthetic,synthetic,synthetic,synth-v1.0.0,2024,2cf705e1237a369a,ood
SP-021:norte:005500:2025-11-25,SP-021:norte:005500,SP-021,norte,5.75,open-meteo:era5_seamless:-23.4:-46.8,2025-11-25,70.85,5.1,68.88,2,trigger,synthetic,synthetic,synthetic,synth-v1.0.0,2024,2cf705e1237a369a,ood
SP-021:norte:005500:2026-01-14,SP-021:norte:005500,SP-021,norte,5.75,open-meteo:era5_seamless:-23.4:-46.8,2026-01-14,77.97,6.76,68.88,3,trigger,synthetic,synthetic,synthetic,synth-v1.0.0,2024,2cf705e1237a369a,ood
SP-021:norte:005500:2026-03-07,SP-021:norte:005500,SP-021,norte,5.75,open-meteo:era5_seamless:-23.4:-46.8,2026-03-07,88.7,4.97,68.88,20,trigger,synthetic,synthetic,synthetic,synth-v1.0.0,2024,2cf705e1237a369a,ood
SP-021:norte:005500:2026-05-02,SP-021:norte:005500,SP-021,norte,5.75,open-meteo:era5_seamless:-23.4:-46.8,2026-05-02,81.28,4.02,68.88,13,trigger,synthetic,synthetic,synthetic,synth-v1.0.0,2024,2cf705e1237a369a,ood
SP-021:sul:005500:2023-02-23,SP-021:sul:005500,SP-021,sul,5.75,open-meteo:era5_seamless:-23.4:-46.8,2023-02-23,71.85,7.8,70.0,4,trigger,synthetic,synthetic,synthetic,synth-v1.0.0,2024,2cf705e1237a369a,ood
SP-021:sul:005500:2023-04-08,SP-021:sul:005500,SP-021,sul,5.75,open-meteo:era5_seamless:-23.4:-46.8,2023-04-08,63.92,4.4,70.0,13,proactive,synthetic,synthetic,synthetic,synth-v1.0.0,2024,2cf705e1237a369a,ood
SP-021:sul:005500:2023-11-09,SP-021:sul:005500,SP-021,sul,5.75,open-meteo:era5_seamless:-23.4:-46.8,2023-11-09,76.79,3.14,70.0,32,trigger,synthetic,synthetic,synthetic,synth-v1.0.0,2024,2cf705e1237a369a,ood
SP-021:sul:005500:2024-01-11,SP-021:sul:005500,SP-021,sul,5.75,open-meteo:era5_seamless:-23.4:-46.8,2024-01-11,62.39,3.97,70.0,11,proactive,synthetic,synthetic,synthetic,synth-v1.0.0,2024,2cf705e1237a369a,ood
SP-021:sul:005500:2024-03-25,SP-021:sul:005500,SP-021,sul,5.75,open-meteo:era5_seamless:-23.4:-46.8,2024-03-25,75.94,7.14,70.0,15,trigger,synthetic,synthetic,synthetic,synth-v1.0.0,2024,2cf705e1237a369a,ood
SP-021:sul:005500:2024-09-05,SP-021:sul:005500,SP-021,sul,5.75,open-meteo:era5_seamless:-23.4:-46.8,2024-09-05,73.72,5.86,70.0,32,trigger,synthetic,synthetic,synthetic,synth-v1.0.0,2024,2cf705e1237a369a,ood
SP-021:sul:005500:2024-12-29,SP-021:sul:005500,SP-021,sul,5.75,open-meteo:era5_seamless:-23.4:-46.8,2024-12-29,75.99,4.48,70.0,21,trigger,synthetic,synthetic,synthetic,synth-v1.0.0,2024,2cf705e1237a369a,ood
SP-021:sul:005500:2025-03-02,SP-021:sul:005500,SP-021,sul,5.75,open-meteo:era5_seamless:-23.4:-46.8,2025-03-02,74.59,6.67,70.0,7,trigger,synthetic,synthetic,synthetic,synth-v1.0.0,2024,2cf705e1237a369a,ood
SP-021:sul:005500:2025-06-27,SP-021:sul:005500,SP-021,sul,5.75,open-meteo:era5_seamless:-23.4:-46.8,2025-06-27,71.26,6.78,70.0,19,trigger,synthetic,synthetic,synthetic,synth-v1.0.0,2024,2cf705e1237a369a,ood
SP-021:sul:005500:2025-11-23,SP-021:sul:005500,SP-021,sul,5.75,open-meteo:era5_seamless:-23.4:-46.8,2025-11-23,64.47,5.06,70.0,21,proactive,synthetic,synthetic,synthetic,synth-v1.0.0,2024,2cf705e1237a369a,ood
SP-021:sul:005500:2026-02-18,SP-021:sul:005500,SP-021,sul,5.75,open-meteo:era5_seamless:-23.4:-46.8,2026-02-18,74.79,5.64,70.0,10,trigger,synthetic,synthetic,synthetic,synth-v1.0.0,2024,2cf705e1237a369a,ood
SP-021:sul:005500:2026-05-31,SP-021:sul:005500,SP-021,sul,5.75,open-meteo:era5_seamless:-23.4:-46.8,2026-05-31,73.77,4.42,70.0,28,trigger,synthetic,synthetic,synthetic,synth-v1.0.0,2024,2cf705e1237a369a,ood
SP-021:norte:006000:2023-02-06,SP-021:norte:006000,SP-021,norte,6.25,open-meteo:era5_seamless:-23.4:-46.8,2023-02-06,57.27,4.05,45.71,15,proactive,synthetic,synthetic,synthetic,synth-v1.0.0,2024,2cf705e1237a369a,ood
SP-021:norte:006000:2023-03-26,SP-021:norte:006000,SP-021,norte,6.25,open-meteo:era5_seamless:-23.4:-46.8,2023-03-26,63.1,3.8,45.71,14,trigger,synthetic,synthetic,synthetic,synth-v1.0.0,2024,2cf705e1237a369a,ood
SP-021:norte:006000:2023-07-07,SP-021:norte:006000,SP-021,norte,6.25,open-meteo:era5_seamless:-23.4:-46.8,2023-07-07,48.14,7.23,45.71,19,trigger,synthetic,synthetic,synthetic,synth-v1.0.0,2024,2cf705e1237a369a,ood
SP-021:norte:006000:2023-10-14,SP-021:norte:006000,SP-021,norte,6.25,open-meteo:era5_seamless:-23.4:-46.8,2023-10-14,54.7,7.19,45.71,13,trigger,synthetic,synthetic,synthetic,synth-v1.0.0,2024,2cf705e1237a369a,ood
SP-021:norte:006000:2023-12-04,SP-021:norte:006000,SP-021,norte,6.25,open-meteo:era5_seamless:-23.4:-46.8,2023-12-04,54.78,4.89,45.71,29,proactive,synthetic,synthetic,synthetic,synth-v1.0.0,2024,2cf705e1237a369a,ood
SP-021:norte:006000:2024-01-28,SP-021:norte:006000,SP-021,norte,6.25,open-meteo:era5_seamless:-23.4:-46.8,2024-01-28,51.37,7.43,45.71,7,trigger,synthetic,synthetic,synthetic,synth-v1.0.0,2024,2cf705e1237a369a,ood
SP-021:norte:006000:2024-03-25,SP-021:norte:006000,SP-021,norte,6.25,open-meteo:era5_seamless:-23.4:-46.8,2024-03-25,72.02,3.73,45.71,15,trigger,synthetic,synthetic,synthetic,synth-v1.0.0,2024,2cf705e1237a369a,ood
SP-021:norte:006000:2024-05-21,SP-021:norte:006000,SP-021,norte,6.25,open-meteo:era5_seamless:-23.4:-46.8,2024-05-21,55.31,7.35,45.71,16,trigger,synthetic,synthetic,synthetic,synth-v1.0.0,2024,2cf705e1237a369a,ood
SP-021:norte:006000:2024-09-28,SP-021:norte:006000,SP-021,norte,6.25,open-meteo:era5_seamless:-23.4:-46.8,2024-09-28,55.21,4.37,45.71,20,trigger,synthetic,synthetic,synthetic,synth-v1.0.0,2024,2cf705e1237a369a,ood
SP-021:norte:006000:2024-12-03,SP-021:norte:006000,SP-021,norte,6.25,open-meteo:era5_seamless:-23.4:-46.8,2024-12-03,60.58,6.47,45.71,9,trigger,synthetic,synthetic,synthetic,synth-v1.0.0,2024,2cf705e1237a369a,ood
SP-021:norte:006000:2025-01-13,SP-021:norte:006000,SP-021,norte,6.25,open-meteo:era5_seamless:-23.4:-46.8,2025-01-13,54.63,6.69,45.71,8,trigger,synthetic,synthetic,synthetic,synth-v1.0.0,2024,2cf705e1237a369a,ood
SP-021:norte:006000:2025-02-23,SP-021:norte:006000,SP-021,norte,6.25,open-meteo:era5_seamless:-23.4:-46.8,2025-02-23,61.78,4.21,45.71,14,trigger,synthetic,synthetic,synthetic,synth-v1.0.0,2024,2cf705e1237a369a,ood
SP-021:norte:006000:2025-04-27,SP-021:norte:006000,SP-021,norte,6.25,open-meteo:era5_seamless:-23.4:-46.8,2025-04-27,59.19,7.53,45.71,7,trigger,synthetic,synthetic,synthetic,synth-v1.0.0,2024,2cf705e1237a369a,ood
SP-021:norte:006000:2025-07-26,SP-021:norte:006000,SP-021,norte,6.25,open-meteo:era5_seamless:-23.4:-46.8,2025-07-26,36.69,7.63,45.71,34,proactive,synthetic,synthetic,synthetic,synth-v1.0.0,2024,2cf705e1237a369a,ood
SP-021:norte:006000:2025-10-04,SP-021:norte:006000,SP-021,norte,6.25,open-meteo:era5_seamless:-23.4:-46.8,2025-10-04,36.22,6.17,45.71,6,proactive,synthetic,synthetic,synthetic,synth-v1.0.0,2024,2cf705e1237a369a,ood
SP-021:norte:006000:2026-01-19,SP-021:norte:006000,SP-021,norte,6.25,open-meteo:era5_seamless:-23.4:-46.8,2026-01-19,72.2,4.4,45.71,36,trigger,synthetic,synthetic,synthetic,synth-v1.0.0,2024,2cf705e1237a369a,ood
SP-021:norte:006000:2026-03-04,SP-021:norte:006000,SP-021,norte,6.25,open-meteo:era5_seamless:-23.4:-46.8,2026-03-04,57.89,5.33,45.71,10,trigger,synthetic,synthetic,synthetic,synth-v1.0.0,2024,2cf705e1237a369a,ood
SP-021:norte:006000:2026-04-30,SP-021:norte:006000,SP-021,norte,6.25,open-meteo:era5_seamless:-23.4:-46.8,2026-04-30,59.45,6.03,45.71,25,trigger,synthetic,synthetic,synthetic,synth-v1.0.0,2024,2cf705e1237a369a,ood
SP-021:norte:006000:2026-09-01,SP-021:norte:006000,SP-021,norte,6.25,open-meteo:era5_seamless:-23.4:-46.8,2026-09-01,50.42,3.75,45.71,35,proactive,synthetic,synthetic,synthetic,synth-v1.0.0,2024,2cf705e1237a369a,ood
SP-021:sul:006000:2023-02-10,SP-021:sul:006000,SP-021,sul,6.25,open-meteo:era5_seamless:-23.4:-46.8,2023-02-10,68.7,6.46,66.06,12,proactive,synthetic,synthetic,synthetic,synth-v1.0.0,2024,2cf705e1237a369a,ood
SP-021:sul:006000:2023-03-23,SP-021:sul:006000,SP-021,sul,6.25,open-meteo:era5_seamless:-23.4:-46.8,2023-03-23,69.43,6.53,66.06,4,trigger,synthetic,synthetic,synthetic,synth-v1.0.0,2024,2cf705e1237a369a,ood
SP-021:sul:006000:2023-08-20,SP-021:sul:006000,SP-021,sul,6.25,open-meteo:era5_seamless:-23.4:-46.8,2023-08-20,70.93,3.46,66.06,7,trigger,synthetic,synthetic,synthetic,synth-v1.0.0,2024,2cf705e1237a369a,ood
SP-021:sul:006000:2023-10-10,SP-021:sul:006000,SP-021,sul,6.25,open-meteo:era5_seamless:-23.4:-46.8,2023-10-10,42.64,6.86,66.06,2,proactive,synthetic,synthetic,synthetic,synth-v1.0.0,2024,2cf705e1237a369a,ood
SP-021:sul:006000:2023-12-06,SP-021:sul:006000,SP-021,sul,6.25,open-meteo:era5_seamless:-23.4:-46.8,2023-12-06,68.85,5.69,66.06,3,trigger,synthetic,synthetic,synthetic,synth-v1.0.0,2024,2cf705e1237a369a,ood
SP-021:sul:006000:2024-02-26,SP-021:sul:006000,SP-021,sul,6.25,open-meteo:era5_seamless:-23.4:-46.8,2024-02-26,86.74,6.29,66.06,22,trigger,synthetic,synthetic,synthetic,synth-v1.0.0,2024,2cf705e1237a369a,ood
SP-021:sul:006000:2024-05-22,SP-021:sul:006000,SP-021,sul,6.25,open-meteo:era5_seamless:-23.4:-46.8,2024-05-22,89.41,3.6,66.06,45,trigger,synthetic,synthetic,synthetic,synth-v1.0.0,2024,2cf705e1237a369a,ood
SP-021:sul:006000:2024-09-12,SP-021:sul:006000,SP-021,sul,6.25,open-meteo:era5_seamless:-23.4:-46.8,2024-09-12,53.05,6.57,66.06,25,proactive,synthetic,synthetic,synthetic,synth-v1.0.0,2024,2cf705e1237a369a,ood
SP-021:sul:006000:2024-12-01,SP-021:sul:006000,SP-021,sul,6.25,open-meteo:era5_seamless:-23.4:-46.8,2024-12-01,73.78,3.65,66.06,7,trigger,synthetic,synthetic,synthetic,synth-v1.0.0,2024,2cf705e1237a369a,ood
SP-021:sul:006000:2025-01-31,SP-021:sul:006000,SP-021,sul,6.25,open-meteo:era5_seamless:-23.4:-46.8,2025-01-31,82.97,4.27,66.06,12,trigger,synthetic,synthetic,synthetic,synth-v1.0.0,2024,2cf705e1237a369a,ood
SP-021:sul:006000:2025-04-05,SP-021:sul:006000,SP-021,sul,6.25,open-meteo:era5_seamless:-23.4:-46.8,2025-04-05,80.59,5.76,66.06,20,trigger,synthetic,synthetic,synthetic,synth-v1.0.0,2024,2cf705e1237a369a,ood
SP-021:sul:006000:2025-09-10,SP-021:sul:006000,SP-021,sul,6.25,open-meteo:era5_seamless:-23.4:-46.8,2025-09-10,72.11,6.19,66.06,17,trigger,synthetic,synthetic,synthetic,synth-v1.0.0,2024,2cf705e1237a369a,ood
SP-021:sul:006000:2025-12-27,SP-021:sul:006000,SP-021,sul,6.25,open-meteo:era5_seamless:-23.4:-46.8,2025-12-27,77.84,6.51,66.06,13,trigger,synthetic,synthetic,synthetic,synth-v1.0.0,2024,2cf705e1237a369a,ood
SP-021:sul:006000:2026-02-19,SP-021:sul:006000,SP-021,sul,6.25,open-meteo:era5_seamless:-23.4:-46.8,2026-02-19,71.92,4.69,66.06,4,trigger,synthetic,synthetic,synthetic,synth-v1.0.0,2024,2cf705e1237a369a,ood
SP-021:sul:006000:2026-04-25,SP-021:sul:006000,SP-021,sul,6.25,open-meteo:era5_seamless:-23.4:-46.8,2026-04-25,77.01,4.04,66.06,20,trigger,synthetic,synthetic,synthetic,synth-v1.0.0,2024,2cf705e1237a369a,ood
SP-021:norte:006500:2023-02-12,SP-021:norte:006500,SP-021,norte,6.75,open-meteo:era5_seamless:-23.4:-46.8,2023-02-12,76.31,6.25,49.46,21,trigger,synthetic,synthetic,synthetic,synth-v1.0.0,2024,2cf705e1237a369a,ood
SP-021:norte:006500:2023-03-25,SP-021:norte:006500,SP-021,norte,6.75,open-meteo:era5_seamless:-23.4:-46.8,2023-03-25,68.26,4.83,49.46,13,trigger,synthetic,synthetic,synthetic,synth-v1.0.0,2024,2cf705e1237a369a,ood
SP-021:norte:006500:2023-05-27,SP-021:norte:006500,SP-021,norte,6.75,open-meteo:era5_seamless:-23.4:-46.8,2023-05-27,54.71,6.93,49.46,13,trigger,synthetic,synthetic,synthetic,synth-v1.0.0,2024,2cf705e1237a369a,ood
SP-021:norte:006500:2023-10-02,SP-021:norte:006500,SP-021,norte,6.75,open-meteo:era5_seamless:-23.4:-46.8,2023-10-02,66.15,3.78,49.46,22,trigger,synthetic,synthetic,synthetic,synth-v1.0.0,2024,2cf705e1237a369a,ood
SP-021:norte:006500:2023-11-08,SP-021:norte:006500,SP-021,norte,6.75,open-meteo:era5_seamless:-23.4:-46.8,2023-11-08,51.32,3.88,49.46,3,trigger,synthetic,synthetic,synthetic,synth-v1.0.0,2024,2cf705e1237a369a,ood
SP-021:norte:006500:2024-01-06,SP-021:norte:006500,SP-021,norte,6.75,open-meteo:era5_seamless:-23.4:-46.8,2024-01-06,68.61,3.04,49.46,20,trigger,synthetic,synthetic,synthetic,synth-v1.0.0,2024,2cf705e1237a369a,ood
SP-021:norte:006500:2024-03-05,SP-021:norte:006500,SP-021,norte,6.75,open-meteo:era5_seamless:-23.4:-46.8,2024-03-05,77.97,7.51,49.46,16,trigger,synthetic,synthetic,synthetic,synth-v1.0.0,2024,2cf705e1237a369a,ood
SP-021:norte:006500:2024-04-04,SP-021:norte:006500,SP-021,norte,6.75,open-meteo:era5_seamless:-23.4:-46.8,2024-04-04,56.47,4.7,49.46,11,proactive,synthetic,synthetic,synthetic,synth-v1.0.0,2024,2cf705e1237a369a,ood
SP-021:norte:006500:2024-05-27,SP-021:norte:006500,SP-021,norte,6.75,open-meteo:era5_seamless:-23.4:-46.8,2024-05-27,59.93,4.3,49.46,15,trigger,synthetic,synthetic,synthetic,synth-v1.0.0,2024,2cf705e1237a369a,ood
SP-021:norte:006500:2024-08-31,SP-021:norte:006500,SP-021,norte,6.75,open-meteo:era5_seamless:-23.4:-46.8,2024-08-31,52.52,6.3,49.46,6,trigger,synthetic,synthetic,synthetic,synth-v1.0.0,2024,2cf705e1237a369a,ood
SP-021:norte:006500:2024-11-06,SP-021:norte:006500,SP-021,norte,6.75,open-meteo:era5_seamless:-23.4:-46.8,2024-11-06,61.61,6.06,49.46,10,trigger,synthetic,synthetic,synthetic,synth-v1.0.0,2024,2cf705e1237a369a,ood
SP-021:norte:006500:2025-01-13,SP-021:norte:006500,SP-021,norte,6.75,open-meteo:era5_seamless:-23.4:-46.8,2025-01-13,82.33,7.38,49.46,36,trigger,synthetic,synthetic,synthetic,synth-v1.0.0,2024,2cf705e1237a369a,ood
SP-021:norte:006500:2025-02-11,SP-021:norte:006500,SP-021,norte,6.75,open-meteo:era5_seamless:-23.4:-46.8,2025-02-11,56.78,5.57,49.46,2,trigger,synthetic,synthetic,synthetic,synth-v1.0.0,2024,2cf705e1237a369a,ood
SP-021:norte:006500:2025-03-16,SP-021:norte:006500,SP-021,norte,6.75,open-meteo:era5_seamless:-23.4:-46.8,2025-03-16,54.79,7.38,49.46,7,trigger,synthetic,synthetic,synthetic,synth-v1.0.0,2024,2cf705e1237a369a,ood
SP-021:norte:006500:2025-06-03,SP-021:norte:006500,SP-021,norte,6.75,open-meteo:era5_seamless:-23.4:-46.8,2025-06-03,72.24,7.17,49.46,44,trigger,synthetic,synthetic,synthetic,synth-v1.0.0,2024,2cf705e1237a369a,ood
SP-021:norte:006500:2025-09-27,SP-021:norte:006500,SP-021,norte,6.75,open-meteo:era5_seamless:-23.4:-46.8,2025-09-27,51.58,7.31,49.46,6,trigger,synthetic,synthetic,synthetic,synth-v1.0.0,2024,2cf705e1237a369a,ood
SP-021:norte:006500:2025-12-01,SP-021:norte:006500,SP-021,norte,6.75,open-meteo:era5_seamless:-23.4:-46.8,2025-12-01,56.7,7.25,49.46,8,trigger,synthetic,synthetic,synthetic,synth-v1.0.0,2024,2cf705e1237a369a,ood
SP-021:norte:006500:2026-01-11,SP-021:norte:006500,SP-021,norte,6.75,open-meteo:era5_seamless:-23.4:-46.8,2026-01-11,60.49,4.86,49.46,7,trigger,synthetic,synthetic,synthetic,synth-v1.0.0,2024,2cf705e1237a369a,ood
SP-021:norte:006500:2026-03-06,SP-021:norte:006500,SP-021,norte,6.75,open-meteo:era5_seamless:-23.4:-46.8,2026-03-06,74.27,7.16,49.46,19,trigger,synthetic,synthetic,synthetic,synth-v1.0.0,2024,2cf705e1237a369a,ood
SP-021:norte:006500:2026-04-27,SP-021:norte:006500,SP-021,norte,6.75,open-meteo:era5_seamless:-23.4:-46.8,2026-04-27,66.79,3.05,49.46,22,trigger,synthetic,synthetic,synthetic,synth-v1.0.0,2024,2cf705e1237a369a,ood
SP-021:norte:006500:2026-09-01,SP-021:norte:006500,SP-021,norte,6.75,open-meteo:era5_seamless:-23.4:-46.8,2026-09-01,62.38,6.38,49.46,29,trigger,synthetic,synthetic,synthetic,synth-v1.0.0,2024,2cf705e1237a369a,ood
SP-021:sul:006500:2023-03-07,SP-021:sul:006500,SP-021,sul,6.75,open-meteo:era5_seamless:-23.4:-46.8,2023-03-07,71.54,3.77,57.2,16,trigger,synthetic,synthetic,synthetic,synth-v1.0.0,2024,2cf705e1237a369a,ood
SP-021:sul:006500:2023-08-29,SP-021:sul:006500,SP-021,sul,6.75,open-meteo:era5_seamless:-23.4:-46.8,2023-08-29,64.13,3.7,57.2,23,trigger,synthetic,synthetic,synthetic,synth-v1.0.0,2024,2cf705e1237a369a,ood
SP-021:sul:006500:2023-12-03,SP-021:sul:006500,SP-021,sul,6.75,open-meteo:era5_seamless:-23.4:-46.8,2023-12-03,63.57,7.69,57.2,14,trigger,synthetic,synthetic,synthetic,synth-v1.0.0,2024,2cf705e1237a369a,ood
SP-021:sul:006500:2024-02-20,SP-021:sul:006500,SP-021,sul,6.75,open-meteo:era5_seamless:-23.4:-46.8,2024-02-20,63.29,7.92,57.2,9,trigger,synthetic,synthetic,synthetic,synth-v1.0.0,2024,2cf705e1237a369a,ood
SP-021:sul:006500:2024-05-02,SP-021:sul:006500,SP-021,sul,6.75,open-meteo:era5_seamless:-23.4:-46.8,2024-05-02,68.0,6.58,57.2,25,trigger,synthetic,synthetic,synthetic,synth-v1.0.0,2024,2cf705e1237a369a,ood
SP-021:sul:006500:2024-10-23,SP-021:sul:006500,SP-021,sul,6.75,open-meteo:era5_seamless:-23.4:-46.8,2024-10-23,59.82,4.82,57.2,10,trigger,synthetic,synthetic,synthetic,synth-v1.0.0,2024,2cf705e1237a369a,ood
SP-021:sul:006500:2025-01-01,SP-021:sul:006500,SP-021,sul,6.75,open-meteo:era5_seamless:-23.4:-46.8,2025-01-01,62.62,6.59,57.2,10,trigger,synthetic,synthetic,synthetic,synth-v1.0.0,2024,2cf705e1237a369a,ood
SP-021:sul:006500:2025-03-13,SP-021:sul:006500,SP-021,sul,6.75,open-meteo:era5_seamless:-23.4:-46.8,2025-03-13,70.0,6.95,57.2,25,trigger,synthetic,synthetic,synthetic,synth-v1.0.0,2024,2cf705e1237a369a,ood
SP-021:sul:006500:2025-07-02,SP-021:sul:006500,SP-021,sul,6.75,open-meteo:era5_seamless:-23.4:-46.8,2025-07-02,59.49,3.07,57.2,3,trigger,synthetic,synthetic,synthetic,synth-v1.0.0,2024,2cf705e1237a369a,ood
SP-021:sul:006500:2025-11-16,SP-021:sul:006500,SP-021,sul,6.75,open-meteo:era5_seamless:-23.4:-46.8,2025-11-16,45.98,5.9,57.2,28,proactive,synthetic,synthetic,synthetic,synth-v1.0.0,2024,2cf705e1237a369a,ood
SP-021:sul:006500:2026-02-06,SP-021:sul:006500,SP-021,sul,6.75,open-meteo:era5_seamless:-23.4:-46.8,2026-02-06,63.47,3.23,57.2,5,trigger,synthetic,synthetic,synthetic,synth-v1.0.0,2024,2cf705e1237a369a,ood
SP-021:sul:006500:2026-04-11,SP-021:sul:006500,SP-021,sul,6.75,open-meteo:era5_seamless:-23.4:-46.8,2026-04-11,62.24,3.85,57.2,6,trigger,synthetic,synthetic,synthetic,synth-v1.0.0,2024,2cf705e1237a369a,ood
SP-021:norte:007000:2023-01-22,SP-021:norte:007000,SP-021,norte,7.25,open-meteo:era5_seamless:-23.4:-46.8,2023-01-22,50.98,4.4,47.83,7,proactive,synthetic,synthetic,synthetic,synth-v1.0.0,2024,2cf705e1237a369a,ood
SP-021:norte:007000:2023-03-03,SP-021:norte:007000,SP-021,norte,7.25,open-meteo:era5_seamless:-23.4:-46.8,2023-03-03,64.93,7.03,47.83,12,trigger,synthetic,synthetic,synthetic,synth-v1.0.0,2024,2cf705e1237a369a,ood
SP-021:norte:007000:2023-04-15,SP-021:norte:007000,SP-021,norte,7.25,open-meteo:era5_seamless:-23.4:-46.8,2023-04-15,61.0,3.12,47.83,13,trigger,synthetic,synthetic,synthetic,synth-v1.0.0,2024,2cf705e1237a369a,ood
SP-021:norte:007000:2023-08-25,SP-021:norte:007000,SP-021,norte,7.25,open-meteo:era5_seamless:-23.4:-46.8,2023-08-25,58.58,3.13,47.83,19,trigger,synthetic,synthetic,synthetic,synth-v1.0.0,2024,2cf705e1237a369a,ood
SP-021:norte:007000:2023-10-28,SP-021:norte:007000,SP-021,norte,7.25,open-meteo:era5_seamless:-23.4:-46.8,2023-10-28,64.88,6.44,47.83,13,trigger,synthetic,synthetic,synthetic,synth-v1.0.0,2024,2cf705e1237a369a,ood
SP-021:norte:007000:2024-01-07,SP-021:norte:007000,SP-021,norte,7.25,open-meteo:era5_seamless:-23.4:-46.8,2024-01-07,75.59,6.48,47.83,28,trigger,synthetic,synthetic,synthetic,synth-v1.0.0,2024,2cf705e1237a369a,ood
SP-021:norte:007000:2024-03-15,SP-021:norte:007000,SP-021,norte,7.25,open-meteo:era5_seamless:-23.4:-46.8,2024-03-15,88.83,5.79,47.83,19,trigger,synthetic,synthetic,synthetic,synth-v1.0.0,2024,2cf705e1237a369a,ood
SP-021:norte:007000:2024-04-23,SP-021:norte:007000,SP-021,norte,7.25,open-meteo:era5_seamless:-23.4:-46.8,2024-04-23,59.99,3.79,47.83,9,trigger,synthetic,synthetic,synthetic,synth-v1.0.0,2024,2cf705e1237a369a,ood
SP-021:norte:007000:2024-08-14,SP-021:norte:007000,SP-021,norte,7.25,open-meteo:era5_seamless:-23.4:-46.8,2024-08-14,60.46,6.17,47.83,10,trigger,synthetic,synthetic,synthetic,synth-v1.0.0,2024,2cf705e1237a369a,ood
SP-021:norte:007000:2024-10-23,SP-021:norte:007000,SP-021,norte,7.25,open-meteo:era5_seamless:-23.4:-46.8,2024-10-23,54.87,6.07,47.83,10,trigger,synthetic,synthetic,synthetic,synth-v1.0.0,2024,2cf705e1237a369a,ood
SP-021:norte:007000:2024-12-08,SP-021:norte:007000,SP-021,norte,7.25,open-meteo:era5_seamless:-23.4:-46.8,2024-12-08,61.99,4.86,47.83,7,trigger,synthetic,synthetic,synthetic,synth-v1.0.0,2024,2cf705e1237a369a,ood
SP-021:norte:007000:2025-01-15,SP-021:norte:007000,SP-021,norte,7.25,open-meteo:era5_seamless:-23.4:-46.8,2025-01-15,58.89,6.96,47.83,10,trigger,synthetic,synthetic,synthetic,synth-v1.0.0,2024,2cf705e1237a369a,ood
SP-021:norte:007000:2025-02-27,SP-021:norte:007000,SP-021,norte,7.25,open-meteo:era5_seamless:-23.4:-46.8,2025-02-27,74.64,5.22,47.83,11,trigger,synthetic,synthetic,synthetic,synth-v1.0.0,2024,2cf705e1237a369a,ood
SP-021:norte:007000:2025-05-08,SP-021:norte:007000,SP-021,norte,7.25,open-meteo:era5_seamless:-23.4:-46.8,2025-05-08,72.42,7.33,47.83,25,trigger,synthetic,synthetic,synthetic,synth-v1.0.0,2024,2cf705e1237a369a,ood
SP-021:norte:007000:2025-10-09,SP-021:norte:007000,SP-021,norte,7.25,open-meteo:era5_seamless:-23.4:-46.8,2025-10-09,62.75,4.23,47.83,32,trigger,synthetic,synthetic,synthetic,synth-v1.0.0,2024,2cf705e1237a369a,ood
SP-021:norte:007000:2025-12-19,SP-021:norte:007000,SP-021,norte,7.25,open-meteo:era5_seamless:-23.4:-46.8,2025-12-19,62.11,6.98,47.83,12,trigger,synthetic,synthetic,synthetic,synth-v1.0.0,2024,2cf705e1237a369a,ood
SP-021:norte:007000:2026-02-01,SP-021:norte:007000,SP-021,norte,7.25,open-meteo:era5_seamless:-23.4:-46.8,2026-02-01,58.7,4.96,47.83,7,trigger,synthetic,synthetic,synthetic,synth-v1.0.0,2024,2cf705e1237a369a,ood
SP-021:norte:007000:2026-03-06,SP-021:norte:007000,SP-021,norte,7.25,open-meteo:era5_seamless:-23.4:-46.8,2026-03-06,55.72,4.63,47.83,12,proactive,synthetic,synthetic,synthetic,synth-v1.0.0,2024,2cf705e1237a369a,ood
SP-021:norte:007000:2026-04-07,SP-021:norte:007000,SP-021,norte,7.25,open-meteo:era5_seamless:-23.4:-46.8,2026-04-07,52.41,7.39,47.83,2,trigger,synthetic,synthetic,synthetic,synth-v1.0.0,2024,2cf705e1237a369a,ood
SP-021:norte:007000:2026-05-24,SP-021:norte:007000,SP-021,norte,7.25,open-meteo:era5_seamless:-23.4:-46.8,2026-05-24,38.98,4.62,47.83,7,proactive,synthetic,synthetic,synthetic,synth-v1.0.0,2024,2cf705e1237a369a,ood
SP-021:norte:007000:2026-09-01,SP-021:norte:007000,SP-021,norte,7.25,open-meteo:era5_seamless:-23.4:-46.8,2026-09-01,49.28,3.48,47.83,4,trigger,synthetic,synthetic,synthetic,synth-v1.0.0,2024,2cf705e1237a369a,ood
SP-021:sul:007000:2023-03-29,SP-021:sul:007000,SP-021,sul,7.25,open-meteo:era5_seamless:-23.4:-46.8,2023-03-29,60.32,4.07,61.82,45,proactive,synthetic,synthetic,synthetic,synth-v1.0.0,2024,2cf705e1237a369a,ood
SP-021:sul:007000:2023-10-26,SP-021:sul:007000,SP-021,sul,7.25,open-meteo:era5_seamless:-23.4:-46.8,2023-10-26,55.0,7.82,61.82,4,proactive,synthetic,synthetic,synthetic,synth-v1.0.0,2024,2cf705e1237a369a,ood
SP-021:sul:007000:2024-02-24,SP-021:sul:007000,SP-021,sul,7.25,open-meteo:era5_seamless:-23.4:-46.8,2024-02-24,60.49,7.69,61.82,13,proactive,synthetic,synthetic,synthetic,synth-v1.0.0,2024,2cf705e1237a369a,ood
SP-021:sul:007000:2024-09-26,SP-021:sul:007000,SP-021,sul,7.25,open-meteo:era5_seamless:-23.4:-46.8,2024-09-26,63.04,5.12,61.82,18,trigger,synthetic,synthetic,synthetic,synth-v1.0.0,2024,2cf705e1237a369a,ood
SP-021:sul:007000:2024-12-24,SP-021:sul:007000,SP-021,sul,7.25,open-meteo:era5_seamless:-23.4:-46.8,2024-12-24,51.82,6.0,61.82,2,proactive,synthetic,synthetic,synthetic,synth-v1.0.0,2024,2cf705e1237a369a,ood
SP-021:sul:007000:2025-05-14,SP-021:sul:007000,SP-021,sul,7.25,open-meteo:era5_seamless:-23.4:-46.8,2025-05-14,64.48,4.5,61.82,31,trigger,synthetic,synthetic,synthetic,synth-v1.0.0,2024,2cf705e1237a369a,ood
SP-021:sul:007000:2025-10-04,SP-021:sul:007000,SP-021,sul,7.25,open-meteo:era5_seamless:-23.4:-46.8,2025-10-04,32.69,7.81,61.82,6,proactive,synthetic,synthetic,synthetic,synth-v1.0.0,2024,2cf705e1237a369a,ood
SP-021:sul:007000:2026-03-10,SP-021:sul:007000,SP-021,sul,7.25,open-meteo:era5_seamless:-23.4:-46.8,2026-03-10,63.35,7.55,61.82,9,trigger,synthetic,synthetic,synthetic,synth-v1.0.0,2024,2cf705e1237a369a,ood
SP-021:norte:007500:2023-02-22,SP-021:norte:007500,SP-021,norte,7.75,open-meteo:era5_seamless:-23.4:-46.8,2023-02-22,76.32,6.13,70.0,10,trigger,synthetic,synthetic,synthetic,synth-v1.0.0,2024,2cf705e1237a369a,ood
SP-021:norte:007500:2023-05-14,SP-021:norte:007500,SP-021,norte,7.75,open-meteo:era5_seamless:-23.4:-46.8,2023-05-14,73.15,6.9,70.0,7,trigger,synthetic,synthetic,synthetic,synth-v1.0.0,2024,2cf705e1237a369a,ood
SP-021:norte:007500:2023-11-17,SP-021:norte:007500,SP-021,norte,7.75,open-meteo:era5_seamless:-23.4:-46.8,2023-11-17,79.86,3.96,70.0,19,trigger,synthetic,synthetic,synthetic,synth-v1.0.0,2024,2cf705e1237a369a,ood
SP-021:norte:007500:2024-02-15,SP-021:norte:007500,SP-021,norte,7.75,open-meteo:era5_seamless:-23.4:-46.8,2024-02-15,76.73,3.97,70.0,11,trigger,synthetic,synthetic,synthetic,synth-v1.0.0,2024,2cf705e1237a369a,ood
SP-021:norte:007500:2024-05-01,SP-021:norte:007500,SP-021,norte,7.75,open-meteo:era5_seamless:-23.4:-46.8,2024-05-01,78.12,5.55,70.0,3,trigger,synthetic,synthetic,synthetic,synth-v1.0.0,2024,2cf705e1237a369a,ood
SP-021:norte:007500:2024-11-01,SP-021:norte:007500,SP-021,norte,7.75,open-meteo:era5_seamless:-23.4:-46.8,2024-11-01,75.3,4.04,70.0,5,trigger,synthetic,synthetic,synthetic,synth-v1.0.0,2024,2cf705e1237a369a,ood
SP-021:norte:007500:2024-12-22,SP-021:norte:007500,SP-021,norte,7.75,open-meteo:era5_seamless:-23.4:-46.8,2024-12-22,61.15,7.36,70.0,28,proactive,synthetic,synthetic,synthetic,synth-v1.0.0,2024,2cf705e1237a369a,ood
SP-021:norte:007500:2025-03-05,SP-021:norte:007500,SP-021,norte,7.75,open-meteo:era5_seamless:-23.4:-46.8,2025-03-05,81.81,7.64,70.0,17,trigger,synthetic,synthetic,synthetic,synth-v1.0.0,2024,2cf705e1237a369a,ood
SP-021:norte:007500:2025-04-22,SP-021:norte:007500,SP-021,norte,7.75,open-meteo:era5_seamless:-23.4:-46.8,2025-04-22,51.73,7.04,70.0,23,proactive,synthetic,synthetic,synthetic,synth-v1.0.0,2024,2cf705e1237a369a,ood
SP-021:norte:007500:2025-06-24,SP-021:norte:007500,SP-021,norte,7.75,open-meteo:era5_seamless:-23.4:-46.8,2025-06-24,38.84,8.0,70.0,9,proactive,synthetic,synthetic,synthetic,synth-v1.0.0,2024,2cf705e1237a369a,ood
SP-021:norte:007500:2025-12-28,SP-021:norte:007500,SP-021,norte,7.75,open-meteo:era5_seamless:-23.4:-46.8,2025-12-28,76.99,6.51,70.0,7,trigger,synthetic,synthetic,synthetic,synth-v1.0.0,2024,2cf705e1237a369a,ood
SP-021:norte:007500:2026-03-29,SP-021:norte:007500,SP-021,norte,7.75,open-meteo:era5_seamless:-23.4:-46.8,2026-03-29,81.77,7.72,70.0,28,trigger,synthetic,synthetic,synthetic,synth-v1.0.0,2024,2cf705e1237a369a,ood
SP-021:sul:007500:2023-01-22,SP-021:sul:007500,SP-021,sul,7.75,open-meteo:era5_seamless:-23.4:-46.8,2023-01-22,46.7,3.25,35.01,7,trigger,synthetic,synthetic,synthetic,synth-v1.0.0,2024,2cf705e1237a369a,ood
SP-021:sul:007500:2023-03-15,SP-021:sul:007500,SP-021,sul,7.75,open-meteo:era5_seamless:-23.4:-46.8,2023-03-15,68.14,7.18,35.01,17,trigger,synthetic,synthetic,synthetic,synth-v1.0.0,2024,2cf705e1237a369a,ood
SP-021:sul:007500:2023-04-18,SP-021:sul:007500,SP-021,sul,7.75,open-meteo:era5_seamless:-23.4:-46.8,2023-04-18,45.02,6.3,35.01,9,trigger,synthetic,synthetic,synthetic,synth-v1.0.0,2024,2cf705e1237a369a,ood
SP-021:sul:007500:2023-07-05,SP-021:sul:007500,SP-021,sul,7.75,open-meteo:era5_seamless:-23.4:-46.8,2023-07-05,38.2,3.09,35.01,10,trigger,synthetic,synthetic,synthetic,synth-v1.0.0,2024,2cf705e1237a369a,ood
SP-021:sul:007500:2023-09-21,SP-021:sul:007500,SP-021,sul,7.75,open-meteo:era5_seamless:-23.4:-46.8,2023-09-21,43.22,3.96,35.01,11,trigger,synthetic,synthetic,synthetic,synth-v1.0.0,2024,2cf705e1237a369a,ood
SP-021:sul:007500:2023-10-26,SP-021:sul:007500,SP-021,sul,7.75,open-meteo:era5_seamless:-23.4:-46.8,2023-10-26,43.24,3.51,35.01,4,trigger,synthetic,synthetic,synthetic,synth-v1.0.0,2024,2cf705e1237a369a,ood
SP-021:sul:007500:2023-11-23,SP-021:sul:007500,SP-021,sul,7.75,open-meteo:era5_seamless:-23.4:-46.8,2023-11-23,39.06,3.43,35.01,4,trigger,synthetic,synthetic,synthetic,synth-v1.0.0,2024,2cf705e1237a369a,ood
SP-021:sul:007500:2024-01-04,SP-021:sul:007500,SP-021,sul,7.75,open-meteo:era5_seamless:-23.4:-46.8,2024-01-04,47.73,5.18,35.01,11,trigger,synthetic,synthetic,synthetic,synth-v1.0.0,2024,2cf705e1237a369a,ood
SP-021:sul:007500:2024-02-11,SP-021:sul:007500,SP-021,sul,7.75,open-meteo:era5_seamless:-23.4:-46.8,2024-02-11,54.52,3.9,35.01,7,trigger,synthetic,synthetic,synthetic,synth-v1.0.0,2024,2cf705e1237a369a,ood
SP-021:sul:007500:2024-03-11,SP-021:sul:007500,SP-021,sul,7.75,open-meteo:era5_seamless:-23.4:-46.8,2024-03-11,50.86,3.95,35.01,8,trigger,synthetic,synthetic,synthetic,synth-v1.0.0,2024,2cf705e1237a369a,ood
SP-021:sul:007500:2024-04-14,SP-021:sul:007500,SP-021,sul,7.75,open-meteo:era5_seamless:-23.4:-46.8,2024-04-14,52.68,7.15,35.01,7,trigger,synthetic,synthetic,synthetic,synth-v1.0.0,2024,2cf705e1237a369a,ood
SP-021:sul:007500:2024-06-13,SP-021:sul:007500,SP-021,sul,7.75,open-meteo:era5_seamless:-23.4:-46.8,2024-06-13,45.4,7.08,35.01,25,trigger,synthetic,synthetic,synthetic,synth-v1.0.0,2024,2cf705e1237a369a,ood
SP-021:sul:007500:2024-09-19,SP-021:sul:007500,SP-021,sul,7.75,open-meteo:era5_seamless:-23.4:-46.8,2024-09-19,49.24,5.89,35.01,32,proactive,synthetic,synthetic,synthetic,synth-v1.0.0,2024,2cf705e1237a369a,ood
SP-021:sul:007500:2024-11-13,SP-021:sul:007500,SP-021,sul,7.75,open-meteo:era5_seamless:-23.4:-46.8,2024-11-13,50.74,6.91,35.01,17,trigger,synthetic,synthetic,synthetic,synth-v1.0.0,2024,2cf705e1237a369a,ood
SP-021:sul:007500:2024-12-26,SP-021:sul:007500,SP-021,sul,7.75,open-meteo:era5_seamless:-23.4:-46.8,2024-12-26,59.04,4.45,35.01,18,trigger,synthetic,synthetic,synthetic,synth-v1.0.0,2024,2cf705e1237a369a,ood
SP-021:sul:007500:2025-01-24,SP-021:sul:007500,SP-021,sul,7.75,open-meteo:era5_seamless:-23.4:-46.8,2025-01-24,47.4,5.19,35.01,5,trigger,synthetic,synthetic,synthetic,synth-v1.0.0,2024,2cf705e1237a369a,ood
SP-021:sul:007500:2025-02-28,SP-021:sul:007500,SP-021,sul,7.75,open-meteo:era5_seamless:-23.4:-46.8,2025-02-28,59.23,5.69,35.01,12,trigger,synthetic,synthetic,synthetic,synth-v1.0.0,2024,2cf705e1237a369a,ood
SP-021:sul:007500:2025-04-22,SP-021:sul:007500,SP-021,sul,7.75,open-meteo:era5_seamless:-23.4:-46.8,2025-04-22,57.27,5.31,35.01,23,trigger,synthetic,synthetic,synthetic,synth-v1.0.0,2024,2cf705e1237a369a,ood
SP-021:sul:007500:2025-07-05,SP-021:sul:007500,SP-021,sul,7.75,open-meteo:era5_seamless:-23.4:-46.8,2025-07-05,42.87,3.55,35.01,27,trigger,synthetic,synthetic,synthetic,synth-v1.0.0,2024,2cf705e1237a369a,ood
SP-021:sul:007500:2025-11-01,SP-021:sul:007500,SP-021,sul,7.75,open-meteo:era5_seamless:-23.4:-46.8,2025-11-01,50.82,3.36,35.01,34,trigger,synthetic,synthetic,synthetic,synth-v1.0.0,2024,2cf705e1237a369a,ood
SP-021:sul:007500:2025-12-20,SP-021:sul:007500,SP-021,sul,7.75,open-meteo:era5_seamless:-23.4:-46.8,2025-12-20,49.21,5.55,35.01,13,trigger,synthetic,synthetic,synthetic,synth-v1.0.0,2024,2cf705e1237a369a,ood
SP-021:sul:007500:2026-01-31,SP-021:sul:007500,SP-021,sul,7.75,open-meteo:era5_seamless:-23.4:-46.8,2026-01-31,51.69,3.33,35.01,20,trigger,synthetic,synthetic,synthetic,synth-v1.0.0,2024,2cf705e1237a369a,ood
SP-021:sul:007500:2026-03-07,SP-021:sul:007500,SP-021,sul,7.75,open-meteo:era5_seamless:-23.4:-46.8,2026-03-07,54.95,7.19,35.01,13,trigger,synthetic,synthetic,synthetic,synth-v1.0.0,2024,2cf705e1237a369a,ood
SP-021:sul:007500:2026-04-10,SP-021:sul:007500,SP-021,sul,7.75,open-meteo:era5_seamless:-23.4:-46.8,2026-04-10,55.59,5.49,35.01,12,trigger,synthetic,synthetic,synthetic,synth-v1.0.0,2024,2cf705e1237a369a,ood
SP-021:sul:007500:2026-05-22,SP-021:sul:007500,SP-021,sul,7.75,open-meteo:era5_seamless:-23.4:-46.8,2026-05-22,34.21,3.04,35.01,5,proactive,synthetic,synthetic,synthetic,synth-v1.0.0,2024,2cf705e1237a369a,ood
SP-021:sul:007500:2026-08-18,SP-021:sul:007500,SP-021,sul,7.75,open-meteo:era5_seamless:-23.4:-46.8,2026-08-18,38.83,7.85,35.01,9,trigger,synthetic,synthetic,synthetic,synth-v1.0.0,2024,2cf705e1237a369a,ood
SP-021:norte:008000:2023-02-02,SP-021:norte:008000,SP-021,norte,8.25,open-meteo:era5_seamless:-23.4:-46.8,2023-02-02,72.93,3.49,49.41,11,trigger,synthetic,synthetic,synthetic,synth-v1.0.0,2024,2cf705e1237a369a,ood
SP-021:norte:008000:2023-03-27,SP-021:norte:008000,SP-021,norte,8.25,open-meteo:era5_seamless:-23.4:-46.8,2023-03-27,83.84,5.32,49.41,22,trigger,synthetic,synthetic,synthetic,synth-v1.0.0,2024,2cf705e1237a369a,ood
SP-021:norte:008000:2023-06-02,SP-021:norte:008000,SP-021,norte,8.25,open-meteo:era5_seamless:-23.4:-46.8,2023-06-02,56.14,5.71,49.41,19,trigger,synthetic,synthetic,synthetic,synth-v1.0.0,2024,2cf705e1237a369a,ood
SP-021:norte:008000:2023-09-21,SP-021:norte:008000,SP-021,norte,8.25,open-meteo:era5_seamless:-23.4:-46.8,2023-09-21,56.43,3.86,49.41,11,trigger,synthetic,synthetic,synthetic,synth-v1.0.0,2024,2cf705e1237a369a,ood
SP-021:norte:008000:2023-10-31,SP-021:norte:008000,SP-021,norte,8.25,open-meteo:era5_seamless:-23.4:-46.8,2023-10-31,55.89,6.86,49.41,2,trigger,synthetic,synthetic,synthetic,synth-v1.0.0,2024,2cf705e1237a369a,ood
SP-021:norte:008000:2023-12-24,SP-021:norte:008000,SP-021,norte,8.25,open-meteo:era5_seamless:-23.4:-46.8,2023-12-24,68.08,5.9,49.41,14,trigger,synthetic,synthetic,synthetic,synth-v1.0.0,2024,2cf705e1237a369a,ood
SP-021:norte:008000:2024-01-27,SP-021:norte:008000,SP-021,norte,8.25,open-meteo:era5_seamless:-23.4:-46.8,2024-01-27,43.54,5.02,49.41,6,proactive,synthetic,synthetic,synthetic,synth-v1.0.0,2024,2cf705e1237a369a,ood
SP-021:norte:008000:2024-03-14,SP-021:norte:008000,SP-021,norte,8.25,open-meteo:era5_seamless:-23.4:-46.8,2024-03-14,81.29,3.04,49.41,18,trigger,synthetic,synthetic,synthetic,synth-v1.0.0,2024,2cf705e1237a369a,ood
SP-021:norte:008000:2024-04-20,SP-021:norte:008000,SP-021,norte,8.25,open-meteo:era5_seamless:-23.4:-46.8,2024-04-20,62.85,5.87,49.41,6,trigger,synthetic,synthetic,synthetic,synth-v1.0.0,2024,2cf705e1237a369a,ood
SP-021:norte:008000:2024-07-13,SP-021:norte:008000,SP-021,norte,8.25,open-meteo:era5_seamless:-23.4:-46.8,2024-07-13,55.66,5.88,49.41,20,trigger,synthetic,synthetic,synthetic,synth-v1.0.0,2024,2cf705e1237a369a,ood
SP-021:norte:008000:2024-10-19,SP-021:norte:008000,SP-021,norte,8.25,open-meteo:era5_seamless:-23.4:-46.8,2024-10-19,65.71,3.05,49.41,27,trigger,synthetic,synthetic,synthetic,synth-v1.0.0,2024,2cf705e1237a369a,ood
SP-021:norte:008000:2024-12-06,SP-021:norte:008000,SP-021,norte,8.25,open-meteo:era5_seamless:-23.4:-46.8,2024-12-06,67.92,6.56,49.41,12,trigger,synthetic,synthetic,synthetic,synth-v1.0.0,2024,2cf705e1237a369a,ood
SP-021:norte:008000:2025-01-19,SP-021:norte:008000,SP-021,norte,8.25,open-meteo:era5_seamless:-23.4:-46.8,2025-01-19,71.12,4.96,49.41,28,proactive,synthetic,synthetic,synthetic,synth-v1.0.0,2024,2cf705e1237a369a,ood
SP-021:norte:008000:2025-02-25,SP-021:norte:008000,SP-021,norte,8.25,open-meteo:era5_seamless:-23.4:-46.8,2025-02-25,74.07,4.72,49.41,9,trigger,synthetic,synthetic,synthetic,synth-v1.0.0,2024,2cf705e1237a369a,ood
SP-021:norte:008000:2025-04-24,SP-021:norte:008000,SP-021,norte,8.25,open-meteo:era5_seamless:-23.4:-46.8,2025-04-24,70.83,4.73,49.41,18,trigger,synthetic,synthetic,synthetic,synth-v1.0.0,2024,2cf705e1237a369a,ood
SP-021:norte:008000:2025-07-06,SP-021:norte:008000,SP-021,norte,8.25,open-meteo:era5_seamless:-23.4:-46.8,2025-07-06,46.34,7.26,49.41,7,proactive,synthetic,synthetic,synthetic,synth-v1.0.0,2024,2cf705e1237a369a,ood
SP-021:norte:008000:2025-10-20,SP-021:norte:008000,SP-021,norte,8.25,open-meteo:era5_seamless:-23.4:-46.8,2025-10-20,56.31,7.94,49.41,8,trigger,synthetic,synthetic,synthetic,synth-v1.0.0,2024,2cf705e1237a369a,ood
SP-021:norte:008000:2025-12-07,SP-021:norte:008000,SP-021,norte,8.25,open-meteo:era5_seamless:-23.4:-46.8,2025-12-07,52.17,5.5,49.41,14,proactive,synthetic,synthetic,synthetic,synth-v1.0.0,2024,2cf705e1237a369a,ood
SP-021:norte:008000:2026-01-28,SP-021:norte:008000,SP-021,norte,8.25,open-meteo:era5_seamless:-23.4:-46.8,2026-01-28,70.02,3.94,49.41,10,trigger,synthetic,synthetic,synthetic,synth-v1.0.0,2024,2cf705e1237a369a,ood
SP-021:norte:008000:2026-03-17,SP-021:norte:008000,SP-021,norte,8.25,open-meteo:era5_seamless:-23.4:-46.8,2026-03-17,77.46,6.42,49.41,23,trigger,synthetic,synthetic,synthetic,synth-v1.0.0,2024,2cf705e1237a369a,ood
SP-021:norte:008000:2026-05-09,SP-021:norte:008000,SP-021,norte,8.25,open-meteo:era5_seamless:-23.4:-46.8,2026-05-09,63.52,4.66,49.41,13,trigger,synthetic,synthetic,synthetic,synth-v1.0.0,2024,2cf705e1237a369a,ood
SP-021:norte:008000:2026-09-01,SP-021:norte:008000,SP-021,norte,8.25,open-meteo:era5_seamless:-23.4:-46.8,2026-09-01,57.88,4.02,49.41,29,trigger,synthetic,synthetic,synthetic,synth-v1.0.0,2024,2cf705e1237a369a,ood
SP-021:sul:008000:2023-01-25,SP-021:sul:008000,SP-021,sul,8.25,open-meteo:era5_seamless:-23.4:-46.8,2023-01-25,88.12,6.64,50.56,17,trigger,synthetic,synthetic,synthetic,synth-v1.0.0,2024,2cf705e1237a369a,ood
SP-021:sul:008000:2023-03-10,SP-021:sul:008000,SP-021,sul,8.25,open-meteo:era5_seamless:-23.4:-46.8,2023-03-10,101.88,4.69,50.56,26,trigger,synthetic,synthetic,synthetic,synth-v1.0.0,2024,2cf705e1237a369a,ood
SP-021:sul:008000:2023-04-13,SP-021:sul:008000,SP-021,sul,8.25,open-meteo:era5_seamless:-23.4:-46.8,2023-04-13,77.48,7.25,50.56,18,trigger,synthetic,synthetic,synthetic,synth-v1.0.0,2024,2cf705e1237a369a,ood
SP-021:sul:008000:2023-06-04,SP-021:sul:008000,SP-021,sul,8.25,open-meteo:era5_seamless:-23.4:-46.8,2023-06-04,64.14,5.47,50.56,14,trigger,synthetic,synthetic,synthetic,synth-v1.0.0,2024,2cf705e1237a369a,ood
SP-021:sul:008000:2023-09-13,SP-021:sul:008000,SP-021,sul,8.25,open-meteo:era5_seamless:-23.4:-46.8,2023-09-13,82.02,6.9,50.56,31,trigger,synthetic,synthetic,synthetic,synth-v1.0.0,2024,2cf705e1237a369a,ood
SP-021:sul:008000:2023-10-27,SP-021:sul:008000,SP-021,sul,8.25,open-meteo:era5_seamless:-23.4:-46.8,2023-10-27,81.64,3.02,50.56,19,trigger,synthetic,synthetic,synthetic,synth-v1.0.0,2024,2cf705e1237a369a,ood
SP-021:sul:008000:2023-12-01,SP-021:sul:008000,SP-021,sul,8.25,open-meteo:era5_seamless:-23.4:-46.8,2023-12-01,73.87,4.07,50.56,12,trigger,synthetic,synthetic,synthetic,synth-v1.0.0,2024,2cf705e1237a369a,ood
SP-021:sul:008000:2023-12-29,SP-021:sul:008000,SP-021,sul,8.25,open-meteo:era5_seamless:-23.4:-46.8,2023-12-29,61.72,5.84,50.56,5,trigger,synthetic,synthetic,synthetic,synth-v1.0.0,2024,2cf705e1237a369a,ood
SP-021:sul:008000:2024-02-18,SP-021:sul:008000,SP-021,sul,8.25,open-meteo:era5_seamless:-23.4:-46.8,2024-02-18,99.37,7.26,50.56,28,trigger,synthetic,synthetic,synthetic,synth-v1.0.0,2024,2cf705e1237a369a,ood
SP-021:sul:008000:2024-04-21,SP-021:sul:008000,SP-021,sul,8.25,open-meteo:era5_seamless:-23.4:-46.8,2024-04-21,111.5,4.57,50.56,42,trigger,synthetic,synthetic,synthetic,synth-v1.0.0,2024,2cf705e1237a369a,ood
SP-021:sul:008000:2024-05-22,SP-021:sul:008000,SP-021,sul,8.25,open-meteo:era5_seamless:-23.4:-46.8,2024-05-22,58.26,7.9,50.56,3,trigger,synthetic,synthetic,synthetic,synth-v1.0.0,2024,2cf705e1237a369a,ood
SP-021:sul:008000:2024-08-19,SP-021:sul:008000,SP-021,sul,8.25,open-meteo:era5_seamless:-23.4:-46.8,2024-08-19,75.76,5.51,50.56,8,trigger,synthetic,synthetic,synthetic,synth-v1.0.0,2024,2cf705e1237a369a,ood
SP-021:sul:008000:2024-10-02,SP-021:sul:008000,SP-021,sul,8.25,open-meteo:era5_seamless:-23.4:-46.8,2024-10-02,67.35,7.58,50.56,3,trigger,synthetic,synthetic,synthetic,synth-v1.0.0,2024,2cf705e1237a369a,ood
SP-021:sul:008000:2024-12-03,SP-021:sul:008000,SP-021,sul,8.25,open-meteo:era5_seamless:-23.4:-46.8,2024-12-03,101.13,4.25,50.56,30,trigger,synthetic,synthetic,synthetic,synth-v1.0.0,2024,2cf705e1237a369a,ood
SP-021:sul:008000:2024-12-31,SP-021:sul:008000,SP-021,sul,8.25,open-meteo:era5_seamless:-23.4:-46.8,2024-12-31,70.75,6.01,50.56,9,trigger,synthetic,synthetic,synthetic,synth-v1.0.0,2024,2cf705e1237a369a,ood
SP-021:sul:008000:2025-01-29,SP-021:sul:008000,SP-021,sul,8.25,open-meteo:era5_seamless:-23.4:-46.8,2025-01-29,78.73,6.74,50.56,3,trigger,synthetic,synthetic,synthetic,synth-v1.0.0,2024,2cf705e1237a369a,ood
SP-021:sul:008000:2025-03-09,SP-021:sul:008000,SP-021,sul,8.25,open-meteo:era5_seamless:-23.4:-46.8,2025-03-09,98.77,7.23,50.56,21,trigger,synthetic,synthetic,synthetic,synth-v1.0.0,2024,2cf705e1237a369a,ood
SP-021:sul:008000:2025-05-12,SP-021:sul:008000,SP-021,sul,8.25,open-meteo:era5_seamless:-23.4:-46.8,2025-05-12,97.98,6.86,50.56,36,trigger,synthetic,synthetic,synthetic,synth-v1.0.0,2024,2cf705e1237a369a,ood
SP-021:sul:008000:2025-08-05,SP-021:sul:008000,SP-021,sul,8.25,open-meteo:era5_seamless:-23.4:-46.8,2025-08-05,58.21,6.78,50.56,2,trigger,synthetic,synthetic,synthetic,synth-v1.0.0,2024,2cf705e1237a369a,ood
SP-021:sul:008000:2025-10-11,SP-021:sul:008000,SP-021,sul,8.25,open-meteo:era5_seamless:-23.4:-46.8,2025-10-11,72.2,7.84,50.56,20,trigger,synthetic,synthetic,synthetic,synth-v1.0.0,2024,2cf705e1237a369a,ood
SP-021:sul:008000:2025-12-13,SP-021:sul:008000,SP-021,sul,8.25,open-meteo:era5_seamless:-23.4:-46.8,2025-12-13,89.11,4.32,50.56,27,trigger,synthetic,synthetic,synthetic,synth-v1.0.0,2024,2cf705e1237a369a,ood
SP-021:sul:008000:2026-01-19,SP-021:sul:008000,SP-021,sul,8.25,open-meteo:era5_seamless:-23.4:-46.8,2026-01-19,83.64,4.43,50.56,15,trigger,synthetic,synthetic,synthetic,synth-v1.0.0,2024,2cf705e1237a369a,ood
SP-021:sul:008000:2026-02-15,SP-021:sul:008000,SP-021,sul,8.25,open-meteo:era5_seamless:-23.4:-46.8,2026-02-15,73.37,3.87,50.56,7,trigger,synthetic,synthetic,synthetic,synth-v1.0.0,2024,2cf705e1237a369a,ood
SP-021:sul:008000:2026-03-24,SP-021:sul:008000,SP-021,sul,8.25,open-meteo:era5_seamless:-23.4:-46.8,2026-03-24,86.84,3.53,50.56,9,trigger,synthetic,synthetic,synthetic,synth-v1.0.0,2024,2cf705e1237a369a,ood
SP-021:sul:008000:2026-04-30,SP-021:sul:008000,SP-021,sul,8.25,open-meteo:era5_seamless:-23.4:-46.8,2026-04-30,71.45,4.74,50.56,11,trigger,synthetic,synthetic,synthetic,synth-v1.0.0,2024,2cf705e1237a369a,ood
SP-021:sul:008000:2026-08-17,SP-021:sul:008000,SP-021,sul,8.25,open-meteo:era5_seamless:-23.4:-46.8,2026-08-17,80.16,3.51,50.56,15,trigger,synthetic,synthetic,synthetic,synth-v1.0.0,2024,2cf705e1237a369a,ood
SP-021:norte:008500:2023-03-12,SP-021:norte:008500,SP-021,norte,8.75,open-meteo:era5_seamless:-23.5:-46.8,2023-03-12,76.91,3.2,64.0,28,trigger,synthetic,synthetic,synthetic,synth-v1.0.0,2024,2cf705e1237a369a,ood
SP-021:norte:008500:2023-04-21,SP-021:norte:008500,SP-021,norte,8.75,open-meteo:era5_seamless:-23.5:-46.8,2023-04-21,45.03,5.85,64.0,12,proactive,synthetic,synthetic,synthetic,synth-v1.0.0,2024,2cf705e1237a369a,ood
SP-021:norte:008500:2023-11-13,SP-021:norte:008500,SP-021,norte,8.75,open-meteo:era5_seamless:-23.5:-46.8,2023-11-13,75.42,7.52,64.0,29,trigger,synthetic,synthetic,synthetic,synth-v1.0.0,2024,2cf705e1237a369a,ood
SP-021:norte:008500:2024-01-29,SP-021:norte:008500,SP-021,norte,8.75,open-meteo:era5_seamless:-23.5:-46.8,2024-01-29,67.86,3.42,64.0,8,trigger,synthetic,synthetic,synthetic,synth-v1.0.0,2024,2cf705e1237a369a,ood
SP-021:norte:008500:2024-04-08,SP-021:norte:008500,SP-021,norte,8.75,open-meteo:era5_seamless:-23.5:-46.8,2024-04-08,75.63,7.01,64.0,22,trigger,synthetic,synthetic,synthetic,synth-v1.0.0,2024,2cf705e1237a369a,ood
SP-021:norte:008500:2024-09-25,SP-021:norte:008500,SP-021,norte,8.75,open-meteo:era5_seamless:-23.5:-46.8,2024-09-25,69.91,5.67,64.0,24,trigger,synthetic,synthetic,synthetic,synth-v1.0.0,2024,2cf705e1237a369a,ood
SP-021:norte:008500:2024-12-11,SP-021:norte:008500,SP-021,norte,8.75,open-meteo:era5_seamless:-23.5:-46.8,2024-12-11,66.08,5.51,64.0,3,trigger,synthetic,synthetic,synthetic,synth-v1.0.0,2024,2cf705e1237a369a,ood
SP-021:norte:008500:2025-02-19,SP-021:norte:008500,SP-021,norte,8.75,open-meteo:era5_seamless:-23.5:-46.8,2025-02-19,75.46,3.0,64.0,17,trigger,synthetic,synthetic,synthetic,synth-v1.0.0,2024,2cf705e1237a369a,ood
SP-021:norte:008500:2025-05-20,SP-021:norte:008500,SP-021,norte,8.75,open-meteo:era5_seamless:-23.5:-46.8,2025-05-20,67.45,3.58,64.0,9,trigger,synthetic,synthetic,synthetic,synth-v1.0.0,2024,2cf705e1237a369a,ood
SP-021:norte:008500:2025-12-13,SP-021:norte:008500,SP-021,norte,8.75,open-meteo:era5_seamless:-23.5:-46.8,2025-12-13,66.96,6.17,64.0,6,trigger,synthetic,synthetic,synthetic,synth-v1.0.0,2024,2cf705e1237a369a,ood
SP-021:norte:008500:2026-02-17,SP-021:norte:008500,SP-021,norte,8.75,open-meteo:era5_seamless:-23.5:-46.8,2026-02-17,69.59,3.62,64.0,9,trigger,synthetic,synthetic,synthetic,synth-v1.0.0,2024,2cf705e1237a369a,ood
SP-021:norte:008500:2026-04-04,SP-021:norte:008500,SP-021,norte,8.75,open-meteo:era5_seamless:-23.5:-46.8,2026-04-04,58.91,7.84,64.0,6,proactive,synthetic,synthetic,synthetic,synth-v1.0.0,2024,2cf705e1237a369a,ood
SP-021:sul:008500:2023-02-13,SP-021:sul:008500,SP-021,sul,8.75,open-meteo:era5_seamless:-23.5:-46.8,2023-02-13,76.44,6.2,55.52,15,trigger,synthetic,synthetic,synthetic,synth-v1.0.0,2024,2cf705e1237a369a,ood
SP-021:sul:008500:2023-04-02,SP-021:sul:008500,SP-021,sul,8.75,open-meteo:era5_seamless:-23.5:-46.8,2023-04-02,69.8,6.04,55.52,28,proactive,synthetic,synthetic,synthetic,synth-v1.0.0,2024,2cf705e1237a369a,ood
SP-021:sul:008500:2023-09-11,SP-021:sul:008500,SP-021,sul,8.75,open-meteo:era5_seamless:-23.5:-46.8,2023-09-11,58.97,7.28,55.52,8,trigger,synthetic,synthetic,synthetic,synth-v1.0.0,2024,2cf705e1237a369a,ood
SP-021:sul:008500:2023-11-12,SP-021:sul:008500,SP-021,sul,8.75,open-meteo:era5_seamless:-23.5:-46.8,2023-11-12,63.67,3.4,55.52,7,trigger,synthetic,synthetic,synthetic,synth-v1.0.0,2024,2cf705e1237a369a,ood
SP-021:sul:008500:2024-01-13,SP-021:sul:008500,SP-021,sul,8.75,open-meteo:era5_seamless:-23.5:-46.8,2024-01-13,60.07,6.99,55.52,6,trigger,synthetic,synthetic,synthetic,synth-v1.0.0,2024,2cf705e1237a369a,ood
SP-021:sul:008500:2024-03-06,SP-021:sul:008500,SP-021,sul,8.75,open-meteo:era5_seamless:-23.5:-46.8,2024-03-06,75.21,7.75,55.52,10,trigger,synthetic,synthetic,synthetic,synth-v1.0.0,2024,2cf705e1237a369a,ood
SP-021:sul:008500:2024-05-10,SP-021:sul:008500,SP-021,sul,8.75,open-meteo:era5_seamless:-23.5:-46.8,2024-05-10,75.53,7.33,55.52,26,trigger,synthetic,synthetic,synthetic,synth-v1.0.0,2024,2cf705e1237a369a,ood
SP-021:sul:008500:2024-08-31,SP-021:sul:008500,SP-021,sul,8.75,open-meteo:era5_seamless:-23.5:-46.8,2024-08-31,42.26,3.13,55.52,6,proactive,synthetic,synthetic,synthetic,synth-v1.0.0,2024,2cf705e1237a369a,ood
SP-021:sul:008500:2024-12-13,SP-021:sul:008500,SP-021,sul,8.75,open-meteo:era5_seamless:-23.5:-46.8,2024-12-13,79.89,3.61,55.52,26,trigger,synthetic,synthetic,synthetic,synth-v1.0.0,2024,2cf705e1237a369a,ood
SP-021:sul:008500:2025-02-06,SP-021:sul:008500,SP-021,sul,8.75,open-meteo:era5_seamless:-23.5:-46.8,2025-02-06,74.19,5.24,55.52,11,trigger,synthetic,synthetic,synthetic,synth-v1.0.0,2024,2cf705e1237a369a,ood
SP-021:sul:008500:2025-04-01,SP-021:sul:008500,SP-021,sul,8.75,open-meteo:era5_seamless:-23.5:-46.8,2025-04-01,67.45,6.19,55.52,9,trigger,synthetic,synthetic,synthetic,synth-v1.0.0,2024,2cf705e1237a369a,ood
SP-021:sul:008500:2025-08-31,SP-021:sul:008500,SP-021,sul,8.75,open-meteo:era5_seamless:-23.5:-46.8,2025-08-31,59.03,7.73,55.52,7,trigger,synthetic,synthetic,synthetic,synth-v1.0.0,2024,2cf705e1237a369a,ood
SP-021:sul:008500:2025-12-09,SP-021:sul:008500,SP-021,sul,8.75,open-meteo:era5_seamless:-23.5:-46.8,2025-12-09,60.33,6.56,55.52,9,trigger,synthetic,synthetic,synthetic,synth-v1.0.0,2024,2cf705e1237a369a,ood
SP-021:sul:008500:2026-02-04,SP-021:sul:008500,SP-021,sul,8.75,open-meteo:era5_seamless:-23.5:-46.8,2026-02-04,67.51,4.61,55.52,10,trigger,synthetic,synthetic,synthetic,synth-v1.0.0,2024,2cf705e1237a369a,ood
SP-021:sul:008500:2026-03-26,SP-021:sul:008500,SP-021,sul,8.75,open-meteo:era5_seamless:-23.5:-46.8,2026-03-26,68.49,6.95,55.52,4,trigger,synthetic,synthetic,synthetic,synth-v1.0.0,2024,2cf705e1237a369a,ood
SP-021:sul:008500:2026-08-15,SP-021:sul:008500,SP-021,sul,8.75,open-meteo:era5_seamless:-23.5:-46.8,2026-08-15,57.94,7.12,55.52,6,trigger,synthetic,synthetic,synthetic,synth-v1.0.0,2024,2cf705e1237a369a,ood
SP-021:norte:009000:2023-02-19,SP-021:norte:009000,SP-021,norte,9.25,open-meteo:era5_seamless:-23.5:-46.8,2023-02-19,74.21,3.63,56.32,14,trigger,synthetic,synthetic,synthetic,synth-v1.0.0,2024,2cf705e1237a369a,ood
SP-021:norte:009000:2023-04-20,SP-021:norte:009000,SP-021,norte,9.25,open-meteo:era5_seamless:-23.5:-46.8,2023-04-20,68.94,5.78,56.32,18,trigger,synthetic,synthetic,synthetic,synth-v1.0.0,2024,2cf705e1237a369a,ood
SP-021:norte:009000:2023-10-19,SP-021:norte:009000,SP-021,norte,9.25,open-meteo:era5_seamless:-23.5:-46.8,2023-10-19,71.51,4.28,56.32,18,trigger,synthetic,synthetic,synthetic,synth-v1.0.0,2024,2cf705e1237a369a,ood
SP-021:norte:009000:2023-12-18,SP-021:norte:009000,SP-021,norte,9.25,open-meteo:era5_seamless:-23.5:-46.8,2023-12-18,64.84,7.52,56.32,8,trigger,synthetic,synthetic,synthetic,synth-v1.0.0,2024,2cf705e1237a369a,ood
SP-021:norte:009000:2024-02-27,SP-021:norte:009000,SP-021,norte,9.25,open-meteo:era5_seamless:-23.5:-46.8,2024-02-27,76.92,5.6,56.32,16,trigger,synthetic,synthetic,synthetic,synth-v1.0.0,2024,2cf705e1237a369a,ood
SP-021:norte:009000:2024-04-05,SP-021:norte:009000,SP-021,norte,9.25,open-meteo:era5_seamless:-23.5:-46.8,2024-04-05,58.61,5.73,56.32,12,proactive,synthetic,synthetic,synthetic,synth-v1.0.0,2024,2cf705e1237a369a,ood
SP-021:norte:009000:2024-07-30,SP-021:norte:009000,SP-021,norte,9.25,open-meteo:era5_seamless:-23.5:-46.8,2024-07-30,59.85,6.44,56.32,30,trigger,synthetic,synthetic,synthetic,synth-v1.0.0,2024,2cf705e1237a369a,ood
SP-021:norte:009000:2024-11-14,SP-021:norte:009000,SP-021,norte,9.25,open-meteo:era5_seamless:-23.5:-46.8,2024-11-14,65.95,6.92,56.32,18,trigger,synthetic,synthetic,synthetic,synth-v1.0.0,2024,2cf705e1237a369a,ood
SP-021:norte:009000:2025-01-21,SP-021:norte:009000,SP-021,norte,9.25,open-meteo:era5_seamless:-23.5:-46.8,2025-01-21,77.58,3.76,56.32,23,trigger,synthetic,synthetic,synthetic,synth-v1.0.0,2024,2cf705e1237a369a,ood
SP-021:norte:009000:2025-03-13,SP-021:norte:009000,SP-021,norte,9.25,open-meteo:era5_seamless:-23.5:-46.8,2025-03-13,70.89,4.23,56.32,18,trigger,synthetic,synthetic,synthetic,synth-v1.0.0,2024,2cf705e1237a369a,ood
SP-021:norte:009000:2025-06-08,SP-021:norte:009000,SP-021,norte,9.25,open-meteo:era5_seamless:-23.5:-46.8,2025-06-08,61.91,6.3,56.32,21,trigger,synthetic,synthetic,synthetic,synth-v1.0.0,2024,2cf705e1237a369a,ood
SP-021:norte:009000:2025-10-28,SP-021:norte:009000,SP-021,norte,9.25,open-meteo:era5_seamless:-23.5:-46.8,2025-10-28,45.67,4.77,56.32,9,proactive,synthetic,synthetic,synthetic,synth-v1.0.0,2024,2cf705e1237a369a,ood
SP-021:norte:009000:2026-01-25,SP-021:norte:009000,SP-021,norte,9.25,open-meteo:era5_seamless:-23.5:-46.8,2026-01-25,74.03,7.98,56.32,28,trigger,synthetic,synthetic,synthetic,synth-v1.0.0,2024,2cf705e1237a369a,ood
SP-021:norte:009000:2026-03-26,SP-021:norte:009000,SP-021,norte,9.25,open-meteo:era5_seamless:-23.5:-46.8,2026-03-26,74.22,6.75,56.32,18,trigger,synthetic,synthetic,synthetic,synth-v1.0.0,2024,2cf705e1237a369a,ood
SP-021:norte:009000:2026-08-17,SP-021:norte:009000,SP-021,norte,9.25,open-meteo:era5_seamless:-23.5:-46.8,2026-08-17,58.06,4.82,56.32,8,trigger,synthetic,synthetic,synthetic,synth-v1.0.0,2024,2cf705e1237a369a,ood
SP-021:sul:009000:2023-04-01,SP-021:sul:009000,SP-021,sul,9.25,open-meteo:era5_seamless:-23.5:-46.8,2023-04-01,78.63,3.49,66.16,27,trigger,synthetic,synthetic,synthetic,synth-v1.0.0,2024,2cf705e1237a369a,ood
SP-021:sul:009000:2023-11-29,SP-021:sul:009000,SP-021,sul,9.25,open-meteo:era5_seamless:-23.5:-46.8,2023-11-29,77.35,7.97,66.16,17,trigger,synthetic,synthetic,synthetic,synth-v1.0.0,2024,2cf705e1237a369a,ood
SP-021:sul:009000:2024-01-23,SP-021:sul:009000,SP-021,sul,9.25,open-meteo:era5_seamless:-23.5:-46.8,2024-01-23,49.6,7.43,66.16,9,proactive,synthetic,synthetic,synthetic,synth-v1.0.0,2024,2cf705e1237a369a,ood
SP-021:sul:009000:2024-03-14,SP-021:sul:009000,SP-021,sul,9.25,open-meteo:era5_seamless:-23.5:-46.8,2024-03-14,62.98,6.11,66.16,18,proactive,synthetic,synthetic,synthetic,synth-v1.0.0,2024,2cf705e1237a369a,ood
SP-021:sul:009000:2024-05-14,SP-021:sul:009000,SP-021,sul,9.25,open-meteo:era5_seamless:-23.5:-46.8,2024-05-14,54.76,5.36,66.16,23,proactive,synthetic,synthetic,synthetic,synth-v1.0.0,2024,2cf705e1237a369a,ood
SP-021:sul:009000:2025-01-06,SP-021:sul:009000,SP-021,sul,9.25,open-meteo:era5_seamless:-23.5:-46.8,2025-01-06,82.28,3.5,66.16,36,trigger,synthetic,synthetic,synthetic,synth-v1.0.0,2024,2cf705e1237a369a,ood
SP-021:sul:009000:2025-03-04,SP-021:sul:009000,SP-021,sul,9.25,open-meteo:era5_seamless:-23.5:-46.8,2025-03-04,68.18,4.58,66.16,2,trigger,synthetic,synthetic,synthetic,synth-v1.0.0,2024,2cf705e1237a369a,ood
SP-021:sul:009000:2025-10-21,SP-021:sul:009000,SP-021,sul,9.25,open-meteo:era5_seamless:-23.5:-46.8,2025-10-21,68.86,7.15,66.16,16,trigger,synthetic,synthetic,synthetic,synth-v1.0.0,2024,2cf705e1237a369a,ood
SP-021:sul:009000:2026-02-08,SP-021:sul:009000,SP-021,sul,9.25,open-meteo:era5_seamless:-23.5:-46.8,2026-02-08,73.66,5.37,66.16,14,trigger,synthetic,synthetic,synthetic,synth-v1.0.0,2024,2cf705e1237a369a,ood
SP-021:sul:009000:2026-05-12,SP-021:sul:009000,SP-021,sul,9.25,open-meteo:era5_seamless:-23.5:-46.8,2026-05-12,68.35,7.62,66.16,2,trigger,synthetic,synthetic,synthetic,synth-v1.0.0,2024,2cf705e1237a369a,ood
SP-021:norte:009500:2023-02-26,SP-021:norte:009500,SP-021,norte,9.75,open-meteo:era5_seamless:-23.5:-46.8,2023-02-26,83.19,6.76,54.97,21,trigger,synthetic,synthetic,synthetic,synth-v1.0.0,2024,2cf705e1237a369a,ood
SP-021:norte:009500:2023-04-21,SP-021:norte:009500,SP-021,norte,9.75,open-meteo:era5_seamless:-23.5:-46.8,2023-04-21,70.16,4.88,54.97,19,trigger,synthetic,synthetic,synthetic,synth-v1.0.0,2024,2cf705e1237a369a,ood
SP-021:norte:009500:2023-09-19,SP-021:norte:009500,SP-021,norte,9.75,open-meteo:era5_seamless:-23.5:-46.8,2023-09-19,62.98,6.9,54.97,9,trigger,synthetic,synthetic,synthetic,synth-v1.0.0,2024,2cf705e1237a369a,ood
SP-021:norte:009500:2023-11-12,SP-021:norte:009500,SP-021,norte,9.75,open-meteo:era5_seamless:-23.5:-46.8,2023-11-12,64.98,6.13,54.97,7,trigger,synthetic,synthetic,synthetic,synth-v1.0.0,2024,2cf705e1237a369a,ood
SP-021:norte:009500:2024-01-01,SP-021:norte:009500,SP-021,norte,9.75,open-meteo:era5_seamless:-23.5:-46.8,2024-01-01,63.63,5.8,54.97,8,trigger,synthetic,synthetic,synthetic,synth-v1.0.0,2024,2cf705e1237a369a,ood
SP-021:norte:009500:2024-02-19,SP-021:norte:009500,SP-021,norte,9.75,open-meteo:era5_seamless:-23.5:-46.8,2024-02-19,68.71,5.96,54.97,8,trigger,synthetic,synthetic,synthetic,synth-v1.0.0,2024,2cf705e1237a369a,ood
SP-021:norte:009500:2024-03-23,SP-021:norte:009500,SP-021,norte,9.75,open-meteo:era5_seamless:-23.5:-46.8,2024-03-23,68.1,6.34,54.97,6,trigger,synthetic,synthetic,synthetic,synth-v1.0.0,2024,2cf705e1237a369a,ood
SP-021:norte:009500:2024-05-03,SP-021:norte:009500,SP-021,norte,9.75,open-meteo:era5_seamless:-23.5:-46.8,2024-05-03,59.67,4.29,54.97,5,trigger,synthetic,synthetic,synthetic,synth-v1.0.0,2024,2cf705e1237a369a,ood
SP-021:norte:009500:2024-09-01,SP-021:norte:009500,SP-021,norte,9.75,open-meteo:era5_seamless:-23.5:-46.8,2024-09-01,57.45,5.37,54.97,7,trigger,synthetic,synthetic,synthetic,synth-v1.0.0,2024,2cf705e1237a369a,ood
SP-021:norte:009500:2024-11-12,SP-021:norte:009500,SP-021,norte,9.75,open-meteo:era5_seamless:-23.5:-46.8,2024-11-12,63.19,4.89,54.97,9,trigger,synthetic,synthetic,synthetic,synth-v1.0.0,2024,2cf705e1237a369a,ood
SP-021:norte:009500:2024-12-28,SP-021:norte:009500,SP-021,norte,9.75,open-meteo:era5_seamless:-23.5:-46.8,2024-12-28,67.12,7.28,54.97,13,proactive,synthetic,synthetic,synthetic,synth-v1.0.0,2024,2cf705e1237a369a,ood
SP-021:norte:009500:2025-02-07,SP-021:norte:009500,SP-021,norte,9.75,open-meteo:era5_seamless:-23.5:-46.8,2025-02-07,68.0,3.67,54.97,5,trigger,synthetic,synthetic,synthetic,synth-v1.0.0,2024,2cf705e1237a369a,ood
SP-021:norte:009500:2025-03-24,SP-021:norte:009500,SP-021,norte,9.75,open-meteo:era5_seamless:-23.5:-46.8,2025-03-24,67.41,4.67,54.97,15,trigger,synthetic,synthetic,synthetic,synth-v1.0.0,2024,2cf705e1237a369a,ood
SP-021:norte:009500:2025-06-02,SP-021:norte:009500,SP-021,norte,9.75,open-meteo:era5_seamless:-23.5:-46.8,2025-06-02,60.5,3.08,54.97,15,trigger,synthetic,synthetic,synthetic,synth-v1.0.0,2024,2cf705e1237a369a,ood
SP-021:norte:009500:2025-11-29,SP-021:norte:009500,SP-021,norte,9.75,open-meteo:era5_seamless:-23.5:-46.8,2025-11-29,69.68,7.64,54.97,27,trigger,synthetic,synthetic,synthetic,synth-v1.0.0,2024,2cf705e1237a369a,ood
SP-021:norte:009500:2026-01-07,SP-021:norte:009500,SP-021,norte,9.75,open-meteo:era5_seamless:-23.5:-46.8,2026-01-07,60.24,5.29,54.97,3,trigger,synthetic,synthetic,synthetic,synth-v1.0.0,2024,2cf705e1237a369a,ood
SP-021:norte:009500:2026-02-20,SP-021:norte:009500,SP-021,norte,9.75,open-meteo:era5_seamless:-23.5:-46.8,2026-02-20,62.28,3.77,54.97,5,trigger,synthetic,synthetic,synthetic,synth-v1.0.0,2024,2cf705e1237a369a,ood
SP-021:norte:009500:2026-04-09,SP-021:norte:009500,SP-021,norte,9.75,open-meteo:era5_seamless:-23.5:-46.8,2026-04-09,69.13,6.25,54.97,4,trigger,synthetic,synthetic,synthetic,synth-v1.0.0,2024,2cf705e1237a369a,ood
SP-021:norte:009500:2026-06-29,SP-021:norte:009500,SP-021,norte,9.75,open-meteo:era5_seamless:-23.5:-46.8,2026-06-29,42.58,4.16,54.97,8,proactive,synthetic,synthetic,synthetic,synth-v1.0.0,2024,2cf705e1237a369a,ood
SP-021:sul:009500:2023-10-13,SP-021:sul:009500,SP-021,sul,9.75,open-meteo:era5_seamless:-23.5:-46.8,2023-10-13,70.93,5.8,70.0,19,trigger,synthetic,synthetic,synthetic,synth-v1.0.0,2024,2cf705e1237a369a,ood
SP-021:sul:009500:2023-12-18,SP-021:sul:009500,SP-021,sul,9.75,open-meteo:era5_seamless:-23.5:-46.8,2023-12-18,49.88,4.02,70.0,8,proactive,synthetic,synthetic,synthetic,synth-v1.0.0,2024,2cf705e1237a369a,ood
SP-021:sul:009500:2024-02-20,SP-021:sul:009500,SP-021,sul,9.75,open-meteo:era5_seamless:-23.5:-46.8,2024-02-20,49.19,5.32,70.0,16,proactive,synthetic,synthetic,synthetic,synth-v1.0.0,2024,2cf705e1237a369a,ood
SP-021:sul:009500:2024-04-21,SP-021:sul:009500,SP-021,sul,9.75,open-meteo:era5_seamless:-23.5:-46.8,2024-04-21,56.13,6.1,70.0,21,proactive,synthetic,synthetic,synthetic,synth-v1.0.0,2024,2cf705e1237a369a,ood
SP-021:sul:009500:2024-12-10,SP-021:sul:009500,SP-021,sul,9.75,open-meteo:era5_seamless:-23.5:-46.8,2024-12-10,64.78,4.42,70.0,16,proactive,synthetic,synthetic,synthetic,synth-v1.0.0,2024,2cf705e1237a369a,ood
SP-021:sul:009500:2025-05-14,SP-021:sul:009500,SP-021,sul,9.75,open-meteo:era5_seamless:-23.5:-46.8,2025-05-14,69.61,5.74,70.0,17,proactive,synthetic,synthetic,synthetic,synth-v1.0.0,2024,2cf705e1237a369a,ood
SP-021:sul:009500:2026-03-15,SP-021:sul:009500,SP-021,sul,9.75,open-meteo:era5_seamless:-23.5:-46.8,2026-03-15,69.85,4.75,70.0,7,proactive,synthetic,synthetic,synthetic,synth-v1.0.0,2024,2cf705e1237a369a,ood
SP-021:norte:010000:2023-03-16,SP-021:norte:010000,SP-021,norte,10.25,open-meteo:era5_seamless:-23.5:-46.8,2023-03-16,81.86,3.78,69.94,25,trigger,synthetic,synthetic,synthetic,synth-v1.0.0,2024,2cf705e1237a369a,ood
SP-021:norte:010000:2023-10-16,SP-021:norte:010000,SP-021,norte,10.25,open-meteo:era5_seamless:-23.5:-46.8,2023-10-16,75.39,3.13,69.94,22,trigger,synthetic,synthetic,synthetic,synth-v1.0.0,2024,2cf705e1237a369a,ood
SP-021:norte:010000:2024-02-01,SP-021:norte:010000,SP-021,norte,10.25,open-meteo:era5_seamless:-23.5:-46.8,2024-02-01,78.0,4.53,69.94,32,proactive,synthetic,synthetic,synthetic,synth-v1.0.0,2024,2cf705e1237a369a,ood
SP-021:norte:010000:2024-04-14,SP-021:norte:010000,SP-021,norte,10.25,open-meteo:era5_seamless:-23.5:-46.8,2024-04-14,76.65,3.56,69.94,14,trigger,synthetic,synthetic,synthetic,synth-v1.0.0,2024,2cf705e1237a369a,ood
SP-021:norte:010000:2024-09-02,SP-021:norte:010000,SP-021,norte,10.25,open-meteo:era5_seamless:-23.5:-46.8,2024-09-02,56.87,4.01,69.94,22,proactive,synthetic,synthetic,synthetic,synth-v1.0.0,2024,2cf705e1237a369a,ood
SP-021:norte:010000:2024-12-25,SP-021:norte:010000,SP-021,norte,10.25,open-meteo:era5_seamless:-23.5:-46.8,2024-12-25,75.07,4.72,69.94,10,trigger,synthetic,synthetic,synthetic,synth-v1.0.0,2024,2cf705e1237a369a,ood
SP-021:norte:010000:2025-03-14,SP-021:norte:010000,SP-021,norte,10.25,open-meteo:era5_seamless:-23.5:-46.8,2025-03-14,78.54,7.99,69.94,12,trigger,synthetic,synthetic,synthetic,synth-v1.0.0,2024,2cf705e1237a369a,ood
SP-021:norte:010000:2025-10-19,SP-021:norte:010000,SP-021,norte,10.25,open-meteo:era5_seamless:-23.5:-46.8,2025-10-19,72.34,7.34,69.94,14,trigger,synthetic,synthetic,synthetic,synth-v1.0.0,2024,2cf705e1237a369a,ood
SP-021:norte:010000:2026-02-02,SP-021:norte:010000,SP-021,norte,10.25,open-meteo:era5_seamless:-23.5:-46.8,2026-02-02,74.01,6.25,69.94,8,trigger,synthetic,synthetic,synthetic,synth-v1.0.0,2024,2cf705e1237a369a,ood
SP-021:norte:010000:2026-05-11,SP-021:norte:010000,SP-021,norte,10.25,open-meteo:era5_seamless:-23.5:-46.8,2026-05-11,77.89,7.99,69.94,36,trigger,synthetic,synthetic,synthetic,synth-v1.0.0,2024,2cf705e1237a369a,ood
SP-021:sul:010000:2023-02-22,SP-021:sul:010000,SP-021,sul,10.25,open-meteo:era5_seamless:-23.5:-46.8,2023-02-22,76.61,6.3,52.71,24,trigger,synthetic,synthetic,synthetic,synth-v1.0.0,2024,2cf705e1237a369a,ood
SP-021:sul:010000:2023-04-13,SP-021:sul:010000,SP-021,sul,10.25,open-meteo:era5_seamless:-23.5:-46.8,2023-04-13,65.13,5.64,52.71,18,trigger,synthetic,synthetic,synthetic,synth-v1.0.0,2024,2cf705e1237a369a,ood
SP-021:sul:010000:2023-10-02,SP-021:sul:010000,SP-021,sul,10.25,open-meteo:era5_seamless:-23.5:-46.8,2023-10-02,65.98,6.5,52.71,15,trigger,synthetic,synthetic,synthetic,synth-v1.0.0,2024,2cf705e1237a369a,ood
SP-021:sul:010000:2023-12-04,SP-021:sul:010000,SP-021,sul,10.25,open-meteo:era5_seamless:-23.5:-46.8,2023-12-04,69.19,5.73,52.71,22,trigger,synthetic,synthetic,synthetic,synth-v1.0.0,2024,2cf705e1237a369a,ood
SP-021:sul:010000:2024-02-05,SP-021:sul:010000,SP-021,sul,10.25,open-meteo:era5_seamless:-23.5:-46.8,2024-02-05,67.68,6.22,52.71,8,trigger,synthetic,synthetic,synthetic,synth-v1.0.0,2024,2cf705e1237a369a,ood
SP-021:sul:010000:2024-03-27,SP-021:sul:010000,SP-021,sul,10.25,open-meteo:era5_seamless:-23.5:-46.8,2024-03-27,77.48,4.46,52.71,17,trigger,synthetic,synthetic,synthetic,synth-v1.0.0,2024,2cf705e1237a369a,ood
SP-021:sul:010000:2024-06-03,SP-021:sul:010000,SP-021,sul,10.25,open-meteo:era5_seamless:-23.5:-46.8,2024-06-03,61.71,6.72,52.71,22,trigger,synthetic,synthetic,synthetic,synth-v1.0.0,2024,2cf705e1237a369a,ood
SP-021:sul:010000:2024-09-03,SP-021:sul:010000,SP-021,sul,10.25,open-meteo:era5_seamless:-23.5:-46.8,2024-09-03,40.77,4.29,52.71,9,proactive,synthetic,synthetic,synthetic,synth-v1.0.0,2024,2cf705e1237a369a,ood
SP-021:sul:010000:2024-11-24,SP-021:sul:010000,SP-021,sul,10.25,open-meteo:era5_seamless:-23.5:-46.8,2024-11-24,63.91,3.42,52.71,14,trigger,synthetic,synthetic,synthetic,synth-v1.0.0,2024,2cf705e1237a369a,ood
SP-021:sul:010000:2025-01-17,SP-021:sul:010000,SP-021,sul,10.25,open-meteo:era5_seamless:-23.5:-46.8,2025-01-17,67.98,4.81,52.71,19,trigger,synthetic,synthetic,synthetic,synth-v1.0.0,2024,2cf705e1237a369a,ood
SP-021:sul:010000:2025-03-06,SP-021:sul:010000,SP-021,sul,10.25,open-meteo:era5_seamless:-23.5:-46.8,2025-03-06,75.24,4.03,52.71,11,trigger,synthetic,synthetic,synthetic,synth-v1.0.0,2024,2cf705e1237a369a,ood
SP-021:sul:010000:2025-04-30,SP-021:sul:010000,SP-021,sul,10.25,open-meteo:era5_seamless:-23.5:-46.8,2025-04-30,58.81,6.4,52.71,10,trigger,synthetic,synthetic,synthetic,synth-v1.0.0,2024,2cf705e1237a369a,ood
SP-021:sul:010000:2025-10-26,SP-021:sul:010000,SP-021,sul,10.25,open-meteo:era5_seamless:-23.5:-46.8,2025-10-26,58.87,5.06,52.71,21,trigger,synthetic,synthetic,synthetic,synth-v1.0.0,2024,2cf705e1237a369a,ood
SP-021:sul:010000:2025-12-25,SP-021:sul:010000,SP-021,sul,10.25,open-meteo:era5_seamless:-23.5:-46.8,2025-12-25,58.12,5.64,52.71,4,trigger,synthetic,synthetic,synthetic,synth-v1.0.0,2024,2cf705e1237a369a,ood
SP-021:sul:010000:2026-02-19,SP-021:sul:010000,SP-021,sul,10.25,open-meteo:era5_seamless:-23.5:-46.8,2026-02-19,69.28,3.93,52.71,11,trigger,synthetic,synthetic,synthetic,synth-v1.0.0,2024,2cf705e1237a369a,ood
SP-021:sul:010000:2026-04-23,SP-021:sul:010000,SP-021,sul,10.25,open-meteo:era5_seamless:-23.5:-46.8,2026-04-23,68.98,6.67,52.71,25,trigger,synthetic,synthetic,synthetic,synth-v1.0.0,2024,2cf705e1237a369a,ood
SP-021:sul:010000:2026-09-01,SP-021:sul:010000,SP-021,sul,10.25,open-meteo:era5_seamless:-23.5:-46.8,2026-09-01,49.19,6.95,52.71,29,proactive,synthetic,synthetic,synthetic,synth-v1.0.0,2024,2cf705e1237a369a,ood
SP-021:norte:010500:2023-01-26,SP-021:norte:010500,SP-021,norte,10.75,open-meteo:era5_seamless:-23.5:-46.8,2023-01-26,48.59,6.24,40.74,4,trigger,synthetic,synthetic,synthetic,synth-v1.0.0,2024,2cf705e1237a369a,ood
SP-021:norte:010500:2023-03-11,SP-021:norte:010500,SP-021,norte,10.75,open-meteo:era5_seamless:-23.5:-46.8,2023-03-11,61.03,7.0,40.74,13,trigger,synthetic,synthetic,synthetic,synth-v1.0.0,2024,2cf705e1237a369a,ood
SP-021:norte:010500:2023-04-18,SP-021:norte:010500,SP-021,norte,10.75,open-meteo:era5_seamless:-23.5:-46.8,2023-04-18,41.22,6.71,40.74,2,trigger,synthetic,synthetic,synthetic,synth-v1.0.0,2024,2cf705e1237a369a,ood
SP-021:norte:010500:2023-09-09,SP-021:norte:010500,SP-021,norte,10.75,open-meteo:era5_seamless:-23.5:-46.8,2023-09-09,44.93,7.53,40.74,13,trigger,synthetic,synthetic,synthetic,synth-v1.0.0,2024,2cf705e1237a369a,ood
SP-021:norte:010500:2023-11-01,SP-021:norte:010500,SP-021,norte,10.75,open-meteo:era5_seamless:-23.5:-46.8,2023-11-01,50.38,7.91,40.74,10,proactive,synthetic,synthetic,synthetic,synth-v1.0.0,2024,2cf705e1237a369a,ood
SP-021:norte:010500:2024-01-19,SP-021:norte:010500,SP-021,norte,10.75,open-meteo:era5_seamless:-23.5:-46.8,2024-01-19,69.71,6.22,40.74,40,trigger,synthetic,synthetic,synthetic,synth-v1.0.0,2024,2cf705e1237a369a,ood
SP-021:norte:010500:2024-03-15,SP-021:norte:010500,SP-021,norte,10.75,open-meteo:era5_seamless:-23.5:-46.8,2024-03-15,72.06,6.61,40.74,12,trigger,synthetic,synthetic,synthetic,synth-v1.0.0,2024,2cf705e1237a369a,ood
SP-021:norte:010500:2024-04-30,SP-021:norte:010500,SP-021,norte,10.75,open-meteo:era5_seamless:-23.5:-46.8,2024-04-30,51.96,3.74,40.74,9,trigger,synthetic,synthetic,synthetic,synth-v1.0.0,2024,2cf705e1237a369a,ood
SP-021:norte:010500:2024-09-03,SP-021:norte:010500,SP-021,norte,10.75,open-meteo:era5_seamless:-23.5:-46.8,2024-09-03,42.72,4.98,40.74,9,trigger,synthetic,synthetic,synthetic,synth-v1.0.0,2024,2cf705e1237a369a,ood
SP-021:norte:010500:2024-12-10,SP-021:norte:010500,SP-021,norte,10.75,open-meteo:era5_seamless:-23.5:-46.8,2024-12-10,70.3,3.31,40.74,30,trigger,synthetic,synthetic,synthetic,synth-v1.0.0,2024,2cf705e1237a369a,ood
SP-021:norte:010500:2025-02-14,SP-021:norte:010500,SP-021,norte,10.75,open-meteo:era5_seamless:-23.5:-46.8,2025-02-14,75.8,4.94,40.74,26,trigger,synthetic,synthetic,synthetic,synth-v1.0.0,2024,2cf705e1237a369a,ood
SP-021:norte:010500:2025-04-10,SP-021:norte:010500,SP-021,norte,10.75,open-meteo:era5_seamless:-23.5:-46.8,2025-04-10,55.42,4.91,40.74,18,trigger,synthetic,synthetic,synthetic,synth-v1.0.0,2024,2cf705e1237a369a,ood
SP-021:norte:010500:2025-08-26,SP-021:norte:010500,SP-021,norte,10.75,open-meteo:era5_seamless:-23.5:-46.8,2025-08-26,43.96,6.43,40.74,9,proactive,synthetic,synthetic,synthetic,synth-v1.0.0,2024,2cf705e1237a369a,ood
SP-021:norte:010500:2025-11-28,SP-021:norte:010500,SP-021,norte,10.75,open-meteo:era5_seamless:-23.5:-46.8,2025-11-28,48.51,7.91,40.74,12,trigger,synthetic,synthetic,synthetic,synth-v1.0.0,2024,2cf705e1237a369a,ood
SP-021:norte:010500:2026-01-14,SP-021:norte:010500,SP-021,norte,10.75,open-meteo:era5_seamless:-23.5:-46.8,2026-01-14,55.87,6.89,40.74,10,trigger,synthetic,synthetic,synthetic,synth-v1.0.0,2024,2cf705e1237a369a,ood
SP-021:norte:010500:2026-03-03,SP-021:norte:010500,SP-021,norte,10.75,open-meteo:era5_seamless:-23.5:-46.8,2026-03-03,59.19,7.21,40.74,16,trigger,synthetic,synthetic,synthetic,synth-v1.0.0,2024,2cf705e1237a369a,ood
SP-021:norte:010500:2026-04-13,SP-021:norte:010500,SP-021,norte,10.75,open-meteo:era5_seamless:-23.5:-46.8,2026-04-13,51.58,7.5,40.74,8,trigger,synthetic,synthetic,synthetic,synth-v1.0.0,2024,2cf705e1237a369a,ood
SP-021:norte:010500:2026-08-24,SP-021:norte:010500,SP-021,norte,10.75,open-meteo:era5_seamless:-23.5:-46.8,2026-08-24,43.18,5.59,40.74,8,proactive,synthetic,synthetic,synthetic,synth-v1.0.0,2024,2cf705e1237a369a,ood
SP-021:sul:010500:2023-01-26,SP-021:sul:010500,SP-021,sul,10.75,open-meteo:era5_seamless:-23.5:-46.8,2023-01-26,57.83,3.34,52.9,4,trigger,synthetic,synthetic,synthetic,synth-v1.0.0,2024,2cf705e1237a369a,ood
SP-021:sul:010500:2023-03-21,SP-021:sul:010500,SP-021,sul,10.75,open-meteo:era5_seamless:-23.5:-46.8,2023-03-21,80.28,3.98,52.9,23,trigger,synthetic,synthetic,synthetic,synth-v1.0.0,2024,2cf705e1237a369a,ood
SP-021:sul:010500:2023-05-29,SP-021:sul:010500,SP-021,sul,10.75,open-meteo:era5_seamless:-23.5:-46.8,2023-05-29,56.78,6.25,52.9,15,trigger,synthetic,synthetic,synthetic,synth-v1.0.0,2024,2cf705e1237a369a,ood
SP-021:sul:010500:2023-10-15,SP-021:sul:010500,SP-021,sul,10.75,open-meteo:era5_seamless:-23.5:-46.8,2023-10-15,70.3,6.73,52.9,21,trigger,synthetic,synthetic,synthetic,synth-v1.0.0,2024,2cf705e1237a369a,ood
SP-021:sul:010500:2023-12-22,SP-021:sul:010500,SP-021,sul,10.75,open-meteo:era5_seamless:-23.5:-46.8,2023-12-22,78.85,6.16,52.9,26,trigger,synthetic,synthetic,synthetic,synth-v1.0.0,2024,2cf705e1237a369a,ood
SP-021:sul:010500:2024-02-12,SP-021:sul:010500,SP-021,sul,10.75,open-meteo:era5_seamless:-23.5:-46.8,2024-02-12,71.23,5.08,52.9,8,trigger,synthetic,synthetic,synthetic,synth-v1.0.0,2024,2cf705e1237a369a,ood
SP-021:sul:010500:2024-04-12,SP-021:sul:010500,SP-021,sul,10.75,open-meteo:era5_seamless:-23.5:-46.8,2024-04-12,84.54,3.61,52.9,33,trigger,synthetic,synthetic,synthetic,synth-v1.0.0,2024,2cf705e1237a369a,ood
SP-021:sul:010500:2024-06-18,SP-021:sul:010500,SP-021,sul,10.75,open-meteo:era5_seamless:-23.5:-46.8,2024-06-18,54.67,5.75,52.9,23,proactive,synthetic,synthetic,synthetic,synth-v1.0.0,2024,2cf705e1237a369a,ood
SP-021:sul:010500:2024-10-02,SP-021:sul:010500,SP-021,sul,10.75,open-meteo:era5_seamless:-23.5:-46.8,2024-10-02,61.59,6.73,52.9,10,trigger,synthetic,synthetic,synthetic,synth-v1.0.0,2024,2cf705e1237a369a,ood
SP-021:sul:010500:2024-12-04,SP-021:sul:010500,SP-021,sul,10.75,open-meteo:era5_seamless:-23.5:-46.8,2024-12-04,69.89,3.62,52.9,10,trigger,synthetic,synthetic,synthetic,synth-v1.0.0,2024,2cf705e1237a369a,ood
SP-021:sul:010500:2025-01-12,SP-021:sul:010500,SP-021,sul,10.75,open-meteo:era5_seamless:-23.5:-46.8,2025-01-12,63.36,5.71,52.9,7,trigger,synthetic,synthetic,synthetic,synth-v1.0.0,2024,2cf705e1237a369a,ood
SP-021:sul:010500:2025-02-20,SP-021:sul:010500,SP-021,sul,10.75,open-meteo:era5_seamless:-23.5:-46.8,2025-02-20,72.48,4.53,52.9,4,trigger,synthetic,synthetic,synthetic,synth-v1.0.0,2024,2cf705e1237a369a,ood
SP-021:sul:010500:2025-05-10,SP-021:sul:010500,SP-021,sul,10.75,open-meteo:era5_seamless:-23.5:-46.8,2025-05-10,77.58,3.94,52.9,41,trigger,synthetic,synthetic,synthetic,synth-v1.0.0,2024,2cf705e1237a369a,ood
SP-021:sul:010500:2025-10-24,SP-021:sul:010500,SP-021,sul,10.75,open-meteo:era5_seamless:-23.5:-46.8,2025-10-24,59.95,6.57,52.9,12,trigger,synthetic,synthetic,synthetic,synth-v1.0.0,2024,2cf705e1237a369a,ood
SP-021:sul:010500:2025-12-30,SP-021:sul:010500,SP-021,sul,10.75,open-meteo:era5_seamless:-23.5:-46.8,2025-12-30,70.84,6.97,52.9,9,trigger,synthetic,synthetic,synthetic,synth-v1.0.0,2024,2cf705e1237a369a,ood
SP-021:sul:010500:2026-02-24,SP-021:sul:010500,SP-021,sul,10.75,open-meteo:era5_seamless:-23.5:-46.8,2026-02-24,76.06,4.96,52.9,16,trigger,synthetic,synthetic,synthetic,synth-v1.0.0,2024,2cf705e1237a369a,ood
SP-021:sul:010500:2026-05-08,SP-021:sul:010500,SP-021,sul,10.75,open-meteo:era5_seamless:-23.5:-46.8,2026-05-08,78.07,4.62,52.9,40,trigger,synthetic,synthetic,synthetic,synth-v1.0.0,2024,2cf705e1237a369a,ood
SP-021:norte:011000:2023-02-20,SP-021:norte:011000,SP-021,norte,11.25,open-meteo:era5_seamless:-23.5:-46.8,2023-02-20,71.5,4.0,47.76,29,trigger,synthetic,synthetic,synthetic,synth-v1.0.0,2024,2cf705e1237a369a,ood
SP-021:norte:011000:2023-04-19,SP-021:norte:011000,SP-021,norte,11.25,open-meteo:era5_seamless:-23.5:-46.8,2023-04-19,55.31,4.07,47.76,17,trigger,synthetic,synthetic,synthetic,synth-v1.0.0,2024,2cf705e1237a369a,ood
SP-021:norte:011000:2023-09-29,SP-021:norte:011000,SP-021,norte,11.25,open-meteo:era5_seamless:-23.5:-46.8,2023-09-29,50.67,5.69,47.76,5,trigger,synthetic,synthetic,synthetic,synth-v1.0.0,2024,2cf705e1237a369a,ood
SP-021:norte:011000:2023-12-20,SP-021:norte:011000,SP-021,norte,11.25,open-meteo:era5_seamless:-23.5:-46.8,2023-12-20,66.9,5.52,47.76,24,trigger,synthetic,synthetic,synthetic,synth-v1.0.0,2024,2cf705e1237a369a,ood
SP-021:norte:011000:2024-02-14,SP-021:norte:011000,SP-021,norte,11.25,open-meteo:era5_seamless:-23.5:-46.8,2024-02-14,53.75,4.92,47.76,3,trigger,synthetic,synthetic,synthetic,synth-v1.0.0,2024,2cf705e1237a369a,ood
SP-021:norte:011000:2024-04-07,SP-021:norte:011000,SP-021,norte,11.25,open-meteo:era5_seamless:-23.5:-46.8,2024-04-07,63.25,5.26,47.76,14,trigger,synthetic,synthetic,synthetic,synth-v1.0.0,2024,2cf705e1237a369a,ood
SP-021:norte:011000:2024-08-14,SP-021:norte:011000,SP-021,norte,11.25,open-meteo:era5_seamless:-23.5:-46.8,2024-08-14,52.21,4.48,47.76,10,trigger,synthetic,synthetic,synthetic,synth-v1.0.0,2024,2cf705e1237a369a,ood
SP-021:norte:011000:2024-11-16,SP-021:norte:011000,SP-021,norte,11.25,open-meteo:era5_seamless:-23.5:-46.8,2024-11-16,53.33,6.19,47.76,6,trigger,synthetic,synthetic,synthetic,synth-v1.0.0,2024,2cf705e1237a369a,ood
SP-021:norte:011000:2025-01-07,SP-021:norte:011000,SP-021,norte,11.25,open-meteo:era5_seamless:-23.5:-46.8,2025-01-07,56.22,7.89,47.76,9,trigger,synthetic,synthetic,synthetic,synth-v1.0.0,2024,2cf705e1237a369a,ood
SP-021:norte:011000:2025-02-26,SP-021:norte:011000,SP-021,norte,11.25,open-meteo:era5_seamless:-23.5:-46.8,2025-02-26,64.66,7.31,47.76,10,trigger,synthetic,synthetic,synthetic,synth-v1.0.0,2024,2cf705e1237a369a,ood
SP-021:norte:011000:2025-05-14,SP-021:norte:011000,SP-021,norte,11.25,open-meteo:era5_seamless:-23.5:-46.8,2025-05-14,56.38,6.28,47.76,17,trigger,synthetic,synthetic,synthetic,synth-v1.0.0,2024,2cf705e1237a369a,ood
SP-021:norte:011000:2025-11-18,SP-021:norte:011000,SP-021,norte,11.25,open-meteo:era5_seamless:-23.5:-46.8,2025-11-18,51.85,6.66,47.76,2,trigger,synthetic,synthetic,synthetic,synth-v1.0.0,2024,2cf705e1237a369a,ood
SP-021:norte:011000:2026-01-20,SP-021:norte:011000,SP-021,norte,11.25,open-meteo:era5_seamless:-23.5:-46.8,2026-01-20,56.85,4.36,47.76,16,trigger,synthetic,synthetic,synthetic,synth-v1.0.0,2024,2cf705e1237a369a,ood
SP-021:norte:011000:2026-03-22,SP-021:norte:011000,SP-021,norte,11.25,open-meteo:era5_seamless:-23.5:-46.8,2026-03-22,61.7,7.12,47.76,14,trigger,synthetic,synthetic,synthetic,synth-v1.0.0,2024,2cf705e1237a369a,ood
SP-021:norte:011000:2026-08-15,SP-021:norte:011000,SP-021,norte,11.25,open-meteo:era5_seamless:-23.5:-46.8,2026-08-15,52.79,3.53,47.76,13,trigger,synthetic,synthetic,synthetic,synth-v1.0.0,2024,2cf705e1237a369a,ood
SP-021:sul:011000:2023-02-12,SP-021:sul:011000,SP-021,sul,11.25,open-meteo:era5_seamless:-23.5:-46.8,2023-02-12,71.05,7.57,62.27,14,trigger,synthetic,synthetic,synthetic,synth-v1.0.0,2024,2cf705e1237a369a,ood
SP-021:sul:011000:2023-04-13,SP-021:sul:011000,SP-021,sul,11.25,open-meteo:era5_seamless:-23.5:-46.8,2023-04-13,69.34,5.3,62.27,25,proactive,synthetic,synthetic,synthetic,synth-v1.0.0,2024,2cf705e1237a369a,ood
SP-021:sul:011000:2023-10-23,SP-021:sul:011000,SP-021,sul,11.25,open-meteo:era5_seamless:-23.5:-46.8,2023-10-23,70.36,7.53,62.27,15,trigger,synthetic,synthetic,synthetic,synth-v1.0.0,2024,2cf705e1237a369a,ood
SP-021:sul:011000:2024-01-02,SP-021:sul:011000,SP-021,sul,11.25,open-meteo:era5_seamless:-23.5:-46.8,2024-01-02,69.08,3.22,62.27,9,trigger,synthetic,synthetic,synthetic,synth-v1.0.0,2024,2cf705e1237a369a,ood
SP-021:sul:011000:2024-03-15,SP-021:sul:011000,SP-021,sul,11.25,open-meteo:era5_seamless:-23.5:-46.8,2024-03-15,77.26,6.89,62.27,19,trigger,synthetic,synthetic,synthetic,synth-v1.0.0,2024,2cf705e1237a369a,ood
SP-021:sul:011000:2024-05-16,SP-021:sul:011000,SP-021,sul,11.25,open-meteo:era5_seamless:-23.5:-46.8,2024-05-16,65.25,7.94,62.27,4,trigger,synthetic,synthetic,synthetic,synth-v1.0.0,2024,2cf705e1237a369a,ood
SP-021:sul:011000:2024-10-28,SP-021:sul:011000,SP-021,sul,11.25,open-meteo:era5_seamless:-23.5:-46.8,2024-10-28,66.77,3.26,62.27,15,proactive,synthetic,synthetic,synthetic,synth-v1.0.0,2024,2cf705e1237a369a,ood
SP-021:sul:011000:2025-01-28,SP-021:sul:011000,SP-021,sul,11.25,open-meteo:era5_seamless:-23.5:-46.8,2025-01-28,80.52,4.25,62.27,37,trigger,synthetic,synthetic,synthetic,synth-v1.0.0,2024,2cf705e1237a369a,ood
SP-021:sul:011000:2025-04-19,SP-021:sul:011000,SP-021,sul,11.25,open-meteo:era5_seamless:-23.5:-46.8,2025-04-19,75.31,5.15,62.27,34,trigger,synthetic,synthetic,synthetic,synth-v1.0.0,2024,2cf705e1237a369a,ood
SP-021:sul:011000:2025-10-29,SP-021:sul:011000,SP-021,sul,11.25,open-meteo:era5_seamless:-23.5:-46.8,2025-10-29,60.85,5.85,62.27,3,proactive,synthetic,synthetic,synthetic,synth-v1.0.0,2024,2cf705e1237a369a,ood
SP-021:sul:011000:2026-01-16,SP-021:sul:011000,SP-021,sul,11.25,open-meteo:era5_seamless:-23.5:-46.8,2026-01-16,70.2,6.1,62.27,12,trigger,synthetic,synthetic,synthetic,synth-v1.0.0,2024,2cf705e1237a369a,ood
SP-021:sul:011000:2026-03-15,SP-021:sul:011000,SP-021,sul,11.25,open-meteo:era5_seamless:-23.5:-46.8,2026-03-15,67.9,3.05,62.27,7,trigger,synthetic,synthetic,synthetic,synth-v1.0.0,2024,2cf705e1237a369a,ood
SP-021:sul:011000:2026-08-07,SP-021:sul:011000,SP-021,sul,11.25,open-meteo:era5_seamless:-23.5:-46.8,2026-08-07,64.04,3.18,62.27,5,trigger,synthetic,synthetic,synthetic,synth-v1.0.0,2024,2cf705e1237a369a,ood
SP-021:norte:011500:2023-02-01,SP-021:norte:011500,SP-021,norte,11.75,open-meteo:era5_seamless:-23.5:-46.8,2023-02-01,61.99,3.23,49.92,10,trigger,synthetic,synthetic,synthetic,synth-v1.0.0,2024,2cf705e1237a369a,ood
SP-021:norte:011500:2023-03-14,SP-021:norte:011500,SP-021,norte,11.75,open-meteo:era5_seamless:-23.5:-46.8,2023-03-14,60.72,3.6,49.92,9,trigger,synthetic,synthetic,synthetic,synth-v1.0.0,2024,2cf705e1237a369a,ood
SP-021:norte:011500:2023-05-14,SP-021:norte:011500,SP-021,norte,11.75,open-meteo:era5_seamless:-23.5:-46.8,2023-05-14,55.5,7.06,49.92,7,trigger,synthetic,synthetic,synthetic,synth-v1.0.0,2024,2cf705e1237a369a,ood
SP-021:norte:011500:2023-10-29,SP-021:norte:011500,SP-021,norte,11.75,open-meteo:era5_seamless:-23.5:-46.8,2023-10-29,71.21,6.52,49.92,28,trigger,synthetic,synthetic,synthetic,synth-v1.0.0,2024,2cf705e1237a369a,ood
SP-021:norte:011500:2023-12-19,SP-021:norte:011500,SP-021,norte,11.75,open-meteo:era5_seamless:-23.5:-46.8,2023-12-19,60.44,5.43,49.92,9,trigger,synthetic,synthetic,synthetic,synth-v1.0.0,2024,2cf705e1237a369a,ood
SP-021:norte:011500:2024-02-09,SP-021:norte:011500,SP-021,norte,11.75,open-meteo:era5_seamless:-23.5:-46.8,2024-02-09,59.34,5.18,49.92,5,trigger,synthetic,synthetic,synthetic,synth-v1.0.0,2024,2cf705e1237a369a,ood
SP-021:norte:011500:2024-03-31,SP-021:norte:011500,SP-021,norte,11.75,open-meteo:era5_seamless:-23.5:-46.8,2024-03-31,70.45,4.1,49.92,28,proactive,synthetic,synthetic,synthetic,synth-v1.0.0,2024,2cf705e1237a369a,ood
SP-021:norte:011500:2024-05-25,SP-021:norte:011500,SP-021,norte,11.75,open-meteo:era5_seamless:-23.5:-46.8,2024-05-25,56.37,3.62,49.92,13,trigger,synthetic,synthetic,synthetic,synth-v1.0.0,2024,2cf705e1237a369a,ood
SP-021:norte:011500:2024-09-26,SP-021:norte:011500,SP-021,norte,11.75,open-meteo:era5_seamless:-23.5:-46.8,2024-09-26,55.86,5.15,49.92,11,trigger,synthetic,synthetic,synthetic,synth-v1.0.0,2024,2cf705e1237a369a,ood
SP-021:norte:011500:2024-11-12,SP-021:norte:011500,SP-021,norte,11.75,open-meteo:era5_seamless:-23.5:-46.8,2024-11-12,44.49,4.53,49.92,9,proactive,synthetic,synthetic,synthetic,synth-v1.0.0,2024,2cf705e1237a369a,ood
SP-021:norte:011500:2025-01-07,SP-021:norte:011500,SP-021,norte,11.75,open-meteo:era5_seamless:-23.5:-46.8,2025-01-07,67.85,4.05,49.92,16,trigger,synthetic,synthetic,synthetic,synth-v1.0.0,2024,2cf705e1237a369a,ood
SP-021:norte:011500:2025-03-01,SP-021:norte:011500,SP-021,norte,11.75,open-meteo:era5_seamless:-23.5:-46.8,2025-03-01,73.66,3.03,49.92,20,trigger,synthetic,synthetic,synthetic,synth-v1.0.0,2024,2cf705e1237a369a,ood
SP-021:norte:011500:2025-05-16,SP-021:norte:011500,SP-021,norte,11.75,open-meteo:era5_seamless:-23.5:-46.8,2025-05-16,63.92,7.0,49.92,26,trigger,synthetic,synthetic,synthetic,synth-v1.0.0,2024,2cf705e1237a369a,ood
SP-021:norte:011500:2025-11-15,SP-021:norte:011500,SP-021,norte,11.75,open-meteo:era5_seamless:-23.5:-46.8,2025-11-15,60.63,4.32,49.92,27,trigger,synthetic,synthetic,synthetic,synth-v1.0.0,2024,2cf705e1237a369a,ood
SP-021:norte:011500:2026-02-10,SP-021:norte:011500,SP-021,norte,11.75,open-meteo:era5_seamless:-23.5:-46.8,2026-02-10,76.77,3.69,49.92,44,trigger,synthetic,synthetic,synthetic,synth-v1.0.0,2024,2cf705e1237a369a,ood
SP-021:norte:011500:2026-03-24,SP-021:norte:011500,SP-021,norte,11.75,open-meteo:era5_seamless:-23.5:-46.8,2026-03-24,57.12,7.62,49.92,2,trigger,synthetic,synthetic,synthetic,synth-v1.0.0,2024,2cf705e1237a369a,ood
SP-021:norte:011500:2026-05-23,SP-021:norte:011500,SP-021,norte,11.75,open-meteo:era5_seamless:-23.5:-46.8,2026-05-23,50.48,4.79,49.92,6,trigger,synthetic,synthetic,synthetic,synth-v1.0.0,2024,2cf705e1237a369a,ood
SP-021:sul:011500:2023-02-16,SP-021:sul:011500,SP-021,sul,11.75,open-meteo:era5_seamless:-23.5:-46.8,2023-02-16,75.47,5.55,44.39,39,proactive,synthetic,synthetic,synthetic,synth-v1.0.0,2024,2cf705e1237a369a,ood
SP-021:sul:011500:2023-03-17,SP-021:sul:011500,SP-021,sul,11.75,open-meteo:era5_seamless:-23.5:-46.8,2023-03-17,51.91,7.66,44.39,5,trigger,synthetic,synthetic,synthetic,synth-v1.0.0,2024,2cf705e1237a369a,ood
SP-021:sul:011500:2023-05-15,SP-021:sul:011500,SP-021,sul,11.75,open-meteo:era5_seamless:-23.5:-46.8,2023-05-15,56.14,3.23,44.39,15,trigger,synthetic,synthetic,synthetic,synth-v1.0.0,2024,2cf705e1237a369a,ood
SP-021:sul:011500:2023-09-11,SP-021:sul:011500,SP-021,sul,11.75,open-meteo:era5_seamless:-23.5:-46.8,2023-09-11,47.41,5.79,44.39,8,proactive,synthetic,synthetic,synthetic,synth-v1.0.0,2024,2cf705e1237a369a,ood
SP-021:sul:011500:2023-11-17,SP-021:sul:011500,SP-021,sul,11.75,open-meteo:era5_seamless:-23.5:-46.8,2023-11-17,70.11,3.78,44.39,26,trigger,synthetic,synthetic,synthetic,synth-v1.0.0,2024,2cf705e1237a369a,ood
SP-021:sul:011500:2024-01-17,SP-021:sul:011500,SP-021,sul,11.75,open-meteo:era5_seamless:-23.5:-46.8,2024-01-17,65.66,5.36,44.39,17,trigger,synthetic,synthetic,synthetic,synth-v1.0.0,2024,2cf705e1237a369a,ood
SP-021:sul:011500:2024-02-22,SP-021:sul:011500,SP-021,sul,11.75,open-meteo:era5_seamless:-23.5:-46.8,2024-02-22,57.74,5.01,44.39,4,trigger,synthetic,synthetic,synthetic,synth-v1.0.0,2024,2cf705e1237a369a,ood
SP-021:sul:011500:2024-03-21,SP-021:sul:011500,SP-021,sul,11.75,open-meteo:era5_seamless:-23.5:-46.8,2024-03-21,55.58,6.12,44.39,4,trigger,synthetic,synthetic,synthetic,synth-v1.0.0,2024,2cf705e1237a369a,ood
SP-021:sul:011500:2024-05-01,SP-021:sul:011500,SP-021,sul,11.75,open-meteo:era5_seamless:-23.5:-46.8,2024-05-01,57.44,4.9,44.39,10,trigger,synthetic,synthetic,synthetic,synth-v1.0.0,2024,2cf705e1237a369a,ood
SP-021:sul:011500:2024-08-26,SP-021:sul:011500,SP-021,sul,11.75,open-meteo:era5_seamless:-23.5:-46.8,2024-08-26,56.38,5.52,44.39,22,trigger,synthetic,synthetic,synthetic,synth-v1.0.0,2024,2cf705e1237a369a,ood
SP-021:sul:011500:2024-10-30,SP-021:sul:011500,SP-021,sul,11.75,open-meteo:era5_seamless:-23.5:-46.8,2024-10-30,55.55,3.32,44.39,17,trigger,synthetic,synthetic,synthetic,synth-v1.0.0,2024,2cf705e1237a369a,ood
SP-021:sul:011500:2024-12-10,SP-021:sul:011500,SP-021,sul,11.75,open-meteo:era5_seamless:-23.5:-46.8,2024-12-10,54.97,5.73,44.39,9,trigger,synthetic,synthetic,synthetic,synth-v1.0.0,2024,2cf705e1237a369a,ood
SP-021:sul:011500:2025-01-20,SP-021:sul:011500,SP-021,sul,11.75,open-meteo:era5_seamless:-23.5:-46.8,2025-01-20,61.06,4.96,44.39,15,trigger,synthetic,synthetic,synthetic,synth-v1.0.0,2024,2cf705e1237a369a,ood
SP-021:sul:011500:2025-03-03,SP-021:sul:011500,SP-021,sul,11.75,open-meteo:era5_seamless:-23.5:-46.8,2025-03-03,70.91,5.75,44.39,15,trigger,synthetic,synthetic,synthetic,synth-v1.0.0,2024,2cf705e1237a369a,ood
SP-021:sul:011500:2025-04-14,SP-021:sul:011500,SP-021,sul,11.75,open-meteo:era5_seamless:-23.5:-46.8,2025-04-14,50.9,6.05,44.39,8,trigger,synthetic,synthetic,synthetic,synth-v1.0.0,2024,2cf705e1237a369a,ood
SP-021:sul:011500:2025-06-06,SP-021:sul:011500,SP-021,sul,11.75,open-meteo:era5_seamless:-23.5:-46.8,2025-06-06,41.95,3.92,44.39,5,proactive,synthetic,synthetic,synthetic,synth-v1.0.0,2024,2cf705e1237a369a,ood
SP-021:sul:011500:2025-11-02,SP-021:sul:011500,SP-021,sul,11.75,open-meteo:era5_seamless:-23.5:-46.8,2025-11-02,54.86,6.54,44.39,14,trigger,synthetic,synthetic,synthetic,synth-v1.0.0,2024,2cf705e1237a369a,ood
SP-021:sul:011500:2025-12-23,SP-021:sul:011500,SP-021,sul,11.75,open-meteo:era5_seamless:-23.5:-46.8,2025-12-23,53.35,4.1,44.39,2,trigger,synthetic,synthetic,synthetic,synth-v1.0.0,2024,2cf705e1237a369a,ood
SP-021:sul:011500:2026-02-10,SP-021:sul:011500,SP-021,sul,11.75,open-meteo:era5_seamless:-23.5:-46.8,2026-02-10,63.67,7.91,44.39,16,trigger,synthetic,synthetic,synthetic,synth-v1.0.0,2024,2cf705e1237a369a,ood
SP-021:sul:011500:2026-03-17,SP-021:sul:011500,SP-021,sul,11.75,open-meteo:era5_seamless:-23.5:-46.8,2026-03-17,56.19,7.05,44.39,9,trigger,synthetic,synthetic,synthetic,synth-v1.0.0,2024,2cf705e1237a369a,ood
SP-021:sul:011500:2026-05-08,SP-021:sul:011500,SP-021,sul,11.75,open-meteo:era5_seamless:-23.5:-46.8,2026-05-08,58.49,3.76,44.39,19,trigger,synthetic,synthetic,synthetic,synth-v1.0.0,2024,2cf705e1237a369a,ood
SP-021:norte:012000:2023-02-15,SP-021:norte:012000,SP-021,norte,12.25,open-meteo:era5_seamless:-23.5:-46.8,2023-02-15,82.64,5.05,68.71,10,trigger,synthetic,synthetic,synthetic,synth-v1.0.0,2024,2cf705e1237a369a,ood
SP-021:norte:012000:2023-04-24,SP-021:norte:012000,SP-021,norte,12.25,open-meteo:era5_seamless:-23.5:-46.8,2023-04-24,88.0,6.61,68.71,36,trigger,synthetic,synthetic,synthetic,synth-v1.0.0,2024,2cf705e1237a369a,ood
SP-021:norte:012000:2023-10-07,SP-021:norte:012000,SP-021,norte,12.25,open-meteo:era5_seamless:-23.5:-46.8,2023-10-07,79.44,6.11,68.71,13,trigger,synthetic,synthetic,synthetic,synth-v1.0.0,2024,2cf705e1237a369a,ood
SP-021:norte:012000:2023-12-09,SP-021:norte:012000,SP-021,norte,12.25,open-meteo:era5_seamless:-23.5:-46.8,2023-12-09,82.92,5.59,68.71,20,trigger,synthetic,synthetic,synthetic,synth-v1.0.0,2024,2cf705e1237a369a,ood
SP-021:norte:012000:2024-02-05,SP-021:norte:012000,SP-021,norte,12.25,open-meteo:era5_seamless:-23.5:-46.8,2024-02-05,77.65,4.84,68.71,8,trigger,synthetic,synthetic,synthetic,synth-v1.0.0,2024,2cf705e1237a369a,ood
SP-021:norte:012000:2024-04-09,SP-021:norte:012000,SP-021,norte,12.25,open-meteo:era5_seamless:-23.5:-46.8,2024-04-09,94.29,4.74,68.71,30,trigger,synthetic,synthetic,synthetic,synth-v1.0.0,2024,2cf705e1237a369a,ood
SP-021:norte:012000:2024-06-19,SP-021:norte:012000,SP-021,norte,12.25,open-meteo:era5_seamless:-23.5:-46.8,2024-06-19,65.24,7.26,68.71,45,proactive,synthetic,synthetic,synthetic,synth-v1.0.0,2024,2cf705e1237a369a,ood
SP-021:norte:012000:2024-11-05,SP-021:norte:012000,SP-021,norte,12.25,open-meteo:era5_seamless:-23.5:-46.8,2024-11-05,81.83,4.6,68.71,16,trigger,synthetic,synthetic,synthetic,synth-v1.0.0,2024,2cf705e1237a369a,ood
SP-021:norte:012000:2025-01-12,SP-021:norte:012000,SP-021,norte,12.25,open-meteo:era5_seamless:-23.5:-46.8,2025-01-12,89.89,4.3,68.71,21,trigger,synthetic,synthetic,synthetic,synth-v1.0.0,2024,2cf705e1237a369a,ood
SP-021:norte:012000:2025-03-13,SP-021:norte:012000,SP-021,norte,12.25,open-meteo:era5_seamless:-23.5:-46.8,2025-03-13,93.28,7.12,68.71,25,trigger,synthetic,synthetic,synthetic,synth-v1.0.0,2024,2cf705e1237a369a,ood
SP-021:norte:012000:2025-06-02,SP-021:norte:012000,SP-021,norte,12.25,open-meteo:era5_seamless:-23.5:-46.8,2025-06-02,77.5,4.0,68.71,22,trigger,synthetic,synthetic,synthetic,synth-v1.0.0,2024,2cf705e1237a369a,ood
SP-021:norte:012000:2025-11-17,SP-021:norte:012000,SP-021,norte,12.25,open-meteo:era5_seamless:-23.5:-46.8,2025-11-17,72.58,7.69,68.71,8,trigger,synthetic,synthetic,synthetic,synth-v1.0.0,2024,2cf705e1237a369a,ood
SP-021:norte:012000:2026-01-11,SP-021:norte:012000,SP-021,norte,12.25,open-meteo:era5_seamless:-23.5:-46.8,2026-01-11,80.23,4.21,68.71,7,trigger,synthetic,synthetic,synthetic,synth-v1.0.0,2024,2cf705e1237a369a,ood
SP-021:norte:012000:2026-03-22,SP-021:norte:012000,SP-021,norte,12.25,open-meteo:era5_seamless:-23.5:-46.8,2026-03-22,92.02,6.96,68.71,14,trigger,synthetic,synthetic,synthetic,synth-v1.0.0,2024,2cf705e1237a369a,ood
SP-021:norte:012000:2026-05-04,SP-021:norte:012000,SP-021,norte,12.25,open-meteo:era5_seamless:-23.5:-46.8,2026-05-04,58.42,3.41,68.71,22,proactive,synthetic,synthetic,synthetic,synth-v1.0.0,2024,2cf705e1237a369a,ood
SP-021:sul:012000:2023-02-03,SP-021:sul:012000,SP-021,sul,12.25,open-meteo:era5_seamless:-23.5:-46.8,2023-02-03,82.25,6.36,69.88,5,trigger,synthetic,synthetic,synthetic,synth-v1.0.0,2024,2cf705e1237a369a,ood
SP-021:sul:012000:2023-03-25,SP-021:sul:012000,SP-021,sul,12.25,open-meteo:era5_seamless:-23.5:-46.8,2023-03-25,94.5,7.58,69.88,13,trigger,synthetic,synthetic,synthetic,synth-v1.0.0,2024,2cf705e1237a369a,ood
SP-021:sul:012000:2023-08-13,SP-021:sul:012000,SP-021,sul,12.25,open-meteo:era5_seamless:-23.5:-46.8,2023-08-13,79.47,7.42,69.88,7,trigger,synthetic,synthetic,synthetic,synth-v1.0.0,2024,2cf705e1237a369a,ood
SP-021:sul:012000:2023-11-29,SP-021:sul:012000,SP-021,sul,12.25,open-meteo:era5_seamless:-23.5:-46.8,2023-11-29,108.0,7.75,69.88,45,trigger,synthetic,synthetic,synthetic,synth-v1.0.0,2024,2cf705e1237a369a,ood
SP-021:sul:012000:2024-02-03,SP-021:sul:012000,SP-021,sul,12.25,open-meteo:era5_seamless:-23.5:-46.8,2024-02-03,92.57,4.15,69.88,20,trigger,synthetic,synthetic,synthetic,synth-v1.0.0,2024,2cf705e1237a369a,ood
SP-021:sul:012000:2024-03-21,SP-021:sul:012000,SP-021,sul,12.25,open-meteo:era5_seamless:-23.5:-46.8,2024-03-21,96.05,6.51,69.88,11,trigger,synthetic,synthetic,synthetic,synth-v1.0.0,2024,2cf705e1237a369a,ood
SP-021:sul:012000:2024-06-06,SP-021:sul:012000,SP-021,sul,12.25,open-meteo:era5_seamless:-23.5:-46.8,2024-06-06,90.12,6.68,69.88,39,trigger,synthetic,synthetic,synthetic,synth-v1.0.0,2024,2cf705e1237a369a,ood
SP-021:sul:012000:2024-09-23,SP-021:sul:012000,SP-021,sul,12.25,open-meteo:era5_seamless:-23.5:-46.8,2024-09-23,73.99,6.47,69.88,8,trigger,synthetic,synthetic,synthetic,synth-v1.0.0,2024,2cf705e1237a369a,ood
SP-021:sul:012000:2024-12-10,SP-021:sul:012000,SP-021,sul,12.25,open-meteo:era5_seamless:-23.5:-46.8,2024-12-10,94.41,6.13,69.88,16,trigger,synthetic,synthetic,synthetic,synth-v1.0.0,2024,2cf705e1237a369a,ood
SP-021:sul:012000:2025-02-06,SP-021:sul:012000,SP-021,sul,12.25,open-meteo:era5_seamless:-23.5:-46.8,2025-02-06,100.99,7.37,69.88,11,trigger,synthetic,synthetic,synthetic,synth-v1.0.0,2024,2cf705e1237a369a,ood
SP-021:sul:012000:2025-03-06,SP-021:sul:012000,SP-021,sul,12.25,open-meteo:era5_seamless:-23.5:-46.8,2025-03-06,69.39,6.54,69.88,4,proactive,synthetic,synthetic,synthetic,synth-v1.0.0,2024,2cf705e1237a369a,ood
SP-021:sul:012000:2025-05-14,SP-021:sul:012000,SP-021,sul,12.25,open-meteo:era5_seamless:-23.5:-46.8,2025-05-14,82.9,5.72,69.88,17,trigger,synthetic,synthetic,synthetic,synth-v1.0.0,2024,2cf705e1237a369a,ood
SP-021:sul:012000:2025-09-08,SP-021:sul:012000,SP-021,sul,12.25,open-meteo:era5_seamless:-23.5:-46.8,2025-09-08,46.48,6.55,69.88,29,proactive,synthetic,synthetic,synthetic,synth-v1.0.0,2024,2cf705e1237a369a,ood
SP-021:sul:012000:2025-11-13,SP-021:sul:012000,SP-021,sul,12.25,open-meteo:era5_seamless:-23.5:-46.8,2025-11-13,56.96,3.33,69.88,25,proactive,synthetic,synthetic,synthetic,synth-v1.0.0,2024,2cf705e1237a369a,ood
SP-021:sul:012000:2026-01-01,SP-021:sul:012000,SP-021,sul,12.25,open-meteo:era5_seamless:-23.5:-46.8,2026-01-01,75.84,5.32,69.88,4,trigger,synthetic,synthetic,synthetic,synth-v1.0.0,2024,2cf705e1237a369a,ood
SP-021:sul:012000:2026-02-22,SP-021:sul:012000,SP-021,sul,12.25,open-meteo:era5_seamless:-23.5:-46.8,2026-02-22,89.47,5.42,69.88,7,trigger,synthetic,synthetic,synthetic,synth-v1.0.0,2024,2cf705e1237a369a,ood
SP-021:sul:012000:2026-04-04,SP-021:sul:012000,SP-021,sul,12.25,open-meteo:era5_seamless:-23.5:-46.8,2026-04-04,76.79,3.01,69.88,6,trigger,synthetic,synthetic,synthetic,synth-v1.0.0,2024,2cf705e1237a369a,ood
SP-021:sul:012000:2026-06-24,SP-021:sul:012000,SP-021,sul,12.25,open-meteo:era5_seamless:-23.5:-46.8,2026-06-24,53.32,3.78,69.88,3,proactive,synthetic,synthetic,synthetic,synth-v1.0.0,2024,2cf705e1237a369a,ood
SP-021:norte:012500:2023-02-20,SP-021:norte:012500,SP-021,norte,12.75,open-meteo:era5_seamless:-23.5:-46.8,2023-02-20,92.37,3.11,59.15,22,trigger,synthetic,synthetic,synthetic,synth-v1.0.0,2024,2cf705e1237a369a,ood
SP-021:norte:012500:2023-04-08,SP-021:norte:012500,SP-021,norte,12.75,open-meteo:era5_seamless:-23.5:-46.8,2023-04-08,84.42,5.71,59.15,13,trigger,synthetic,synthetic,synthetic,synth-v1.0.0,2024,2cf705e1237a369a,ood
SP-021:norte:012500:2023-08-18,SP-021:norte:012500,SP-021,norte,12.75,open-meteo:era5_seamless:-23.5:-46.8,2023-08-18,65.6,7.3,59.15,12,trigger,synthetic,synthetic,synthetic,synth-v1.0.0,2024,2cf705e1237a369a,ood
SP-021:norte:012500:2023-10-19,SP-021:norte:012500,SP-021,norte,12.75,open-meteo:era5_seamless:-23.5:-46.8,2023-10-19,70.37,5.85,59.15,4,trigger,synthetic,synthetic,synthetic,synth-v1.0.0,2024,2cf705e1237a369a,ood
SP-021:norte:012500:2023-11-29,SP-021:norte:012500,SP-021,norte,12.75,open-meteo:era5_seamless:-23.5:-46.8,2023-11-29,72.48,7.85,59.15,10,trigger,synthetic,synthetic,synthetic,synth-v1.0.0,2024,2cf705e1237a369a,ood
SP-021:norte:012500:2024-01-12,SP-021:norte:012500,SP-021,norte,12.75,open-meteo:era5_seamless:-23.5:-46.8,2024-01-12,68.57,5.72,59.15,12,trigger,synthetic,synthetic,synthetic,synth-v1.0.0,2024,2cf705e1237a369a,ood
SP-021:norte:012500:2024-03-17,SP-021:norte:012500,SP-021,norte,12.75,open-meteo:era5_seamless:-23.5:-46.8,2024-03-17,94.96,7.44,59.15,35,trigger,synthetic,synthetic,synthetic,synth-v1.0.0,2024,2cf705e1237a369a,ood
SP-021:norte:012500:2024-05-07,SP-021:norte:012500,SP-021,norte,12.75,open-meteo:era5_seamless:-23.5:-46.8,2024-05-07,79.55,7.47,59.15,23,trigger,synthetic,synthetic,synthetic,synth-v1.0.0,2024,2cf705e1237a369a,ood
SP-021:norte:012500:2024-08-27,SP-021:norte:012500,SP-021,norte,12.75,open-meteo:era5_seamless:-23.5:-46.8,2024-08-27,63.59,3.52,59.15,9,trigger,synthetic,synthetic,synthetic,synth-v1.0.0,2024,2cf705e1237a369a,ood
SP-021:norte:012500:2024-11-08,SP-021:norte:012500,SP-021,norte,12.75,open-meteo:era5_seamless:-23.5:-46.8,2024-11-08,74.13,4.42,59.15,5,trigger,synthetic,synthetic,synthetic,synth-v1.0.0,2024,2cf705e1237a369a,ood
SP-021:norte:012500:2024-12-08,SP-021:norte:012500,SP-021,norte,12.75,open-meteo:era5_seamless:-23.5:-46.8,2024-12-08,63.7,7.33,59.15,7,proactive,synthetic,synthetic,synthetic,synth-v1.0.0,2024,2cf705e1237a369a,ood
SP-021:norte:012500:2025-01-12,SP-021:norte:012500,SP-021,norte,12.75,open-meteo:era5_seamless:-23.5:-46.8,2025-01-12,72.77,6.78,59.15,7,trigger,synthetic,synthetic,synthetic,synth-v1.0.0,2024,2cf705e1237a369a,ood
SP-021:norte:012500:2025-02-21,SP-021:norte:012500,SP-021,norte,12.75,open-meteo:era5_seamless:-23.5:-46.8,2025-02-21,85.69,4.84,59.15,12,trigger,synthetic,synthetic,synthetic,synth-v1.0.0,2024,2cf705e1237a369a,ood
SP-021:norte:012500:2025-04-07,SP-021:norte:012500,SP-021,norte,12.75,open-meteo:era5_seamless:-23.5:-46.8,2025-04-07,71.44,4.49,59.15,8,trigger,synthetic,synthetic,synthetic,synth-v1.0.0,2024,2cf705e1237a369a,ood
SP-021:norte:012500:2025-05-25,SP-021:norte:012500,SP-021,norte,12.75,open-meteo:era5_seamless:-23.5:-46.8,2025-05-25,57.9,7.27,59.15,7,proactive,synthetic,synthetic,synthetic,synth-v1.0.0,2024,2cf705e1237a369a,ood
SP-021:norte:012500:2025-11-01,SP-021:norte:012500,SP-021,norte,12.75,open-meteo:era5_seamless:-23.5:-46.8,2025-11-01,70.61,5.29,59.15,27,trigger,synthetic,synthetic,synthetic,synth-v1.0.0,2024,2cf705e1237a369a,ood
SP-021:norte:012500:2025-12-24,SP-021:norte:012500,SP-021,norte,12.75,open-meteo:era5_seamless:-23.5:-46.8,2025-12-24,70.8,5.89,59.15,10,trigger,synthetic,synthetic,synthetic,synth-v1.0.0,2024,2cf705e1237a369a,ood
SP-021:norte:012500:2026-02-11,SP-021:norte:012500,SP-021,norte,12.75,open-meteo:era5_seamless:-23.5:-46.8,2026-02-11,80.23,6.84,59.15,17,trigger,synthetic,synthetic,synthetic,synth-v1.0.0,2024,2cf705e1237a369a,ood
SP-021:norte:012500:2026-03-22,SP-021:norte:012500,SP-021,norte,12.75,open-meteo:era5_seamless:-23.5:-46.8,2026-03-22,76.11,3.69,59.15,14,trigger,synthetic,synthetic,synthetic,synth-v1.0.0,2024,2cf705e1237a369a,ood
SP-021:norte:012500:2026-05-21,SP-021:norte:012500,SP-021,norte,12.75,open-meteo:era5_seamless:-23.5:-46.8,2026-05-21,66.75,5.48,59.15,18,trigger,synthetic,synthetic,synthetic,synth-v1.0.0,2024,2cf705e1237a369a,ood
SP-021:norte:012500:2026-08-18,SP-021:norte:012500,SP-021,norte,12.75,open-meteo:era5_seamless:-23.5:-46.8,2026-08-18,42.24,5.46,59.15,9,proactive,synthetic,synthetic,synthetic,synth-v1.0.0,2024,2cf705e1237a369a,ood
SP-021:sul:012500:2023-02-12,SP-021:sul:012500,SP-021,sul,12.75,open-meteo:era5_seamless:-23.5:-46.8,2023-02-12,59.13,6.6,63.36,21,proactive,synthetic,synthetic,synthetic,synth-v1.0.0,2024,2cf705e1237a369a,ood
SP-021:sul:012500:2023-04-04,SP-021:sul:012500,SP-021,sul,12.75,open-meteo:era5_seamless:-23.5:-46.8,2023-04-04,58.67,5.26,63.36,16,proactive,synthetic,synthetic,synthetic,synth-v1.0.0,2024,2cf705e1237a369a,ood
SP-021:sul:012500:2023-10-19,SP-021:sul:012500,SP-021,sul,12.75,open-meteo:era5_seamless:-23.5:-46.8,2023-10-19,66.15,7.52,63.36,25,proactive,synthetic,synthetic,synthetic,synth-v1.0.0,2024,2cf705e1237a369a,ood
SP-021:sul:012500:2023-12-06,SP-021:sul:012500,SP-021,sul,12.75,open-meteo:era5_seamless:-23.5:-46.8,2023-12-06,49.52,3.32,63.36,24,proactive,synthetic,synthetic,synthetic,synth-v1.0.0,2024,2cf705e1237a369a,ood
SP-021:sul:012500:2024-03-13,SP-021:sul:012500,SP-021,sul,12.75,open-meteo:era5_seamless:-23.5:-46.8,2024-03-13,80.89,5.94,63.36,24,trigger,synthetic,synthetic,synthetic,synth-v1.0.0,2024,2cf705e1237a369a,ood
SP-021:sul:012500:2024-05-06,SP-021:sul:012500,SP-021,sul,12.75,open-meteo:era5_seamless:-23.5:-46.8,2024-05-06,54.9,3.72,63.36,15,proactive,synthetic,synthetic,synthetic,synth-v1.0.0,2024,2cf705e1237a369a,ood
SP-021:sul:012500:2024-09-22,SP-021:sul:012500,SP-021,sul,12.75,open-meteo:era5_seamless:-23.5:-46.8,2024-09-22,47.13,7.23,63.36,35,proactive,synthetic,synthetic,synthetic,synth-v1.0.0,2024,2cf705e1237a369a,ood
SP-021:sul:012500:2024-12-24,SP-021:sul:012500,SP-021,sul,12.75,open-meteo:era5_seamless:-23.5:-46.8,2024-12-24,68.94,7.64,63.36,30,proactive,synthetic,synthetic,synthetic,synth-v1.0.0,2024,2cf705e1237a369a,ood
SP-021:sul:012500:2025-03-09,SP-021:sul:012500,SP-021,sul,12.75,open-meteo:era5_seamless:-23.5:-46.8,2025-03-09,78.63,3.57,63.36,21,trigger,synthetic,synthetic,synthetic,synth-v1.0.0,2024,2cf705e1237a369a,ood
SP-021:sul:012500:2025-09-20,SP-021:sul:012500,SP-021,sul,12.75,open-meteo:era5_seamless:-23.5:-46.8,2025-09-20,65.32,5.58,63.36,6,trigger,synthetic,synthetic,synthetic,synth-v1.0.0,2024,2cf705e1237a369a,ood
SP-021:sul:012500:2025-12-02,SP-021:sul:012500,SP-021,sul,12.75,open-meteo:era5_seamless:-23.5:-46.8,2025-12-02,39.56,7.06,63.36,9,proactive,synthetic,synthetic,synthetic,synth-v1.0.0,2024,2cf705e1237a369a,ood
SP-021:sul:012500:2026-02-18,SP-021:sul:012500,SP-021,sul,12.75,open-meteo:era5_seamless:-23.5:-46.8,2026-02-18,71.86,4.68,63.36,10,trigger,synthetic,synthetic,synthetic,synth-v1.0.0,2024,2cf705e1237a369a,ood
SP-021:sul:012500:2026-05-17,SP-021:sul:012500,SP-021,sul,12.75,open-meteo:era5_seamless:-23.5:-46.8,2026-05-17,65.22,7.17,63.36,7,trigger,synthetic,synthetic,synthetic,synth-v1.0.0,2024,2cf705e1237a369a,ood
SP-021:norte:013000:2023-02-07,SP-021:norte:013000,SP-021,norte,13.25,open-meteo:era5_seamless:-23.5:-46.8,2023-02-07,64.04,4.5,49.23,9,trigger,synthetic,synthetic,synthetic,synth-v1.0.0,2024,2cf705e1237a369a,ood
SP-021:norte:013000:2023-04-03,SP-021:norte:013000,SP-021,norte,13.25,open-meteo:era5_seamless:-23.5:-46.8,2023-04-03,69.02,3.17,49.23,22,trigger,synthetic,synthetic,synthetic,synth-v1.0.0,2024,2cf705e1237a369a,ood
SP-021:norte:013000:2023-08-28,SP-021:norte:013000,SP-021,norte,13.25,open-meteo:era5_seamless:-23.5:-46.8,2023-08-28,49.06,5.14,49.23,15,proactive,synthetic,synthetic,synthetic,synth-v1.0.0,2024,2cf705e1237a369a,ood
SP-021:norte:013000:2023-11-15,SP-021:norte:013000,SP-021,norte,13.25,open-meteo:era5_seamless:-23.5:-46.8,2023-11-15,67.59,3.64,49.23,17,trigger,synthetic,synthetic,synthetic,synth-v1.0.0,2024,2cf705e1237a369a,ood
SP-021:norte:013000:2024-01-22,SP-021:norte:013000,SP-021,norte,13.25,open-meteo:era5_seamless:-23.5:-46.8,2024-01-22,61.83,4.02,49.23,8,trigger,synthetic,synthetic,synthetic,synth-v1.0.0,2024,2cf705e1237a369a,ood
SP-021:norte:013000:2024-03-09,SP-021:norte:013000,SP-021,norte,13.25,open-meteo:era5_seamless:-23.5:-46.8,2024-03-09,64.12,5.44,49.23,13,trigger,synthetic,synthetic,synthetic,synth-v1.0.0,2024,2cf705e1237a369a,ood
SP-021:norte:013000:2024-04-27,SP-021:norte:013000,SP-021,norte,13.25,open-meteo:era5_seamless:-23.5:-46.8,2024-04-27,59.88,5.64,49.23,13,trigger,synthetic,synthetic,synthetic,synth-v1.0.0,2024,2cf705e1237a369a,ood
SP-021:norte:013000:2024-09-08,SP-021:norte:013000,SP-021,norte,13.25,open-meteo:era5_seamless:-23.5:-46.8,2024-09-08,54.18,3.56,49.23,14,trigger,synthetic,synthetic,synthetic,synth-v1.0.0,2024,2cf705e1237a369a,ood
SP-021:norte:013000:2024-12-03,SP-021:norte:013000,SP-021,norte,13.25,open-meteo:era5_seamless:-23.5:-46.8,2024-12-03,64.18,7.69,49.23,16,trigger,synthetic,synthetic,synthetic,synth-v1.0.0,2024,2cf705e1237a369a,ood
SP-021:norte:013000:2025-01-23,SP-021:norte:013000,SP-021,norte,13.25,open-meteo:era5_seamless:-23.5:-46.8,2025-01-23,62.94,6.52,49.23,18,proactive,synthetic,synthetic,synthetic,synth-v1.0.0,2024,2cf705e1237a369a,ood
SP-021:norte:013000:2025-03-17,SP-021:norte:013000,SP-021,norte,13.25,open-meteo:era5_seamless:-23.5:-46.8,2025-03-17,68.33,6.25,49.23,29,proactive,synthetic,synthetic,synthetic,synth-v1.0.0,2024,2cf705e1237a369a,ood
SP-021:norte:013000:2025-05-22,SP-021:norte:013000,SP-021,norte,13.25,open-meteo:era5_seamless:-23.5:-46.8,2025-05-22,54.96,5.72,49.23,11,trigger,synthetic,synthetic,synthetic,synth-v1.0.0,2024,2cf705e1237a369a,ood
SP-021:norte:013000:2025-11-14,SP-021:norte:013000,SP-021,norte,13.25,open-meteo:era5_seamless:-23.5:-46.8,2025-11-14,53.82,4.84,49.23,5,trigger,synthetic,synthetic,synthetic,synth-v1.0.0,2024,2cf705e1237a369a,ood
SP-021:norte:013000:2026-01-08,SP-021:norte:013000,SP-021,norte,13.25,open-meteo:era5_seamless:-23.5:-46.8,2026-01-08,57.74,3.86,49.23,4,trigger,synthetic,synthetic,synthetic,synth-v1.0.0,2024,2cf705e1237a369a,ood
SP-021:norte:013000:2026-03-18,SP-021:norte:013000,SP-021,norte,13.25,open-meteo:era5_seamless:-23.5:-46.8,2026-03-18,71.93,7.98,49.23,24,trigger,synthetic,synthetic,synthetic,synth-v1.0.0,2024,2cf705e1237a369a,ood
SP-021:norte:013000:2026-05-23,SP-021:norte:013000,SP-021,norte,13.25,open-meteo:era5_seamless:-23.5:-46.8,2026-05-23,52.66,3.84,49.23,13,trigger,synthetic,synthetic,synthetic,synth-v1.0.0,2024,2cf705e1237a369a,ood
SP-021:sul:013000:2023-02-20,SP-021:sul:013000,SP-021,sul,13.25,open-meteo:era5_seamless:-23.5:-46.8,2023-02-20,75.23,6.64,68.35,8,trigger,synthetic,synthetic,synthetic,synth-v1.0.0,2024,2cf705e1237a369a,ood
SP-021:sul:013000:2023-05-11,SP-021:sul:013000,SP-021,sul,13.25,open-meteo:era5_seamless:-23.5:-46.8,2023-05-11,77.85,5.48,68.35,25,trigger,synthetic,synthetic,synthetic,synth-v1.0.0,2024,2cf705e1237a369a,ood
SP-021:sul:013000:2023-11-16,SP-021:sul:013000,SP-021,sul,13.25,open-meteo:era5_seamless:-23.5:-46.8,2023-11-16,80.49,6.02,68.35,39,proactive,synthetic,synthetic,synthetic,synth-v1.0.0,2024,2cf705e1237a369a,ood
SP-021:sul:013000:2024-01-25,SP-021:sul:013000,SP-021,sul,13.25,open-meteo:era5_seamless:-23.5:-46.8,2024-01-25,71.33,3.54,68.35,4,trigger,synthetic,synthetic,synthetic,synth-v1.0.0,2024,2cf705e1237a369a,ood
SP-021:sul:013000:2024-03-28,SP-021:sul:013000,SP-021,sul,13.25,open-meteo:era5_seamless:-23.5:-46.8,2024-03-28,81.12,5.82,68.35,18,trigger,synthetic,synthetic,synthetic,synth-v1.0.0,2024,2cf705e1237a369a,ood
SP-021:sul:013000:2024-05-06,SP-021:sul:013000,SP-021,sul,13.25,open-meteo:era5_seamless:-23.5:-46.8,2024-05-06,55.46,4.41,68.35,15,proactive,synthetic,synthetic,synthetic,synth-v1.0.0,2024,2cf705e1237a369a,ood
SP-021:sul:013000:2024-08-29,SP-021:sul:013000,SP-021,sul,13.25,open-meteo:era5_seamless:-23.5:-46.8,2024-08-29,53.56,3.57,68.35,11,proactive,synthetic,synthetic,synthetic,synth-v1.0.0,2024,2cf705e1237a369a,ood
SP-021:sul:013000:2024-10-31,SP-021:sul:013000,SP-021,sul,13.25,open-meteo:era5_seamless:-23.5:-46.8,2024-10-31,54.58,5.29,68.35,25,proactive,synthetic,synthetic,synthetic,synth-v1.0.0,2024,2cf705e1237a369a,ood
SP-021:sul:013000:2025-02-05,SP-021:sul:013000,SP-021,sul,13.25,open-meteo:era5_seamless:-23.5:-46.8,2025-02-05,84.08,6.58,68.35,38,trigger,synthetic,synthetic,synthetic,synth-v1.0.0,2024,2cf705e1237a369a,ood
SP-021:sul:013000:2025-04-12,SP-021:sul:013000,SP-021,sul,13.25,open-meteo:era5_seamless:-23.5:-46.8,2025-04-12,76.16,7.67,68.35,20,trigger,synthetic,synthetic,synthetic,synth-v1.0.0,2024,2cf705e1237a369a,ood
SP-021:sul:013000:2025-11-02,SP-021:sul:013000,SP-021,sul,13.25,open-meteo:era5_seamless:-23.5:-46.8,2025-11-02,72.09,7.96,68.35,14,trigger,synthetic,synthetic,synthetic,synth-v1.0.0,2024,2cf705e1237a369a,ood
SP-021:sul:013000:2026-01-08,SP-021:sul:013000,SP-021,sul,13.25,open-meteo:era5_seamless:-23.5:-46.8,2026-01-08,70.87,7.98,68.35,4,trigger,synthetic,synthetic,synthetic,synth-v1.0.0,2024,2cf705e1237a369a,ood
SP-021:sul:013000:2026-03-31,SP-021:sul:013000,SP-021,sul,13.25,open-meteo:era5_seamless:-23.5:-46.8,2026-03-31,81.86,4.55,68.35,30,trigger,synthetic,synthetic,synthetic,synth-v1.0.0,2024,2cf705e1237a369a,ood
SP-021:norte:013500:2023-03-18,SP-021:norte:013500,SP-021,norte,13.75,open-meteo:era5_seamless:-23.5:-46.8,2023-03-18,98.63,7.26,70.0,34,trigger,synthetic,synthetic,synthetic,synth-v1.0.0,2024,2cf705e1237a369a,ood
SP-021:norte:013500:2023-08-09,SP-021:norte:013500,SP-021,norte,13.75,open-meteo:era5_seamless:-23.5:-46.8,2023-08-09,72.26,5.73,70.0,45,proactive,synthetic,synthetic,synthetic,synth-v1.0.0,2024,2cf705e1237a369a,ood
SP-021:norte:013500:2023-11-21,SP-021:norte:013500,SP-021,norte,13.75,open-meteo:era5_seamless:-23.5:-46.8,2023-11-21,88.31,5.15,70.0,23,trigger,synthetic,synthetic,synthetic,synth-v1.0.0,2024,2cf705e1237a369a,ood
SP-021:norte:013500:2023-12-22,SP-021:norte:013500,SP-021,norte,13.75,open-meteo:era5_seamless:-23.5:-46.8,2023-12-22,48.67,4.45,70.0,5,proactive,synthetic,synthetic,synthetic,synth-v1.0.0,2024,2cf705e1237a369a,ood
SP-021:norte:013500:2024-03-24,SP-021:norte:013500,SP-021,norte,13.75,open-meteo:era5_seamless:-23.5:-46.8,2024-03-24,98.48,5.32,70.0,42,trigger,synthetic,synthetic,synthetic,synth-v1.0.0,2024,2cf705e1237a369a,ood
SP-021:norte:013500:2024-05-27,SP-021:norte:013500,SP-021,norte,13.75,open-meteo:era5_seamless:-23.5:-46.8,2024-05-27,74.66,5.57,70.0,8,trigger,synthetic,synthetic,synthetic,synth-v1.0.0,2024,2cf705e1237a369a,ood
SP-021:norte:013500:2024-10-05,SP-021:norte:013500,SP-021,norte,13.75,open-meteo:era5_seamless:-23.5:-46.8,2024-10-05,70.21,6.29,70.0,13,proactive,synthetic,synthetic,synthetic,synth-v1.0.0,2024,2cf705e1237a369a,ood
SP-021:norte:013500:2024-12-16,SP-021:norte:013500,SP-021,norte,13.75,open-meteo:era5_seamless:-23.5:-46.8,2024-12-16,78.77,4.46,70.0,8,trigger,synthetic,synthetic,synthetic,synth-v1.0.0,2024,2cf705e1237a369a,ood
SP-021:norte:013500:2025-02-14,SP-021:norte:013500,SP-021,norte,13.75,open-meteo:era5_seamless:-23.5:-46.8,2025-02-14,87.8,4.04,70.0,19,trigger,synthetic,synthetic,synthetic,synth-v1.0.0,2024,2cf705e1237a369a,ood
SP-021:norte:013500:2025-04-28,SP-021:norte:013500,SP-021,norte,13.75,open-meteo:era5_seamless:-23.5:-46.8,2025-04-28,81.24,4.89,70.0,15,trigger,synthetic,synthetic,synthetic,synth-v1.0.0,2024,2cf705e1237a369a,ood
SP-021:norte:013500:2025-11-14,SP-021:norte:013500,SP-021,norte,13.75,open-meteo:era5_seamless:-23.5:-46.8,2025-11-14,75.77,3.08,70.0,5,trigger,synthetic,synthetic,synthetic,synth-v1.0.0,2024,2cf705e1237a369a,ood
SP-021:norte:013500:2026-02-17,SP-021:norte:013500,SP-021,norte,13.75,open-meteo:era5_seamless:-23.5:-46.8,2026-02-17,94.92,7.18,70.0,37,trigger,synthetic,synthetic,synthetic,synth-v1.0.0,2024,2cf705e1237a369a,ood
SP-021:norte:013500:2026-04-25,SP-021:norte:013500,SP-021,norte,13.75,open-meteo:era5_seamless:-23.5:-46.8,2026-04-25,81.57,3.53,70.0,20,trigger,synthetic,synthetic,synthetic,synth-v1.0.0,2024,2cf705e1237a369a,ood
SP-021:sul:013500:2023-01-23,SP-021:sul:013500,SP-021,sul,13.75,open-meteo:era5_seamless:-23.5:-46.8,2023-01-23,49.42,4.6,38.13,8,trigger,synthetic,synthetic,synthetic,synth-v1.0.0,2024,2cf705e1237a369a,ood
SP-021:sul:013500:2023-03-01,SP-021:sul:013500,SP-021,sul,13.75,open-meteo:era5_seamless:-23.5:-46.8,2023-03-01,50.0,3.93,38.13,10,trigger,synthetic,synthetic,synthetic,synth-v1.0.0,2024,2cf705e1237a369a,ood
SP-021:sul:013500:2023-04-29,SP-021:sul:013500,SP-021,sul,13.75,open-meteo:era5_seamless:-23.5:-46.8,2023-04-29,56.12,5.35,38.13,27,trigger,synthetic,synthetic,synthetic,synth-v1.0.0,2024,2cf705e1237a369a,ood
SP-021:sul:013500:2023-09-05,SP-021:sul:013500,SP-021,sul,13.75,open-meteo:era5_seamless:-23.5:-46.8,2023-09-05,42.68,4.34,38.13,9,trigger,synthetic,synthetic,synthetic,synth-v1.0.0,2024,2cf705e1237a369a,ood
SP-021:sul:013500:2023-11-02,SP-021:sul:013500,SP-021,sul,13.75,open-meteo:era5_seamless:-23.5:-46.8,2023-11-02,54.42,5.4,38.13,18,trigger,synthetic,synthetic,synthetic,synth-v1.0.0,2024,2cf705e1237a369a,ood
SP-021:sul:013500:2023-12-08,SP-021:sul:013500,SP-021,sul,13.75,open-meteo:era5_seamless:-23.5:-46.8,2023-12-08,43.47,7.91,38.13,5,trigger,synthetic,synthetic,synthetic,synth-v1.0.0,2024,2cf705e1237a369a,ood
SP-021:sul:013500:2024-01-18,SP-021:sul:013500,SP-021,sul,13.75,open-meteo:era5_seamless:-23.5:-46.8,2024-01-18,45.92,5.06,38.13,4,trigger,synthetic,synthetic,synthetic,synth-v1.0.0,2024,2cf705e1237a369a,ood
SP-021:sul:013500:2024-03-23,SP-021:sul:013500,SP-021,sul,13.75,open-meteo:era5_seamless:-23.5:-46.8,2024-03-23,78.83,6.52,38.13,27,trigger,synthetic,synthetic,synthetic,synth-v1.0.0,2024,2cf705e1237a369a,ood
SP-021:sul:013500:2024-05-23,SP-021:sul:013500,SP-021,sul,13.75,open-meteo:era5_seamless:-23.5:-46.8,2024-05-23,58.78,4.98,38.13,25,trigger,synthetic,synthetic,synthetic,synth-v1.0.0,2024,2cf705e1237a369a,ood
SP-021:sul:013500:2024-09-03,SP-021:sul:013500,SP-021,sul,13.75,open-meteo:era5_seamless:-23.5:-46.8,2024-09-03,40.04,6.79,38.13,2,trigger,synthetic,synthetic,synthetic,synth-v1.0.0,2024,2cf705e1237a369a,ood
SP-021:sul:013500:2024-11-14,SP-021:sul:013500,SP-021,sul,13.75,open-meteo:era5_seamless:-23.5:-46.8,2024-11-14,51.43,7.02,38.13,11,trigger,synthetic,synthetic,synthetic,synth-v1.0.0,2024,2cf705e1237a369a,ood
SP-021:sul:013500:2024-12-22,SP-021:sul:013500,SP-021,sul,13.75,open-meteo:era5_seamless:-23.5:-46.8,2024-12-22,46.61,4.1,38.13,7,trigger,synthetic,synthetic,synthetic,synth-v1.0.0,2024,2cf705e1237a369a,ood
SP-021:sul:013500:2025-02-04,SP-021:sul:013500,SP-021,sul,13.75,open-meteo:era5_seamless:-23.5:-46.8,2025-02-04,58.28,5.92,38.13,16,trigger,synthetic,synthetic,synthetic,synth-v1.0.0,2024,2cf705e1237a369a,ood
SP-021:sul:013500:2025-03-28,SP-021:sul:013500,SP-021,sul,13.75,open-meteo:era5_seamless:-23.5:-46.8,2025-03-28,62.22,4.03,38.13,26,trigger,synthetic,synthetic,synthetic,synth-v1.0.0,2024,2cf705e1237a369a,ood
SP-021:sul:013500:2025-06-02,SP-021:sul:013500,SP-021,sul,13.75,open-meteo:era5_seamless:-23.5:-46.8,2025-06-02,43.39,4.92,38.13,15,trigger,synthetic,synthetic,synthetic,synth-v1.0.0,2024,2cf705e1237a369a,ood
SP-021:sul:013500:2025-10-18,SP-021:sul:013500,SP-021,sul,13.75,open-meteo:era5_seamless:-23.5:-46.8,2025-10-18,43.96,3.83,38.13,6,trigger,synthetic,synthetic,synthetic,synth-v1.0.0,2024,2cf705e1237a369a,ood
SP-021:sul:013500:2026-01-30,SP-021:sul:013500,SP-021,sul,13.75,open-meteo:era5_seamless:-23.5:-46.8,2026-01-30,76.54,6.01,38.13,40,trigger,synthetic,synthetic,synthetic,synth-v1.0.0,2024,2cf705e1237a369a,ood
SP-021:sul:013500:2026-03-06,SP-021:sul:013500,SP-021,sul,13.75,open-meteo:era5_seamless:-23.5:-46.8,2026-03-06,48.53,7.1,38.13,12,trigger,synthetic,synthetic,synthetic,synth-v1.0.0,2024,2cf705e1237a369a,ood
SP-021:sul:013500:2026-04-21,SP-021:sul:013500,SP-021,sul,13.75,open-meteo:era5_seamless:-23.5:-46.8,2026-04-21,52.34,6.39,38.13,16,trigger,synthetic,synthetic,synthetic,synth-v1.0.0,2024,2cf705e1237a369a,ood
SP-021:sul:013500:2026-08-24,SP-021:sul:013500,SP-021,sul,13.75,open-meteo:era5_seamless:-23.5:-46.8,2026-08-24,43.45,3.61,38.13,8,trigger,synthetic,synthetic,synthetic,synth-v1.0.0,2024,2cf705e1237a369a,ood
SP-021:norte:014000:2023-02-15,SP-021:norte:014000,SP-021,norte,14.25,open-meteo:era5_seamless:-23.5:-46.8,2023-02-15,67.69,7.33,52.82,10,trigger,synthetic,synthetic,synthetic,synth-v1.0.0,2024,2cf705e1237a369a,ood
SP-021:norte:014000:2023-04-10,SP-021:norte:014000,SP-021,norte,14.25,open-meteo:era5_seamless:-23.5:-46.8,2023-04-10,70.07,5.75,52.82,22,trigger,synthetic,synthetic,synthetic,synth-v1.0.0,2024,2cf705e1237a369a,ood
SP-021:norte:014000:2023-09-18,SP-021:norte:014000,SP-021,norte,14.25,open-meteo:era5_seamless:-23.5:-46.8,2023-09-18,61.41,5.75,52.82,36,proactive,synthetic,synthetic,synthetic,synth-v1.0.0,2024,2cf705e1237a369a,ood
SP-021:norte:014000:2023-11-20,SP-021:norte:014000,SP-021,norte,14.25,open-meteo:era5_seamless:-23.5:-46.8,2023-11-20,66.52,4.1,52.82,8,trigger,synthetic,synthetic,synthetic,synth-v1.0.0,2024,2cf705e1237a369a,ood
SP-021:norte:014000:2024-01-15,SP-021:norte:014000,SP-021,norte,14.25,open-meteo:era5_seamless:-23.5:-46.8,2024-01-15,59.92,6.54,52.82,8,trigger,synthetic,synthetic,synthetic,synth-v1.0.0,2024,2cf705e1237a369a,ood
SP-021:norte:014000:2024-02-26,SP-021:norte:014000,SP-021,norte,14.25,open-meteo:era5_seamless:-23.5:-46.8,2024-02-26,62.64,7.89,52.82,8,trigger,synthetic,synthetic,synthetic,synth-v1.0.0,2024,2cf705e1237a369a,ood
SP-021:norte:014000:2024-04-19,SP-021:norte:014000,SP-021,norte,14.25,open-meteo:era5_seamless:-23.5:-46.8,2024-04-19,71.62,4.85,52.82,19,trigger,synthetic,synthetic,synthetic,synth-v1.0.0,2024,2cf705e1237a369a,ood
SP-021:norte:014000:2024-08-19,SP-021:norte:014000,SP-021,norte,14.25,open-meteo:era5_seamless:-23.5:-46.8,2024-08-19,57.23,7.06,52.82,15,trigger,synthetic,synthetic,synthetic,synth-v1.0.0,2024,2cf705e1237a369a,ood
SP-021:norte:014000:2024-11-04,SP-021:norte:014000,SP-021,norte,14.25,open-meteo:era5_seamless:-23.5:-46.8,2024-11-04,58.94,7.22,52.82,8,trigger,synthetic,synthetic,synthetic,synth-v1.0.0,2024,2cf705e1237a369a,ood
SP-021:norte:014000:2024-12-31,SP-021:norte:014000,SP-021,norte,14.25,open-meteo:era5_seamless:-23.5:-46.8,2024-12-31,69.36,5.5,52.82,16,trigger,synthetic,synthetic,synthetic,synth-v1.0.0,2024,2cf705e1237a369a,ood
SP-021:norte:014000:2025-02-17,SP-021:norte:014000,SP-021,norte,14.25,open-meteo:era5_seamless:-23.5:-46.8,2025-02-17,68.65,3.03,52.82,15,trigger,synthetic,synthetic,synthetic,synth-v1.0.0,2024,2cf705e1237a369a,ood
SP-021:norte:014000:2025-04-28,SP-021:norte:014000,SP-021,norte,14.25,open-meteo:era5_seamless:-23.5:-46.8,2025-04-28,67.69,6.6,52.82,22,trigger,synthetic,synthetic,synthetic,synth-v1.0.0,2024,2cf705e1237a369a,ood
SP-021:norte:014000:2025-10-17,SP-021:norte:014000,SP-021,norte,14.25,open-meteo:era5_seamless:-23.5:-46.8,2025-10-17,58.22,5.14,52.82,12,trigger,synthetic,synthetic,synthetic,synth-v1.0.0,2024,2cf705e1237a369a,ood
SP-021:norte:014000:2025-12-26,SP-021:norte:014000,SP-021,norte,14.25,open-meteo:era5_seamless:-23.5:-46.8,2025-12-26,61.37,5.51,52.82,5,trigger,synthetic,synthetic,synthetic,synth-v1.0.0,2024,2cf705e1237a369a,ood
SP-021:norte:014000:2026-03-07,SP-021:norte:014000,SP-021,norte,14.25,open-meteo:era5_seamless:-23.5:-46.8,2026-03-07,75.5,7.03,52.82,27,trigger,synthetic,synthetic,synthetic,synth-v1.0.0,2024,2cf705e1237a369a,ood
SP-021:norte:014000:2026-04-30,SP-021:norte:014000,SP-021,norte,14.25,open-meteo:era5_seamless:-23.5:-46.8,2026-04-30,60.75,8.0,52.82,18,trigger,synthetic,synthetic,synthetic,synth-v1.0.0,2024,2cf705e1237a369a,ood
SP-021:sul:014000:2023-02-01,SP-021:sul:014000,SP-021,sul,14.25,open-meteo:era5_seamless:-23.5:-46.8,2023-02-01,63.83,5.57,50.64,10,trigger,synthetic,synthetic,synthetic,synth-v1.0.0,2024,2cf705e1237a369a,ood
SP-021:sul:014000:2023-03-11,SP-021:sul:014000,SP-021,sul,14.25,open-meteo:era5_seamless:-23.5:-46.8,2023-03-11,54.46,4.79,50.64,6,proactive,synthetic,synthetic,synthetic,synth-v1.0.0,2024,2cf705e1237a369a,ood
SP-021:sul:014000:2023-05-31,SP-021:sul:014000,SP-021,sul,14.25,open-meteo:era5_seamless:-23.5:-46.8,2023-05-31,52.61,4.78,50.64,10,trigger,synthetic,synthetic,synthetic,synth-v1.0.0,2024,2cf705e1237a369a,ood
SP-021:sul:014000:2023-10-18,SP-021:sul:014000,SP-021,sul,14.25,open-meteo:era5_seamless:-23.5:-46.8,2023-10-18,58.78,6.14,50.64,10,trigger,synthetic,synthetic,synthetic,synth-v1.0.0,2024,2cf705e1237a369a,ood
SP-021:sul:014000:2023-12-13,SP-021:sul:014000,SP-021,sul,14.25,open-meteo:era5_seamless:-23.5:-46.8,2023-12-13,59.0,6.3,50.64,10,trigger,synthetic,synthetic,synthetic,synth-v1.0.0,2024,2cf705e1237a369a,ood
SP-021:sul:014000:2024-02-19,SP-021:sul:014000,SP-021,sul,14.25,open-meteo:era5_seamless:-23.5:-46.8,2024-02-19,67.16,6.05,50.64,15,trigger,synthetic,synthetic,synthetic,synth-v1.0.0,2024,2cf705e1237a369a,ood
SP-021:sul:014000:2024-04-09,SP-021:sul:014000,SP-021,sul,14.25,open-meteo:era5_seamless:-23.5:-46.8,2024-04-09,66.31,6.4,50.64,16,trigger,synthetic,synthetic,synthetic,synth-v1.0.0,2024,2cf705e1237a369a,ood
SP-021:sul:014000:2024-08-21,SP-021:sul:014000,SP-021,sul,14.25,open-meteo:era5_seamless:-23.5:-46.8,2024-08-21,58.39,7.25,50.64,17,trigger,synthetic,synthetic,synthetic,synth-v1.0.0,2024,2cf705e1237a369a,ood
SP-021:sul:014000:2024-11-15,SP-021:sul:014000,SP-021,sul,14.25,open-meteo:era5_seamless:-23.5:-46.8,2024-11-15,58.5,6.66,50.64,12,trigger,synthetic,synthetic,synthetic,synth-v1.0.0,2024,2cf705e1237a369a,ood
SP-021:sul:014000:2025-01-13,SP-021:sul:014000,SP-021,sul,14.25,open-meteo:era5_seamless:-23.5:-46.8,2025-01-13,64.97,7.76,50.64,15,trigger,synthetic,synthetic,synthetic,synth-v1.0.0,2024,2cf705e1237a369a,ood
SP-021:sul:014000:2025-02-22,SP-021:sul:014000,SP-021,sul,14.25,open-meteo:era5_seamless:-23.5:-46.8,2025-02-22,61.81,5.34,50.64,6,trigger,synthetic,synthetic,synthetic,synth-v1.0.0,2024,2cf705e1237a369a,ood
SP-021:sul:014000:2025-04-29,SP-021:sul:014000,SP-021,sul,14.25,open-meteo:era5_seamless:-23.5:-46.8,2025-04-29,57.43,4.35,50.64,9,trigger,synthetic,synthetic,synthetic,synth-v1.0.0,2024,2cf705e1237a369a,ood
SP-021:sul:014000:2025-10-29,SP-021:sul:014000,SP-021,sul,14.25,open-meteo:era5_seamless:-23.5:-46.8,2025-10-29,53.85,6.77,50.64,10,trigger,synthetic,synthetic,synthetic,synth-v1.0.0,2024,2cf705e1237a369a,ood
SP-021:sul:014000:2026-01-01,SP-021:sul:014000,SP-021,sul,14.25,open-meteo:era5_seamless:-23.5:-46.8,2026-01-01,57.56,7.03,50.64,11,proactive,synthetic,synthetic,synthetic,synth-v1.0.0,2024,2cf705e1237a369a,ood
SP-021:sul:014000:2026-03-16,SP-021:sul:014000,SP-021,sul,14.25,open-meteo:era5_seamless:-23.5:-46.8,2026-03-16,72.78,6.62,50.64,29,trigger,synthetic,synthetic,synthetic,synth-v1.0.0,2024,2cf705e1237a369a,ood
SP-021:sul:014000:2026-06-04,SP-021:sul:014000,SP-021,sul,14.25,open-meteo:era5_seamless:-23.5:-46.8,2026-06-04,54.3,4.0,50.64,18,trigger,synthetic,synthetic,synthetic,synth-v1.0.0,2024,2cf705e1237a369a,ood
SP-021:norte:014500:2023-02-22,SP-021:norte:014500,SP-021,norte,14.75,open-meteo:era5_seamless:-23.5:-46.8,2023-02-22,74.59,6.15,58.49,17,trigger,synthetic,synthetic,synthetic,synth-v1.0.0,2024,2cf705e1237a369a,ood
SP-021:norte:014500:2023-04-13,SP-021:norte:014500,SP-021,norte,14.75,open-meteo:era5_seamless:-23.5:-46.8,2023-04-13,63.23,6.65,58.49,11,trigger,synthetic,synthetic,synthetic,synth-v1.0.0,2024,2cf705e1237a369a,ood
SP-021:norte:014500:2023-10-07,SP-021:norte:014500,SP-021,norte,14.75,open-meteo:era5_seamless:-23.5:-46.8,2023-10-07,70.88,7.1,58.49,20,trigger,synthetic,synthetic,synthetic,synth-v1.0.0,2024,2cf705e1237a369a,ood
SP-021:norte:014500:2023-12-07,SP-021:norte:014500,SP-021,norte,14.75,open-meteo:era5_seamless:-23.5:-46.8,2023-12-07,66.44,5.77,58.49,11,trigger,synthetic,synthetic,synthetic,synth-v1.0.0,2024,2cf705e1237a369a,ood
SP-021:norte:014500:2024-03-07,SP-021:norte:014500,SP-021,norte,14.75,open-meteo:era5_seamless:-23.5:-46.8,2024-03-07,86.25,5.81,58.49,32,trigger,synthetic,synthetic,synthetic,synth-v1.0.0,2024,2cf705e1237a369a,ood
SP-021:norte:014500:2024-04-16,SP-021:norte:014500,SP-021,norte,14.75,open-meteo:era5_seamless:-23.5:-46.8,2024-04-16,61.29,4.17,58.49,2,trigger,synthetic,synthetic,synthetic,synth-v1.0.0,2024,2cf705e1237a369a,ood
SP-021:norte:014500:2024-09-12,SP-021:norte:014500,SP-021,norte,14.75,open-meteo:era5_seamless:-23.5:-46.8,2024-09-12,68.44,4.06,58.49,25,trigger,synthetic,synthetic,synthetic,synth-v1.0.0,2024,2cf705e1237a369a,ood
SP-021:norte:014500:2024-12-07,SP-021:norte:014500,SP-021,norte,14.75,open-meteo:era5_seamless:-23.5:-46.8,2024-12-07,72.0,4.64,58.49,20,proactive,synthetic,synthetic,synthetic,synth-v1.0.0,2024,2cf705e1237a369a,ood
SP-021:norte:014500:2025-01-17,SP-021:norte:014500,SP-021,norte,14.75,open-meteo:era5_seamless:-23.5:-46.8,2025-01-17,55.98,3.7,58.49,12,proactive,synthetic,synthetic,synthetic,synth-v1.0.0,2024,2cf705e1237a369a,ood
SP-021:norte:014500:2025-03-01,SP-021:norte:014500,SP-021,norte,14.75,open-meteo:era5_seamless:-23.5:-46.8,2025-03-01,69.76,3.8,58.49,6,trigger,synthetic,synthetic,synthetic,synth-v1.0.0,2024,2cf705e1237a369a,ood
SP-021:norte:014500:2025-05-16,SP-021:norte:014500,SP-021,norte,14.75,open-meteo:era5_seamless:-23.5:-46.8,2025-05-16,63.61,6.52,58.49,12,trigger,synthetic,synthetic,synthetic,synth-v1.0.0,2024,2cf705e1237a369a,ood
SP-021:norte:014500:2025-10-10,SP-021:norte:014500,SP-021,norte,14.75,open-meteo:era5_seamless:-23.5:-46.8,2025-10-10,46.25,6.63,58.49,33,proactive,synthetic,synthetic,synthetic,synth-v1.0.0,2024,2cf705e1237a369a,ood
SP-021:norte:014500:2026-01-23,SP-021:norte:014500,SP-021,norte,14.75,open-meteo:era5_seamless:-23.5:-46.8,2026-01-23,79.3,3.73,58.49,26,trigger,synthetic,synthetic,synthetic,synth-v1.0.0,2024,2cf705e1237a369a,ood
SP-021:norte:014500:2026-03-12,SP-021:norte:014500,SP-021,norte,14.75,open-meteo:era5_seamless:-23.5:-46.8,2026-03-12,65.13,6.17,58.49,4,trigger,synthetic,synthetic,synthetic,synth-v1.0.0,2024,2cf705e1237a369a,ood
SP-021:norte:014500:2026-05-08,SP-021:norte:014500,SP-021,norte,14.75,open-meteo:era5_seamless:-23.5:-46.8,2026-05-08,60.12,4.94,58.49,19,proactive,synthetic,synthetic,synthetic,synth-v1.0.0,2024,2cf705e1237a369a,ood
SP-021:sul:014500:2023-02-03,SP-021:sul:014500,SP-021,sul,14.75,open-meteo:era5_seamless:-23.5:-46.8,2023-02-03,76.11,7.16,58.41,12,trigger,synthetic,synthetic,synthetic,synth-v1.0.0,2024,2cf705e1237a369a,ood
SP-021:sul:014500:2023-03-27,SP-021:sul:014500,SP-021,sul,14.75,open-meteo:era5_seamless:-23.5:-46.8,2023-03-27,81.3,6.02,58.41,22,trigger,synthetic,synthetic,synthetic,synth-v1.0.0,2024,2cf705e1237a369a,ood
SP-021:sul:014500:2023-06-16,SP-021:sul:014500,SP-021,sul,14.75,open-meteo:era5_seamless:-23.5:-46.8,2023-06-16,54.78,4.56,58.41,5,proactive,synthetic,synthetic,synthetic,synth-v1.0.0,2024,2cf705e1237a369a,ood
SP-021:sul:014500:2023-10-26,SP-021:sul:014500,SP-021,sul,14.75,open-meteo:era5_seamless:-23.5:-46.8,2023-10-26,75.88,5.56,58.41,25,trigger,synthetic,synthetic,synthetic,synth-v1.0.0,2024,2cf705e1237a369a,ood
SP-021:sul:014500:2023-12-20,SP-021:sul:014500,SP-021,sul,14.75,open-meteo:era5_seamless:-23.5:-46.8,2023-12-20,72.19,3.01,58.41,10,trigger,synthetic,synthetic,synthetic,synth-v1.0.0,2024,2cf705e1237a369a,ood
SP-021:sul:014500:2024-02-11,SP-021:sul:014500,SP-021,sul,14.75,open-meteo:era5_seamless:-23.5:-46.8,2024-02-11,70.75,5.36,58.41,7,trigger,synthetic,synthetic,synthetic,synth-v1.0.0,2024,2cf705e1237a369a,ood
SP-021:sul:014500:2024-03-16,SP-021:sul:014500,SP-021,sul,14.75,open-meteo:era5_seamless:-23.5:-46.8,2024-03-16,70.35,6.76,58.41,6,trigger,synthetic,synthetic,synthetic,synth-v1.0.0,2024,2cf705e1237a369a,ood
SP-021:sul:014500:2024-04-25,SP-021:sul:014500,SP-021,sul,14.75,open-meteo:era5_seamless:-23.5:-46.8,2024-04-25,65.15,4.07,58.41,4,trigger,synthetic,synthetic,synthetic,synth-v1.0.0,2024,2cf705e1237a369a,ood
SP-021:sul:014500:2024-09-18,SP-021:sul:014500,SP-021,sul,14.75,open-meteo:era5_seamless:-23.5:-46.8,2024-09-18,72.41,5.09,58.41,38,trigger,synthetic,synthetic,synthetic,synth-v1.0.0,2024,2cf705e1237a369a,ood
SP-021:sul:014500:2024-12-13,SP-021:sul:014500,SP-021,sul,14.75,open-meteo:era5_seamless:-23.5:-46.8,2024-12-13,81.03,7.54,58.41,26,trigger,synthetic,synthetic,synthetic,synth-v1.0.0,2024,2cf705e1237a369a,ood
SP-021:sul:014500:2025-02-02,SP-021:sul:014500,SP-021,sul,14.75,open-meteo:era5_seamless:-23.5:-46.8,2025-02-02,78.93,5.96,58.41,14,trigger,synthetic,synthetic,synthetic,synth-v1.0.0,2024,2cf705e1237a369a,ood
SP-021:sul:014500:2025-03-27,SP-021:sul:014500,SP-021,sul,14.75,open-meteo:era5_seamless:-23.5:-46.8,2025-03-27,78.52,7.58,58.41,25,trigger,synthetic,synthetic,synthetic,synth-v1.0.0,2024,2cf705e1237a369a,ood
SP-021:sul:014500:2025-05-27,SP-021:sul:014500,SP-021,sul,14.75,open-meteo:era5_seamless:-23.5:-46.8,2025-05-27,64.14,4.16,58.41,16,trigger,synthetic,synthetic,synthetic,synth-v1.0.0,2024,2cf705e1237a369a,ood
SP-021:sul:014500:2025-11-22,SP-021:sul:014500,SP-021,sul,14.75,open-meteo:era5_seamless:-23.5:-46.8,2025-11-22,71.65,4.07,58.41,27,trigger,synthetic,synthetic,synthetic,synth-v1.0.0,2024,2cf705e1237a369a,ood
SP-021:sul:014500:2026-01-11,SP-021:sul:014500,SP-021,sul,14.75,open-meteo:era5_seamless:-23.5:-46.8,2026-01-11,71.76,6.92,58.41,7,trigger,synthetic,synthetic,synthetic,synth-v1.0.0,2024,2cf705e1237a369a,ood
SP-021:sul:014500:2026-02-26,SP-021:sul:014500,SP-021,sul,14.75,open-meteo:era5_seamless:-23.5:-46.8,2026-02-26,74.29,4.77,58.41,11,trigger,synthetic,synthetic,synthetic,synth-v1.0.0,2024,2cf705e1237a369a,ood
SP-021:sul:014500:2026-04-13,SP-021:sul:014500,SP-021,sul,14.75,open-meteo:era5_seamless:-23.5:-46.8,2026-04-13,71.32,5.36,58.41,15,proactive,synthetic,synthetic,synthetic,synth-v1.0.0,2024,2cf705e1237a369a,ood
SP-021:sul:014500:2026-08-25,SP-021:sul:014500,SP-021,sul,14.75,open-meteo:era5_seamless:-23.5:-46.8,2026-08-25,59.52,7.79,58.41,16,proactive,synthetic,synthetic,synthetic,synth-v1.0.0,2024,2cf705e1237a369a,ood
SP-021:norte:015000:2023-02-23,SP-021:norte:015000,SP-021,norte,15.25,open-meteo:era5_seamless:-23.5:-46.8,2023-02-23,92.14,5.13,44.69,39,trigger,synthetic,synthetic,synthetic,synth-v1.0.0,2024,2cf705e1237a369a,ood
SP-021:norte:015000:2023-04-30,SP-021:norte:015000,SP-021,norte,15.25,open-meteo:era5_seamless:-23.5:-46.8,2023-04-30,83.52,4.5,44.69,42,trigger,synthetic,synthetic,synthetic,synth-v1.0.0,2024,2cf705e1237a369a,ood
SP-021:norte:015000:2023-09-02,SP-021:norte:015000,SP-021,norte,15.25,open-meteo:era5_seamless:-23.5:-46.8,2023-09-02,50.45,4.74,44.69,13,trigger,synthetic,synthetic,synthetic,synth-v1.0.0,2024,2cf705e1237a369a,ood
SP-021:norte:015000:2023-11-03,SP-021:norte:015000,SP-021,norte,15.25,open-meteo:era5_seamless:-23.5:-46.8,2023-11-03,74.07,7.39,44.69,26,trigger,synthetic,synthetic,synthetic,synth-v1.0.0,2024,2cf705e1237a369a,ood
SP-021:norte:015000:2023-12-30,SP-021:norte:015000,SP-021,norte,15.25,open-meteo:era5_seamless:-23.5:-46.8,2023-12-30,78.69,6.86,44.69,27,trigger,synthetic,synthetic,synthetic,synth-v1.0.0,2024,2cf705e1237a369a,ood
SP-021:norte:015000:2024-02-22,SP-021:norte:015000,SP-021,norte,15.25,open-meteo:era5_seamless:-23.5:-46.8,2024-02-22,81.72,4.3,44.69,25,trigger,synthetic,synthetic,synthetic,synth-v1.0.0,2024,2cf705e1237a369a,ood
SP-021:norte:015000:2024-03-30,SP-021:norte:015000,SP-021,norte,15.25,open-meteo:era5_seamless:-23.5:-46.8,2024-03-30,75.82,3.34,44.69,13,trigger,synthetic,synthetic,synthetic,synth-v1.0.0,2024,2cf705e1237a369a,ood
SP-021:norte:015000:2024-05-08,SP-021:norte:015000,SP-021,norte,15.25,open-meteo:era5_seamless:-23.5:-46.8,2024-05-08,60.51,3.52,44.69,10,trigger,synthetic,synthetic,synthetic,synth-v1.0.0,2024,2cf705e1237a369a,ood
SP-021:norte:015000:2024-08-11,SP-021:norte:015000,SP-021,norte,15.25,open-meteo:era5_seamless:-23.5:-46.8,2024-08-11,48.71,7.62,44.69,7,trigger,synthetic,synthetic,synthetic,synth-v1.0.0,2024,2cf705e1237a369a,ood
SP-021:norte:015000:2024-10-06,SP-021:norte:015000,SP-021,norte,15.25,open-meteo:era5_seamless:-23.5:-46.8,2024-10-06,52.49,3.76,44.69,7,trigger,synthetic,synthetic,synthetic,synth-v1.0.0,2024,2cf705e1237a369a,ood
SP-021:norte:015000:2024-12-01,SP-021:norte:015000,SP-021,norte,15.25,open-meteo:era5_seamless:-23.5:-46.8,2024-12-01,72.19,7.45,44.69,21,trigger,synthetic,synthetic,synthetic,synth-v1.0.0,2024,2cf705e1237a369a,ood
SP-021:norte:015000:2025-01-14,SP-021:norte:015000,SP-021,norte,15.25,open-meteo:era5_seamless:-23.5:-46.8,2025-01-14,73.55,4.26,44.69,23,trigger,synthetic,synthetic,synthetic,synth-v1.0.0,2024,2cf705e1237a369a,ood
SP-021:norte:015000:2025-02-14,SP-021:norte:015000,SP-021,norte,15.25,open-meteo:era5_seamless:-23.5:-46.8,2025-02-14,68.56,4.22,44.69,5,trigger,synthetic,synthetic,synthetic,synth-v1.0.0,2024,2cf705e1237a369a,ood
SP-021:norte:015000:2025-04-08,SP-021:norte:015000,SP-021,norte,15.25,open-meteo:era5_seamless:-23.5:-46.8,2025-04-08,76.43,5.07,44.69,30,trigger,synthetic,synthetic,synthetic,synth-v1.0.0,2024,2cf705e1237a369a,ood
SP-021:norte:015000:2025-05-28,SP-021:norte:015000,SP-021,norte,15.25,open-meteo:era5_seamless:-23.5:-46.8,2025-05-28,53.85,3.14,44.69,17,trigger,synthetic,synthetic,synthetic,synth-v1.0.0,2024,2cf705e1237a369a,ood
SP-021:norte:015000:2025-10-12,SP-021:norte:015000,SP-021,norte,15.25,open-meteo:era5_seamless:-23.5:-46.8,2025-10-12,53.97,6.81,44.69,14,trigger,synthetic,synthetic,synthetic,synth-v1.0.0,2024,2cf705e1237a369a,ood
SP-021:norte:015000:2025-12-02,SP-021:norte:015000,SP-021,norte,15.25,open-meteo:era5_seamless:-23.5:-46.8,2025-12-02,52.66,7.63,44.69,9,trigger,synthetic,synthetic,synthetic,synth-v1.0.0,2024,2cf705e1237a369a,ood
SP-021:norte:015000:2026-01-04,SP-021:norte:015000,SP-021,norte,15.25,open-meteo:era5_seamless:-23.5:-46.8,2026-01-04,64.18,4.98,44.69,7,trigger,synthetic,synthetic,synthetic,synth-v1.0.0,2024,2cf705e1237a369a,ood
SP-021:norte:015000:2026-02-06,SP-021:norte:015000,SP-021,norte,15.25,open-meteo:era5_seamless:-23.5:-46.8,2026-02-06,53.26,3.73,44.69,5,trigger,synthetic,synthetic,synthetic,synth-v1.0.0,2024,2cf705e1237a369a,ood
SP-021:norte:015000:2026-03-08,SP-021:norte:015000,SP-021,norte,15.25,open-meteo:era5_seamless:-23.5:-46.8,2026-03-08,59.58,7.45,44.69,7,trigger,synthetic,synthetic,synthetic,synth-v1.0.0,2024,2cf705e1237a369a,ood
SP-021:norte:015000:2026-04-04,SP-021:norte:015000,SP-021,norte,15.25,open-meteo:era5_seamless:-23.5:-46.8,2026-04-04,54.33,3.45,44.69,6,trigger,synthetic,synthetic,synthetic,synth-v1.0.0,2024,2cf705e1237a369a,ood
SP-021:norte:015000:2026-06-04,SP-021:norte:015000,SP-021,norte,15.25,open-meteo:era5_seamless:-23.5:-46.8,2026-06-04,45.42,3.98,44.69,4,trigger,synthetic,synthetic,synthetic,synth-v1.0.0,2024,2cf705e1237a369a,ood
SP-021:sul:015000:2023-02-20,SP-021:sul:015000,SP-021,sul,15.25,open-meteo:era5_seamless:-23.5:-46.8,2023-02-20,71.0,7.99,57.97,15,trigger,synthetic,synthetic,synthetic,synth-v1.0.0,2024,2cf705e1237a369a,ood
SP-021:sul:015000:2023-04-02,SP-021:sul:015000,SP-021,sul,15.25,open-meteo:era5_seamless:-23.5:-46.8,2023-04-02,65.37,6.16,57.97,7,trigger,synthetic,synthetic,synthetic,synth-v1.0.0,2024,2cf705e1237a369a,ood
SP-021:sul:015000:2023-09-08,SP-021:sul:015000,SP-021,sul,15.25,open-meteo:era5_seamless:-23.5:-46.8,2023-09-08,61.49,5.92,57.97,12,trigger,synthetic,synthetic,synthetic,synth-v1.0.0,2024,2cf705e1237a369a,ood
SP-021:sul:015000:2023-11-11,SP-021:sul:015000,SP-021,sul,15.25,open-meteo:era5_seamless:-23.5:-46.8,2023-11-11,65.65,4.5,57.97,6,trigger,synthetic,synthetic,synthetic,synth-v1.0.0,2024,2cf705e1237a369a,ood
SP-021:sul:015000:2024-01-06,SP-021:sul:015000,SP-021,sul,15.25,open-meteo:era5_seamless:-23.5:-46.8,2024-01-06,61.46,7.68,57.97,6,trigger,synthetic,synthetic,synthetic,synth-v1.0.0,2024,2cf705e1237a369a,ood
SP-021:sul:015000:2024-02-26,SP-021:sul:015000,SP-021,sul,15.25,open-meteo:era5_seamless:-23.5:-46.8,2024-02-26,68.63,3.22,57.97,8,trigger,synthetic,synthetic,synthetic,synth-v1.0.0,2024,2cf705e1237a369a,ood
SP-021:sul:015000:2024-04-03,SP-021:sul:015000,SP-021,sul,15.25,open-meteo:era5_seamless:-23.5:-46.8,2024-04-03,62.48,6.67,57.97,3,trigger,synthetic,synthetic,synthetic,synth-v1.0.0,2024,2cf705e1237a369a,ood
SP-021:sul:015000:2024-05-28,SP-021:sul:015000,SP-021,sul,15.25,open-meteo:era5_seamless:-23.5:-46.8,2024-05-28,58.16,6.19,57.97,2,trigger,synthetic,synthetic,synthetic,synth-v1.0.0,2024,2cf705e1237a369a,ood
SP-021:sul:015000:2024-10-27,SP-021:sul:015000,SP-021,sul,15.25,open-meteo:era5_seamless:-23.5:-46.8,2024-10-27,70.29,7.19,57.97,28,trigger,synthetic,synthetic,synthetic,synth-v1.0.0,2024,2cf705e1237a369a,ood
SP-021:sul:015000:2025-01-19,SP-021:sul:015000,SP-021,sul,15.25,open-meteo:era5_seamless:-23.5:-46.8,2025-01-19,82.44,4.19,57.97,42,trigger,synthetic,synthetic,synthetic,synth-v1.0.0,2024,2cf705e1237a369a,ood
SP-021:sul:015000:2025-02-28,SP-021:sul:015000,SP-021,sul,15.25,open-meteo:era5_seamless:-23.5:-46.8,2025-02-28,69.12,4.64,57.97,12,proactive,synthetic,synthetic,synthetic,synth-v1.0.0,2024,2cf705e1237a369a,ood
SP-021:sul:015000:2025-05-15,SP-021:sul:015000,SP-021,sul,15.25,open-meteo:era5_seamless:-23.5:-46.8,2025-05-15,67.18,7.07,57.97,18,trigger,synthetic,synthetic,synthetic,synth-v1.0.0,2024,2cf705e1237a369a,ood
SP-021:sul:015000:2025-11-19,SP-021:sul:015000,SP-021,sul,15.25,open-meteo:era5_seamless:-23.5:-46.8,2025-11-19,65.75,3.47,57.97,31,proactive,synthetic,synthetic,synthetic,synth-v1.0.0,2024,2cf705e1237a369a,ood
SP-021:sul:015000:2026-01-11,SP-021:sul:015000,SP-021,sul,15.25,open-meteo:era5_seamless:-23.5:-46.8,2026-01-11,64.07,7.09,57.97,7,trigger,synthetic,synthetic,synthetic,synth-v1.0.0,2024,2cf705e1237a369a,ood
SP-021:sul:015000:2026-02-28,SP-021:sul:015000,SP-021,sul,15.25,open-meteo:era5_seamless:-23.5:-46.8,2026-02-28,67.48,5.57,57.97,6,trigger,synthetic,synthetic,synthetic,synth-v1.0.0,2024,2cf705e1237a369a,ood
SP-021:sul:015000:2026-04-24,SP-021:sul:015000,SP-021,sul,15.25,open-meteo:era5_seamless:-23.5:-46.8,2026-04-24,64.79,5.67,57.97,12,trigger,synthetic,synthetic,synthetic,synth-v1.0.0,2024,2cf705e1237a369a,ood
SP-021:norte:015500:2023-03-04,SP-021:norte:015500,SP-021,norte,15.75,open-meteo:era5_seamless:-23.5:-46.8,2023-03-04,70.18,6.81,58.94,20,trigger,synthetic,synthetic,synthetic,synth-v1.0.0,2024,2cf705e1237a369a,ood
SP-021:norte:015500:2023-06-12,SP-021:norte:015500,SP-021,norte,15.75,open-meteo:era5_seamless:-23.5:-46.8,2023-06-12,60.39,5.46,58.94,29,trigger,synthetic,synthetic,synthetic,synth-v1.0.0,2024,2cf705e1237a369a,ood
SP-021:norte:015500:2023-11-03,SP-021:norte:015500,SP-021,norte,15.75,open-meteo:era5_seamless:-23.5:-46.8,2023-11-03,64.02,6.7,58.94,5,trigger,synthetic,synthetic,synthetic,synth-v1.0.0,2024,2cf705e1237a369a,ood
SP-021:norte:015500:2023-12-03,SP-021:norte:015500,SP-021,norte,15.75,open-meteo:era5_seamless:-23.5:-46.8,2023-12-03,37.7,3.79,58.94,7,proactive,synthetic,synthetic,synthetic,synth-v1.0.0,2024,2cf705e1237a369a,ood
SP-021:norte:015500:2024-02-24,SP-021:norte:015500,SP-021,norte,15.75,open-meteo:era5_seamless:-23.5:-46.8,2024-02-24,68.3,4.52,58.94,20,trigger,synthetic,synthetic,synthetic,synth-v1.0.0,2024,2cf705e1237a369a,ood
SP-021:norte:015500:2024-04-20,SP-021:norte:015500,SP-021,norte,15.75,open-meteo:era5_seamless:-23.5:-46.8,2024-04-20,64.54,5.3,58.94,6,trigger,synthetic,synthetic,synthetic,synth-v1.0.0,2024,2cf705e1237a369a,ood
SP-021:norte:015500:2024-07-09,SP-021:norte:015500,SP-021,norte,15.75,open-meteo:era5_seamless:-23.5:-46.8,2024-07-09,42.51,7.5,58.94,9,proactive,synthetic,synthetic,synthetic,synth-v1.0.0,2024,2cf705e1237a369a,ood
SP-021:norte:015500:2024-09-24,SP-021:norte:015500,SP-021,norte,15.75,open-meteo:era5_seamless:-23.5:-46.8,2024-09-24,40.48,4.94,58.94,2,proactive,synthetic,synthetic,synthetic,synth-v1.0.0,2024,2cf705e1237a369a,ood
SP-021:norte:015500:2024-12-24,SP-021:norte:015500,SP-021,norte,15.75,open-meteo:era5_seamless:-23.5:-46.8,2024-12-24,66.62,5.58,58.94,16,trigger,synthetic,synthetic,synthetic,synth-v1.0.0,2024,2cf705e1237a369a,ood
SP-021:norte:015500:2025-02-28,SP-021:norte:015500,SP-021,norte,15.75,open-meteo:era5_seamless:-23.5:-46.8,2025-02-28,70.22,3.91,58.94,19,trigger,synthetic,synthetic,synthetic,synth-v1.0.0,2024,2cf705e1237a369a,ood
SP-021:norte:015500:2025-06-21,SP-021:norte:015500,SP-021,norte,15.75,open-meteo:era5_seamless:-23.5:-46.8,2025-06-21,59.8,5.72,58.94,13,trigger,synthetic,synthetic,synthetic,synth-v1.0.0,2024,2cf705e1237a369a,ood
SP-021:norte:015500:2025-12-15,SP-021:norte:015500,SP-021,norte,15.75,open-meteo:era5_seamless:-23.5:-46.8,2025-12-15,61.9,3.44,58.94,15,proactive,synthetic,synthetic,synthetic,synth-v1.0.0,2024,2cf705e1237a369a,ood
SP-021:norte:015500:2026-01-17,SP-021:norte:015500,SP-021,norte,15.75,open-meteo:era5_seamless:-23.5:-46.8,2026-01-17,45.23,3.79,58.94,6,proactive,synthetic,synthetic,synthetic,synth-v1.0.0,2024,2cf705e1237a369a,ood
SP-021:norte:015500:2026-03-28,SP-021:norte:015500,SP-021,norte,15.75,open-meteo:era5_seamless:-23.5:-46.8,2026-03-28,67.13,6.52,58.94,13,trigger,synthetic,synthetic,synthetic,synth-v1.0.0,2024,2cf705e1237a369a,ood
SP-021:sul:015500:2023-02-19,SP-021:sul:015500,SP-021,sul,15.75,open-meteo:era5_seamless:-23.5:-46.8,2023-02-19,76.11,5.88,52.28,28,trigger,synthetic,synthetic,synthetic,synth-v1.0.0,2024,2cf705e1237a369a,ood
SP-021:sul:015500:2023-03-27,SP-021:sul:015500,SP-021,sul,15.75,open-meteo:era5_seamless:-23.5:-46.8,2023-03-27,55.09,7.28,52.28,8,proactive,synthetic,synthetic,synthetic,synth-v1.0.0,2024,2cf705e1237a369a,ood
SP-021:sul:015500:2023-08-16,SP-021:sul:015500,SP-021,sul,15.75,open-meteo:era5_seamless:-23.5:-46.8,2023-08-16,53.07,3.41,52.28,3,trigger,synthetic,synthetic,synthetic,synth-v1.0.0,2024,2cf705e1237a369a,ood
SP-021:sul:015500:2023-11-11,SP-021:sul:015500,SP-021,sul,15.75,open-meteo:era5_seamless:-23.5:-46.8,2023-11-11,64.83,3.22,52.28,13,trigger,synthetic,synthetic,synthetic,synth-v1.0.0,2024,2cf705e1237a369a,ood
SP-021:sul:015500:2024-01-14,SP-021:sul:015500,SP-021,sul,15.75,open-meteo:era5_seamless:-23.5:-46.8,2024-01-14,59.29,6.84,52.28,14,trigger,synthetic,synthetic,synthetic,synth-v1.0.0,2024,2cf705e1237a369a,ood
SP-021:sul:015500:2024-03-14,SP-021:sul:015500,SP-021,sul,15.75,open-meteo:era5_seamless:-23.5:-46.8,2024-03-14,73.79,6.42,52.28,18,trigger,synthetic,synthetic,synthetic,synth-v1.0.0,2024,2cf705e1237a369a,ood
SP-021:sul:015500:2024-05-20,SP-021:sul:015500,SP-021,sul,15.75,open-meteo:era5_seamless:-23.5:-46.8,2024-05-20,64.94,5.45,52.28,22,trigger,synthetic,synthetic,synthetic,synth-v1.0.0,2024,2cf705e1237a369a,ood
SP-021:sul:015500:2024-10-02,SP-021:sul:015500,SP-021,sul,15.75,open-meteo:era5_seamless:-23.5:-46.8,2024-10-02,54.94,6.83,52.28,3,trigger,synthetic,synthetic,synthetic,synth-v1.0.0,2024,2cf705e1237a369a,ood
SP-021:sul:015500:2024-12-16,SP-021:sul:015500,SP-021,sul,15.75,open-meteo:era5_seamless:-23.5:-46.8,2024-12-16,68.37,6.32,52.28,15,trigger,synthetic,synthetic,synthetic,synth-v1.0.0,2024,2cf705e1237a369a,ood
SP-021:sul:015500:2025-02-06,SP-021:sul:015500,SP-021,sul,15.75,open-meteo:era5_seamless:-23.5:-46.8,2025-02-06,67.17,4.38,52.28,11,trigger,synthetic,synthetic,synthetic,synth-v1.0.0,2024,2cf705e1237a369a,ood
SP-021:sul:015500:2025-03-26,SP-021:sul:015500,SP-021,sul,15.75,open-meteo:era5_seamless:-23.5:-46.8,2025-03-26,59.68,3.12,52.28,10,trigger,synthetic,synthetic,synthetic,synth-v1.0.0,2024,2cf705e1237a369a,ood
SP-021:sul:015500:2025-07-08,SP-021:sul:015500,SP-021,sul,15.75,open-meteo:era5_seamless:-23.5:-46.8,2025-07-08,53.56,4.13,52.28,9,trigger,synthetic,synthetic,synthetic,synth-v1.0.0,2024,2cf705e1237a369a,ood
SP-021:sul:015500:2025-11-30,SP-021:sul:015500,SP-021,sul,15.75,open-meteo:era5_seamless:-23.5:-46.8,2025-11-30,57.92,5.4,52.28,7,trigger,synthetic,synthetic,synthetic,synth-v1.0.0,2024,2cf705e1237a369a,ood
SP-021:sul:015500:2026-01-19,SP-021:sul:015500,SP-021,sul,15.75,open-meteo:era5_seamless:-23.5:-46.8,2026-01-19,59.83,3.34,52.28,8,trigger,synthetic,synthetic,synthetic,synth-v1.0.0,2024,2cf705e1237a369a,ood
SP-021:sul:015500:2026-03-12,SP-021:sul:015500,SP-021,sul,15.75,open-meteo:era5_seamless:-23.5:-46.8,2026-03-12,64.13,3.83,52.28,18,trigger,synthetic,synthetic,synthetic,synth-v1.0.0,2024,2cf705e1237a369a,ood
SP-021:sul:015500:2026-06-14,SP-021:sul:015500,SP-021,sul,15.75,open-meteo:era5_seamless:-23.5:-46.8,2026-06-14,59.53,4.21,52.28,42,trigger,synthetic,synthetic,synthetic,synth-v1.0.0,2024,2cf705e1237a369a,ood
SP-021:norte:016000:2023-02-27,SP-021:norte:016000,SP-021,norte,16.25,open-meteo:era5_seamless:-23.5:-46.8,2023-02-27,73.29,3.91,65.79,15,trigger,synthetic,synthetic,synthetic,synth-v1.0.0,2024,2cf705e1237a369a,ood
SP-021:norte:016000:2023-06-11,SP-021:norte:016000,SP-021,norte,16.25,open-meteo:era5_seamless:-23.5:-46.8,2023-06-11,62.67,6.95,65.79,7,proactive,synthetic,synthetic,synthetic,synth-v1.0.0,2024,2cf705e1237a369a,ood
SP-021:norte:016000:2023-11-11,SP-021:norte:016000,SP-021,norte,16.25,open-meteo:era5_seamless:-23.5:-46.8,2023-11-11,68.45,5.63,65.79,13,proactive,synthetic,synthetic,synthetic,synth-v1.0.0,2024,2cf705e1237a369a,ood
SP-021:norte:016000:2024-02-24,SP-021:norte:016000,SP-021,norte,16.25,open-meteo:era5_seamless:-23.5:-46.8,2024-02-24,76.18,4.01,65.79,20,trigger,synthetic,synthetic,synthetic,synth-v1.0.0,2024,2cf705e1237a369a,ood
SP-021:norte:016000:2024-06-02,SP-021:norte:016000,SP-021,norte,16.25,open-meteo:era5_seamless:-23.5:-46.8,2024-06-02,73.81,6.35,65.79,42,trigger,synthetic,synthetic,synthetic,synth-v1.0.0,2024,2cf705e1237a369a,ood
SP-021:norte:016000:2024-10-24,SP-021:norte:016000,SP-021,norte,16.25,open-meteo:era5_seamless:-23.5:-46.8,2024-10-24,57.5,4.42,65.79,18,proactive,synthetic,synthetic,synthetic,synth-v1.0.0,2024,2cf705e1237a369a,ood
SP-021:norte:016000:2024-12-13,SP-021:norte:016000,SP-021,norte,16.25,open-meteo:era5_seamless:-23.5:-46.8,2024-12-13,51.86,5.91,65.79,19,proactive,synthetic,synthetic,synthetic,synth-v1.0.0,2024,2cf705e1237a369a,ood
SP-021:norte:016000:2025-02-20,SP-021:norte:016000,SP-021,norte,16.25,open-meteo:era5_seamless:-23.5:-46.8,2025-02-20,72.82,4.67,65.79,18,proactive,synthetic,synthetic,synthetic,synth-v1.0.0,2024,2cf705e1237a369a,ood
SP-021:norte:016000:2025-06-06,SP-021:norte:016000,SP-021,norte,16.25,open-meteo:era5_seamless:-23.5:-46.8,2025-06-06,66.79,6.82,65.79,5,trigger,synthetic,synthetic,synthetic,synth-v1.0.0,2024,2cf705e1237a369a,ood
SP-021:norte:016000:2026-01-07,SP-021:norte:016000,SP-021,norte,16.25,open-meteo:era5_seamless:-23.5:-46.8,2026-01-07,73.71,4.66,65.79,17,trigger,synthetic,synthetic,synthetic,synth-v1.0.0,2024,2cf705e1237a369a,ood
SP-021:norte:016000:2026-03-24,SP-021:norte:016000,SP-021,norte,16.25,open-meteo:era5_seamless:-23.5:-46.8,2026-03-24,71.28,5.11,65.79,9,trigger,synthetic,synthetic,synthetic,synth-v1.0.0,2024,2cf705e1237a369a,ood
SP-021:sul:016000:2023-03-04,SP-021:sul:016000,SP-021,sul,16.25,open-meteo:era5_seamless:-23.5:-46.8,2023-03-04,67.57,6.66,58.0,20,trigger,synthetic,synthetic,synthetic,synth-v1.0.0,2024,2cf705e1237a369a,ood
SP-021:sul:016000:2023-08-14,SP-021:sul:016000,SP-021,sul,16.25,open-meteo:era5_seamless:-23.5:-46.8,2023-08-14,60.64,5.63,58.0,8,trigger,synthetic,synthetic,synthetic,synth-v1.0.0,2024,2cf705e1237a369a,ood
SP-021:sul:016000:2023-11-29,SP-021:sul:016000,SP-021,sul,16.25,open-meteo:era5_seamless:-23.5:-46.8,2023-11-29,64.16,6.29,58.0,17,trigger,synthetic,synthetic,synthetic,synth-v1.0.0,2024,2cf705e1237a369a,ood
SP-021:sul:016000:2024-02-19,SP-021:sul:016000,SP-021,sul,16.25,open-meteo:era5_seamless:-23.5:-46.8,2024-02-19,64.13,3.77,58.0,8,trigger,synthetic,synthetic,synthetic,synth-v1.0.0,2024,2cf705e1237a369a,ood
SP-021:sul:016000:2024-04-19,SP-021:sul:016000,SP-021,sul,16.25,open-meteo:era5_seamless:-23.5:-46.8,2024-04-19,62.58,3.25,58.0,12,trigger,synthetic,synthetic,synthetic,synth-v1.0.0,2024,2cf705e1237a369a,ood
SP-021:sul:016000:2024-07-08,SP-021:sul:016000,SP-021,sul,16.25,open-meteo:era5_seamless:-23.5:-46.8,2024-07-08,39.7,6.88,58.0,22,proactive,synthetic,synthetic,synthetic,synth-v1.0.0,2024,2cf705e1237a369a,ood
SP-021:sul:016000:2024-11-28,SP-021:sul:016000,SP-021,sul,16.25,open-meteo:era5_seamless:-23.5:-46.8,2024-11-28,63.29,6.62,58.0,11,trigger,synthetic,synthetic,synthetic,synth-v1.0.0,2024,2cf705e1237a369a,ood
SP-021:sul:016000:2025-01-10,SP-021:sul:016000,SP-021,sul,16.25,open-meteo:era5_seamless:-23.5:-46.8,2025-01-10,50.23,3.78,58.0,5,proactive,synthetic,synthetic,synthetic,synth-v1.0.0,2024,2cf705e1237a369a,ood
SP-021:sul:016000:2025-03-12,SP-021:sul:016000,SP-021,sul,16.25,open-meteo:era5_seamless:-23.5:-46.8,2025-03-12,65.07,5.83,58.0,10,trigger,synthetic,synthetic,synthetic,synth-v1.0.0,2024,2cf705e1237a369a,ood
SP-021:sul:016000:2025-09-03,SP-021:sul:016000,SP-021,sul,16.25,open-meteo:era5_seamless:-23.5:-46.8,2025-09-03,58.58,4.42,58.0,3,trigger,synthetic,synthetic,synthetic,synth-v1.0.0,2024,2cf705e1237a369a,ood
SP-021:sul:016000:2026-01-04,SP-021:sul:016000,SP-021,sul,16.25,open-meteo:era5_seamless:-23.5:-46.8,2026-01-04,63.17,5.08,58.0,7,trigger,synthetic,synthetic,synthetic,synth-v1.0.0,2024,2cf705e1237a369a,ood
SP-021:sul:016000:2026-03-16,SP-021:sul:016000,SP-021,sul,16.25,open-meteo:era5_seamless:-23.5:-46.8,2026-03-16,62.57,3.02,58.0,8,trigger,synthetic,synthetic,synthetic,synth-v1.0.0,2024,2cf705e1237a369a,ood
SP-021:sul:016000:2026-09-01,SP-021:sul:016000,SP-021,sul,16.25,open-meteo:era5_seamless:-23.5:-46.8,2026-09-01,60.02,3.21,58.0,37,trigger,synthetic,synthetic,synthetic,synth-v1.0.0,2024,2cf705e1237a369a,ood
SP-021:norte:016500:2023-03-13,SP-021:norte:016500,SP-021,norte,16.75,open-meteo:era5_seamless:-23.5:-46.8,2023-03-13,72.4,4.3,52.91,29,trigger,synthetic,synthetic,synthetic,synth-v1.0.0,2024,2cf705e1237a369a,ood
SP-021:norte:016500:2023-09-18,SP-021:norte:016500,SP-021,norte,16.75,open-meteo:era5_seamless:-23.5:-46.8,2023-09-18,59.15,4.07,52.91,22,trigger,synthetic,synthetic,synthetic,synth-v1.0.0,2024,2cf705e1237a369a,ood
SP-021:norte:016500:2023-12-18,SP-021:norte:016500,SP-021,norte,16.75,open-meteo:era5_seamless:-23.5:-46.8,2023-12-18,63.31,4.35,52.91,22,proactive,synthetic,synthetic,synthetic,synth-v1.0.0,2024,2cf705e1237a369a,ood
SP-021:norte:016500:2024-02-24,SP-021:norte:016500,SP-021,norte,16.75,open-meteo:era5_seamless:-23.5:-46.8,2024-02-24,57.09,6.65,52.91,6,trigger,synthetic,synthetic,synthetic,synth-v1.0.0,2024,2cf705e1237a369a,ood
SP-021:norte:016500:2024-04-22,SP-021:norte:016500,SP-021,norte,16.75,open-meteo:era5_seamless:-23.5:-46.8,2024-04-22,58.25,5.0,52.91,8,trigger,synthetic,synthetic,synthetic,synth-v1.0.0,2024,2cf705e1237a369a,ood
SP-021:norte:016500:2024-11-03,SP-021:norte:016500,SP-021,norte,16.75,open-meteo:era5_seamless:-23.5:-46.8,2024-11-03,63.89,3.63,52.91,35,trigger,synthetic,synthetic,synthetic,synth-v1.0.0,2024,2cf705e1237a369a,ood
SP-021:norte:016500:2025-01-22,SP-021:norte:016500,SP-021,norte,16.75,open-meteo:era5_seamless:-23.5:-46.8,2025-01-22,64.83,3.08,52.91,10,trigger,synthetic,synthetic,synthetic,synth-v1.0.0,2024,2cf705e1237a369a,ood
SP-021:norte:016500:2025-03-25,SP-021:norte:016500,SP-021,norte,16.75,open-meteo:era5_seamless:-23.5:-46.8,2025-03-25,59.01,7.37,52.91,9,trigger,synthetic,synthetic,synthetic,synth-v1.0.0,2024,2cf705e1237a369a,ood
SP-021:norte:016500:2025-05-27,SP-021:norte:016500,SP-021,norte,16.75,open-meteo:era5_seamless:-23.5:-46.8,2025-05-27,39.73,6.72,52.91,9,proactive,synthetic,synthetic,synthetic,synth-v1.0.0,2024,2cf705e1237a369a,ood
SP-021:norte:016500:2025-10-28,SP-021:norte:016500,SP-021,norte,16.75,open-meteo:era5_seamless:-23.5:-46.8,2025-10-28,36.51,6.26,52.91,9,proactive,synthetic,synthetic,synthetic,synth-v1.0.0,2024,2cf705e1237a369a,ood
SP-021:norte:016500:2026-01-27,SP-021:norte:016500,SP-021,norte,16.75,open-meteo:era5_seamless:-23.5:-46.8,2026-01-27,60.31,7.17,52.91,16,trigger,synthetic,synthetic,synthetic,synth-v1.0.0,2024,2cf705e1237a369a,ood
SP-021:norte:016500:2026-03-25,SP-021:norte:016500,SP-021,norte,16.75,open-meteo:era5_seamless:-23.5:-46.8,2026-03-25,56.4,7.27,52.91,3,trigger,synthetic,synthetic,synthetic,synth-v1.0.0,2024,2cf705e1237a369a,ood
SP-021:sul:016500:2023-02-23,SP-021:sul:016500,SP-021,sul,16.75,open-meteo:era5_seamless:-23.5:-46.8,2023-02-23,57.13,4.37,49.25,18,trigger,synthetic,synthetic,synthetic,synth-v1.0.0,2024,2cf705e1237a369a,ood
SP-021:sul:016500:2023-09-12,SP-021:sul:016500,SP-021,sul,16.75,open-meteo:era5_seamless:-23.5:-46.8,2023-09-12,51.3,7.22,49.25,16,trigger,synthetic,synthetic,synthetic,synth-v1.0.0,2024,2cf705e1237a369a,ood
SP-021:sul:016500:2024-01-18,SP-021:sul:016500,SP-021,sul,16.75,open-meteo:era5_seamless:-23.5:-46.8,2024-01-18,56.95,7.37,49.25,32,trigger,synthetic,synthetic,synthetic,synth-v1.0.0,2024,2cf705e1237a369a,ood
SP-021:sul:016500:2024-03-27,SP-021:sul:016500,SP-021,sul,16.75,open-meteo:era5_seamless:-23.5:-46.8,2024-03-27,52.51,5.33,49.25,10,trigger,synthetic,synthetic,synthetic,synth-v1.0.0,2024,2cf705e1237a369a,ood
SP-021:sul:016500:2024-09-01,SP-021:sul:016500,SP-021,sul,16.75,open-meteo:era5_seamless:-23.5:-46.8,2024-09-01,44.45,4.44,49.25,14,proactive,synthetic,synthetic,synthetic,synth-v1.0.0,2024,2cf705e1237a369a,ood
SP-021:sul:016500:2025-01-03,SP-021:sul:016500,SP-021,sul,16.75,open-meteo:era5_seamless:-23.5:-46.8,2025-01-03,54.43,6.29,49.25,19,proactive,synthetic,synthetic,synthetic,synth-v1.0.0,2024,2cf705e1237a369a,ood
SP-021:sul:016500:2025-03-09,SP-021:sul:016500,SP-021,sul,16.75,open-meteo:era5_seamless:-23.5:-46.8,2025-03-09,51.92,7.54,49.25,7,trigger,synthetic,synthetic,synthetic,synth-v1.0.0,2024,2cf705e1237a369a,ood
SP-021:sul:016500:2025-10-21,SP-021:sul:016500,SP-021,sul,16.75,open-meteo:era5_seamless:-23.5:-46.8,2025-10-21,49.37,4.84,49.25,23,proactive,synthetic,synthetic,synthetic,synth-v1.0.0,2024,2cf705e1237a369a,ood
SP-021:sul:016500:2026-02-19,SP-021:sul:016500,SP-021,sul,16.75,open-meteo:era5_seamless:-23.5:-46.8,2026-02-19,55.59,4.76,49.25,18,trigger,synthetic,synthetic,synthetic,synth-v1.0.0,2024,2cf705e1237a369a,ood
SP-021:sul:016500:2026-06-06,SP-021:sul:016500,SP-021,sul,16.75,open-meteo:era5_seamless:-23.5:-46.8,2026-06-06,46.01,4.94,49.25,34,proactive,synthetic,synthetic,synthetic,synth-v1.0.0,2024,2cf705e1237a369a,ood
SP-021:norte:017000:2023-01-25,SP-021:norte:017000,SP-021,norte,17.25,open-meteo:era5_seamless:-23.5:-46.8,2023-01-25,46.28,3.52,42.66,3,trigger,synthetic,synthetic,synthetic,synth-v1.0.0,2024,2cf705e1237a369a,ood
SP-021:norte:017000:2023-03-15,SP-021:norte:017000,SP-021,norte,17.25,open-meteo:era5_seamless:-23.5:-46.8,2023-03-15,52.04,6.58,42.66,10,trigger,synthetic,synthetic,synthetic,synth-v1.0.0,2024,2cf705e1237a369a,ood
SP-021:norte:017000:2023-06-26,SP-021:norte:017000,SP-021,norte,17.25,open-meteo:era5_seamless:-23.5:-46.8,2023-06-26,44.23,6.71,42.66,29,trigger,synthetic,synthetic,synthetic,synth-v1.0.0,2024,2cf705e1237a369a,ood
SP-021:norte:017000:2023-11-24,SP-021:norte:017000,SP-021,norte,17.25,open-meteo:era5_seamless:-23.5:-46.8,2023-11-24,66.46,3.52,42.66,40,trigger,synthetic,synthetic,synthetic,synth-v1.0.0,2024,2cf705e1237a369a,ood
SP-021:norte:017000:2024-02-11,SP-021:norte:017000,SP-021,norte,17.25,open-meteo:era5_seamless:-23.5:-46.8,2024-02-11,58.81,7.36,42.66,21,trigger,synthetic,synthetic,synthetic,synth-v1.0.0,2024,2cf705e1237a369a,ood
SP-021:norte:017000:2024-04-04,SP-021:norte:017000,SP-021,norte,17.25,open-meteo:era5_seamless:-23.5:-46.8,2024-04-04,59.51,3.81,42.66,18,trigger,synthetic,synthetic,synthetic,synth-v1.0.0,2024,2cf705e1237a369a,ood
SP-021:norte:017000:2024-07-20,SP-021:norte:017000,SP-021,norte,17.25,open-meteo:era5_seamless:-23.5:-46.8,2024-07-20,44.88,3.9,42.66,20,trigger,synthetic,synthetic,synthetic,synth-v1.0.0,2024,2cf705e1237a369a,ood
SP-021:norte:017000:2024-10-23,SP-021:norte:017000,SP-021,norte,17.25,open-meteo:era5_seamless:-23.5:-46.8,2024-10-23,38.45,3.93,42.66,3,proactive,synthetic,synthetic,synthetic,synth-v1.0.0,2024,2cf705e1237a369a,ood
SP-021:norte:017000:2025-01-04,SP-021:norte:017000,SP-021,norte,17.25,open-meteo:era5_seamless:-23.5:-46.8,2025-01-04,58.93,6.79,42.66,20,trigger,synthetic,synthetic,synthetic,synth-v1.0.0,2024,2cf705e1237a369a,ood
SP-021:norte:017000:2025-03-01,SP-021:norte:017000,SP-021,norte,17.25,open-meteo:era5_seamless:-23.5:-46.8,2025-03-01,62.45,4.63,42.66,20,trigger,synthetic,synthetic,synthetic,synth-v1.0.0,2024,2cf705e1237a369a,ood
SP-021:norte:017000:2025-06-17,SP-021:norte:017000,SP-021,norte,17.25,open-meteo:era5_seamless:-23.5:-46.8,2025-06-17,52.31,3.02,42.66,37,trigger,synthetic,synthetic,synthetic,synth-v1.0.0,2024,2cf705e1237a369a,ood
SP-021:norte:017000:2025-12-17,SP-021:norte:017000,SP-021,norte,17.25,open-meteo:era5_seamless:-23.5:-46.8,2025-12-17,53.4,7.9,42.66,24,trigger,synthetic,synthetic,synthetic,synth-v1.0.0,2024,2cf705e1237a369a,ood
SP-021:norte:017000:2026-02-15,SP-021:norte:017000,SP-021,norte,17.25,open-meteo:era5_seamless:-23.5:-46.8,2026-02-15,55.86,7.12,42.66,14,trigger,synthetic,synthetic,synthetic,synth-v1.0.0,2024,2cf705e1237a369a,ood
SP-021:norte:017000:2026-04-07,SP-021:norte:017000,SP-021,norte,17.25,open-meteo:era5_seamless:-23.5:-46.8,2026-04-07,50.03,6.13,42.66,9,trigger,synthetic,synthetic,synthetic,synth-v1.0.0,2024,2cf705e1237a369a,ood
SP-021:sul:017000:2023-02-08,SP-021:sul:017000,SP-021,sul,17.25,open-meteo:era5_seamless:-23.5:-46.8,2023-02-08,74.19,5.38,63.59,10,trigger,synthetic,synthetic,synthetic,synth-v1.0.0,2024,2cf705e1237a369a,ood
SP-021:sul:017000:2023-03-09,SP-021:sul:017000,SP-021,sul,17.25,open-meteo:era5_seamless:-23.5:-46.8,2023-03-09,54.81,3.85,63.59,11,proactive,synthetic,synthetic,synthetic,synth-v1.0.0,2024,2cf705e1237a369a,ood
SP-021:sul:017000:2023-05-20,SP-021:sul:017000,SP-021,sul,17.25,open-meteo:era5_seamless:-23.5:-46.8,2023-05-20,65.63,3.07,63.59,13,trigger,synthetic,synthetic,synthetic,synth-v1.0.0,2024,2cf705e1237a369a,ood
SP-021:sul:017000:2023-11-06,SP-021:sul:017000,SP-021,sul,17.25,open-meteo:era5_seamless:-23.5:-46.8,2023-11-06,79.67,7.71,63.59,29,trigger,synthetic,synthetic,synthetic,synth-v1.0.0,2024,2cf705e1237a369a,ood
SP-021:sul:017000:2023-12-16,SP-021:sul:017000,SP-021,sul,17.25,open-meteo:era5_seamless:-23.5:-46.8,2023-12-16,58.81,3.31,63.59,6,proactive,synthetic,synthetic,synthetic,synth-v1.0.0,2024,2cf705e1237a369a,ood
SP-021:sul:017000:2024-01-22,SP-021:sul:017000,SP-021,sul,17.25,open-meteo:era5_seamless:-23.5:-46.8,2024-01-22,49.95,3.08,63.59,15,proactive,synthetic,synthetic,synthetic,synth-v1.0.0,2024,2cf705e1237a369a,ood
SP-021:sul:017000:2024-04-04,SP-021:sul:017000,SP-021,sul,17.25,open-meteo:era5_seamless:-23.5:-46.8,2024-04-04,83.95,7.61,63.59,25,trigger,synthetic,synthetic,synthetic,synth-v1.0.0,2024,2cf705e1237a369a,ood
SP-021:sul:017000:2024-07-04,SP-021:sul:017000,SP-021,sul,17.25,open-meteo:era5_seamless:-23.5:-46.8,2024-07-04,67.89,4.25,63.59,18,trigger,synthetic,synthetic,synthetic,synth-v1.0.0,2024,2cf705e1237a369a,ood
SP-021:sul:017000:2024-11-09,SP-021:sul:017000,SP-021,sul,17.25,open-meteo:era5_seamless:-23.5:-46.8,2024-11-09,73.99,4.74,63.59,20,trigger,synthetic,synthetic,synthetic,synth-v1.0.0,2024,2cf705e1237a369a,ood
SP-021:sul:017000:2025-01-19,SP-021:sul:017000,SP-021,sul,17.25,open-meteo:era5_seamless:-23.5:-46.8,2025-01-19,79.07,5.54,63.59,21,trigger,synthetic,synthetic,synthetic,synth-v1.0.0,2024,2cf705e1237a369a,ood
SP-021:sul:017000:2025-03-28,SP-021:sul:017000,SP-021,sul,17.25,open-meteo:era5_seamless:-23.5:-46.8,2025-03-28,80.95,7.69,63.59,33,trigger,synthetic,synthetic,synthetic,synth-v1.0.0,2024,2cf705e1237a369a,ood
SP-021:sul:017000:2025-08-14,SP-021:sul:017000,SP-021,sul,17.25,open-meteo:era5_seamless:-23.5:-46.8,2025-08-14,63.65,3.51,63.59,4,trigger,synthetic,synthetic,synthetic,synth-v1.0.0,2024,2cf705e1237a369a,ood
SP-021:sul:017000:2025-11-17,SP-021:sul:017000,SP-021,sul,17.25,open-meteo:era5_seamless:-23.5:-46.8,2025-11-17,58.76,4.4,63.59,15,proactive,synthetic,synthetic,synthetic,synth-v1.0.0,2024,2cf705e1237a369a,ood
SP-021:sul:017000:2026-01-13,SP-021:sul:017000,SP-021,sul,17.25,open-meteo:era5_seamless:-23.5:-46.8,2026-01-13,69.73,4.57,63.59,9,trigger,synthetic,synthetic,synthetic,synth-v1.0.0,2024,2cf705e1237a369a,ood
SP-021:sul:017000:2026-03-09,SP-021:sul:017000,SP-021,sul,17.25,open-meteo:era5_seamless:-23.5:-46.8,2026-03-09,75.14,6.52,63.59,15,trigger,synthetic,synthetic,synthetic,synth-v1.0.0,2024,2cf705e1237a369a,ood
SP-021:sul:017000:2026-05-18,SP-021:sul:017000,SP-021,sul,17.25,open-meteo:era5_seamless:-23.5:-46.8,2026-05-18,70.48,6.86,63.59,15,trigger,synthetic,synthetic,synthetic,synth-v1.0.0,2024,2cf705e1237a369a,ood
SP-021:norte:017500:2023-02-28,SP-021:norte:017500,SP-021,norte,17.75,open-meteo:era5_seamless:-23.5:-46.8,2023-02-28,65.95,5.2,58.02,16,trigger,synthetic,synthetic,synthetic,synth-v1.0.0,2024,2cf705e1237a369a,ood
SP-021:norte:017500:2023-08-13,SP-021:norte:017500,SP-021,norte,17.75,open-meteo:era5_seamless:-23.5:-46.8,2023-08-13,61.39,3.65,58.02,7,trigger,synthetic,synthetic,synthetic,synth-v1.0.0,2024,2cf705e1237a369a,ood
SP-021:norte:017500:2023-11-16,SP-021:norte:017500,SP-021,norte,17.75,open-meteo:era5_seamless:-23.5:-46.8,2023-11-16,58.72,6.48,58.02,18,proactive,synthetic,synthetic,synthetic,synth-v1.0.0,2024,2cf705e1237a369a,ood
SP-021:norte:017500:2024-02-10,SP-021:norte:017500,SP-021,norte,17.75,open-meteo:era5_seamless:-23.5:-46.8,2024-02-10,63.09,3.68,58.02,6,trigger,synthetic,synthetic,synthetic,synth-v1.0.0,2024,2cf705e1237a369a,ood
SP-021:norte:017500:2024-04-16,SP-021:norte:017500,SP-021,norte,17.75,open-meteo:era5_seamless:-23.5:-46.8,2024-04-16,65.4,4.91,58.02,16,trigger,synthetic,synthetic,synthetic,synth-v1.0.0,2024,2cf705e1237a369a,ood
SP-021:norte:017500:2024-10-15,SP-021:norte:017500,SP-021,norte,17.75,open-meteo:era5_seamless:-23.5:-46.8,2024-10-15,60.36,7.63,58.02,9,trigger,synthetic,synthetic,synthetic,synth-v1.0.0,2024,2cf705e1237a369a,ood
SP-021:norte:017500:2025-01-09,SP-021:norte:017500,SP-021,norte,17.75,open-meteo:era5_seamless:-23.5:-46.8,2025-01-09,65.75,5.89,58.02,32,proactive,synthetic,synthetic,synthetic,synth-v1.0.0,2024,2cf705e1237a369a,ood
SP-021:norte:017500:2025-04-01,SP-021:norte:017500,SP-021,norte,17.75,open-meteo:era5_seamless:-23.5:-46.8,2025-04-01,67.99,7.89,58.02,23,trigger,synthetic,synthetic,synthetic,synth-v1.0.0,2024,2cf705e1237a369a,ood
SP-021:norte:017500:2025-09-15,SP-021:norte:017500,SP-021,norte,17.75,open-meteo:era5_seamless:-23.5:-46.8,2025-09-15,51.95,7.77,58.02,29,proactive,synthetic,synthetic,synthetic,synth-v1.0.0,2024,2cf705e1237a369a,ood
SP-021:norte:017500:2025-12-02,SP-021:norte:017500,SP-021,norte,17.75,open-meteo:era5_seamless:-23.5:-46.8,2025-12-02,41.95,4.25,58.02,23,proactive,synthetic,synthetic,synthetic,synth-v1.0.0,2024,2cf705e1237a369a,ood
SP-021:norte:017500:2026-03-01,SP-021:norte:017500,SP-021,norte,17.75,open-meteo:era5_seamless:-23.5:-46.8,2026-03-01,67.94,6.5,58.02,14,trigger,synthetic,synthetic,synthetic,synth-v1.0.0,2024,2cf705e1237a369a,ood
SP-021:norte:017500:2026-07-26,SP-021:norte:017500,SP-021,norte,17.75,open-meteo:era5_seamless:-23.5:-46.8,2026-07-26,60.31,3.26,58.02,28,trigger,synthetic,synthetic,synthetic,synth-v1.0.0,2024,2cf705e1237a369a,ood
SP-021:sul:017500:2023-03-15,SP-021:sul:017500,SP-021,sul,17.75,open-meteo:era5_seamless:-23.5:-46.8,2023-03-15,75.55,4.81,70.0,10,trigger,synthetic,synthetic,synthetic,synth-v1.0.0,2024,2cf705e1237a369a,ood
SP-021:sul:017500:2023-11-03,SP-021:sul:017500,SP-021,sul,17.75,open-meteo:era5_seamless:-23.5:-46.8,2023-11-03,79.03,7.28,70.0,26,trigger,synthetic,synthetic,synthetic,synth-v1.0.0,2024,2cf705e1237a369a,ood
SP-021:sul:017500:2024-02-01,SP-021:sul:017500,SP-021,sul,17.75,open-meteo:era5_seamless:-23.5:-46.8,2024-02-01,69.53,3.11,70.0,11,proactive,synthetic,synthetic,synthetic,synth-v1.0.0,2024,2cf705e1237a369a,ood
SP-021:sul:017500:2024-04-15,SP-021:sul:017500,SP-021,sul,17.75,open-meteo:era5_seamless:-23.5:-46.8,2024-04-15,76.55,3.99,70.0,15,proactive,synthetic,synthetic,synthetic,synth-v1.0.0,2024,2cf705e1237a369a,ood
SP-021:sul:017500:2024-11-16,SP-021:sul:017500,SP-021,sul,17.75,open-meteo:era5_seamless:-23.5:-46.8,2024-11-16,73.33,3.14,70.0,6,trigger,synthetic,synthetic,synthetic,synth-v1.0.0,2024,2cf705e1237a369a,ood
SP-021:sul:017500:2025-02-11,SP-021:sul:017500,SP-021,sul,17.75,open-meteo:era5_seamless:-23.5:-46.8,2025-02-11,78.66,3.52,70.0,16,trigger,synthetic,synthetic,synthetic,synth-v1.0.0,2024,2cf705e1237a369a,ood
SP-021:sul:017500:2025-05-31,SP-021:sul:017500,SP-021,sul,17.75,open-meteo:era5_seamless:-23.5:-46.8,2025-05-31,71.4,7.18,70.0,6,trigger,synthetic,synthetic,synthetic,synth-v1.0.0,2024,2cf705e1237a369a,ood
SP-021:sul:017500:2026-01-07,SP-021:sul:017500,SP-021,sul,17.75,open-meteo:era5_seamless:-23.5:-46.8,2026-01-07,75.38,4.93,70.0,10,trigger,synthetic,synthetic,synthetic,synth-v1.0.0,2024,2cf705e1237a369a,ood
SP-021:sul:017500:2026-04-15,SP-021:sul:017500,SP-021,sul,17.75,open-meteo:era5_seamless:-23.5:-46.8,2026-04-15,77.57,5.25,70.0,17,trigger,synthetic,synthetic,synthetic,synth-v1.0.0,2024,2cf705e1237a369a,ood
SP-021:norte:018000:2023-02-24,SP-021:norte:018000,SP-021,norte,18.25,open-meteo:era5_seamless:-23.5:-46.8,2023-02-24,84.63,6.76,70.0,19,trigger,synthetic,synthetic,synthetic,synth-v1.0.0,2024,2cf705e1237a369a,ood
SP-021:norte:018000:2023-04-23,SP-021:norte:018000,SP-021,norte,18.25,open-meteo:era5_seamless:-23.5:-46.8,2023-04-23,71.8,6.52,70.0,7,trigger,synthetic,synthetic,synthetic,synth-v1.0.0,2024,2cf705e1237a369a,ood
SP-021:norte:018000:2023-10-14,SP-021:norte:018000,SP-021,norte,18.25,open-meteo:era5_seamless:-23.5:-46.8,2023-10-14,76.97,5.2,70.0,6,trigger,synthetic,synthetic,synthetic,synth-v1.0.0,2024,2cf705e1237a369a,ood
SP-021:norte:018000:2023-12-02,SP-021:norte:018000,SP-021,norte,18.25,open-meteo:era5_seamless:-23.5:-46.8,2023-12-02,64.17,4.99,70.0,27,proactive,synthetic,synthetic,synthetic,synth-v1.0.0,2024,2cf705e1237a369a,ood
SP-021:norte:018000:2024-02-13,SP-021:norte:018000,SP-021,norte,18.25,open-meteo:era5_seamless:-23.5:-46.8,2024-02-13,82.65,4.68,70.0,9,trigger,synthetic,synthetic,synthetic,synth-v1.0.0,2024,2cf705e1237a369a,ood
SP-021:norte:018000:2024-04-09,SP-021:norte:018000,SP-021,norte,18.25,open-meteo:era5_seamless:-23.5:-46.8,2024-04-09,83.72,7.68,70.0,16,trigger,synthetic,synthetic,synthetic,synth-v1.0.0,2024,2cf705e1237a369a,ood
SP-021:norte:018000:2024-09-13,SP-021:norte:018000,SP-021,norte,18.25,open-meteo:era5_seamless:-23.5:-46.8,2024-09-13,79.53,4.94,70.0,26,trigger,synthetic,synthetic,synthetic,synth-v1.0.0,2024,2cf705e1237a369a,ood
SP-021:norte:018000:2024-12-04,SP-021:norte:018000,SP-021,norte,18.25,open-meteo:era5_seamless:-23.5:-46.8,2024-12-04,75.63,5.87,70.0,3,trigger,synthetic,synthetic,synthetic,synth-v1.0.0,2024,2cf705e1237a369a,ood
SP-021:norte:018000:2025-02-20,SP-021:norte:018000,SP-021,norte,18.25,open-meteo:era5_seamless:-23.5:-46.8,2025-02-20,92.16,7.33,70.0,25,trigger,synthetic,synthetic,synthetic,synth-v1.0.0,2024,2cf705e1237a369a,ood
SP-021:norte:018000:2025-05-01,SP-021:norte:018000,SP-021,norte,18.25,open-meteo:era5_seamless:-23.5:-46.8,2025-05-01,75.4,6.01,70.0,11,trigger,synthetic,synthetic,synthetic,synth-v1.0.0,2024,2cf705e1237a369a,ood
SP-021:norte:018000:2025-10-30,SP-021:norte:018000,SP-021,norte,18.25,open-meteo:era5_seamless:-23.5:-46.8,2025-10-30,65.5,7.93,70.0,25,proactive,synthetic,synthetic,synthetic,synth-v1.0.0,2024,2cf705e1237a369a,ood
SP-021:norte:018000:2025-12-29,SP-021:norte:018000,SP-021,norte,18.25,open-meteo:era5_seamless:-23.5:-46.8,2025-12-29,65.56,5.72,70.0,8,proactive,synthetic,synthetic,synthetic,synth-v1.0.0,2024,2cf705e1237a369a,ood
SP-021:norte:018000:2026-03-12,SP-021:norte:018000,SP-021,norte,18.25,open-meteo:era5_seamless:-23.5:-46.8,2026-03-12,84.98,6.52,70.0,18,trigger,synthetic,synthetic,synthetic,synth-v1.0.0,2024,2cf705e1237a369a,ood
SP-021:norte:018000:2026-05-25,SP-021:norte:018000,SP-021,norte,18.25,open-meteo:era5_seamless:-23.5:-46.8,2026-05-25,69.06,4.42,70.0,22,proactive,synthetic,synthetic,synthetic,synth-v1.0.0,2024,2cf705e1237a369a,ood
SP-021:sul:018000:2023-02-26,SP-021:sul:018000,SP-021,sul,18.25,open-meteo:era5_seamless:-23.5:-46.8,2023-02-26,60.22,6.87,63.21,21,proactive,synthetic,synthetic,synthetic,synth-v1.0.0,2024,2cf705e1237a369a,ood
SP-021:sul:018000:2023-09-07,SP-021:sul:018000,SP-021,sul,18.25,open-meteo:era5_seamless:-23.5:-46.8,2023-09-07,66.33,4.04,63.21,18,trigger,synthetic,synthetic,synthetic,synth-v1.0.0,2024,2cf705e1237a369a,ood
SP-021:sul:018000:2023-11-28,SP-021:sul:018000,SP-021,sul,18.25,open-meteo:era5_seamless:-23.5:-46.8,2023-11-28,57.25,7.8,63.21,9,proactive,synthetic,synthetic,synthetic,synth-v1.0.0,2024,2cf705e1237a369a,ood
SP-021:sul:018000:2024-02-29,SP-021:sul:018000,SP-021,sul,18.25,open-meteo:era5_seamless:-23.5:-46.8,2024-02-29,68.94,3.57,63.21,4,trigger,synthetic,synthetic,synthetic,synth-v1.0.0,2024,2cf705e1237a369a,ood
SP-021:sul:018000:2024-05-23,SP-021:sul:018000,SP-021,sul,18.25,open-meteo:era5_seamless:-23.5:-46.8,2024-05-23,63.78,4.92,63.21,11,proactive,synthetic,synthetic,synthetic,synth-v1.0.0,2024,2cf705e1237a369a,ood
SP-021:sul:018000:2024-10-30,SP-021:sul:018000,SP-021,sul,18.25,open-meteo:era5_seamless:-23.5:-46.8,2024-10-30,51.82,3.01,63.21,17,proactive,synthetic,synthetic,synthetic,synth-v1.0.0,2024,2cf705e1237a369a,ood
SP-021:sul:018000:2025-02-01,SP-021:sul:018000,SP-021,sul,18.25,open-meteo:era5_seamless:-23.5:-46.8,2025-02-01,72.36,6.75,63.21,13,trigger,synthetic,synthetic,synthetic,synth-v1.0.0,2024,2cf705e1237a369a,ood
SP-021:sul:018000:2025-05-08,SP-021:sul:018000,SP-021,sul,18.25,open-meteo:era5_seamless:-23.5:-46.8,2025-05-08,68.57,6.46,63.21,18,trigger,synthetic,synthetic,synthetic,synth-v1.0.0,2024,2cf705e1237a369a,ood
SP-021:sul:018000:2025-12-24,SP-021:sul:018000,SP-021,sul,18.25,open-meteo:era5_seamless:-23.5:-46.8,2025-12-24,62.85,5.37,63.21,17,proactive,synthetic,synthetic,synthetic,synth-v1.0.0,2024,2cf705e1237a369a,ood
SP-021:sul:018000:2026-04-03,SP-021:sul:018000,SP-021,sul,18.25,open-meteo:era5_seamless:-23.5:-46.8,2026-04-03,74.12,4.16,63.21,26,trigger,synthetic,synthetic,synthetic,synth-v1.0.0,2024,2cf705e1237a369a,ood
SP-021:norte:018500:2023-02-18,SP-021:norte:018500,SP-021,norte,18.75,open-meteo:era5_seamless:-23.5:-46.8,2023-02-18,67.9,4.2,51.18,13,trigger,synthetic,synthetic,synthetic,synth-v1.0.0,2024,2cf705e1237a369a,ood
SP-021:norte:018500:2023-04-05,SP-021:norte:018500,SP-021,norte,18.75,open-meteo:era5_seamless:-23.5:-46.8,2023-04-05,54.86,4.96,51.18,3,trigger,synthetic,synthetic,synthetic,synth-v1.0.0,2024,2cf705e1237a369a,ood
SP-021:norte:018500:2023-09-24,SP-021:norte:018500,SP-021,norte,18.75,open-meteo:era5_seamless:-23.5:-46.8,2023-09-24,56.65,6.86,51.18,7,trigger,synthetic,synthetic,synthetic,synth-v1.0.0,2024,2cf705e1237a369a,ood
SP-021:norte:018500:2023-11-27,SP-021:norte:018500,SP-021,norte,18.75,open-meteo:era5_seamless:-23.5:-46.8,2023-11-27,58.77,6.28,51.18,8,trigger,synthetic,synthetic,synthetic,synth-v1.0.0,2024,2cf705e1237a369a,ood
SP-021:norte:018500:2024-01-23,SP-021:norte:018500,SP-021,norte,18.75,open-meteo:era5_seamless:-23.5:-46.8,2024-01-23,53.97,6.57,51.18,9,proactive,synthetic,synthetic,synthetic,synth-v1.0.0,2024,2cf705e1237a369a,ood
SP-021:norte:018500:2024-03-16,SP-021:norte:018500,SP-021,norte,18.75,open-meteo:era5_seamless:-23.5:-46.8,2024-03-16,67.3,3.07,51.18,13,trigger,synthetic,synthetic,synthetic,synth-v1.0.0,2024,2cf705e1237a369a,ood
SP-021:norte:018500:2024-05-06,SP-021:norte:018500,SP-021,norte,18.75,open-meteo:era5_seamless:-23.5:-46.8,2024-05-06,52.07,5.19,51.18,8,proactive,synthetic,synthetic,synthetic,synth-v1.0.0,2024,2cf705e1237a369a,ood
SP-021:norte:018500:2024-10-07,SP-021:norte:018500,SP-021,norte,18.75,open-meteo:era5_seamless:-23.5:-46.8,2024-10-07,57.69,3.46,51.18,15,trigger,synthetic,synthetic,synthetic,synth-v1.0.0,2024,2cf705e1237a369a,ood
SP-021:norte:018500:2024-12-24,SP-021:norte:018500,SP-021,norte,18.75,open-meteo:era5_seamless:-23.5:-46.8,2024-12-24,66.62,4.53,51.18,16,trigger,synthetic,synthetic,synthetic,synth-v1.0.0,2024,2cf705e1237a369a,ood
SP-021:norte:018500:2025-02-19,SP-021:norte:018500,SP-021,norte,18.75,open-meteo:era5_seamless:-23.5:-46.8,2025-02-19,68.59,5.75,51.18,17,trigger,synthetic,synthetic,synthetic,synth-v1.0.0,2024,2cf705e1237a369a,ood
SP-021:norte:018500:2025-05-18,SP-021:norte:018500,SP-021,norte,18.75,open-meteo:era5_seamless:-23.5:-46.8,2025-05-18,64.6,4.6,51.18,28,trigger,synthetic,synthetic,synthetic,synth-v1.0.0,2024,2cf705e1237a369a,ood
SP-021:norte:018500:2025-12-04,SP-021:norte:018500,SP-021,norte,18.75,open-meteo:era5_seamless:-23.5:-46.8,2025-12-04,59.94,3.53,51.18,25,proactive,synthetic,synthetic,synthetic,synth-v1.0.0,2024,2cf705e1237a369a,ood
SP-021:norte:018500:2026-02-20,SP-021:norte:018500,SP-021,norte,18.75,open-meteo:era5_seamless:-23.5:-46.8,2026-02-20,72.77,3.13,51.18,26,trigger,synthetic,synthetic,synthetic,synth-v1.0.0,2024,2cf705e1237a369a,ood
SP-021:norte:018500:2026-04-18,SP-021:norte:018500,SP-021,norte,18.75,open-meteo:era5_seamless:-23.5:-46.8,2026-04-18,57.55,4.41,51.18,13,trigger,synthetic,synthetic,synthetic,synth-v1.0.0,2024,2cf705e1237a369a,ood
SP-021:sul:018500:2023-01-08,SP-021:sul:018500,SP-021,sul,18.75,open-meteo:era5_seamless:-23.5:-46.8,2023-01-08,34.3,3.89,57.68,7,proactive,synthetic,synthetic,synthetic,synth-v1.0.0,2024,2cf705e1237a369a,ood
SP-021:sul:018500:2023-03-23,SP-021:sul:018500,SP-021,sul,18.75,open-meteo:era5_seamless:-23.5:-46.8,2023-03-23,74.21,6.82,57.68,18,trigger,synthetic,synthetic,synthetic,synth-v1.0.0,2024,2cf705e1237a369a,ood
SP-021:sul:018500:2023-06-21,SP-021:sul:018500,SP-021,sul,18.75,open-meteo:era5_seamless:-23.5:-46.8,2023-06-21,40.36,4.31,57.68,10,proactive,synthetic,synthetic,synthetic,synth-v1.0.0,2024,2cf705e1237a369a,ood
SP-021:sul:018500:2023-11-06,SP-021:sul:018500,SP-021,sul,18.75,open-meteo:era5_seamless:-23.5:-46.8,2023-11-06,63.87,7.79,57.68,8,trigger,synthetic,synthetic,synthetic,synth-v1.0.0,2024,2cf705e1237a369a,ood
SP-021:sul:018500:2024-01-31,SP-021:sul:018500,SP-021,sul,18.75,open-meteo:era5_seamless:-23.5:-46.8,2024-01-31,68.2,4.14,57.68,17,trigger,synthetic,synthetic,synthetic,synth-v1.0.0,2024,2cf705e1237a369a,ood
SP-021:sul:018500:2024-03-23,SP-021:sul:018500,SP-021,sul,18.75,open-meteo:era5_seamless:-23.5:-46.8,2024-03-23,65.75,6.25,57.68,6,trigger,synthetic,synthetic,synthetic,synth-v1.0.0,2024,2cf705e1237a369a,ood
SP-021:sul:018500:2024-07-17,SP-021:sul:018500,SP-021,sul,18.75,open-meteo:era5_seamless:-23.5:-46.8,2024-07-17,60.56,5.2,57.68,24,trigger,synthetic,synthetic,synthetic,synth-v1.0.0,2024,2cf705e1237a369a,ood
SP-021:sul:018500:2024-11-11,SP-021:sul:018500,SP-021,sul,18.75,open-meteo:era5_seamless:-23.5:-46.8,2024-11-11,57.72,6.02,57.68,8,proactive,synthetic,synthetic,synthetic,synth-v1.0.0,2024,2cf705e1237a369a,ood
SP-021:sul:018500:2025-01-22,SP-021:sul:018500,SP-021,sul,18.75,open-meteo:era5_seamless:-23.5:-46.8,2025-01-22,69.72,5.98,57.68,17,trigger,synthetic,synthetic,synthetic,synth-v1.0.0,2024,2cf705e1237a369a,ood
SP-021:sul:018500:2025-03-12,SP-021:sul:018500,SP-021,sul,18.75,open-meteo:era5_seamless:-23.5:-46.8,2025-03-12,61.03,4.81,57.68,3,trigger,synthetic,synthetic,synthetic,synth-v1.0.0,2024,2cf705e1237a369a,ood
SP-021:sul:018500:2025-09-11,SP-021:sul:018500,SP-021,sul,18.75,open-meteo:era5_seamless:-23.5:-46.8,2025-09-11,61.97,5.33,57.68,18,trigger,synthetic,synthetic,synthetic,synth-v1.0.0,2024,2cf705e1237a369a,ood
SP-021:sul:018500:2025-11-22,SP-021:sul:018500,SP-021,sul,18.75,open-meteo:era5_seamless:-23.5:-46.8,2025-11-22,37.41,7.95,57.68,13,proactive,synthetic,synthetic,synthetic,synth-v1.0.0,2024,2cf705e1237a369a,ood
SP-021:sul:018500:2026-01-29,SP-021:sul:018500,SP-021,sul,18.75,open-meteo:era5_seamless:-23.5:-46.8,2026-01-29,61.45,3.62,57.68,4,trigger,synthetic,synthetic,synthetic,synth-v1.0.0,2024,2cf705e1237a369a,ood
SP-021:sul:018500:2026-03-10,SP-021:sul:018500,SP-021,sul,18.75,open-meteo:era5_seamless:-23.5:-46.8,2026-03-10,49.27,4.18,57.68,2,proactive,synthetic,synthetic,synthetic,synth-v1.0.0,2024,2cf705e1237a369a,ood
SP-021:sul:018500:2026-09-01,SP-021:sul:018500,SP-021,sul,18.75,open-meteo:era5_seamless:-23.5:-46.8,2026-09-01,66.55,5.02,57.68,29,trigger,synthetic,synthetic,synthetic,synth-v1.0.0,2024,2cf705e1237a369a,ood
SP-021:norte:019000:2023-03-19,SP-021:norte:019000,SP-021,norte,19.25,open-meteo:era5_seamless:-23.5:-46.8,2023-03-19,61.94,3.13,58.21,14,trigger,synthetic,synthetic,synthetic,synth-v1.0.0,2024,2cf705e1237a369a,ood
SP-021:norte:019000:2023-12-01,SP-021:norte:019000,SP-021,norte,19.25,open-meteo:era5_seamless:-23.5:-46.8,2023-12-01,63.68,6.95,58.21,19,trigger,synthetic,synthetic,synthetic,synth-v1.0.0,2024,2cf705e1237a369a,ood
SP-021:norte:019000:2024-02-14,SP-021:norte:019000,SP-021,norte,19.25,open-meteo:era5_seamless:-23.5:-46.8,2024-02-14,49.43,7.21,58.21,3,proactive,synthetic,synthetic,synthetic,synth-v1.0.0,2024,2cf705e1237a369a,ood
SP-021:norte:019000:2024-06-11,SP-021:norte:019000,SP-021,norte,19.25,open-meteo:era5_seamless:-23.5:-46.8,2024-06-11,60.86,3.93,58.21,30,trigger,synthetic,synthetic,synthetic,synth-v1.0.0,2024,2cf705e1237a369a,ood
SP-021:norte:019000:2024-12-06,SP-021:norte:019000,SP-021,norte,19.25,open-meteo:era5_seamless:-23.5:-46.8,2024-12-06,54.94,3.98,58.21,33,proactive,synthetic,synthetic,synthetic,synth-v1.0.0,2024,2cf705e1237a369a,ood
SP-021:norte:019000:2025-03-08,SP-021:norte:019000,SP-021,norte,19.25,open-meteo:era5_seamless:-23.5:-46.8,2025-03-08,61.65,7.51,58.21,13,trigger,synthetic,synthetic,synthetic,synth-v1.0.0,2024,2cf705e1237a369a,ood
SP-021:norte:019000:2025-12-10,SP-021:norte:019000,SP-021,norte,19.25,open-meteo:era5_seamless:-23.5:-46.8,2025-12-10,60.9,7.66,58.21,17,trigger,synthetic,synthetic,synthetic,synth-v1.0.0,2024,2cf705e1237a369a,ood
SP-021:norte:019000:2026-04-11,SP-021:norte:019000,SP-021,norte,19.25,open-meteo:era5_seamless:-23.5:-46.8,2026-04-11,64.9,4.41,58.21,20,trigger,synthetic,synthetic,synthetic,synth-v1.0.0,2024,2cf705e1237a369a,ood
SP-021:norte:019000:2026-09-01,SP-021:norte:019000,SP-021,norte,19.25,open-meteo:era5_seamless:-23.5:-46.8,2026-09-01,34.87,4.42,58.21,16,proactive,synthetic,synthetic,synthetic,synth-v1.0.0,2024,2cf705e1237a369a,ood
SP-021:sul:019000:2023-02-08,SP-021:sul:019000,SP-021,sul,19.25,open-meteo:era5_seamless:-23.5:-46.8,2023-02-08,74.08,7.11,62.24,10,trigger,synthetic,synthetic,synthetic,synth-v1.0.0,2024,2cf705e1237a369a,ood
SP-021:sul:019000:2023-04-05,SP-021:sul:019000,SP-021,sul,19.25,open-meteo:era5_seamless:-23.5:-46.8,2023-04-05,81.08,7.16,62.24,24,trigger,synthetic,synthetic,synthetic,synth-v1.0.0,2024,2cf705e1237a369a,ood
SP-021:sul:019000:2023-09-11,SP-021:sul:019000,SP-021,sul,19.25,open-meteo:era5_seamless:-23.5:-46.8,2023-09-11,70.74,4.78,62.24,22,trigger,synthetic,synthetic,synthetic,synth-v1.0.0,2024,2cf705e1237a369a,ood
SP-021:sul:019000:2023-11-29,SP-021:sul:019000,SP-021,sul,19.25,open-meteo:era5_seamless:-23.5:-46.8,2023-11-29,82.39,4.89,62.24,31,trigger,synthetic,synthetic,synthetic,synth-v1.0.0,2024,2cf705e1237a369a,ood
SP-021:sul:019000:2024-02-17,SP-021:sul:019000,SP-021,sul,19.25,open-meteo:era5_seamless:-23.5:-46.8,2024-02-17,86.63,5.45,62.24,27,trigger,synthetic,synthetic,synthetic,synth-v1.0.0,2024,2cf705e1237a369a,ood
SP-021:sul:019000:2024-03-25,SP-021:sul:019000,SP-021,sul,19.25,open-meteo:era5_seamless:-23.5:-46.8,2024-03-25,72.01,7.01,62.24,8,trigger,synthetic,synthetic,synthetic,synth-v1.0.0,2024,2cf705e1237a369a,ood
SP-021:sul:019000:2024-06-07,SP-021:sul:019000,SP-021,sul,19.25,open-meteo:era5_seamless:-23.5:-46.8,2024-06-07,73.63,7.16,62.24,33,trigger,synthetic,synthetic,synthetic,synth-v1.0.0,2024,2cf705e1237a369a,ood
SP-021:sul:019000:2024-08-28,SP-021:sul:019000,SP-021,sul,19.25,open-meteo:era5_seamless:-23.5:-46.8,2024-08-28,46.86,3.31,62.24,10,proactive,synthetic,synthetic,synthetic,synth-v1.0.0,2024,2cf705e1237a369a,ood
SP-021:sul:019000:2024-11-18,SP-021:sul:019000,SP-021,sul,19.25,open-meteo:era5_seamless:-23.5:-46.8,2024-11-18,72.99,5.8,62.24,15,trigger,synthetic,synthetic,synthetic,synth-v1.0.0,2024,2cf705e1237a369a,ood
SP-021:sul:019000:2025-02-10,SP-021:sul:019000,SP-021,sul,19.25,open-meteo:era5_seamless:-23.5:-46.8,2025-02-10,91.91,6.2,62.24,36,trigger,synthetic,synthetic,synthetic,synth-v1.0.0,2024,2cf705e1237a369a,ood
SP-021:sul:019000:2025-03-09,SP-021:sul:019000,SP-021,sul,19.25,open-meteo:era5_seamless:-23.5:-46.8,2025-03-09,58.81,7.63,62.24,7,proactive,synthetic,synthetic,synthetic,synth-v1.0.0,2024,2cf705e1237a369a,ood
SP-021:sul:019000:2025-05-13,SP-021:sul:019000,SP-021,sul,19.25,open-meteo:era5_seamless:-23.5:-46.8,2025-05-13,71.26,6.81,62.24,16,trigger,synthetic,synthetic,synthetic,synth-v1.0.0,2024,2cf705e1237a369a,ood
SP-021:sul:019000:2025-10-29,SP-021:sul:019000,SP-021,sul,19.25,open-meteo:era5_seamless:-23.5:-46.8,2025-10-29,66.22,7.73,62.24,10,trigger,synthetic,synthetic,synthetic,synth-v1.0.0,2024,2cf705e1237a369a,ood
SP-021:sul:019000:2025-12-03,SP-021:sul:019000,SP-021,sul,19.25,open-meteo:era5_seamless:-23.5:-46.8,2025-12-03,41.59,3.04,62.24,10,proactive,synthetic,synthetic,synthetic,synth-v1.0.0,2024,2cf705e1237a369a,ood
SP-021:sul:019000:2026-01-23,SP-021:sul:019000,SP-021,sul,19.25,open-meteo:era5_seamless:-23.5:-46.8,2026-01-23,72.26,5.69,62.24,12,trigger,synthetic,synthetic,synthetic,synth-v1.0.0,2024,2cf705e1237a369a,ood
SP-021:sul:019000:2026-03-04,SP-021:sul:019000,SP-021,sul,19.25,open-meteo:era5_seamless:-23.5:-46.8,2026-03-04,70.66,6.51,62.24,10,trigger,synthetic,synthetic,synthetic,synth-v1.0.0,2024,2cf705e1237a369a,ood
SP-021:sul:019000:2026-05-02,SP-021:sul:019000,SP-021,sul,19.25,open-meteo:era5_seamless:-23.5:-46.8,2026-05-02,73.85,7.67,62.24,20,trigger,synthetic,synthetic,synthetic,synth-v1.0.0,2024,2cf705e1237a369a,ood
SP-021:norte:019500:2023-01-26,SP-021:norte:019500,SP-021,norte,19.75,open-meteo:era5_seamless:-23.5:-46.8,2023-01-26,39.01,4.93,53.41,4,proactive,synthetic,synthetic,synthetic,synth-v1.0.0,2024,2cf705e1237a369a,ood
SP-021:norte:019500:2023-03-28,SP-021:norte:019500,SP-021,norte,19.75,open-meteo:era5_seamless:-23.5:-46.8,2023-03-28,62.7,3.01,53.41,16,trigger,synthetic,synthetic,synthetic,synth-v1.0.0,2024,2cf705e1237a369a,ood
SP-021:norte:019500:2023-06-28,SP-021:norte:019500,SP-021,norte,19.75,open-meteo:era5_seamless:-23.5:-46.8,2023-06-28,33.15,6.24,53.41,10,proactive,synthetic,synthetic,synthetic,synth-v1.0.0,2024,2cf705e1237a369a,ood
SP-021:norte:019500:2023-11-10,SP-021:norte:019500,SP-021,norte,19.75,open-meteo:era5_seamless:-23.5:-46.8,2023-11-10,63.83,4.19,53.41,19,trigger,synthetic,synthetic,synthetic,synth-v1.0.0,2024,2cf705e1237a369a,ood
SP-021:norte:019500:2024-01-18,SP-021:norte:019500,SP-021,norte,19.75,open-meteo:era5_seamless:-23.5:-46.8,2024-01-18,57.85,7.48,53.41,4,trigger,synthetic,synthetic,synthetic,synth-v1.0.0,2024,2cf705e1237a369a,ood
SP-021:norte:019500:2024-04-13,SP-021:norte:019500,SP-021,norte,19.75,open-meteo:era5_seamless:-23.5:-46.8,2024-04-13,74.23,4.29,53.41,41,trigger,synthetic,synthetic,synthetic,synth-v1.0.0,2024,2cf705e1237a369a,ood
SP-021:norte:019500:2024-09-20,SP-021:norte:019500,SP-021,norte,19.75,open-meteo:era5_seamless:-23.5:-46.8,2024-09-20,58.84,6.93,53.41,12,trigger,synthetic,synthetic,synthetic,synth-v1.0.0,2024,2cf705e1237a369a,ood
SP-021:norte:019500:2024-12-10,SP-021:norte:019500,SP-021,norte,19.75,open-meteo:era5_seamless:-23.5:-46.8,2024-12-10,57.71,6.56,53.41,2,trigger,synthetic,synthetic,synthetic,synth-v1.0.0,2024,2cf705e1237a369a,ood
SP-021:norte:019500:2025-02-07,SP-021:norte:019500,SP-021,norte,19.75,open-meteo:era5_seamless:-23.5:-46.8,2025-02-07,60.06,5.86,53.41,5,trigger,synthetic,synthetic,synthetic,synth-v1.0.0,2024,2cf705e1237a369a,ood
SP-021:norte:019500:2025-04-08,SP-021:norte:019500,SP-021,norte,19.75,open-meteo:era5_seamless:-23.5:-46.8,2025-04-08,56.5,3.23,53.41,9,trigger,synthetic,synthetic,synthetic,synth-v1.0.0,2024,2cf705e1237a369a,ood
SP-021:norte:019500:2025-07-01,SP-021:norte:019500,SP-021,norte,19.75,open-meteo:era5_seamless:-23.5:-46.8,2025-07-01,35.52,7.0,53.41,16,proactive,synthetic,synthetic,synthetic,synth-v1.0.0,2024,2cf705e1237a369a,ood
SP-021:norte:019500:2025-12-15,SP-021:norte:019500,SP-021,norte,19.75,open-meteo:era5_seamless:-23.5:-46.8,2025-12-15,58.88,3.91,53.41,8,trigger,synthetic,synthetic,synthetic,synth-v1.0.0,2024,2cf705e1237a369a,ood
SP-021:norte:019500:2026-03-06,SP-021:norte:019500,SP-021,norte,19.75,open-meteo:era5_seamless:-23.5:-46.8,2026-03-06,66.61,3.72,53.41,26,trigger,synthetic,synthetic,synthetic,synth-v1.0.0,2024,2cf705e1237a369a,ood
SP-021:norte:019500:2026-06-01,SP-021:norte:019500,SP-021,norte,19.75,open-meteo:era5_seamless:-23.5:-46.8,2026-06-01,55.25,3.51,53.41,15,trigger,synthetic,synthetic,synthetic,synth-v1.0.0,2024,2cf705e1237a369a,ood
SP-021:sul:019500:2023-03-01,SP-021:sul:019500,SP-021,sul,19.75,open-meteo:era5_seamless:-23.5:-46.8,2023-03-01,68.05,4.32,55.49,17,trigger,synthetic,synthetic,synthetic,synth-v1.0.0,2024,2cf705e1237a369a,ood
SP-021:sul:019500:2023-06-07,SP-021:sul:019500,SP-021,sul,19.75,open-meteo:era5_seamless:-23.5:-46.8,2023-06-07,56.09,3.89,55.49,10,trigger,synthetic,synthetic,synthetic,synth-v1.0.0,2024,2cf705e1237a369a,ood
SP-021:sul:019500:2023-10-30,SP-021:sul:019500,SP-021,sul,19.75,open-meteo:era5_seamless:-23.5:-46.8,2023-10-30,56.71,4.14,55.49,29,proactive,synthetic,synthetic,synthetic,synth-v1.0.0,2024,2cf705e1237a369a,ood
SP-021:sul:019500:2024-02-11,SP-021:sul:019500,SP-021,sul,19.75,open-meteo:era5_seamless:-23.5:-46.8,2024-02-11,72.02,5.47,55.49,28,trigger,synthetic,synthetic,synthetic,synth-v1.0.0,2024,2cf705e1237a369a,ood
SP-021:sul:019500:2024-04-11,SP-021:sul:019500,SP-021,sul,19.75,open-meteo:era5_seamless:-23.5:-46.8,2024-04-11,66.33,4.37,55.49,11,trigger,synthetic,synthetic,synthetic,synth-v1.0.0,2024,2cf705e1237a369a,ood
SP-021:sul:019500:2024-09-26,SP-021:sul:019500,SP-021,sul,19.75,open-meteo:era5_seamless:-23.5:-46.8,2024-09-26,57.88,4.22,55.49,4,trigger,synthetic,synthetic,synthetic,synth-v1.0.0,2024,2cf705e1237a369a,ood
SP-021:sul:019500:2025-01-02,SP-021:sul:019500,SP-021,sul,19.75,open-meteo:era5_seamless:-23.5:-46.8,2025-01-02,67.82,4.51,55.49,18,trigger,synthetic,synthetic,synthetic,synth-v1.0.0,2024,2cf705e1237a369a,ood
SP-021:sul:019500:2025-04-07,SP-021:sul:019500,SP-021,sul,19.75,open-meteo:era5_seamless:-23.5:-46.8,2025-04-07,75.97,6.49,55.49,43,trigger,synthetic,synthetic,synthetic,synth-v1.0.0,2024,2cf705e1237a369a,ood
SP-021:sul:019500:2025-11-02,SP-021:sul:019500,SP-021,sul,19.75,open-meteo:era5_seamless:-23.5:-46.8,2025-11-02,58.0,5.82,55.49,14,trigger,synthetic,synthetic,synthetic,synth-v1.0.0,2024,2cf705e1237a369a,ood
SP-021:sul:019500:2026-01-10,SP-021:sul:019500,SP-021,sul,19.75,open-meteo:era5_seamless:-23.5:-46.8,2026-01-10,56.1,3.75,55.49,13,proactive,synthetic,synthetic,synthetic,synth-v1.0.0,2024,2cf705e1237a369a,ood
SP-021:sul:019500:2026-02-24,SP-021:sul:019500,SP-021,sul,19.75,open-meteo:era5_seamless:-23.5:-46.8,2026-02-24,47.48,7.73,55.49,9,proactive,synthetic,synthetic,synthetic,synth-v1.0.0,2024,2cf705e1237a369a,ood
SP-021:sul:019500:2026-05-21,SP-021:sul:019500,SP-021,sul,19.75,open-meteo:era5_seamless:-23.5:-46.8,2026-05-21,59.42,4.79,55.49,18,trigger,synthetic,synthetic,synthetic,synth-v1.0.0,2024,2cf705e1237a369a,ood
SP-021:norte:020000:2023-03-21,SP-021:norte:020000,SP-021,norte,20.25,open-meteo:era5_seamless:-23.5:-46.8,2023-03-21,70.04,5.78,50.36,37,trigger,synthetic,synthetic,synthetic,synth-v1.0.0,2024,2cf705e1237a369a,ood
SP-021:norte:020000:2023-11-05,SP-021:norte:020000,SP-021,norte,20.25,open-meteo:era5_seamless:-23.5:-46.8,2023-11-05,64.15,7.29,50.36,28,trigger,synthetic,synthetic,synthetic,synth-v1.0.0,2024,2cf705e1237a369a,ood
SP-021:norte:020000:2024-01-29,SP-021:norte:020000,SP-021,norte,20.25,open-meteo:era5_seamless:-23.5:-46.8,2024-01-29,55.49,5.43,50.36,8,trigger,synthetic,synthetic,synthetic,synth-v1.0.0,2024,2cf705e1237a369a,ood
SP-021:norte:020000:2024-04-03,SP-021:norte:020000,SP-021,norte,20.25,open-meteo:era5_seamless:-23.5:-46.8,2024-04-03,57.84,4.0,50.36,10,trigger,synthetic,synthetic,synthetic,synth-v1.0.0,2024,2cf705e1237a369a,ood
SP-021:norte:020000:2024-10-09,SP-021:norte:020000,SP-021,norte,20.25,open-meteo:era5_seamless:-23.5:-46.8,2024-10-09,58.38,7.08,50.36,31,trigger,synthetic,synthetic,synthetic,synth-v1.0.0,2024,2cf705e1237a369a,ood
SP-021:norte:020000:2024-11-28,SP-021:norte:020000,SP-021,norte,20.25,open-meteo:era5_seamless:-23.5:-46.8,2024-11-28,34.73,4.66,50.36,4,proactive,synthetic,synthetic,synthetic,synth-v1.0.0,2024,2cf705e1237a369a,ood
SP-021:norte:020000:2025-02-11,SP-021:norte:020000,SP-021,norte,20.25,open-meteo:era5_seamless:-23.5:-46.8,2025-02-11,59.05,7.61,50.36,16,trigger,synthetic,synthetic,synthetic,synth-v1.0.0,2024,2cf705e1237a369a,ood
SP-021:norte:020000:2025-05-24,SP-021:norte:020000,SP-021,norte,20.25,open-meteo:era5_seamless:-23.5:-46.8,2025-05-24,58.22,7.8,50.36,34,trigger,synthetic,synthetic,synthetic,synth-v1.0.0,2024,2cf705e1237a369a,ood
SP-021:norte:020000:2025-12-07,SP-021:norte:020000,SP-021,norte,20.25,open-meteo:era5_seamless:-23.5:-46.8,2025-12-07,49.35,6.94,50.36,14,proactive,synthetic,synthetic,synthetic,synth-v1.0.0,2024,2cf705e1237a369a,ood
SP-021:norte:020000:2026-02-21,SP-021:norte:020000,SP-021,norte,20.25,open-meteo:era5_seamless:-23.5:-46.8,2026-02-21,56.43,6.2,50.36,13,proactive,synthetic,synthetic,synthetic,synth-v1.0.0,2024,2cf705e1237a369a,ood
SP-021:norte:020000:2026-06-03,SP-021:norte:020000,SP-021,norte,20.25,open-meteo:era5_seamless:-23.5:-46.8,2026-06-03,53.11,5.35,50.36,24,trigger,synthetic,synthetic,synthetic,synth-v1.0.0,2024,2cf705e1237a369a,ood
SP-021:sul:020000:2023-04-03,SP-021:sul:020000,SP-021,sul,20.25,open-meteo:era5_seamless:-23.5:-46.8,2023-04-03,73.98,7.63,65.8,22,trigger,synthetic,synthetic,synthetic,synth-v1.0.0,2024,2cf705e1237a369a,ood
SP-021:sul:020000:2023-10-21,SP-021:sul:020000,SP-021,sul,20.25,open-meteo:era5_seamless:-23.5:-46.8,2023-10-21,61.01,4.29,65.8,20,proactive,synthetic,synthetic,synthetic,synth-v1.0.0,2024,2cf705e1237a369a,ood
SP-021:sul:020000:2023-12-06,SP-021:sul:020000,SP-021,sul,20.25,open-meteo:era5_seamless:-23.5:-46.8,2023-12-06,41.22,5.95,65.8,17,proactive,synthetic,synthetic,synthetic,synth-v1.0.0,2024,2cf705e1237a369a,ood
SP-021:sul:020000:2024-03-15,SP-021:sul:020000,SP-021,sul,20.25,open-meteo:era5_seamless:-23.5:-46.8,2024-03-15,72.24,7.98,65.8,12,trigger,synthetic,synthetic,synthetic,synth-v1.0.0,2024,2cf705e1237a369a,ood
SP-021:sul:020000:2024-09-13,SP-021:sul:020000,SP-021,sul,20.25,open-meteo:era5_seamless:-23.5:-46.8,2024-09-13,67.18,5.12,65.8,5,trigger,synthetic,synthetic,synthetic,synth-v1.0.0,2024,2cf705e1237a369a,ood
SP-021:sul:020000:2025-01-23,SP-021:sul:020000,SP-021,sul,20.25,open-meteo:era5_seamless:-23.5:-46.8,2025-01-23,73.96,6.42,65.8,18,trigger,synthetic,synthetic,synthetic,synth-v1.0.0,2024,2cf705e1237a369a,ood
SP-021:sul:020000:2025-04-30,SP-021:sul:020000,SP-021,sul,20.25,open-meteo:era5_seamless:-23.5:-46.8,2025-04-30,68.74,4.19,65.8,10,trigger,synthetic,synthetic,synthetic,synth-v1.0.0,2024,2cf705e1237a369a,ood
SP-021:sul:020000:2026-01-08,SP-021:sul:020000,SP-021,sul,20.25,open-meteo:era5_seamless:-23.5:-46.8,2026-01-08,69.56,6.77,65.8,11,trigger,synthetic,synthetic,synthetic,synth-v1.0.0,2024,2cf705e1237a369a,ood
SP-021:sul:020000:2026-04-26,SP-021:sul:020000,SP-021,sul,20.25,open-meteo:era5_seamless:-23.5:-46.8,2026-04-26,71.85,7.95,65.8,28,trigger,synthetic,synthetic,synthetic,synth-v1.0.0,2024,2cf705e1237a369a,ood
SP-021:norte:020500:2023-02-27,SP-021:norte:020500,SP-021,norte,20.75,open-meteo:era5_seamless:-23.5:-46.8,2023-02-27,69.54,7.68,62.33,29,proactive,synthetic,synthetic,synthetic,synth-v1.0.0,2024,2cf705e1237a369a,ood
SP-021:norte:020500:2023-08-18,SP-021:norte:020500,SP-021,norte,20.75,open-meteo:era5_seamless:-23.5:-46.8,2023-08-18,62.94,5.16,62.33,5,trigger,synthetic,synthetic,synthetic,synth-v1.0.0,2024,2cf705e1237a369a,ood
SP-021:norte:020500:2023-12-13,SP-021:norte:020500,SP-021,norte,20.75,open-meteo:era5_seamless:-23.5:-46.8,2023-12-13,67.19,7.77,62.33,10,trigger,synthetic,synthetic,synthetic,synth-v1.0.0,2024,2cf705e1237a369a,ood
SP-021:norte:020500:2024-03-18,SP-021:norte:020500,SP-021,norte,20.75,open-meteo:era5_seamless:-23.5:-46.8,2024-03-18,73.28,4.0,62.33,15,trigger,synthetic,synthetic,synthetic,synth-v1.0.0,2024,2cf705e1237a369a,ood
SP-021:norte:020500:2024-09-01,SP-021:norte:020500,SP-021,norte,20.75,open-meteo:era5_seamless:-23.5:-46.8,2024-09-01,63.18,6.58,62.33,7,trigger,synthetic,synthetic,synthetic,synth-v1.0.0,2024,2cf705e1237a369a,ood
SP-021:norte:020500:2024-12-07,SP-021:norte:020500,SP-021,norte,20.75,open-meteo:era5_seamless:-23.5:-46.8,2024-12-07,58.8,3.24,62.33,13,proactive,synthetic,synthetic,synthetic,synth-v1.0.0,2024,2cf705e1237a369a,ood
SP-021:norte:020500:2025-02-27,SP-021:norte:020500,SP-021,norte,20.75,open-meteo:era5_seamless:-23.5:-46.8,2025-02-27,72.01,3.32,62.33,25,proactive,synthetic,synthetic,synthetic,synth-v1.0.0,2024,2cf705e1237a369a,ood
SP-021:norte:020500:2025-10-01,SP-021:norte:020500,SP-021,norte,20.75,open-meteo:era5_seamless:-23.5:-46.8,2025-10-01,63.86,6.24,62.33,10,trigger,synthetic,synthetic,synthetic,synth-v1.0.0,2024,2cf705e1237a369a,ood
SP-021:norte:020500:2026-01-07,SP-021:norte:020500,SP-021,norte,20.75,open-meteo:era5_seamless:-23.5:-46.8,2026-01-07,58.23,7.78,62.33,45,proactive,synthetic,synthetic,synthetic,synth-v1.0.0,2024,2cf705e1237a369a,ood
SP-021:norte:020500:2026-04-22,SP-021:norte:020500,SP-021,norte,20.75,open-meteo:era5_seamless:-23.5:-46.8,2026-04-22,72.91,7.21,62.33,31,trigger,synthetic,synthetic,synthetic,synth-v1.0.0,2024,2cf705e1237a369a,ood
SP-021:sul:020500:2023-02-07,SP-021:sul:020500,SP-021,sul,20.75,open-meteo:era5_seamless:-23.5:-46.8,2023-02-07,80.49,5.08,67.0,9,trigger,synthetic,synthetic,synthetic,synth-v1.0.0,2024,2cf705e1237a369a,ood
SP-021:sul:020500:2023-04-15,SP-021:sul:020500,SP-021,sul,20.75,open-meteo:era5_seamless:-23.5:-46.8,2023-04-15,98.98,3.24,67.0,34,trigger,synthetic,synthetic,synthetic,synth-v1.0.0,2024,2cf705e1237a369a,ood
SP-021:sul:020500:2023-10-10,SP-021:sul:020500,SP-021,sul,20.75,open-meteo:era5_seamless:-23.5:-46.8,2023-10-10,89.54,6.86,67.0,30,trigger,synthetic,synthetic,synthetic,synth-v1.0.0,2024,2cf705e1237a369a,ood
SP-021:sul:020500:2023-12-14,SP-021:sul:020500,SP-021,sul,20.75,open-meteo:era5_seamless:-23.5:-46.8,2023-12-14,91.16,3.49,67.0,25,trigger,synthetic,synthetic,synthetic,synth-v1.0.0,2024,2cf705e1237a369a,ood
SP-021:sul:020500:2024-02-29,SP-021:sul:020500,SP-021,sul,20.75,open-meteo:era5_seamless:-23.5:-46.8,2024-02-29,102.72,4.36,67.0,25,trigger,synthetic,synthetic,synthetic,synth-v1.0.0,2024,2cf705e1237a369a,ood
SP-021:sul:020500:2024-04-12,SP-021:sul:020500,SP-021,sul,20.75,open-meteo:era5_seamless:-23.5:-46.8,2024-04-12,84.5,7.53,67.0,12,trigger,synthetic,synthetic,synthetic,synth-v1.0.0,2024,2cf705e1237a369a,ood
SP-021:sul:020500:2024-08-16,SP-021:sul:020500,SP-021,sul,20.75,open-meteo:era5_seamless:-23.5:-46.8,2024-08-16,77.31,7.13,67.0,12,trigger,synthetic,synthetic,synthetic,synth-v1.0.0,2024,2cf705e1237a369a,ood
SP-021:sul:020500:2024-11-16,SP-021:sul:020500,SP-021,sul,20.75,open-meteo:era5_seamless:-23.5:-46.8,2024-11-16,83.91,3.27,67.0,13,trigger,synthetic,synthetic,synthetic,synth-v1.0.0,2024,2cf705e1237a369a,ood
SP-021:sul:020500:2025-01-04,SP-021:sul:020500,SP-021,sul,20.75,open-meteo:era5_seamless:-23.5:-46.8,2025-01-04,85.1,7.18,67.0,13,trigger,synthetic,synthetic,synthetic,synth-v1.0.0,2024,2cf705e1237a369a,ood
SP-021:sul:020500:2025-02-12,SP-021:sul:020500,SP-021,sul,20.75,open-meteo:era5_seamless:-23.5:-46.8,2025-02-12,83.0,7.0,67.0,10,trigger,synthetic,synthetic,synthetic,synth-v1.0.0,2024,2cf705e1237a369a,ood
SP-021:sul:020500:2025-04-01,SP-021:sul:020500,SP-021,sul,20.75,open-meteo:era5_seamless:-23.5:-46.8,2025-04-01,80.81,3.84,67.0,16,trigger,synthetic,synthetic,synthetic,synth-v1.0.0,2024,2cf705e1237a369a,ood
SP-021:sul:020500:2025-07-04,SP-021:sul:020500,SP-021,sul,20.75,open-meteo:era5_seamless:-23.5:-46.8,2025-07-04,69.67,3.84,67.0,12,trigger,synthetic,synthetic,synthetic,synth-v1.0.0,2024,2cf705e1237a369a,ood
SP-021:sul:020500:2025-12-07,SP-021:sul:020500,SP-021,sul,20.75,open-meteo:era5_seamless:-23.5:-46.8,2025-12-07,85.19,5.54,67.0,28,trigger,synthetic,synthetic,synthetic,synth-v1.0.0,2024,2cf705e1237a369a,ood
SP-021:sul:020500:2026-01-28,SP-021:sul:020500,SP-021,sul,20.75,open-meteo:era5_seamless:-23.5:-46.8,2026-01-28,81.54,6.84,67.0,31,proactive,synthetic,synthetic,synthetic,synth-v1.0.0,2024,2cf705e1237a369a,ood
SP-021:sul:020500:2026-04-08,SP-021:sul:020500,SP-021,sul,20.75,open-meteo:era5_seamless:-23.5:-46.8,2026-04-08,104.47,5.3,67.0,31,trigger,synthetic,synthetic,synthetic,synth-v1.0.0,2024,2cf705e1237a369a,ood
SP-021:sul:020500:2026-09-01,SP-021:sul:020500,SP-021,sul,20.75,open-meteo:era5_seamless:-23.5:-46.8,2026-09-01,71.16,7.14,67.0,11,trigger,synthetic,synthetic,synthetic,synth-v1.0.0,2024,2cf705e1237a369a,ood
SP-021:norte:021000:2023-02-25,SP-021:norte:021000,SP-021,norte,21.25,open-meteo:era5_seamless:-23.6:-46.8,2023-02-25,60.57,3.04,53.97,6,trigger,synthetic,synthetic,synthetic,synth-v1.0.0,2024,2cf705e1237a369a,ood
SP-021:norte:021000:2023-05-09,SP-021:norte:021000,SP-021,norte,21.25,open-meteo:era5_seamless:-23.6:-46.8,2023-05-09,53.1,4.97,53.97,44,proactive,synthetic,synthetic,synthetic,synth-v1.0.0,2024,2cf705e1237a369a,ood
SP-021:norte:021000:2023-10-04,SP-021:norte:021000,SP-021,norte,21.25,open-meteo:era5_seamless:-23.6:-46.8,2023-10-04,46.23,3.82,53.97,3,proactive,synthetic,synthetic,synthetic,synth-v1.0.0,2024,2cf705e1237a369a,ood
SP-021:norte:021000:2024-01-03,SP-021:norte:021000,SP-021,norte,21.25,open-meteo:era5_seamless:-23.6:-46.8,2024-01-03,57.62,5.15,53.97,10,trigger,synthetic,synthetic,synthetic,synth-v1.0.0,2024,2cf705e1237a369a,ood
SP-021:norte:021000:2024-03-02,SP-021:norte:021000,SP-021,norte,21.25,open-meteo:era5_seamless:-23.6:-46.8,2024-03-02,53.66,4.64,53.97,6,proactive,synthetic,synthetic,synthetic,synth-v1.0.0,2024,2cf705e1237a369a,ood
SP-021:norte:021000:2024-05-07,SP-021:norte:021000,SP-021,norte,21.25,open-meteo:era5_seamless:-23.6:-46.8,2024-05-07,57.5,5.1,53.97,9,trigger,synthetic,synthetic,synthetic,synth-v1.0.0,2024,2cf705e1237a369a,ood
SP-021:norte:021000:2024-09-03,SP-021:norte:021000,SP-021,norte,21.25,open-meteo:era5_seamless:-23.6:-46.8,2024-09-03,41.39,3.23,53.97,9,proactive,synthetic,synthetic,synthetic,synth-v1.0.0,2024,2cf705e1237a369a,ood
SP-021:norte:021000:2024-11-13,SP-021:norte:021000,SP-021,norte,21.25,open-meteo:era5_seamless:-23.6:-46.8,2024-11-13,41.41,5.28,53.97,3,proactive,synthetic,synthetic,synthetic,synth-v1.0.0,2024,2cf705e1237a369a,ood
SP-021:norte:021000:2025-01-31,SP-021:norte:021000,SP-021,norte,21.25,open-meteo:era5_seamless:-23.6:-46.8,2025-01-31,62.41,5.03,53.97,12,trigger,synthetic,synthetic,synthetic,synth-v1.0.0,2024,2cf705e1237a369a,ood
SP-021:norte:021000:2025-04-12,SP-021:norte:021000,SP-021,norte,21.25,open-meteo:era5_seamless:-23.6:-46.8,2025-04-12,57.48,5.5,53.97,13,proactive,synthetic,synthetic,synthetic,synth-v1.0.0,2024,2cf705e1237a369a,ood
SP-021:norte:021000:2025-09-21,SP-021:norte:021000,SP-021,norte,21.25,open-meteo:era5_seamless:-23.6:-46.8,2025-09-21,47.51,5.11,53.97,7,proactive,synthetic,synthetic,synthetic,synth-v1.0.0,2024,2cf705e1237a369a,ood
SP-021:norte:021000:2026-01-13,SP-021:norte:021000,SP-021,norte,21.25,open-meteo:era5_seamless:-23.6:-46.8,2026-01-13,58.55,4.65,53.97,9,trigger,synthetic,synthetic,synthetic,synth-v1.0.0,2024,2cf705e1237a369a,ood
SP-021:norte:021000:2026-03-26,SP-021:norte:021000,SP-021,norte,21.25,open-meteo:era5_seamless:-23.6:-46.8,2026-03-26,60.92,3.56,53.97,4,trigger,synthetic,synthetic,synthetic,synth-v1.0.0,2024,2cf705e1237a369a,ood
SP-021:sul:021000:2023-01-17,SP-021:sul:021000,SP-021,sul,21.25,open-meteo:era5_seamless:-23.6:-46.8,2023-01-17,67.77,4.93,65.57,2,trigger,synthetic,synthetic,synthetic,synth-v1.0.0,2024,2cf705e1237a369a,ood
SP-021:sul:021000:2023-03-21,SP-021:sul:021000,SP-021,sul,21.25,open-meteo:era5_seamless:-23.6:-46.8,2023-03-21,85.61,5.79,65.57,16,trigger,synthetic,synthetic,synthetic,synth-v1.0.0,2024,2cf705e1237a369a,ood
SP-021:sul:021000:2023-05-10,SP-021:sul:021000,SP-021,sul,21.25,open-meteo:era5_seamless:-23.6:-46.8,2023-05-10,51.52,3.96,65.57,17,proactive,synthetic,synthetic,synthetic,synth-v1.0.0,2024,2cf705e1237a369a,ood
SP-021:sul:021000:2023-11-05,SP-021:sul:021000,SP-021,sul,21.25,open-meteo:era5_seamless:-23.6:-46.8,2023-11-05,84.24,6.58,65.57,28,trigger,synthetic,synthetic,synthetic,synth-v1.0.0,2024,2cf705e1237a369a,ood
SP-021:sul:021000:2024-01-27,SP-021:sul:021000,SP-021,sul,21.25,open-meteo:era5_seamless:-23.6:-46.8,2024-01-27,76.11,4.9,65.57,13,trigger,synthetic,synthetic,synthetic,synth-v1.0.0,2024,2cf705e1237a369a,ood
SP-021:sul:021000:2024-03-04,SP-021:sul:021000,SP-021,sul,21.25,open-meteo:era5_seamless:-23.6:-46.8,2024-03-04,63.36,3.05,65.57,15,proactive,synthetic,synthetic,synthetic,synth-v1.0.0,2024,2cf705e1237a369a,ood
SP-021:sul:021000:2024-04-28,SP-021:sul:021000,SP-021,sul,21.25,open-meteo:era5_seamless:-23.6:-46.8,2024-04-28,73.42,6.8,65.57,7,trigger,synthetic,synthetic,synthetic,synth-v1.0.0,2024,2cf705e1237a369a,ood
SP-021:sul:021000:2024-09-18,SP-021:sul:021000,SP-021,sul,21.25,open-meteo:era5_seamless:-23.6:-46.8,2024-09-18,67.37,6.75,65.57,3,trigger,synthetic,synthetic,synthetic,synth-v1.0.0,2024,2cf705e1237a369a,ood
SP-021:sul:021000:2024-12-29,SP-021:sul:021000,SP-021,sul,21.25,open-meteo:era5_seamless:-23.6:-46.8,2024-12-29,88.57,6.08,65.57,28,trigger,synthetic,synthetic,synthetic,synth-v1.0.0,2024,2cf705e1237a369a,ood
SP-021:sul:021000:2025-02-21,SP-021:sul:021000,SP-021,sul,21.25,open-meteo:era5_seamless:-23.6:-46.8,2025-02-21,80.52,5.92,65.57,12,trigger,synthetic,synthetic,synthetic,synth-v1.0.0,2024,2cf705e1237a369a,ood
SP-021:sul:021000:2025-05-06,SP-021:sul:021000,SP-021,sul,21.25,open-meteo:era5_seamless:-23.6:-46.8,2025-05-06,73.63,6.49,65.57,9,trigger,synthetic,synthetic,synthetic,synth-v1.0.0,2024,2cf705e1237a369a,ood
SP-021:sul:021000:2025-11-23,SP-021:sul:021000,SP-021,sul,21.25,open-meteo:era5_seamless:-23.6:-46.8,2025-11-23,74.97,7.85,65.57,14,trigger,synthetic,synthetic,synthetic,synth-v1.0.0,2024,2cf705e1237a369a,ood
SP-021:sul:021000:2026-01-24,SP-021:sul:021000,SP-021,sul,21.25,open-meteo:era5_seamless:-23.6:-46.8,2026-01-24,68.91,4.79,65.57,27,proactive,synthetic,synthetic,synthetic,synth-v1.0.0,2024,2cf705e1237a369a,ood
SP-021:sul:021000:2026-03-23,SP-021:sul:021000,SP-021,sul,21.25,open-meteo:era5_seamless:-23.6:-46.8,2026-03-23,79.53,7.69,65.57,15,trigger,synthetic,synthetic,synthetic,synth-v1.0.0,2024,2cf705e1237a369a,ood
SP-021:sul:021000:2026-08-13,SP-021:sul:021000,SP-021,sul,21.25,open-meteo:era5_seamless:-23.6:-46.8,2026-08-13,73.16,6.57,65.57,4,trigger,synthetic,synthetic,synthetic,synth-v1.0.0,2024,2cf705e1237a369a,ood
SP-021:norte:021500:2023-02-12,SP-021:norte:021500,SP-021,norte,21.75,open-meteo:era5_seamless:-23.6:-46.8,2023-02-12,70.44,6.09,70.0,21,proactive,synthetic,synthetic,synthetic,synth-v1.0.0,2024,2cf705e1237a369a,ood
SP-021:norte:021500:2023-05-08,SP-021:norte:021500,SP-021,norte,21.75,open-meteo:era5_seamless:-23.6:-46.8,2023-05-08,86.62,7.4,70.0,36,trigger,synthetic,synthetic,synthetic,synth-v1.0.0,2024,2cf705e1237a369a,ood
SP-021:norte:021500:2023-11-09,SP-021:norte:021500,SP-021,norte,21.75,open-meteo:era5_seamless:-23.6:-46.8,2023-11-09,84.13,7.14,70.0,18,trigger,synthetic,synthetic,synthetic,synth-v1.0.0,2024,2cf705e1237a369a,ood
SP-021:norte:021500:2024-01-23,SP-021:norte:021500,SP-021,norte,21.75,open-meteo:era5_seamless:-23.6:-46.8,2024-01-23,72.78,7.58,70.0,2,trigger,synthetic,synthetic,synthetic,synth-v1.0.0,2024,2cf705e1237a369a,ood
SP-021:norte:021500:2024-03-20,SP-021:norte:021500,SP-021,norte,21.75,open-meteo:era5_seamless:-23.6:-46.8,2024-03-20,81.12,7.69,70.0,10,trigger,synthetic,synthetic,synthetic,synth-v1.0.0,2024,2cf705e1237a369a,ood
SP-021:norte:021500:2024-06-05,SP-021:norte:021500,SP-021,norte,21.75,open-meteo:era5_seamless:-23.6:-46.8,2024-06-05,70.63,4.01,70.0,3,trigger,synthetic,synthetic,synthetic,synth-v1.0.0,2024,2cf705e1237a369a,ood
SP-021:norte:021500:2024-09-28,SP-021:norte:021500,SP-021,norte,21.75,open-meteo:era5_seamless:-23.6:-46.8,2024-09-28,58.62,7.53,70.0,13,proactive,synthetic,synthetic,synthetic,synth-v1.0.0,2024,2cf705e1237a369a,ood
SP-021:norte:021500:2024-12-11,SP-021:norte:021500,SP-021,norte,21.75,open-meteo:era5_seamless:-23.6:-46.8,2024-12-11,72.78,7.26,70.0,3,trigger,synthetic,synthetic,synthetic,synth-v1.0.0,2024,2cf705e1237a369a,ood
SP-021:norte:021500:2025-02-16,SP-021:norte:021500,SP-021,norte,21.75,open-meteo:era5_seamless:-23.6:-46.8,2025-02-16,86.6,6.92,70.0,14,trigger,synthetic,synthetic,synthetic,synth-v1.0.0,2024,2cf705e1237a369a,ood
SP-021:norte:021500:2025-04-25,SP-021:norte:021500,SP-021,norte,21.75,open-meteo:era5_seamless:-23.6:-46.8,2025-04-25,73.95,3.19,70.0,5,trigger,synthetic,synthetic,synthetic,synth-v1.0.0,2024,2cf705e1237a369a,ood
SP-021:norte:021500:2025-12-12,SP-021:norte:021500,SP-021,norte,21.75,open-meteo:era5_seamless:-23.6:-46.8,2025-12-12,84.53,7.78,70.0,40,trigger,synthetic,synthetic,synthetic,synth-v1.0.0,2024,2cf705e1237a369a,ood
SP-021:norte:021500:2026-01-28,SP-021:norte:021500,SP-021,norte,21.75,open-meteo:era5_seamless:-23.6:-46.8,2026-01-28,58.84,5.81,70.0,17,proactive,synthetic,synthetic,synthetic,synth-v1.0.0,2024,2cf705e1237a369a,ood
SP-021:norte:021500:2026-03-03,SP-021:norte:021500,SP-021,norte,21.75,open-meteo:era5_seamless:-23.6:-46.8,2026-03-03,57.83,3.36,70.0,9,proactive,synthetic,synthetic,synthetic,synth-v1.0.0,2024,2cf705e1237a369a,ood
SP-021:norte:021500:2026-05-24,SP-021:norte:021500,SP-021,norte,21.75,open-meteo:era5_seamless:-23.6:-46.8,2026-05-24,73.05,5.95,70.0,7,trigger,synthetic,synthetic,synthetic,synth-v1.0.0,2024,2cf705e1237a369a,ood
SP-021:sul:021500:2023-03-19,SP-021:sul:021500,SP-021,sul,21.75,open-meteo:era5_seamless:-23.6:-46.8,2023-03-19,68.68,4.1,65.81,7,trigger,synthetic,synthetic,synthetic,synth-v1.0.0,2024,2cf705e1237a369a,ood
SP-021:sul:021500:2023-06-11,SP-021:sul:021500,SP-021,sul,21.75,open-meteo:era5_seamless:-23.6:-46.8,2023-06-11,38.72,7.5,65.81,14,proactive,synthetic,synthetic,synthetic,synth-v1.0.0,2024,2cf705e1237a369a,ood
SP-021:sul:021500:2023-11-10,SP-021:sul:021500,SP-021,sul,21.75,open-meteo:era5_seamless:-23.6:-46.8,2023-11-10,59.23,4.07,65.81,5,proactive,synthetic,synthetic,synthetic,synth-v1.0.0,2024,2cf705e1237a369a,ood
SP-021:sul:021500:2024-01-25,SP-021:sul:021500,SP-021,sul,21.75,open-meteo:era5_seamless:-23.6:-46.8,2024-01-25,49.41,4.4,65.81,18,proactive,synthetic,synthetic,synthetic,synth-v1.0.0,2024,2cf705e1237a369a,ood
SP-021:sul:021500:2024-04-29,SP-021:sul:021500,SP-021,sul,21.75,open-meteo:era5_seamless:-23.6:-46.8,2024-04-29,68.74,3.04,65.81,8,trigger,synthetic,synthetic,synthetic,synth-v1.0.0,2024,2cf705e1237a369a,ood
SP-021:sul:021500:2024-08-25,SP-021:sul:021500,SP-021,sul,21.75,open-meteo:era5_seamless:-23.6:-46.8,2024-08-25,40.97,5.87,65.81,14,proactive,synthetic,synthetic,synthetic,synth-v1.0.0,2024,2cf705e1237a369a,ood
SP-021:sul:021500:2025-02-06,SP-021:sul:021500,SP-021,sul,21.75,open-meteo:era5_seamless:-23.6:-46.8,2025-02-06,75.6,7.38,65.81,32,trigger,synthetic,synthetic,synthetic,synth-v1.0.0,2024,2cf705e1237a369a,ood
SP-021:sul:021500:2025-06-14,SP-021:sul:021500,SP-021,sul,21.75,open-meteo:era5_seamless:-23.6:-46.8,2025-06-14,66.15,3.37,65.81,6,trigger,synthetic,synthetic,synthetic,synth-v1.0.0,2024,2cf705e1237a369a,ood
SP-021:sul:021500:2026-02-20,SP-021:sul:021500,SP-021,sul,21.75,open-meteo:era5_seamless:-23.6:-46.8,2026-02-20,74.63,7.56,65.81,33,trigger,synthetic,synthetic,synthetic,synth-v1.0.0,2024,2cf705e1237a369a,ood
SP-021:sul:021500:2026-09-01,SP-021:sul:021500,SP-021,sul,21.75,open-meteo:era5_seamless:-23.6:-46.8,2026-09-01,67.49,6.31,65.81,31,trigger,synthetic,synthetic,synthetic,synth-v1.0.0,2024,2cf705e1237a369a,ood
SP-021:norte:022000:2023-02-06,SP-021:norte:022000,SP-021,norte,22.25,open-meteo:era5_seamless:-23.6:-46.8,2023-02-06,90.29,4.85,50.14,22,trigger,synthetic,synthetic,synthetic,synth-v1.0.0,2024,2cf705e1237a369a,ood
SP-021:norte:022000:2023-03-11,SP-021:norte:022000,SP-021,norte,22.25,open-meteo:era5_seamless:-23.6:-46.8,2023-03-11,80.33,5.45,50.14,13,trigger,synthetic,synthetic,synthetic,synth-v1.0.0,2024,2cf705e1237a369a,ood
SP-021:norte:022000:2023-04-22,SP-021:norte:022000,SP-021,norte,22.25,open-meteo:era5_seamless:-23.6:-46.8,2023-04-22,75.88,5.41,50.14,20,trigger,synthetic,synthetic,synthetic,synth-v1.0.0,2024,2cf705e1237a369a,ood
SP-021:norte:022000:2023-07-05,SP-021:norte:022000,SP-021,norte,22.25,open-meteo:era5_seamless:-23.6:-46.8,2023-07-05,56.03,5.92,50.14,10,trigger,synthetic,synthetic,synthetic,synth-v1.0.0,2024,2cf705e1237a369a,ood
SP-021:norte:022000:2023-09-24,SP-021:norte:022000,SP-021,norte,22.25,open-meteo:era5_seamless:-23.6:-46.8,2023-09-24,71.29,4.57,50.14,21,trigger,synthetic,synthetic,synthetic,synth-v1.0.0,2024,2cf705e1237a369a,ood
SP-021:norte:022000:2023-11-17,SP-021:norte:022000,SP-021,norte,22.25,open-meteo:era5_seamless:-23.6:-46.8,2023-11-17,87.08,3.81,50.14,19,trigger,synthetic,synthetic,synthetic,synth-v1.0.0,2024,2cf705e1237a369a,ood
SP-021:norte:022000:2024-01-08,SP-021:norte:022000,SP-021,norte,22.25,open-meteo:era5_seamless:-23.6:-46.8,2024-01-08,80.49,3.43,50.14,22,trigger,synthetic,synthetic,synthetic,synth-v1.0.0,2024,2cf705e1237a369a,ood
SP-021:norte:022000:2024-02-15,SP-021:norte:022000,SP-021,norte,22.25,open-meteo:era5_seamless:-23.6:-46.8,2024-02-15,79.64,5.0,50.14,11,trigger,synthetic,synthetic,synthetic,synth-v1.0.0,2024,2cf705e1237a369a,ood
SP-021:norte:022000:2024-03-19,SP-021:norte:022000,SP-021,norte,22.25,open-meteo:era5_seamless:-23.6:-46.8,2024-03-19,85.98,3.12,50.14,16,trigger,synthetic,synthetic,synthetic,synth-v1.0.0,2024,2cf705e1237a369a,ood
SP-021:norte:022000:2024-04-20,SP-021:norte:022000,SP-021,norte,22.25,open-meteo:era5_seamless:-23.6:-46.8,2024-04-20,74.2,5.85,50.14,6,trigger,synthetic,synthetic,synthetic,synth-v1.0.0,2024,2cf705e1237a369a,ood
SP-021:norte:022000:2024-05-31,SP-021:norte:022000,SP-021,norte,22.25,open-meteo:era5_seamless:-23.6:-46.8,2024-05-31,58.1,3.43,50.14,12,trigger,synthetic,synthetic,synthetic,synth-v1.0.0,2024,2cf705e1237a369a,ood
SP-021:norte:022000:2024-08-07,SP-021:norte:022000,SP-021,norte,22.25,open-meteo:era5_seamless:-23.6:-46.8,2024-08-07,57.17,4.67,50.14,3,trigger,synthetic,synthetic,synthetic,synth-v1.0.0,2024,2cf705e1237a369a,ood
SP-021:norte:022000:2024-10-11,SP-021:norte:022000,SP-021,norte,22.25,open-meteo:era5_seamless:-23.6:-46.8,2024-10-11,69.71,6.25,50.14,19,trigger,synthetic,synthetic,synthetic,synth-v1.0.0,2024,2cf705e1237a369a,ood
SP-021:norte:022000:2024-11-21,SP-021:norte:022000,SP-021,norte,22.25,open-meteo:era5_seamless:-23.6:-46.8,2024-11-21,71.47,5.21,50.14,11,trigger,synthetic,synthetic,synthetic,synth-v1.0.0,2024,2cf705e1237a369a,ood
SP-021:norte:022000:2025-01-01,SP-021:norte:022000,SP-021,norte,22.25,open-meteo:era5_seamless:-23.6:-46.8,2025-01-01,84.5,4.42,50.14,17,trigger,synthetic,synthetic,synthetic,synth-v1.0.0,2024,2cf705e1237a369a,ood
SP-021:norte:022000:2025-02-10,SP-021:norte:022000,SP-021,norte,22.25,open-meteo:era5_seamless:-23.6:-46.8,2025-02-10,88.86,6.68,50.14,15,trigger,synthetic,synthetic,synthetic,synth-v1.0.0,2024,2cf705e1237a369a,ood
SP-021:norte:022000:2025-03-08,SP-021:norte:022000,SP-021,norte,22.25,open-meteo:era5_seamless:-23.6:-46.8,2025-03-08,69.72,6.89,50.14,6,trigger,synthetic,synthetic,synthetic,synth-v1.0.0,2024,2cf705e1237a369a,ood
SP-021:norte:022000:2025-04-16,SP-021:norte:022000,SP-021,norte,22.25,open-meteo:era5_seamless:-23.6:-46.8,2025-04-16,72.19,4.56,50.14,10,trigger,synthetic,synthetic,synthetic,synth-v1.0.0,2024,2cf705e1237a369a,ood
SP-021:norte:022000:2025-06-19,SP-021:norte:022000,SP-021,norte,22.25,open-meteo:era5_seamless:-23.6:-46.8,2025-06-19,65.02,5.18,50.14,32,trigger,synthetic,synthetic,synthetic,synth-v1.0.0,2024,2cf705e1237a369a,ood
SP-021:norte:022000:2025-10-12,SP-021:norte:022000,SP-021,norte,22.25,open-meteo:era5_seamless:-23.6:-46.8,2025-10-12,66.67,7.02,50.14,21,trigger,synthetic,synthetic,synthetic,synth-v1.0.0,2024,2cf705e1237a369a,ood
SP-021:norte:022000:2025-12-14,SP-021:norte:022000,SP-021,norte,22.25,open-meteo:era5_seamless:-23.6:-46.8,2025-12-14,78.54,7.32,50.14,21,trigger,synthetic,synthetic,synthetic,synth-v1.0.0,2024,2cf705e1237a369a,ood
SP-021:norte:022000:2026-01-10,SP-021:norte:022000,SP-021,norte,22.25,open-meteo:era5_seamless:-23.6:-46.8,2026-01-10,64.7,7.01,50.14,6,trigger,synthetic,synthetic,synthetic,synth-v1.0.0,2024,2cf705e1237a369a,ood
SP-021:norte:022000:2026-02-17,SP-021:norte:022000,SP-021,norte,22.25,open-meteo:era5_seamless:-23.6:-46.8,2026-02-17,82.42,5.81,50.14,9,trigger,synthetic,synthetic,synthetic,synth-v1.0.0,2024,2cf705e1237a369a,ood
SP-021:norte:022000:2026-03-29,SP-021:norte:022000,SP-021,norte,22.25,open-meteo:era5_seamless:-23.6:-46.8,2026-03-29,84.47,6.98,50.14,14,trigger,synthetic,synthetic,synthetic,synth-v1.0.0,2024,2cf705e1237a369a,ood
SP-021:norte:022000:2026-05-12,SP-021:norte:022000,SP-021,norte,22.25,open-meteo:era5_seamless:-23.6:-46.8,2026-05-12,64.22,5.51,50.14,9,trigger,synthetic,synthetic,synthetic,synth-v1.0.0,2024,2cf705e1237a369a,ood
SP-021:norte:022000:2026-08-12,SP-021:norte:022000,SP-021,norte,22.25,open-meteo:era5_seamless:-23.6:-46.8,2026-08-12,61.74,7.25,50.14,10,trigger,synthetic,synthetic,synthetic,synth-v1.0.0,2024,2cf705e1237a369a,ood
SP-021:sul:022000:2023-02-16,SP-021:sul:022000,SP-021,sul,22.25,open-meteo:era5_seamless:-23.6:-46.8,2023-02-16,77.71,7.14,41.13,32,proactive,synthetic,synthetic,synthetic,synth-v1.0.0,2024,2cf705e1237a369a,ood
SP-021:sul:022000:2023-04-07,SP-021:sul:022000,SP-021,sul,22.25,open-meteo:era5_seamless:-23.6:-46.8,2023-04-07,75.35,3.71,41.13,26,trigger,synthetic,synthetic,synthetic,synth-v1.0.0,2024,2cf705e1237a369a,ood
SP-021:sul:022000:2023-06-27,SP-021:sul:022000,SP-021,sul,22.25,open-meteo:era5_seamless:-23.6:-46.8,2023-06-27,44.61,4.96,41.13,16,trigger,synthetic,synthetic,synthetic,synth-v1.0.0,2024,2cf705e1237a369a,ood
SP-021:sul:022000:2023-10-03,SP-021:sul:022000,SP-021,sul,22.25,open-meteo:era5_seamless:-23.6:-46.8,2023-10-03,52.93,4.09,41.13,16,trigger,synthetic,synthetic,synthetic,synth-v1.0.0,2024,2cf705e1237a369a,ood
SP-021:sul:022000:2023-11-10,SP-021:sul:022000,SP-021,sul,22.25,open-meteo:era5_seamless:-23.6:-46.8,2023-11-10,49.07,6.35,41.13,5,trigger,synthetic,synthetic,synthetic,synth-v1.0.0,2024,2cf705e1237a369a,ood
SP-021:sul:022000:2023-12-24,SP-021:sul:022000,SP-021,sul,22.25,open-meteo:era5_seamless:-23.6:-46.8,2023-12-24,50.65,4.6,41.13,7,trigger,synthetic,synthetic,synthetic,synth-v1.0.0,2024,2cf705e1237a369a,ood
SP-021:sul:022000:2024-02-27,SP-021:sul:022000,SP-021,sul,22.25,open-meteo:era5_seamless:-23.6:-46.8,2024-02-27,77.78,3.28,41.13,23,trigger,synthetic,synthetic,synthetic,synth-v1.0.0,2024,2cf705e1237a369a,ood
SP-021:sul:022000:2024-04-13,SP-021:sul:022000,SP-021,sul,22.25,open-meteo:era5_seamless:-23.6:-46.8,2024-04-13,70.21,4.28,41.13,13,trigger,synthetic,synthetic,synthetic,synth-v1.0.0,2024,2cf705e1237a369a,ood
SP-021:sul:022000:2024-06-25,SP-021:sul:022000,SP-021,sul,22.25,open-meteo:era5_seamless:-23.6:-46.8,2024-06-25,51.92,3.72,41.13,30,trigger,synthetic,synthetic,synthetic,synth-v1.0.0,2024,2cf705e1237a369a,ood
SP-021:sul:022000:2024-09-29,SP-021:sul:022000,SP-021,sul,22.25,open-meteo:era5_seamless:-23.6:-46.8,2024-09-29,49.17,4.05,41.13,14,trigger,synthetic,synthetic,synthetic,synth-v1.0.0,2024,2cf705e1237a369a,ood
SP-021:sul:022000:2024-11-14,SP-021:sul:022000,SP-021,sul,22.25,open-meteo:era5_seamless:-23.6:-46.8,2024-11-14,46.16,5.85,41.13,4,trigger,synthetic,synthetic,synthetic,synth-v1.0.0,2024,2cf705e1237a369a,ood
SP-021:sul:022000:2024-12-24,SP-021:sul:022000,SP-021,sul,22.25,open-meteo:era5_seamless:-23.6:-46.8,2024-12-24,59.69,7.48,41.13,9,trigger,synthetic,synthetic,synthetic,synth-v1.0.0,2024,2cf705e1237a369a,ood
SP-021:sul:022000:2025-02-14,SP-021:sul:022000,SP-021,sul,22.25,open-meteo:era5_seamless:-23.6:-46.8,2025-02-14,78.97,3.4,41.13,26,trigger,synthetic,synthetic,synthetic,synth-v1.0.0,2024,2cf705e1237a369a,ood
SP-021:sul:022000:2025-03-28,SP-021:sul:022000,SP-021,sul,22.25,open-meteo:era5_seamless:-23.6:-46.8,2025-03-28,53.4,5.01,41.13,26,proactive,synthetic,synthetic,synthetic,synth-v1.0.0,2024,2cf705e1237a369a,ood
SP-021:sul:022000:2025-06-11,SP-021:sul:022000,SP-021,sul,22.25,open-meteo:era5_seamless:-23.6:-46.8,2025-06-11,63.05,5.39,41.13,45,trigger,synthetic,synthetic,synthetic,synth-v1.0.0,2024,2cf705e1237a369a,ood
SP-021:sul:022000:2025-10-12,SP-021:sul:022000,SP-021,sul,22.25,open-meteo:era5_seamless:-23.6:-46.8,2025-10-12,45.22,4.66,41.13,7,trigger,synthetic,synthetic,synthetic,synth-v1.0.0,2024,2cf705e1237a369a,ood
SP-021:sul:022000:2025-12-27,SP-021:sul:022000,SP-021,sul,22.25,open-meteo:era5_seamless:-23.6:-46.8,2025-12-27,66.33,3.12,41.13,20,trigger,synthetic,synthetic,synthetic,synth-v1.0.0,2024,2cf705e1237a369a,ood
SP-021:sul:022000:2026-02-26,SP-021:sul:022000,SP-021,sul,22.25,open-meteo:era5_seamless:-23.6:-46.8,2026-02-26,78.06,4.14,41.13,18,trigger,synthetic,synthetic,synthetic,synth-v1.0.0,2024,2cf705e1237a369a,ood
SP-021:sul:022000:2026-04-03,SP-021:sul:022000,SP-021,sul,22.25,open-meteo:era5_seamless:-23.6:-46.8,2026-04-03,55.32,4.49,41.13,5,trigger,synthetic,synthetic,synthetic,synth-v1.0.0,2024,2cf705e1237a369a,ood
SP-021:sul:022000:2026-06-29,SP-021:sul:022000,SP-021,sul,22.25,open-meteo:era5_seamless:-23.6:-46.8,2026-06-29,46.39,5.11,41.13,15,trigger,synthetic,synthetic,synthetic,synth-v1.0.0,2024,2cf705e1237a369a,ood
SP-021:norte:022500:2023-02-01,SP-021:norte:022500,SP-021,norte,22.75,open-meteo:era5_seamless:-23.6:-46.8,2023-02-01,59.88,3.34,52.49,10,trigger,synthetic,synthetic,synthetic,synth-v1.0.0,2024,2cf705e1237a369a,ood
SP-021:norte:022500:2023-03-22,SP-021:norte:022500,SP-021,norte,22.75,open-meteo:era5_seamless:-23.6:-46.8,2023-03-22,61.61,7.3,52.49,10,trigger,synthetic,synthetic,synthetic,synth-v1.0.0,2024,2cf705e1237a369a,ood
SP-021:norte:022500:2023-09-20,SP-021:norte:022500,SP-021,norte,22.75,open-meteo:era5_seamless:-23.6:-46.8,2023-09-20,65.53,3.08,52.49,45,trigger,synthetic,synthetic,synthetic,synth-v1.0.0,2024,2cf705e1237a369a,ood
SP-021:norte:022500:2023-12-12,SP-021:norte:022500,SP-021,norte,22.75,open-meteo:era5_seamless:-23.6:-46.8,2023-12-12,64.05,7.93,52.49,23,trigger,synthetic,synthetic,synthetic,synth-v1.0.0,2024,2cf705e1237a369a,ood
SP-021:norte:022500:2024-02-28,SP-021:norte:022500,SP-021,norte,22.75,open-meteo:era5_seamless:-23.6:-46.8,2024-02-28,66.81,3.68,52.49,17,trigger,synthetic,synthetic,synthetic,synth-v1.0.0,2024,2cf705e1237a369a,ood
SP-021:norte:022500:2024-04-16,SP-021:norte:022500,SP-021,norte,22.75,open-meteo:era5_seamless:-23.6:-46.8,2024-04-16,60.11,6.71,52.49,9,trigger,synthetic,synthetic,synthetic,synth-v1.0.0,2024,2cf705e1237a369a,ood
SP-021:norte:022500:2024-08-16,SP-021:norte:022500,SP-021,norte,22.75,open-meteo:era5_seamless:-23.6:-46.8,2024-08-16,57.12,6.47,52.49,12,trigger,synthetic,synthetic,synthetic,synth-v1.0.0,2024,2cf705e1237a369a,ood
SP-021:norte:022500:2024-11-22,SP-021:norte:022500,SP-021,norte,22.75,open-meteo:era5_seamless:-23.6:-46.8,2024-11-22,62.08,3.09,52.49,19,trigger,synthetic,synthetic,synthetic,synth-v1.0.0,2024,2cf705e1237a369a,ood
SP-021:norte:022500:2025-01-13,SP-021:norte:022500,SP-021,norte,22.75,open-meteo:era5_seamless:-23.6:-46.8,2025-01-13,58.91,5.73,52.49,22,proactive,synthetic,synthetic,synthetic,synth-v1.0.0,2024,2cf705e1237a369a,ood
SP-021:norte:022500:2025-02-17,SP-021:norte:022500,SP-021,norte,22.75,open-meteo:era5_seamless:-23.6:-46.8,2025-02-17,54.13,7.95,52.49,15,proactive,synthetic,synthetic,synthetic,synth-v1.0.0,2024,2cf705e1237a369a,ood
SP-021:norte:022500:2025-04-01,SP-021:norte:022500,SP-021,norte,22.75,open-meteo:era5_seamless:-23.6:-46.8,2025-04-01,49.12,3.03,52.49,16,proactive,synthetic,synthetic,synthetic,synth-v1.0.0,2024,2cf705e1237a369a,ood
SP-021:norte:022500:2025-07-13,SP-021:norte:022500,SP-021,norte,22.75,open-meteo:era5_seamless:-23.6:-46.8,2025-07-13,53.31,6.82,52.49,14,trigger,synthetic,synthetic,synthetic,synth-v1.0.0,2024,2cf705e1237a369a,ood
SP-021:norte:022500:2025-12-10,SP-021:norte:022500,SP-021,norte,22.75,open-meteo:era5_seamless:-23.6:-46.8,2025-12-10,60.86,4.16,52.49,38,proactive,synthetic,synthetic,synthetic,synth-v1.0.0,2024,2cf705e1237a369a,ood
SP-021:norte:022500:2026-02-27,SP-021:norte:022500,SP-021,norte,22.75,open-meteo:era5_seamless:-23.6:-46.8,2026-02-27,68.32,3.79,52.49,26,trigger,synthetic,synthetic,synthetic,synth-v1.0.0,2024,2cf705e1237a369a,ood
SP-021:norte:022500:2026-04-21,SP-021:norte:022500,SP-021,norte,22.75,open-meteo:era5_seamless:-23.6:-46.8,2026-04-21,57.26,7.49,52.49,23,proactive,synthetic,synthetic,synthetic,synth-v1.0.0,2024,2cf705e1237a369a,ood
SP-021:norte:022500:2026-08-27,SP-021:norte:022500,SP-021,norte,22.75,open-meteo:era5_seamless:-23.6:-46.8,2026-08-27,52.15,3.82,52.49,11,proactive,synthetic,synthetic,synthetic,synth-v1.0.0,2024,2cf705e1237a369a,ood
SP-021:sul:022500:2023-02-28,SP-021:sul:022500,SP-021,sul,22.75,open-meteo:era5_seamless:-23.6:-46.8,2023-02-28,89.82,6.44,60.56,30,trigger,synthetic,synthetic,synthetic,synth-v1.0.0,2024,2cf705e1237a369a,ood
SP-021:sul:022500:2023-04-12,SP-021:sul:022500,SP-021,sul,22.75,open-meteo:era5_seamless:-23.6:-46.8,2023-04-12,74.84,3.28,60.56,17,trigger,synthetic,synthetic,synthetic,synth-v1.0.0,2024,2cf705e1237a369a,ood
SP-021:sul:022500:2023-08-13,SP-021:sul:022500,SP-021,sul,22.75,open-meteo:era5_seamless:-23.6:-46.8,2023-08-13,69.16,4.26,60.56,7,trigger,synthetic,synthetic,synthetic,synth-v1.0.0,2024,2cf705e1237a369a,ood
SP-021:sul:022500:2023-10-28,SP-021:sul:022500,SP-021,sul,22.75,open-meteo:era5_seamless:-23.6:-46.8,2023-10-28,77.65,3.52,60.56,20,trigger,synthetic,synthetic,synthetic,synth-v1.0.0,2024,2cf705e1237a369a,ood
SP-021:sul:022500:2023-12-29,SP-021:sul:022500,SP-021,sul,22.75,open-meteo:era5_seamless:-23.6:-46.8,2023-12-29,80.76,5.97,60.56,19,trigger,synthetic,synthetic,synthetic,synth-v1.0.0,2024,2cf705e1237a369a,ood
SP-021:sul:022500:2024-02-07,SP-021:sul:022500,SP-021,sul,22.75,open-meteo:era5_seamless:-23.6:-46.8,2024-02-07,66.73,5.38,60.56,3,trigger,synthetic,synthetic,synthetic,synth-v1.0.0,2024,2cf705e1237a369a,ood
SP-021:sul:022500:2024-03-28,SP-021:sul:022500,SP-021,sul,22.75,open-meteo:era5_seamless:-23.6:-46.8,2024-03-28,84.62,5.81,60.56,11,trigger,synthetic,synthetic,synthetic,synth-v1.0.0,2024,2cf705e1237a369a,ood
SP-021:sul:022500:2024-05-16,SP-021:sul:022500,SP-021,sul,22.75,open-meteo:era5_seamless:-23.6:-46.8,2024-05-16,72.27,5.63,60.56,11,trigger,synthetic,synthetic,synthetic,synth-v1.0.0,2024,2cf705e1237a369a,ood
SP-021:sul:022500:2024-08-27,SP-021:sul:022500,SP-021,sul,22.75,open-meteo:era5_seamless:-23.6:-46.8,2024-08-27,66.66,5.82,60.56,9,trigger,synthetic,synthetic,synthetic,synth-v1.0.0,2024,2cf705e1237a369a,ood
SP-021:sul:022500:2024-11-01,SP-021:sul:022500,SP-021,sul,22.75,open-meteo:era5_seamless:-23.6:-46.8,2024-11-01,67.08,5.66,60.56,5,trigger,synthetic,synthetic,synthetic,synth-v1.0.0,2024,2cf705e1237a369a,ood
SP-021:sul:022500:2024-12-20,SP-021:sul:022500,SP-021,sul,22.75,open-meteo:era5_seamless:-23.6:-46.8,2024-12-20,75.83,7.28,60.56,12,trigger,synthetic,synthetic,synthetic,synth-v1.0.0,2024,2cf705e1237a369a,ood
SP-021:sul:022500:2025-02-01,SP-021:sul:022500,SP-021,sul,22.75,open-meteo:era5_seamless:-23.6:-46.8,2025-02-01,79.47,5.55,60.56,13,trigger,synthetic,synthetic,synthetic,synth-v1.0.0,2024,2cf705e1237a369a,ood
SP-021:sul:022500:2025-02-28,SP-021:sul:022500,SP-021,sul,22.75,open-meteo:era5_seamless:-23.6:-46.8,2025-02-28,69.19,7.55,60.56,5,trigger,synthetic,synthetic,synthetic,synth-v1.0.0,2024,2cf705e1237a369a,ood
SP-021:sul:022500:2025-04-17,SP-021:sul:022500,SP-021,sul,22.75,open-meteo:era5_seamless:-23.6:-46.8,2025-04-17,70.43,3.69,60.56,4,trigger,synthetic,synthetic,synthetic,synth-v1.0.0,2024,2cf705e1237a369a,ood
SP-021:sul:022500:2025-08-24,SP-021:sul:022500,SP-021,sul,22.75,open-meteo:era5_seamless:-23.6:-46.8,2025-08-24,68.47,4.48,60.56,21,trigger,synthetic,synthetic,synthetic,synth-v1.0.0,2024,2cf705e1237a369a,ood
SP-021:sul:022500:2025-11-26,SP-021:sul:022500,SP-021,sul,22.75,open-meteo:era5_seamless:-23.6:-46.8,2025-11-26,72.65,7.83,60.56,17,trigger,synthetic,synthetic,synthetic,synth-v1.0.0,2024,2cf705e1237a369a,ood
SP-021:sul:022500:2026-01-08,SP-021:sul:022500,SP-021,sul,22.75,open-meteo:era5_seamless:-23.6:-46.8,2026-01-08,72.12,7.31,60.56,4,trigger,synthetic,synthetic,synthetic,synth-v1.0.0,2024,2cf705e1237a369a,ood
SP-021:sul:022500:2026-02-22,SP-021:sul:022500,SP-021,sul,22.75,open-meteo:era5_seamless:-23.6:-46.8,2026-02-22,77.45,5.95,60.56,14,proactive,synthetic,synthetic,synthetic,synth-v1.0.0,2024,2cf705e1237a369a,ood
SP-021:sul:022500:2026-04-15,SP-021:sul:022500,SP-021,sul,22.75,open-meteo:era5_seamless:-23.6:-46.8,2026-04-15,80.83,5.8,60.56,17,trigger,synthetic,synthetic,synthetic,synth-v1.0.0,2024,2cf705e1237a369a,ood
SP-021:sul:022500:2026-06-12,SP-021:sul:022500,SP-021,sul,22.75,open-meteo:era5_seamless:-23.6:-46.8,2026-06-12,52.48,4.37,60.56,19,proactive,synthetic,synthetic,synthetic,synth-v1.0.0,2024,2cf705e1237a369a,ood
SP-021:norte:023000:2023-03-01,SP-021:norte:023000,SP-021,norte,23.25,open-meteo:era5_seamless:-23.6:-46.8,2023-03-01,85.12,3.82,70.0,17,trigger,synthetic,synthetic,synthetic,synth-v1.0.0,2024,2cf705e1237a369a,ood
SP-021:norte:023000:2023-05-11,SP-021:norte:023000,SP-021,norte,23.25,open-meteo:era5_seamless:-23.6:-46.8,2023-05-11,76.63,3.04,70.0,11,trigger,synthetic,synthetic,synthetic,synth-v1.0.0,2024,2cf705e1237a369a,ood
SP-021:norte:023000:2023-10-26,SP-021:norte:023000,SP-021,norte,23.25,open-meteo:era5_seamless:-23.6:-46.8,2023-10-26,78.88,7.02,70.0,18,trigger,synthetic,synthetic,synthetic,synth-v1.0.0,2024,2cf705e1237a369a,ood
SP-021:norte:023000:2024-01-06,SP-021:norte:023000,SP-021,norte,23.25,open-meteo:era5_seamless:-23.6:-46.8,2024-01-06,75.9,4.88,70.0,13,trigger,synthetic,synthetic,synthetic,synth-v1.0.0,2024,2cf705e1237a369a,ood
SP-021:norte:023000:2024-04-04,SP-021:norte:023000,SP-021,norte,23.25,open-meteo:era5_seamless:-23.6:-46.8,2024-04-04,91.95,3.96,70.0,39,trigger,synthetic,synthetic,synthetic,synth-v1.0.0,2024,2cf705e1237a369a,ood
SP-021:norte:023000:2024-07-25,SP-021:norte:023000,SP-021,norte,23.25,open-meteo:era5_seamless:-23.6:-46.8,2024-07-25,72.51,7.42,70.0,32,proactive,synthetic,synthetic,synthetic,synth-v1.0.0,2024,2cf705e1237a369a,ood
SP-021:norte:023000:2024-11-26,SP-021:norte:023000,SP-021,norte,23.25,open-meteo:era5_seamless:-23.6:-46.8,2024-11-26,81.26,6.72,70.0,16,trigger,synthetic,synthetic,synthetic,synth-v1.0.0,2024,2cf705e1237a369a,ood
SP-021:norte:023000:2025-01-20,SP-021:norte:023000,SP-021,norte,23.25,open-meteo:era5_seamless:-23.6:-46.8,2025-01-20,75.97,4.21,70.0,8,trigger,synthetic,synthetic,synthetic,synth-v1.0.0,2024,2cf705e1237a369a,ood
SP-021:norte:023000:2025-04-14,SP-021:norte:023000,SP-021,norte,23.25,open-meteo:era5_seamless:-23.6:-46.8,2025-04-14,88.36,5.8,70.0,43,trigger,synthetic,synthetic,synthetic,synth-v1.0.0,2024,2cf705e1237a369a,ood
SP-021:norte:023000:2025-09-13,SP-021:norte:023000,SP-021,norte,23.25,open-meteo:era5_seamless:-23.6:-46.8,2025-09-13,67.61,4.84,70.0,6,proactive,synthetic,synthetic,synthetic,synth-v1.0.0,2024,2cf705e1237a369a,ood
SP-021:norte:023000:2026-01-11,SP-021:norte:023000,SP-021,norte,23.25,open-meteo:era5_seamless:-23.6:-46.8,2026-01-11,84.09,3.12,70.0,14,trigger,synthetic,synthetic,synthetic,synth-v1.0.0,2024,2cf705e1237a369a,ood
SP-021:norte:023000:2026-04-08,SP-021:norte:023000,SP-021,norte,23.25,open-meteo:era5_seamless:-23.6:-46.8,2026-04-08,90.36,3.37,70.0,38,trigger,synthetic,synthetic,synthetic,synth-v1.0.0,2024,2cf705e1237a369a,ood
SP-021:sul:023000:2023-01-23,SP-021:sul:023000,SP-021,sul,23.25,open-meteo:era5_seamless:-23.6:-46.8,2023-01-23,52.53,6.31,32.48,8,trigger,synthetic,synthetic,synthetic,synth-v1.0.0,2024,2cf705e1237a369a,ood
SP-021:sul:023000:2023-03-27,SP-021:sul:023000,SP-021,sul,23.25,open-meteo:era5_seamless:-23.6:-46.8,2023-03-27,87.63,6.59,32.48,43,trigger,synthetic,synthetic,synthetic,synth-v1.0.0,2024,2cf705e1237a369a,ood
SP-021:sul:023000:2023-04-25,SP-021:sul:023000,SP-021,sul,23.25,open-meteo:era5_seamless:-23.6:-46.8,2023-04-25,36.02,6.25,32.48,2,trigger,synthetic,synthetic,synthetic,synth-v1.0.0,2024,2cf705e1237a369a,ood
SP-021:sul:023000:2023-07-07,SP-021:sul:023000,SP-021,sul,23.25,open-meteo:era5_seamless:-23.6:-46.8,2023-07-07,41.66,6.62,32.48,26,trigger,synthetic,synthetic,synthetic,synth-v1.0.0,2024,2cf705e1237a369a,ood
SP-021:sul:023000:2023-09-03,SP-021:sul:023000,SP-021,sul,23.25,open-meteo:era5_seamless:-23.6:-46.8,2023-09-03,41.69,5.08,32.48,14,trigger,synthetic,synthetic,synthetic,synth-v1.0.0,2024,2cf705e1237a369a,ood
SP-021:sul:023000:2023-10-07,SP-021:sul:023000,SP-021,sul,23.25,open-meteo:era5_seamless:-23.6:-46.8,2023-10-07,42.15,3.21,32.48,6,trigger,synthetic,synthetic,synthetic,synth-v1.0.0,2024,2cf705e1237a369a,ood
SP-021:sul:023000:2023-11-27,SP-021:sul:023000,SP-021,sul,23.25,open-meteo:era5_seamless:-23.6:-46.8,2023-11-27,66.42,7.6,32.48,29,trigger,synthetic,synthetic,synthetic,synth-v1.0.0,2024,2cf705e1237a369a,ood
SP-021:sul:023000:2024-01-07,SP-021:sul:023000,SP-021,sul,23.25,open-meteo:era5_seamless:-23.6:-46.8,2024-01-07,55.49,4.73,32.48,21,trigger,synthetic,synthetic,synthetic,synth-v1.0.0,2024,2cf705e1237a369a,ood
SP-021:sul:023000:2024-01-30,SP-021:sul:023000,SP-021,sul,23.25,open-meteo:era5_seamless:-23.6:-46.8,2024-01-30,35.52,5.7,32.48,2,trigger,synthetic,synthetic,synthetic,synth-v1.0.0,2024,2cf705e1237a369a,ood
SP-021:sul:023000:2024-03-13,SP-021:sul:023000,SP-021,sul,23.25,open-meteo:era5_seamless:-23.6:-46.8,2024-03-13,74.55,6.31,32.48,24,trigger,synthetic,synthetic,synthetic,synth-v1.0.0,2024,2cf705e1237a369a,ood
SP-021:sul:023000:2024-04-07,SP-021:sul:023000,SP-021,sul,23.25,open-meteo:era5_seamless:-23.6:-46.8,2024-04-07,49.96,7.58,32.48,7,trigger,synthetic,synthetic,synthetic,synth-v1.0.0,2024,2cf705e1237a369a,ood
SP-021:sul:023000:2024-05-17,SP-021:sul:023000,SP-021,sul,23.25,open-meteo:era5_seamless:-23.6:-46.8,2024-05-17,53.69,7.39,32.48,19,trigger,synthetic,synthetic,synthetic,synth-v1.0.0,2024,2cf705e1237a369a,ood
SP-021:sul:023000:2024-07-20,SP-021:sul:023000,SP-021,sul,23.25,open-meteo:era5_seamless:-23.6:-46.8,2024-07-20,41.13,3.67,32.48,20,trigger,synthetic,synthetic,synthetic,synth-v1.0.0,2024,2cf705e1237a369a,ood
SP-021:sul:023000:2024-10-10,SP-021:sul:023000,SP-021,sul,23.25,open-meteo:era5_seamless:-23.6:-46.8,2024-10-10,61.46,4.41,32.48,39,trigger,synthetic,synthetic,synthetic,synth-v1.0.0,2024,2cf705e1237a369a,ood
SP-021:sul:023000:2024-11-25,SP-021:sul:023000,SP-021,sul,23.25,open-meteo:era5_seamless:-23.6:-46.8,2024-11-25,60.25,4.67,32.48,22,trigger,synthetic,synthetic,synthetic,synth-v1.0.0,2024,2cf705e1237a369a,ood
SP-021:sul:023000:2024-12-22,SP-021:sul:023000,SP-021,sul,23.25,open-meteo:era5_seamless:-23.6:-46.8,2024-12-22,47.14,5.18,32.48,7,trigger,synthetic,synthetic,synthetic,synth-v1.0.0,2024,2cf705e1237a369a,ood
SP-021:sul:023000:2025-02-12,SP-021:sul:023000,SP-021,sul,23.25,open-meteo:era5_seamless:-23.6:-46.8,2025-02-12,81.67,7.39,32.48,31,trigger,synthetic,synthetic,synthetic,synth-v1.0.0,2024,2cf705e1237a369a,ood
SP-021:sul:023000:2025-03-17,SP-021:sul:023000,SP-021,sul,23.25,open-meteo:era5_seamless:-23.6:-46.8,2025-03-17,58.43,4.33,32.48,15,trigger,synthetic,synthetic,synthetic,synth-v1.0.0,2024,2cf705e1237a369a,ood
SP-021:sul:023000:2025-04-24,SP-021:sul:023000,SP-021,sul,23.25,open-meteo:era5_seamless:-23.6:-46.8,2025-04-24,54.47,4.22,32.48,11,trigger,synthetic,synthetic,synthetic,synth-v1.0.0,2024,2cf705e1237a369a,ood
SP-021:sul:023000:2025-06-15,SP-021:sul:023000,SP-021,sul,23.25,open-meteo:era5_seamless:-23.6:-46.8,2025-06-15,40.24,4.15,32.48,21,trigger,synthetic,synthetic,synthetic,synth-v1.0.0,2024,2cf705e1237a369a,ood
SP-021:sul:023000:2025-10-04,SP-021:sul:023000,SP-021,sul,23.25,open-meteo:era5_seamless:-23.6:-46.8,2025-10-04,50.42,6.83,32.48,13,trigger,synthetic,synthetic,synthetic,synth-v1.0.0,2024,2cf705e1237a369a,ood
SP-021:sul:023000:2025-11-15,SP-021:sul:023000,SP-021,sul,23.25,open-meteo:era5_seamless:-23.6:-46.8,2025-11-15,39.5,4.26,32.48,6,trigger,synthetic,synthetic,synthetic,synth-v1.0.0,2024,2cf705e1237a369a,ood
SP-021:sul:023000:2026-01-08,SP-021:sul:023000,SP-021,sul,23.25,open-meteo:era5_seamless:-23.6:-46.8,2026-01-08,70.4,6.41,32.48,11,trigger,synthetic,synthetic,synthetic,synth-v1.0.0,2024,2cf705e1237a369a,ood
SP-021:sul:023000:2026-02-05,SP-021:sul:023000,SP-021,sul,23.25,open-meteo:era5_seamless:-23.6:-46.8,2026-02-05,45.22,4.85,32.48,4,trigger,synthetic,synthetic,synthetic,synth-v1.0.0,2024,2cf705e1237a369a,ood
SP-021:sul:023000:2026-03-24,SP-021:sul:023000,SP-021,sul,23.25,open-meteo:era5_seamless:-23.6:-46.8,2026-03-24,76.36,4.53,32.48,23,trigger,synthetic,synthetic,synthetic,synth-v1.0.0,2024,2cf705e1237a369a,ood
SP-021:sul:023000:2026-05-08,SP-021:sul:023000,SP-021,sul,23.25,open-meteo:era5_seamless:-23.6:-46.8,2026-05-08,56.24,5.2,32.48,26,trigger,synthetic,synthetic,synthetic,synth-v1.0.0,2024,2cf705e1237a369a,ood
SP-021:sul:023000:2026-08-12,SP-021:sul:023000,SP-021,sul,23.25,open-meteo:era5_seamless:-23.6:-46.8,2026-08-12,49.26,5.89,32.48,10,trigger,synthetic,synthetic,synthetic,synth-v1.0.0,2024,2cf705e1237a369a,ood
SP-021:norte:023500:2023-02-28,SP-021:norte:023500,SP-021,norte,23.75,open-meteo:era5_seamless:-23.6:-46.8,2023-02-28,86.01,4.19,64.49,30,trigger,synthetic,synthetic,synthetic,synth-v1.0.0,2024,2cf705e1237a369a,ood
SP-021:norte:023500:2023-05-05,SP-021:norte:023500,SP-021,norte,23.75,open-meteo:era5_seamless:-23.6:-46.8,2023-05-05,70.94,5.56,64.49,40,proactive,synthetic,synthetic,synthetic,synth-v1.0.0,2024,2cf705e1237a369a,ood
SP-021:norte:023500:2023-10-28,SP-021:norte:023500,SP-021,norte,23.75,open-meteo:era5_seamless:-23.6:-46.8,2023-10-28,75.48,5.61,64.49,20,trigger,synthetic,synthetic,synthetic,synth-v1.0.0,2024,2cf705e1237a369a,ood
SP-021:norte:023500:2024-01-18,SP-021:norte:023500,SP-021,norte,23.75,open-meteo:era5_seamless:-23.6:-46.8,2024-01-18,74.35,6.19,64.49,18,trigger,synthetic,synthetic,synthetic,synth-v1.0.0,2024,2cf705e1237a369a,ood
SP-021:norte:023500:2024-03-22,SP-021:norte:023500,SP-021,norte,23.75,open-meteo:era5_seamless:-23.6:-46.8,2024-03-22,83.64,3.44,64.49,19,trigger,synthetic,synthetic,synthetic,synth-v1.0.0,2024,2cf705e1237a369a,ood
SP-021:norte:023500:2024-05-28,SP-021:norte:023500,SP-021,norte,23.75,open-meteo:era5_seamless:-23.6:-46.8,2024-05-28,67.7,4.83,64.49,9,trigger,synthetic,synthetic,synthetic,synth-v1.0.0,2024,2cf705e1237a369a,ood
SP-021:norte:023500:2024-09-12,SP-021:norte:023500,SP-021,norte,23.75,open-meteo:era5_seamless:-23.6:-46.8,2024-09-12,52.77,4.89,64.49,18,proactive,synthetic,synthetic,synthetic,synth-v1.0.0,2024,2cf705e1237a369a,ood
SP-021:norte:023500:2024-12-27,SP-021:norte:023500,SP-021,norte,23.75,open-meteo:era5_seamless:-23.6:-46.8,2024-12-27,82.69,3.9,64.49,26,trigger,synthetic,synthetic,synthetic,synth-v1.0.0,2024,2cf705e1237a369a,ood
SP-021:norte:023500:2025-03-03,SP-021:norte:023500,SP-021,norte,23.75,open-meteo:era5_seamless:-23.6:-46.8,2025-03-03,83.37,3.41,64.49,22,trigger,synthetic,synthetic,synthetic,synth-v1.0.0,2024,2cf705e1237a369a,ood
SP-021:norte:023500:2025-05-28,SP-021:norte:023500,SP-021,norte,23.75,open-meteo:era5_seamless:-23.6:-46.8,2025-05-28,73.36,3.99,64.49,24,trigger,synthetic,synthetic,synthetic,synth-v1.0.0,2024,2cf705e1237a369a,ood
SP-021:norte:023500:2025-12-06,SP-021:norte:023500,SP-021,norte,23.75,open-meteo:era5_seamless:-23.6:-46.8,2025-12-06,71.42,7.36,64.49,13,trigger,synthetic,synthetic,synthetic,synth-v1.0.0,2024,2cf705e1237a369a,ood
SP-021:norte:023500:2026-01-31,SP-021:norte:023500,SP-021,norte,23.75,open-meteo:era5_seamless:-23.6:-46.8,2026-01-31,67.56,7.35,64.49,13,proactive,synthetic,synthetic,synthetic,synth-v1.0.0,2024,2cf705e1237a369a,ood
SP-021:norte:023500:2026-03-25,SP-021:norte:023500,SP-021,norte,23.75,open-meteo:era5_seamless:-23.6:-46.8,2026-03-25,72.21,4.77,64.49,3,trigger,synthetic,synthetic,synthetic,synth-v1.0.0,2024,2cf705e1237a369a,ood
SP-021:norte:023500:2026-09-01,SP-021:norte:023500,SP-021,norte,23.75,open-meteo:era5_seamless:-23.6:-46.8,2026-09-01,73.16,5.7,64.49,35,trigger,synthetic,synthetic,synthetic,synth-v1.0.0,2024,2cf705e1237a369a,ood
SP-021:sul:023500:2023-02-03,SP-021:sul:023500,SP-021,sul,23.75,open-meteo:era5_seamless:-23.6:-46.8,2023-02-03,75.41,6.64,70.0,5,trigger,synthetic,synthetic,synthetic,synth-v1.0.0,2024,2cf705e1237a369a,ood
SP-021:sul:023500:2023-03-22,SP-021:sul:023500,SP-021,sul,23.75,open-meteo:era5_seamless:-23.6:-46.8,2023-03-22,76.34,7.48,70.0,3,trigger,synthetic,synthetic,synthetic,synth-v1.0.0,2024,2cf705e1237a369a,ood
SP-021:sul:023500:2023-08-18,SP-021:sul:023500,SP-021,sul,23.75,open-meteo:era5_seamless:-23.6:-46.8,2023-08-18,78.43,5.31,70.0,12,trigger,synthetic,synthetic,synthetic,synth-v1.0.0,2024,2cf705e1237a369a,ood
SP-021:sul:023500:2023-10-15,SP-021:sul:023500,SP-021,sul,23.75,open-meteo:era5_seamless:-23.6:-46.8,2023-10-15,60.51,3.14,70.0,14,proactive,synthetic,synthetic,synthetic,synth-v1.0.0,2024,2cf705e1237a369a,ood
SP-021:sul:023500:2023-12-27,SP-021:sul:023500,SP-021,sul,23.75,open-meteo:era5_seamless:-23.6:-46.8,2023-12-27,80.68,6.95,70.0,17,trigger,synthetic,synthetic,synthetic,synth-v1.0.0,2024,2cf705e1237a369a,ood
SP-021:sul:023500:2024-03-19,SP-021:sul:023500,SP-021,sul,23.75,open-meteo:era5_seamless:-23.6:-46.8,2024-03-19,92.13,4.47,70.0,30,trigger,synthetic,synthetic,synthetic,synth-v1.0.0,2024,2cf705e1237a369a,ood
SP-021:sul:023500:2024-06-19,SP-021:sul:023500,SP-021,sul,23.75,open-meteo:era5_seamless:-23.6:-46.8,2024-06-19,81.54,3.23,70.0,38,trigger,synthetic,synthetic,synthetic,synth-v1.0.0,2024,2cf705e1237a369a,ood
SP-021:sul:023500:2024-11-10,SP-021:sul:023500,SP-021,sul,23.75,open-meteo:era5_seamless:-23.6:-46.8,2024-11-10,83.79,3.29,70.0,28,trigger,synthetic,synthetic,synthetic,synth-v1.0.0,2024,2cf705e1237a369a,ood
SP-021:sul:023500:2025-01-21,SP-021:sul:023500,SP-021,sul,23.75,open-meteo:era5_seamless:-23.6:-46.8,2025-01-21,86.0,5.77,70.0,23,trigger,synthetic,synthetic,synthetic,synth-v1.0.0,2024,2cf705e1237a369a,ood
SP-021:sul:023500:2025-03-12,SP-021:sul:023500,SP-021,sul,23.75,open-meteo:era5_seamless:-23.6:-46.8,2025-03-12,80.04,7.23,70.0,10,trigger,synthetic,synthetic,synthetic,synth-v1.0.0,2024,2cf705e1237a369a,ood
SP-021:sul:023500:2025-05-29,SP-021:sul:023500,SP-021,sul,23.75,open-meteo:era5_seamless:-23.6:-46.8,2025-05-29,74.01,4.94,70.0,11,trigger,synthetic,synthetic,synthetic,synth-v1.0.0,2024,2cf705e1237a369a,ood
SP-021:sul:023500:2025-10-17,SP-021:sul:023500,SP-021,sul,23.75,open-meteo:era5_seamless:-23.6:-46.8,2025-10-17,63.44,3.12,70.0,19,proactive,synthetic,synthetic,synthetic,synth-v1.0.0,2024,2cf705e1237a369a,ood
SP-021:sul:023500:2026-01-15,SP-021:sul:023500,SP-021,sul,23.75,open-meteo:era5_seamless:-23.6:-46.8,2026-01-15,83.56,7.34,70.0,18,trigger,synthetic,synthetic,synthetic,synth-v1.0.0,2024,2cf705e1237a369a,ood
SP-021:sul:023500:2026-03-14,SP-021:sul:023500,SP-021,sul,23.75,open-meteo:era5_seamless:-23.6:-46.8,2026-03-14,79.87,7.75,70.0,13,trigger,synthetic,synthetic,synthetic,synth-v1.0.0,2024,2cf705e1237a369a,ood
SP-021:sul:023500:2026-05-03,SP-021:sul:023500,SP-021,sul,23.75,open-meteo:era5_seamless:-23.6:-46.8,2026-05-03,65.45,6.0,70.0,14,proactive,synthetic,synthetic,synthetic,synth-v1.0.0,2024,2cf705e1237a369a,ood
SP-021:norte:024000:2023-02-01,SP-021:norte:024000,SP-021,norte,24.25,open-meteo:era5_seamless:-23.6:-46.8,2023-02-01,63.8,3.02,44.76,17,trigger,synthetic,synthetic,synthetic,synth-v1.0.0,2024,2cf705e1237a369a,ood
SP-021:norte:024000:2023-03-22,SP-021:norte:024000,SP-021,norte,24.25,open-meteo:era5_seamless:-23.6:-46.8,2023-03-22,69.72,7.8,44.76,24,trigger,synthetic,synthetic,synthetic,synth-v1.0.0,2024,2cf705e1237a369a,ood
SP-021:norte:024000:2023-05-18,SP-021:norte:024000,SP-021,norte,24.25,open-meteo:era5_seamless:-23.6:-46.8,2023-05-18,53.21,6.49,44.76,4,trigger,synthetic,synthetic,synthetic,synth-v1.0.0,2024,2cf705e1237a369a,ood
SP-021:norte:024000:2023-10-03,SP-021:norte:024000,SP-021,norte,24.25,open-meteo:era5_seamless:-23.6:-46.8,2023-10-03,62.86,3.31,44.76,30,trigger,synthetic,synthetic,synthetic,synth-v1.0.0,2024,2cf705e1237a369a,ood
SP-021:norte:024000:2023-11-20,SP-021:norte:024000,SP-021,norte,24.25,open-meteo:era5_seamless:-23.6:-46.8,2023-11-20,57.49,5.61,44.76,8,trigger,synthetic,synthetic,synthetic,synth-v1.0.0,2024,2cf705e1237a369a,ood
SP-021:norte:024000:2024-01-09,SP-021:norte:024000,SP-021,norte,24.25,open-meteo:era5_seamless:-23.6:-46.8,2024-01-09,56.36,4.4,44.76,16,trigger,synthetic,synthetic,synthetic,synth-v1.0.0,2024,2cf705e1237a369a,ood
SP-021:norte:024000:2024-02-23,SP-021:norte:024000,SP-021,norte,24.25,open-meteo:era5_seamless:-23.6:-46.8,2024-02-23,60.7,6.84,44.76,19,proactive,synthetic,synthetic,synthetic,synth-v1.0.0,2024,2cf705e1237a369a,ood
SP-021:norte:024000:2024-03-30,SP-021:norte:024000,SP-021,norte,24.25,open-meteo:era5_seamless:-23.6:-46.8,2024-03-30,57.85,3.4,44.76,13,trigger,synthetic,synthetic,synthetic,synth-v1.0.0,2024,2cf705e1237a369a,ood
SP-021:norte:024000:2024-05-13,SP-021:norte:024000,SP-021,norte,24.25,open-meteo:era5_seamless:-23.6:-46.8,2024-05-13,53.65,4.06,44.76,8,trigger,synthetic,synthetic,synthetic,synth-v1.0.0,2024,2cf705e1237a369a,ood
SP-021:norte:024000:2024-08-30,SP-021:norte:024000,SP-021,norte,24.25,open-meteo:era5_seamless:-23.6:-46.8,2024-08-30,53.32,6.34,44.76,19,trigger,synthetic,synthetic,synthetic,synth-v1.0.0,2024,2cf705e1237a369a,ood
SP-021:norte:024000:2024-11-24,SP-021:norte:024000,SP-021,norte,24.25,open-meteo:era5_seamless:-23.6:-46.8,2024-11-24,67.0,5.09,44.76,28,trigger,synthetic,synthetic,synthetic,synth-v1.0.0,2024,2cf705e1237a369a,ood
SP-021:norte:024000:2025-01-10,SP-021:norte:024000,SP-021,norte,24.25,open-meteo:era5_seamless:-23.6:-46.8,2025-01-10,63.19,5.02,44.76,19,trigger,synthetic,synthetic,synthetic,synth-v1.0.0,2024,2cf705e1237a369a,ood
SP-021:norte:024000:2025-02-08,SP-021:norte:024000,SP-021,norte,24.25,open-meteo:era5_seamless:-23.6:-46.8,2025-02-08,52.83,5.74,44.76,6,trigger,synthetic,synthetic,synthetic,synth-v1.0.0,2024,2cf705e1237a369a,ood
SP-021:norte:024000:2025-03-14,SP-021:norte:024000,SP-021,norte,24.25,open-meteo:era5_seamless:-23.6:-46.8,2025-03-14,54.43,7.74,44.76,12,trigger,synthetic,synthetic,synthetic,synth-v1.0.0,2024,2cf705e1237a369a,ood
SP-021:norte:024000:2025-05-12,SP-021:norte:024000,SP-021,norte,24.25,open-meteo:era5_seamless:-23.6:-46.8,2025-05-12,62.94,6.59,44.76,22,trigger,synthetic,synthetic,synthetic,synth-v1.0.0,2024,2cf705e1237a369a,ood
SP-021:norte:024000:2025-09-21,SP-021:norte:024000,SP-021,norte,24.25,open-meteo:era5_seamless:-23.6:-46.8,2025-09-21,49.45,6.27,44.76,7,trigger,synthetic,synthetic,synthetic,synth-v1.0.0,2024,2cf705e1237a369a,ood
SP-021:norte:024000:2025-12-01,SP-021:norte:024000,SP-021,norte,24.25,open-meteo:era5_seamless:-23.6:-46.8,2025-12-01,52.8,3.28,44.76,8,trigger,synthetic,synthetic,synthetic,synth-v1.0.0,2024,2cf705e1237a369a,ood
SP-021:norte:024000:2026-01-12,SP-021:norte:024000,SP-021,norte,24.25,open-meteo:era5_seamless:-23.6:-46.8,2026-01-12,57.34,5.94,44.76,8,trigger,synthetic,synthetic,synthetic,synth-v1.0.0,2024,2cf705e1237a369a,ood
SP-021:norte:024000:2026-02-18,SP-021:norte:024000,SP-021,norte,24.25,open-meteo:era5_seamless:-23.6:-46.8,2026-02-18,57.23,7.13,44.76,3,trigger,synthetic,synthetic,synthetic,synth-v1.0.0,2024,2cf705e1237a369a,ood
SP-021:norte:024000:2026-04-13,SP-021:norte:024000,SP-021,norte,24.25,open-meteo:era5_seamless:-23.6:-46.8,2026-04-13,67.32,5.38,44.76,22,trigger,synthetic,synthetic,synthetic,synth-v1.0.0,2024,2cf705e1237a369a,ood
SP-021:norte:024000:2026-08-20,SP-021:norte:024000,SP-021,norte,24.25,open-meteo:era5_seamless:-23.6:-46.8,2026-08-20,61.72,3.91,44.76,18,trigger,synthetic,synthetic,synthetic,synth-v1.0.0,2024,2cf705e1237a369a,ood
SP-021:sul:024000:2023-03-01,SP-021:sul:024000,SP-021,sul,24.25,open-meteo:era5_seamless:-23.6:-46.8,2023-03-01,68.48,3.3,60.18,10,trigger,synthetic,synthetic,synthetic,synth-v1.0.0,2024,2cf705e1237a369a,ood
SP-021:sul:024000:2023-05-20,SP-021:sul:024000,SP-021,sul,24.25,open-meteo:era5_seamless:-23.6:-46.8,2023-05-20,60.56,7.8,60.18,6,trigger,synthetic,synthetic,synthetic,synth-v1.0.0,2024,2cf705e1237a369a,ood
SP-021:sul:024000:2023-11-17,SP-021:sul:024000,SP-021,sul,24.25,open-meteo:era5_seamless:-23.6:-46.8,2023-11-17,70.99,3.65,60.18,19,trigger,synthetic,synthetic,synthetic,synth-v1.0.0,2024,2cf705e1237a369a,ood
SP-021:sul:024000:2024-03-19,SP-021:sul:024000,SP-021,sul,24.25,open-meteo:era5_seamless:-23.6:-46.8,2024-03-19,79.73,5.27,60.18,44,trigger,synthetic,synthetic,synthetic,synth-v1.0.0,2024,2cf705e1237a369a,ood
SP-021:sul:024000:2024-06-14,SP-021:sul:024000,SP-021,sul,24.25,open-meteo:era5_seamless:-23.6:-46.8,2024-06-14,61.65,3.24,60.18,5,trigger,synthetic,synthetic,synthetic,synth-v1.0.0,2024,2cf705e1237a369a,ood
SP-021:sul:024000:2024-11-18,SP-021:sul:024000,SP-021,sul,24.25,open-meteo:era5_seamless:-23.6:-46.8,2024-11-18,64.52,6.67,60.18,8,trigger,synthetic,synthetic,synthetic,synth-v1.0.0,2024,2cf705e1237a369a,ood
SP-021:sul:024000:2025-01-04,SP-021:sul:024000,SP-021,sul,24.25,open-meteo:era5_seamless:-23.6:-46.8,2025-01-04,54.59,6.72,60.18,20,proactive,synthetic,synthetic,synthetic,synth-v1.0.0,2024,2cf705e1237a369a,ood
SP-021:sul:024000:2025-02-17,SP-021:sul:024000,SP-021,sul,24.25,open-meteo:era5_seamless:-23.6:-46.8,2025-02-17,58.55,3.25,60.18,15,proactive,synthetic,synthetic,synthetic,synth-v1.0.0,2024,2cf705e1237a369a,ood
SP-021:sul:024000:2025-05-04,SP-021:sul:024000,SP-021,sul,24.25,open-meteo:era5_seamless:-23.6:-46.8,2025-05-04,62.0,5.3,60.18,7,trigger,synthetic,synthetic,synthetic,synth-v1.0.0,2024,2cf705e1237a369a,ood
SP-021:sul:024000:2025-12-11,SP-021:sul:024000,SP-021,sul,24.25,open-meteo:era5_seamless:-23.6:-46.8,2025-12-11,67.11,3.46,60.18,18,trigger,synthetic,synthetic,synthetic,synth-v1.0.0,2024,2cf705e1237a369a,ood
SP-021:sul:024000:2026-02-24,SP-021:sul:024000,SP-021,sul,24.25,open-meteo:era5_seamless:-23.6:-46.8,2026-02-24,68.83,6.64,60.18,9,trigger,synthetic,synthetic,synthetic,synth-v1.0.0,2024,2cf705e1237a369a,ood
SP-021:sul:024000:2026-04-18,SP-021:sul:024000,SP-021,sul,24.25,open-meteo:era5_seamless:-23.6:-46.8,2026-04-18,57.92,5.97,60.18,20,proactive,synthetic,synthetic,synthetic,synth-v1.0.0,2024,2cf705e1237a369a,ood
SP-021:norte:024500:2023-02-09,SP-021:norte:024500,SP-021,norte,24.75,open-meteo:era5_seamless:-23.6:-46.8,2023-02-09,76.21,3.53,49.98,18,trigger,synthetic,synthetic,synthetic,synth-v1.0.0,2024,2cf705e1237a369a,ood
SP-021:norte:024500:2023-04-06,SP-021:norte:024500,SP-021,norte,24.75,open-meteo:era5_seamless:-23.6:-46.8,2023-04-06,82.11,4.91,49.98,25,trigger,synthetic,synthetic,synthetic,synth-v1.0.0,2024,2cf705e1237a369a,ood
SP-021:norte:024500:2023-07-03,SP-021:norte:024500,SP-021,norte,24.75,open-meteo:era5_seamless:-23.6:-46.8,2023-07-03,52.57,4.31,49.98,8,trigger,synthetic,synthetic,synthetic,synth-v1.0.0,2024,2cf705e1237a369a,ood
SP-021:norte:024500:2023-10-11,SP-021:norte:024500,SP-021,norte,24.75,open-meteo:era5_seamless:-23.6:-46.8,2023-10-11,68.46,4.72,49.98,24,trigger,synthetic,synthetic,synthetic,synth-v1.0.0,2024,2cf705e1237a369a,ood
SP-021:norte:024500:2023-12-02,SP-021:norte:024500,SP-021,norte,24.75,open-meteo:era5_seamless:-23.6:-46.8,2023-12-02,67.49,7.63,49.98,13,trigger,synthetic,synthetic,synthetic,synth-v1.0.0,2024,2cf705e1237a369a,ood
SP-021:norte:024500:2024-01-24,SP-021:norte:024500,SP-021,norte,24.75,open-meteo:era5_seamless:-23.6:-46.8,2024-01-24,65.11,7.49,49.98,10,trigger,synthetic,synthetic,synthetic,synth-v1.0.0,2024,2cf705e1237a369a,ood
SP-021:norte:024500:2024-03-02,SP-021:norte:024500,SP-021,norte,24.75,open-meteo:era5_seamless:-23.6:-46.8,2024-03-02,68.13,4.07,49.98,13,trigger,synthetic,synthetic,synthetic,synth-v1.0.0,2024,2cf705e1237a369a,ood
SP-021:norte:024500:2024-04-16,SP-021:norte:024500,SP-021,norte,24.75,open-meteo:era5_seamless:-23.6:-46.8,2024-04-16,73.26,6.42,49.98,16,trigger,synthetic,synthetic,synthetic,synth-v1.0.0,2024,2cf705e1237a369a,ood
SP-021:norte:024500:2024-05-27,SP-021:norte:024500,SP-021,norte,24.75,open-meteo:era5_seamless:-23.6:-46.8,2024-05-27,47.54,4.13,49.98,8,proactive,synthetic,synthetic,synthetic,synth-v1.0.0,2024,2cf705e1237a369a,ood
SP-021:norte:024500:2024-09-18,SP-021:norte:024500,SP-021,norte,24.75,open-meteo:era5_seamless:-23.6:-46.8,2024-09-18,65.36,4.65,49.98,24,trigger,synthetic,synthetic,synthetic,synth-v1.0.0,2024,2cf705e1237a369a,ood
SP-021:norte:024500:2024-12-21,SP-021:norte:024500,SP-021,norte,24.75,open-meteo:era5_seamless:-23.6:-46.8,2024-12-21,85.89,4.59,49.98,34,trigger,synthetic,synthetic,synthetic,synth-v1.0.0,2024,2cf705e1237a369a,ood
SP-021:norte:024500:2025-02-07,SP-021:norte:024500,SP-021,norte,24.75,open-meteo:era5_seamless:-23.6:-46.8,2025-02-07,76.67,5.33,49.98,19,trigger,synthetic,synthetic,synthetic,synth-v1.0.0,2024,2cf705e1237a369a,ood
SP-021:norte:024500:2025-03-16,SP-021:norte:024500,SP-021,norte,24.75,open-meteo:era5_seamless:-23.6:-46.8,2025-03-16,64.16,5.68,49.98,14,trigger,synthetic,synthetic,synthetic,synth-v1.0.0,2024,2cf705e1237a369a,ood
SP-021:norte:024500:2025-05-17,SP-021:norte:024500,SP-021,norte,24.75,open-meteo:era5_seamless:-23.6:-46.8,2025-05-17,67.42,5.85,49.98,27,trigger,synthetic,synthetic,synthetic,synth-v1.0.0,2024,2cf705e1237a369a,ood
SP-021:norte:024500:2025-10-14,SP-021:norte:024500,SP-021,norte,24.75,open-meteo:era5_seamless:-23.6:-46.8,2025-10-14,61.6,6.1,49.98,23,trigger,synthetic,synthetic,synthetic,synth-v1.0.0,2024,2cf705e1237a369a,ood
SP-021:norte:024500:2025-12-13,SP-021:norte:024500,SP-021,norte,24.75,open-meteo:era5_seamless:-23.6:-46.8,2025-12-13,58.6,3.83,49.98,6,trigger,synthetic,synthetic,synthetic,synth-v1.0.0,2024,2cf705e1237a369a,ood
SP-021:norte:024500:2026-02-06,SP-021:norte:024500,SP-021,norte,24.75,open-meteo:era5_seamless:-23.6:-46.8,2026-02-06,72.35,7.38,49.98,19,trigger,synthetic,synthetic,synthetic,synth-v1.0.0,2024,2cf705e1237a369a,ood
SP-021:norte:024500:2026-03-24,SP-021:norte:024500,SP-021,norte,24.75,open-meteo:era5_seamless:-23.6:-46.8,2026-03-24,73.21,5.53,49.98,9,trigger,synthetic,synthetic,synthetic,synth-v1.0.0,2024,2cf705e1237a369a,ood
SP-021:norte:024500:2026-06-04,SP-021:norte:024500,SP-021,norte,24.75,open-meteo:era5_seamless:-23.6:-46.8,2026-06-04,62.71,3.46,49.98,25,trigger,synthetic,synthetic,synthetic,synth-v1.0.0,2024,2cf705e1237a369a,ood
SP-021:sul:024500:2023-03-05,SP-021:sul:024500,SP-021,sul,24.75,open-meteo:era5_seamless:-23.6:-46.8,2023-03-05,87.02,3.85,67.68,14,trigger,synthetic,synthetic,synthetic,synth-v1.0.0,2024,2cf705e1237a369a,ood
SP-021:sul:024500:2023-04-29,SP-021:sul:024500,SP-021,sul,24.75,open-meteo:era5_seamless:-23.6:-46.8,2023-04-29,61.77,4.51,67.68,34,proactive,synthetic,synthetic,synthetic,synth-v1.0.0,2024,2cf705e1237a369a,ood
SP-021:sul:024500:2023-10-15,SP-021:sul:024500,SP-021,sul,24.75,open-meteo:era5_seamless:-23.6:-46.8,2023-10-15,79.96,3.06,67.68,21,trigger,synthetic,synthetic,synthetic,synth-v1.0.0,2024,2cf705e1237a369a,ood
SP-021:sul:024500:2023-12-23,SP-021:sul:024500,SP-021,sul,24.75,open-meteo:era5_seamless:-23.6:-46.8,2023-12-23,75.65,6.57,67.68,6,trigger,synthetic,synthetic,synthetic,synth-v1.0.0,2024,2cf705e1237a369a,ood
SP-021:sul:024500:2024-03-09,SP-021:sul:024500,SP-021,sul,24.75,open-meteo:era5_seamless:-23.6:-46.8,2024-03-09,86.22,3.04,67.68,20,trigger,synthetic,synthetic,synthetic,synth-v1.0.0,2024,2cf705e1237a369a,ood
SP-021:sul:024500:2024-05-15,SP-021:sul:024500,SP-021,sul,24.75,open-meteo:era5_seamless:-23.6:-46.8,2024-05-15,77.92,6.33,67.68,17,trigger,synthetic,synthetic,synthetic,synth-v1.0.0,2024,2cf705e1237a369a,ood
SP-021:sul:024500:2024-10-05,SP-021:sul:024500,SP-021,sul,24.75,open-meteo:era5_seamless:-23.6:-46.8,2024-10-05,74.88,5.47,67.68,13,trigger,synthetic,synthetic,synthetic,synth-v1.0.0,2024,2cf705e1237a369a,ood
SP-021:sul:024500:2024-12-20,SP-021:sul:024500,SP-021,sul,24.75,open-meteo:era5_seamless:-23.6:-46.8,2024-12-20,76.25,5.81,67.68,12,trigger,synthetic,synthetic,synthetic,synth-v1.0.0,2024,2cf705e1237a369a,ood
SP-021:sul:024500:2025-02-03,SP-021:sul:024500,SP-021,sul,24.75,open-meteo:era5_seamless:-23.6:-46.8,2025-02-03,67.56,4.21,67.68,8,proactive,synthetic,synthetic,synthetic,synth-v1.0.0,2024,2cf705e1237a369a,ood
SP-021:sul:024500:2025-04-07,SP-021:sul:024500,SP-021,sul,24.75,open-meteo:era5_seamless:-23.6:-46.8,2025-04-07,79.18,3.79,67.68,15,trigger,synthetic,synthetic,synthetic,synth-v1.0.0,2024,2cf705e1237a369a,ood
SP-021:sul:024500:2025-09-27,SP-021:sul:024500,SP-021,sul,24.75,open-meteo:era5_seamless:-23.6:-46.8,2025-09-27,74.19,5.8,67.68,20,trigger,synthetic,synthetic,synthetic,synth-v1.0.0,2024,2cf705e1237a369a,ood
SP-021:sul:024500:2025-12-29,SP-021:sul:024500,SP-021,sul,24.75,open-meteo:era5_seamless:-23.6:-46.8,2025-12-29,76.35,5.56,67.68,8,trigger,synthetic,synthetic,synthetic,synth-v1.0.0,2024,2cf705e1237a369a,ood
SP-021:sul:024500:2026-03-02,SP-021:sul:024500,SP-021,sul,24.75,open-meteo:era5_seamless:-23.6:-46.8,2026-03-02,77.6,7.58,67.68,8,trigger,synthetic,synthetic,synthetic,synth-v1.0.0,2024,2cf705e1237a369a,ood
SP-021:sul:024500:2026-05-28,SP-021:sul:024500,SP-021,sul,24.75,open-meteo:era5_seamless:-23.6:-46.8,2026-05-28,80.13,7.57,67.68,32,trigger,synthetic,synthetic,synthetic,synth-v1.0.0,2024,2cf705e1237a369a,ood
SP-021:norte:025000:2023-12-23,SP-021:norte:025000,SP-021,norte,25.25,open-meteo:era5_seamless:-23.6:-46.8,2023-12-23,62.66,7.23,64.19,27,proactive,synthetic,synthetic,synthetic,synth-v1.0.0,2024,2cf705e1237a369a,ood
SP-021:norte:025000:2024-11-10,SP-021:norte:025000,SP-021,norte,25.25,open-meteo:era5_seamless:-23.6:-46.8,2024-11-10,62.34,4.11,64.19,7,proactive,synthetic,synthetic,synthetic,synth-v1.0.0,2024,2cf705e1237a369a,ood
SP-021:norte:025000:2025-02-28,SP-021:norte:025000,SP-021,norte,25.25,open-meteo:era5_seamless:-23.6:-46.8,2025-02-28,59.24,7.85,64.19,26,proactive,synthetic,synthetic,synthetic,synth-v1.0.0,2024,2cf705e1237a369a,ood
SP-021:norte:025000:2025-10-03,SP-021:norte:025000,SP-021,norte,25.25,open-meteo:era5_seamless:-23.6:-46.8,2025-10-03,54.3,4.65,64.19,26,proactive,synthetic,synthetic,synthetic,synth-v1.0.0,2024,2cf705e1237a369a,ood
SP-021:norte:025000:2026-05-24,SP-021:norte:025000,SP-021,norte,25.25,open-meteo:era5_seamless:-23.6:-46.8,2026-05-24,61.69,3.98,64.19,7,proactive,synthetic,synthetic,synthetic,synth-v1.0.0,2024,2cf705e1237a369a,ood
SP-021:sul:025000:2023-01-26,SP-021:sul:025000,SP-021,sul,25.25,open-meteo:era5_seamless:-23.6:-46.8,2023-01-26,74.22,6.44,68.0,11,proactive,synthetic,synthetic,synthetic,synth-v1.0.0,2024,2cf705e1237a369a,ood
SP-021:sul:025000:2023-03-21,SP-021:sul:025000,SP-021,sul,25.25,open-meteo:era5_seamless:-23.6:-46.8,2023-03-21,98.96,3.58,68.0,23,trigger,synthetic,synthetic,synthetic,synth-v1.0.0,2024,2cf705e1237a369a,ood
SP-021:sul:025000:2023-04-17,SP-021:sul:025000,SP-021,sul,25.25,open-meteo:era5_seamless:-23.6:-46.8,2023-04-17,47.36,6.17,68.0,8,proactive,synthetic,synthetic,synthetic,synth-v1.0.0,2024,2cf705e1237a369a,ood
SP-021:sul:025000:2023-08-27,SP-021:sul:025000,SP-021,sul,25.25,open-meteo:era5_seamless:-23.6:-46.8,2023-08-27,81.99,7.93,68.0,21,trigger,synthetic,synthetic,synthetic,synth-v1.0.0,2024,2cf705e1237a369a,ood
SP-021:sul:025000:2023-11-16,SP-021:sul:025000,SP-021,sul,25.25,open-meteo:era5_seamless:-23.6:-46.8,2023-11-16,95.33,7.34,68.0,25,trigger,synthetic,synthetic,synthetic,synth-v1.0.0,2024,2cf705e1237a369a,ood
SP-021:sul:025000:2024-01-10,SP-021:sul:025000,SP-021,sul,25.25,open-meteo:era5_seamless:-23.6:-46.8,2024-01-10,80.13,5.9,68.0,17,trigger,synthetic,synthetic,synthetic,synth-v1.0.0,2024,2cf705e1237a369a,ood
SP-021:sul:025000:2024-03-01,SP-021:sul:025000,SP-021,sul,25.25,open-meteo:era5_seamless:-23.6:-46.8,2024-03-01,95.65,4.92,68.0,19,trigger,synthetic,synthetic,synthetic,synth-v1.0.0,2024,2cf705e1237a369a,ood
SP-021:sul:025000:2024-04-23,SP-021:sul:025000,SP-021,sul,25.25,open-meteo:era5_seamless:-23.6:-46.8,2024-04-23,95.78,7.81,68.0,23,trigger,synthetic,synthetic,synthetic,synth-v1.0.0,2024,2cf705e1237a369a,ood
SP-021:sul:025000:2024-07-13,SP-021:sul:025000,SP-021,sul,25.25,open-meteo:era5_seamless:-23.6:-46.8,2024-07-13,71.15,7.79,68.0,13,trigger,synthetic,synthetic,synthetic,synth-v1.0.0,2024,2cf705e1237a369a,ood
SP-021:sul:025000:2024-10-06,SP-021:sul:025000,SP-021,sul,25.25,open-meteo:era5_seamless:-23.6:-46.8,2024-10-06,73.07,3.4,68.0,7,trigger,synthetic,synthetic,synthetic,synth-v1.0.0,2024,2cf705e1237a369a,ood
SP-021:sul:025000:2024-12-12,SP-021:sul:025000,SP-021,sul,25.25,open-meteo:era5_seamless:-23.6:-46.8,2024-12-12,93.73,5.79,68.0,11,trigger,synthetic,synthetic,synthetic,synth-v1.0.0,2024,2cf705e1237a369a,ood
SP-021:sul:025000:2025-01-22,SP-021:sul:025000,SP-021,sul,25.25,open-meteo:era5_seamless:-23.6:-46.8,2025-01-22,85.25,6.9,68.0,10,trigger,synthetic,synthetic,synthetic,synth-v1.0.0,2024,2cf705e1237a369a,ood
SP-021:sul:025000:2025-03-09,SP-021:sul:025000,SP-021,sul,25.25,open-meteo:era5_seamless:-23.6:-46.8,2025-03-09,93.51,5.8,68.0,21,trigger,synthetic,synthetic,synthetic,synth-v1.0.0,2024,2cf705e1237a369a,ood
SP-021:sul:025000:2025-04-24,SP-021:sul:025000,SP-021,sul,25.25,open-meteo:era5_seamless:-23.6:-46.8,2025-04-24,76.27,7.02,68.0,4,trigger,synthetic,synthetic,synthetic,synth-v1.0.0,2024,2cf705e1237a369a,ood
SP-021:sul:025000:2025-08-24,SP-021:sul:025000,SP-021,sul,25.25,open-meteo:era5_seamless:-23.6:-46.8,2025-08-24,72.86,4.79,68.0,14,trigger,synthetic,synthetic,synthetic,synth-v1.0.0,2024,2cf705e1237a369a,ood
SP-021:sul:025000:2025-11-12,SP-021:sul:025000,SP-021,sul,25.25,open-meteo:era5_seamless:-23.6:-46.8,2025-11-12,69.81,6.27,68.0,3,trigger,synthetic,synthetic,synthetic,synth-v1.0.0,2024,2cf705e1237a369a,ood
SP-021:sul:025000:2026-01-10,SP-021:sul:025000,SP-021,sul,25.25,open-meteo:era5_seamless:-23.6:-46.8,2026-01-10,90.53,3.43,68.0,13,trigger,synthetic,synthetic,synthetic,synth-v1.0.0,2024,2cf705e1237a369a,ood
SP-021:sul:025000:2026-02-28,SP-021:sul:025000,SP-021,sul,25.25,open-meteo:era5_seamless:-23.6:-46.8,2026-02-28,91.08,7.32,68.0,13,trigger,synthetic,synthetic,synthetic,synth-v1.0.0,2024,2cf705e1237a369a,ood
SP-021:sul:025000:2026-04-24,SP-021:sul:025000,SP-021,sul,25.25,open-meteo:era5_seamless:-23.6:-46.8,2026-04-24,89.95,4.04,68.0,26,trigger,synthetic,synthetic,synthetic,synth-v1.0.0,2024,2cf705e1237a369a,ood
SP-021:sul:025000:2026-09-01,SP-021:sul:025000,SP-021,sul,25.25,open-meteo:era5_seamless:-23.6:-46.8,2026-09-01,79.52,6.43,68.0,25,trigger,synthetic,synthetic,synthetic,synth-v1.0.0,2024,2cf705e1237a369a,ood
SP-021:norte:025500:2023-02-11,SP-021:norte:025500,SP-021,norte,25.75,open-meteo:era5_seamless:-23.6:-46.8,2023-02-11,60.17,7.63,48.14,13,trigger,synthetic,synthetic,synthetic,synth-v1.0.0,2024,2cf705e1237a369a,ood
SP-021:norte:025500:2023-05-03,SP-021:norte:025500,SP-021,norte,25.75,open-meteo:era5_seamless:-23.6:-46.8,2023-05-03,72.31,3.33,48.14,45,trigger,synthetic,synthetic,synthetic,synth-v1.0.0,2024,2cf705e1237a369a,ood
SP-021:norte:025500:2023-10-21,SP-021:norte:025500,SP-021,norte,25.75,open-meteo:era5_seamless:-23.6:-46.8,2023-10-21,59.75,3.93,48.14,20,trigger,synthetic,synthetic,synthetic,synth-v1.0.0,2024,2cf705e1237a369a,ood
SP-021:norte:025500:2024-01-07,SP-021:norte:025500,SP-021,norte,25.75,open-meteo:era5_seamless:-23.6:-46.8,2024-01-07,62.02,6.88,48.14,21,trigger,synthetic,synthetic,synthetic,synth-v1.0.0,2024,2cf705e1237a369a,ood
SP-021:norte:025500:2024-03-12,SP-021:norte:025500,SP-021,norte,25.75,open-meteo:era5_seamless:-23.6:-46.8,2024-03-12,71.67,6.49,48.14,23,trigger,synthetic,synthetic,synthetic,synth-v1.0.0,2024,2cf705e1237a369a,ood
SP-021:norte:025500:2024-05-06,SP-021:norte:025500,SP-021,norte,25.75,open-meteo:era5_seamless:-23.6:-46.8,2024-05-06,57.53,4.43,48.14,15,trigger,synthetic,synthetic,synthetic,synth-v1.0.0,2024,2cf705e1237a369a,ood
SP-021:norte:025500:2024-09-20,SP-021:norte:025500,SP-021,norte,25.75,open-meteo:era5_seamless:-23.6:-46.8,2024-09-20,50.43,5.65,48.14,5,trigger,synthetic,synthetic,synthetic,synth-v1.0.0,2024,2cf705e1237a369a,ood
SP-021:norte:025500:2024-12-02,SP-021:norte:025500,SP-021,norte,25.75,open-meteo:era5_seamless:-23.6:-46.8,2024-12-02,57.62,6.81,48.14,8,trigger,synthetic,synthetic,synthetic,synth-v1.0.0,2024,2cf705e1237a369a,ood
SP-021:norte:025500:2025-01-14,SP-021:norte:025500,SP-021,norte,25.75,open-meteo:era5_seamless:-23.6:-46.8,2025-01-14,52.1,5.22,48.14,2,trigger,synthetic,synthetic,synthetic,synth-v1.0.0,2024,2cf705e1237a369a,ood
SP-021:norte:025500:2025-02-24,SP-021:norte:025500,SP-021,norte,25.75,open-meteo:era5_seamless:-23.6:-46.8,2025-02-24,57.93,5.71,48.14,8,trigger,synthetic,synthetic,synthetic,synth-v1.0.0,2024,2cf705e1237a369a,ood
SP-021:norte:025500:2025-05-12,SP-021:norte:025500,SP-021,norte,25.75,open-meteo:era5_seamless:-23.6:-46.8,2025-05-12,60.79,7.32,48.14,22,trigger,synthetic,synthetic,synthetic,synth-v1.0.0,2024,2cf705e1237a369a,ood
SP-021:norte:025500:2025-11-24,SP-021:norte:025500,SP-021,norte,25.75,open-meteo:era5_seamless:-23.6:-46.8,2025-11-24,61.38,5.35,48.14,29,trigger,synthetic,synthetic,synthetic,synth-v1.0.0,2024,2cf705e1237a369a,ood
SP-021:norte:025500:2026-02-12,SP-021:norte:025500,SP-021,norte,25.75,open-meteo:era5_seamless:-23.6:-46.8,2026-02-12,70.85,6.23,48.14,32,trigger,synthetic,synthetic,synthetic,synth-v1.0.0,2024,2cf705e1237a369a,ood
SP-021:norte:025500:2026-04-21,SP-021:norte:025500,SP-021,norte,25.75,open-meteo:era5_seamless:-23.6:-46.8,2026-04-21,65.38,4.29,48.14,23,trigger,synthetic,synthetic,synthetic,synth-v1.0.0,2024,2cf705e1237a369a,ood
SP-021:sul:025500:2023-02-23,SP-021:sul:025500,SP-021,sul,25.75,open-meteo:era5_seamless:-23.6:-46.8,2023-02-23,81.33,3.02,66.99,11,trigger,synthetic,synthetic,synthetic,synth-v1.0.0,2024,2cf705e1237a369a,ood
SP-021:sul:025500:2023-05-11,SP-021:sul:025500,SP-021,sul,25.75,open-meteo:era5_seamless:-23.6:-46.8,2023-05-11,75.32,7.45,66.99,18,trigger,synthetic,synthetic,synthetic,synth-v1.0.0,2024,2cf705e1237a369a,ood
SP-021:sul:025500:2023-10-28,SP-021:sul:025500,SP-021,sul,25.75,open-meteo:era5_seamless:-23.6:-46.8,2023-10-28,75.22,7.83,66.99,13,trigger,synthetic,synthetic,synthetic,synth-v1.0.0,2024,2cf705e1237a369a,ood
SP-021:sul:025500:2024-01-15,SP-021:sul:025500,SP-021,sul,25.75,open-meteo:era5_seamless:-23.6:-46.8,2024-01-15,71.06,3.46,66.99,8,trigger,synthetic,synthetic,synthetic,synth-v1.0.0,2024,2cf705e1237a369a,ood
SP-021:sul:025500:2024-04-08,SP-021:sul:025500,SP-021,sul,25.75,open-meteo:era5_seamless:-23.6:-46.8,2024-04-08,89.6,5.2,66.99,36,trigger,synthetic,synthetic,synthetic,synth-v1.0.0,2024,2cf705e1237a369a,ood
SP-021:sul:025500:2024-08-22,SP-021:sul:025500,SP-021,sul,25.75,open-meteo:era5_seamless:-23.6:-46.8,2024-08-22,69.09,3.49,66.99,4,trigger,synthetic,synthetic,synthetic,synth-v1.0.0,2024,2cf705e1237a369a,ood
SP-021:sul:025500:2024-10-28,SP-021:sul:025500,SP-021,sul,25.75,open-meteo:era5_seamless:-23.6:-46.8,2024-10-28,46.58,3.47,66.99,15,proactive,synthetic,synthetic,synthetic,synth-v1.0.0,2024,2cf705e1237a369a,ood
SP-021:sul:025500:2025-01-03,SP-021:sul:025500,SP-021,sul,25.75,open-meteo:era5_seamless:-23.6:-46.8,2025-01-03,73.7,4.77,66.99,5,trigger,synthetic,synthetic,synthetic,synth-v1.0.0,2024,2cf705e1237a369a,ood
SP-021:sul:025500:2025-02-25,SP-021:sul:025500,SP-021,sul,25.75,open-meteo:era5_seamless:-23.6:-46.8,2025-02-25,75.09,5.99,66.99,9,proactive,synthetic,synthetic,synthetic,synth-v1.0.0,2024,2cf705e1237a369a,ood
SP-021:sul:025500:2025-06-02,SP-021:sul:025500,SP-021,sul,25.75,open-meteo:era5_seamless:-23.6:-46.8,2025-06-02,74.74,7.41,66.99,15,trigger,synthetic,synthetic,synthetic,synth-v1.0.0,2024,2cf705e1237a369a,ood
SP-021:sul:025500:2025-11-04,SP-021:sul:025500,SP-021,sul,25.75,open-meteo:era5_seamless:-23.6:-46.8,2025-11-04,54.75,7.52,66.99,16,proactive,synthetic,synthetic,synthetic,synth-v1.0.0,2024,2cf705e1237a369a,ood
SP-021:sul:025500:2026-01-15,SP-021:sul:025500,SP-021,sul,25.75,open-meteo:era5_seamless:-23.6:-46.8,2026-01-15,70.98,4.99,66.99,4,trigger,synthetic,synthetic,synthetic,synth-v1.0.0,2024,2cf705e1237a369a,ood
SP-021:sul:025500:2026-04-22,SP-021:sul:025500,SP-021,sul,25.75,open-meteo:era5_seamless:-23.6:-46.8,2026-04-22,89.41,4.28,66.99,45,trigger,synthetic,synthetic,synthetic,synth-v1.0.0,2024,2cf705e1237a369a,ood
SP-021:sul:025500:2026-07-08,SP-021:sul:025500,SP-021,sul,25.75,open-meteo:era5_seamless:-23.6:-46.8,2026-07-08,36.97,7.51,66.99,10,proactive,synthetic,synthetic,synthetic,synth-v1.0.0,2024,2cf705e1237a369a,ood
SP-021:norte:026000:2023-02-11,SP-021:norte:026000,SP-021,norte,26.25,open-meteo:era5_seamless:-23.6:-46.8,2023-02-11,67.77,4.06,59.18,6,trigger,synthetic,synthetic,synthetic,synth-v1.0.0,2024,2cf705e1237a369a,ood
SP-021:norte:026000:2023-04-21,SP-021:norte:026000,SP-021,norte,26.25,open-meteo:era5_seamless:-23.6:-46.8,2023-04-21,66.47,7.22,59.18,19,trigger,synthetic,synthetic,synthetic,synth-v1.0.0,2024,2cf705e1237a369a,ood
SP-021:norte:026000:2023-06-14,SP-021:norte:026000,SP-021,norte,26.25,open-meteo:era5_seamless:-23.6:-46.8,2023-06-14,30.49,3.85,59.18,3,proactive,synthetic,synthetic,synthetic,synth-v1.0.0,2024,2cf705e1237a369a,ood
SP-021:norte:026000:2023-10-27,SP-021:norte:026000,SP-021,norte,26.25,open-meteo:era5_seamless:-23.6:-46.8,2023-10-27,62.57,4.08,59.18,26,proactive,synthetic,synthetic,synthetic,synth-v1.0.0,2024,2cf705e1237a369a,ood
SP-021:norte:026000:2024-02-03,SP-021:norte:026000,SP-021,norte,26.25,open-meteo:era5_seamless:-23.6:-46.8,2024-02-03,69.72,7.69,59.18,27,trigger,synthetic,synthetic,synthetic,synth-v1.0.0,2024,2cf705e1237a369a,ood
SP-021:norte:026000:2024-04-07,SP-021:norte:026000,SP-021,norte,26.25,open-meteo:era5_seamless:-23.6:-46.8,2024-04-07,69.76,6.84,59.18,21,trigger,synthetic,synthetic,synthetic,synth-v1.0.0,2024,2cf705e1237a369a,ood
SP-021:norte:026000:2024-08-26,SP-021:norte:026000,SP-021,norte,26.25,open-meteo:era5_seamless:-23.6:-46.8,2024-08-26,62.82,5.69,59.18,15,trigger,synthetic,synthetic,synthetic,synth-v1.0.0,2024,2cf705e1237a369a,ood
SP-021:norte:026000:2024-12-12,SP-021:norte:026000,SP-021,norte,26.25,open-meteo:era5_seamless:-23.6:-46.8,2024-12-12,69.06,3.6,59.18,18,trigger,synthetic,synthetic,synthetic,synth-v1.0.0,2024,2cf705e1237a369a,ood
SP-021:norte:026000:2025-03-03,SP-021:norte:026000,SP-021,norte,26.25,open-meteo:era5_seamless:-23.6:-46.8,2025-03-03,75.32,7.6,59.18,29,trigger,synthetic,synthetic,synthetic,synth-v1.0.0,2024,2cf705e1237a369a,ood
SP-021:norte:026000:2025-05-26,SP-021:norte:026000,SP-021,norte,26.25,open-meteo:era5_seamless:-23.6:-46.8,2025-05-26,63.22,3.86,59.18,15,trigger,synthetic,synthetic,synthetic,synth-v1.0.0,2024,2cf705e1237a369a,ood
SP-021:norte:026000:2025-12-13,SP-021:norte:026000,SP-021,norte,26.25,open-meteo:era5_seamless:-23.6:-46.8,2025-12-13,65.25,5.31,59.18,13,trigger,synthetic,synthetic,synthetic,synth-v1.0.0,2024,2cf705e1237a369a,ood
SP-021:norte:026000:2026-02-01,SP-021:norte:026000,SP-021,norte,26.25,open-meteo:era5_seamless:-23.6:-46.8,2026-02-01,54.28,3.73,59.18,14,proactive,synthetic,synthetic,synthetic,synth-v1.0.0,2024,2cf705e1237a369a,ood
SP-021:norte:026000:2026-04-10,SP-021:norte:026000,SP-021,norte,26.25,open-meteo:era5_seamless:-23.6:-46.8,2026-04-10,68.64,4.29,59.18,19,trigger,synthetic,synthetic,synthetic,synth-v1.0.0,2024,2cf705e1237a369a,ood
SP-021:sul:026000:2023-01-06,SP-021:sul:026000,SP-021,sul,26.25,open-meteo:era5_seamless:-23.6:-46.8,2023-01-06,40.14,5.49,49.79,5,proactive,synthetic,synthetic,synthetic,synth-v1.0.0,2024,2cf705e1237a369a,ood
SP-021:sul:026000:2023-02-22,SP-021:sul:026000,SP-021,sul,26.25,open-meteo:era5_seamless:-23.6:-46.8,2023-02-22,68.56,7.96,49.79,17,trigger,synthetic,synthetic,synthetic,synth-v1.0.0,2024,2cf705e1237a369a,ood
SP-021:sul:026000:2023-04-07,SP-021:sul:026000,SP-021,sul,26.25,open-meteo:era5_seamless:-23.6:-46.8,2023-04-07,65.2,4.74,49.79,19,trigger,synthetic,synthetic,synthetic,synth-v1.0.0,2024,2cf705e1237a369a,ood
SP-021:sul:026000:2023-08-26,SP-021:sul:026000,SP-021,sul,26.25,open-meteo:era5_seamless:-23.6:-46.8,2023-08-26,63.35,6.93,49.79,20,trigger,synthetic,synthetic,synthetic,synth-v1.0.0,2024,2cf705e1237a369a,ood
SP-021:sul:026000:2023-11-09,SP-021:sul:026000,SP-021,sul,26.25,open-meteo:era5_seamless:-23.6:-46.8,2023-11-09,67.9,4.4,49.79,25,trigger,synthetic,synthetic,synthetic,synth-v1.0.0,2024,2cf705e1237a369a,ood
SP-021:sul:026000:2024-01-08,SP-021:sul:026000,SP-021,sul,26.25,open-meteo:era5_seamless:-23.6:-46.8,2024-01-08,63.18,3.2,49.79,22,trigger,synthetic,synthetic,synthetic,synth-v1.0.0,2024,2cf705e1237a369a,ood
SP-021:sul:026000:2024-02-24,SP-021:sul:026000,SP-021,sul,26.25,open-meteo:era5_seamless:-23.6:-46.8,2024-02-24,65.51,7.39,49.79,13,trigger,synthetic,synthetic,synthetic,synth-v1.0.0,2024,2cf705e1237a369a,ood
SP-021:sul:026000:2024-04-29,SP-021:sul:026000,SP-021,sul,26.25,open-meteo:era5_seamless:-23.6:-46.8,2024-04-29,75.01,5.0,49.79,36,trigger,synthetic,synthetic,synthetic,synth-v1.0.0,2024,2cf705e1237a369a,ood
SP-021:sul:026000:2024-08-11,SP-021:sul:026000,SP-021,sul,26.25,open-meteo:era5_seamless:-23.6:-46.8,2024-08-11,56.35,4.22,49.79,7,trigger,synthetic,synthetic,synthetic,synth-v1.0.0,2024,2cf705e1237a369a,ood
SP-021:sul:026000:2024-10-24,SP-021:sul:026000,SP-021,sul,26.25,open-meteo:era5_seamless:-23.6:-46.8,2024-10-24,54.01,7.31,49.79,4,trigger,synthetic,synthetic,synthetic,synth-v1.0.0,2024,2cf705e1237a369a,ood
SP-021:sul:026000:2024-12-21,SP-021:sul:026000,SP-021,sul,26.25,open-meteo:era5_seamless:-23.6:-46.8,2024-12-21,68.37,5.99,49.79,20,trigger,synthetic,synthetic,synthetic,synth-v1.0.0,2024,2cf705e1237a369a,ood
SP-021:sul:026000:2025-01-28,SP-021:sul:026000,SP-021,sul,26.25,open-meteo:era5_seamless:-23.6:-46.8,2025-01-28,61.11,7.08,49.79,9,trigger,synthetic,synthetic,synthetic,synth-v1.0.0,2024,2cf705e1237a369a,ood
SP-021:sul:026000:2025-03-08,SP-021:sul:026000,SP-021,sul,26.25,open-meteo:era5_seamless:-23.6:-46.8,2025-03-08,65.78,5.24,49.79,13,trigger,synthetic,synthetic,synthetic,synth-v1.0.0,2024,2cf705e1237a369a,ood
SP-021:sul:026000:2025-05-20,SP-021:sul:026000,SP-021,sul,26.25,open-meteo:era5_seamless:-23.6:-46.8,2025-05-20,67.16,6.06,49.79,30,trigger,synthetic,synthetic,synthetic,synth-v1.0.0,2024,2cf705e1237a369a,ood
SP-021:sul:026000:2025-10-05,SP-021:sul:026000,SP-021,sul,26.25,open-meteo:era5_seamless:-23.6:-46.8,2025-10-05,52.27,3.96,49.79,35,proactive,synthetic,synthetic,synthetic,synth-v1.0.0,2024,2cf705e1237a369a,ood
SP-021:sul:026000:2025-12-19,SP-021:sul:026000,SP-021,sul,26.25,open-meteo:era5_seamless:-23.6:-46.8,2025-12-19,61.19,6.02,49.79,12,trigger,synthetic,synthetic,synthetic,synth-v1.0.0,2024,2cf705e1237a369a,ood
SP-021:sul:026000:2026-02-19,SP-021:sul:026000,SP-021,sul,26.25,open-meteo:era5_seamless:-23.6:-46.8,2026-02-19,72.22,5.85,49.79,25,trigger,synthetic,synthetic,synthetic,synth-v1.0.0,2024,2cf705e1237a369a,ood
SP-021:sul:026000:2026-04-05,SP-021:sul:026000,SP-021,sul,26.25,open-meteo:era5_seamless:-23.6:-46.8,2026-04-05,64.81,7.15,49.79,14,trigger,synthetic,synthetic,synthetic,synth-v1.0.0,2024,2cf705e1237a369a,ood
SP-021:sul:026000:2026-08-05,SP-021:sul:026000,SP-021,sul,26.25,open-meteo:era5_seamless:-23.6:-46.8,2026-08-05,59.97,4.91,49.79,3,trigger,synthetic,synthetic,synthetic,synth-v1.0.0,2024,2cf705e1237a369a,ood
SP-021:norte:026500:2023-02-27,SP-021:norte:026500,SP-021,norte,26.75,open-meteo:era5_seamless:-23.6:-46.8,2023-02-27,70.94,3.34,59.27,22,trigger,synthetic,synthetic,synthetic,synth-v1.0.0,2024,2cf705e1237a369a,ood
SP-021:norte:026500:2023-04-28,SP-021:norte:026500,SP-021,norte,26.75,open-meteo:era5_seamless:-23.6:-46.8,2023-04-28,61.71,6.24,59.27,5,trigger,synthetic,synthetic,synthetic,synth-v1.0.0,2024,2cf705e1237a369a,ood
SP-021:norte:026500:2023-09-02,SP-021:norte:026500,SP-021,norte,26.75,open-meteo:era5_seamless:-23.6:-46.8,2023-09-02,51.73,6.51,59.27,20,proactive,synthetic,synthetic,synthetic,synth-v1.0.0,2024,2cf705e1237a369a,ood
SP-021:norte:026500:2023-11-18,SP-021:norte:026500,SP-021,norte,26.75,open-meteo:era5_seamless:-23.6:-46.8,2023-11-18,65.27,4.0,59.27,6,trigger,synthetic,synthetic,synthetic,synth-v1.0.0,2024,2cf705e1237a369a,ood
SP-021:norte:026500:2024-01-12,SP-021:norte:026500,SP-021,norte,26.75,open-meteo:era5_seamless:-23.6:-46.8,2024-01-12,55.55,7.16,59.27,5,proactive,synthetic,synthetic,synthetic,synth-v1.0.0,2024,2cf705e1237a369a,ood
SP-021:norte:026500:2024-03-06,SP-021:norte:026500,SP-021,norte,26.75,open-meteo:era5_seamless:-23.6:-46.8,2024-03-06,65.51,5.92,59.27,10,trigger,synthetic,synthetic,synthetic,synth-v1.0.0,2024,2cf705e1237a369a,ood
SP-021:norte:026500:2024-04-30,SP-021:norte:026500,SP-021,norte,26.75,open-meteo:era5_seamless:-23.6:-46.8,2024-04-30,64.88,7.64,59.27,9,trigger,synthetic,synthetic,synthetic,synth-v1.0.0,2024,2cf705e1237a369a,ood
SP-021:norte:026500:2024-09-18,SP-021:norte:026500,SP-021,norte,26.75,open-meteo:era5_seamless:-23.6:-46.8,2024-09-18,62.75,5.62,59.27,10,trigger,synthetic,synthetic,synthetic,synth-v1.0.0,2024,2cf705e1237a369a,ood
SP-021:norte:026500:2024-12-04,SP-021:norte:026500,SP-021,norte,26.75,open-meteo:era5_seamless:-23.6:-46.8,2024-12-04,63.38,4.49,59.27,10,proactive,synthetic,synthetic,synthetic,synth-v1.0.0,2024,2cf705e1237a369a,ood
SP-021:norte:026500:2025-02-01,SP-021:norte:026500,SP-021,norte,26.75,open-meteo:era5_seamless:-23.6:-46.8,2025-02-01,66.9,6.55,59.27,13,trigger,synthetic,synthetic,synthetic,synth-v1.0.0,2024,2cf705e1237a369a,ood
SP-021:norte:026500:2025-04-05,SP-021:norte:026500,SP-021,norte,26.75,open-meteo:era5_seamless:-23.6:-46.8,2025-04-05,66.86,5.36,59.27,20,trigger,synthetic,synthetic,synthetic,synth-v1.0.0,2024,2cf705e1237a369a,ood
SP-021:norte:026500:2025-09-18,SP-021:norte:026500,SP-021,norte,26.75,open-meteo:era5_seamless:-23.6:-46.8,2025-09-18,63.07,3.52,59.27,25,trigger,synthetic,synthetic,synthetic,synth-v1.0.0,2024,2cf705e1237a369a,ood
SP-021:norte:026500:2025-12-24,SP-021:norte:026500,SP-021,norte,26.75,open-meteo:era5_seamless:-23.6:-46.8,2025-12-24,63.73,7.3,59.27,10,trigger,synthetic,synthetic,synthetic,synth-v1.0.0,2024,2cf705e1237a369a,ood
SP-021:norte:026500:2026-03-06,SP-021:norte:026500,SP-021,norte,26.75,open-meteo:era5_seamless:-23.6:-46.8,2026-03-06,69.27,3.52,59.27,19,trigger,synthetic,synthetic,synthetic,synth-v1.0.0,2024,2cf705e1237a369a,ood
SP-021:norte:026500:2026-05-06,SP-021:norte:026500,SP-021,norte,26.75,open-meteo:era5_seamless:-23.6:-46.8,2026-05-06,61.16,7.74,59.27,17,proactive,synthetic,synthetic,synthetic,synth-v1.0.0,2024,2cf705e1237a369a,ood
SP-021:sul:026500:2023-01-31,SP-021:sul:026500,SP-021,sul,26.75,open-meteo:era5_seamless:-23.6:-46.8,2023-01-31,68.03,4.33,56.11,9,trigger,synthetic,synthetic,synthetic,synth-v1.0.0,2024,2cf705e1237a369a,ood
SP-021:sul:026500:2023-03-26,SP-021:sul:026500,SP-021,sul,26.75,open-meteo:era5_seamless:-23.6:-46.8,2023-03-26,73.73,7.25,56.11,14,trigger,synthetic,synthetic,synthetic,synth-v1.0.0,2024,2cf705e1237a369a,ood
SP-021:sul:026500:2023-08-10,SP-021:sul:026500,SP-021,sul,26.75,open-meteo:era5_seamless:-23.6:-46.8,2023-08-10,61.89,3.26,56.11,4,trigger,synthetic,synthetic,synthetic,synth-v1.0.0,2024,2cf705e1237a369a,ood
SP-021:sul:026500:2023-11-02,SP-021:sul:026500,SP-021,sul,26.75,open-meteo:era5_seamless:-23.6:-46.8,2023-11-02,66.72,6.01,56.11,25,proactive,synthetic,synthetic,synthetic,synth-v1.0.0,2024,2cf705e1237a369a,ood
SP-021:sul:026500:2024-01-07,SP-021:sul:026500,SP-021,sul,26.75,open-meteo:era5_seamless:-23.6:-46.8,2024-01-07,65.03,3.87,56.11,7,trigger,synthetic,synthetic,synthetic,synth-v1.0.0,2024,2cf705e1237a369a,ood
SP-021:sul:026500:2024-02-23,SP-021:sul:026500,SP-021,sul,26.75,open-meteo:era5_seamless:-23.6:-46.8,2024-02-23,61.24,4.04,56.11,5,trigger,synthetic,synthetic,synthetic,synth-v1.0.0,2024,2cf705e1237a369a,ood
SP-021:sul:026500:2024-04-14,SP-021:sul:026500,SP-021,sul,26.75,open-meteo:era5_seamless:-23.6:-46.8,2024-04-14,71.18,7.67,56.11,14,trigger,synthetic,synthetic,synthetic,synth-v1.0.0,2024,2cf705e1237a369a,ood
SP-021:sul:026500:2024-08-27,SP-021:sul:026500,SP-021,sul,26.75,open-meteo:era5_seamless:-23.6:-46.8,2024-08-27,67.61,4.91,56.11,23,trigger,synthetic,synthetic,synthetic,synth-v1.0.0,2024,2cf705e1237a369a,ood
SP-021:sul:026500:2024-11-13,SP-021:sul:026500,SP-021,sul,26.75,open-meteo:era5_seamless:-23.6:-46.8,2024-11-13,59.82,7.3,56.11,3,trigger,synthetic,synthetic,synthetic,synth-v1.0.0,2024,2cf705e1237a369a,ood
SP-021:sul:026500:2025-01-03,SP-021:sul:026500,SP-021,sul,26.75,open-meteo:era5_seamless:-23.6:-46.8,2025-01-03,65.51,4.03,56.11,5,trigger,synthetic,synthetic,synthetic,synth-v1.0.0,2024,2cf705e1237a369a,ood
SP-021:sul:026500:2025-02-18,SP-021:sul:026500,SP-021,sul,26.75,open-meteo:era5_seamless:-23.6:-46.8,2025-02-18,67.99,3.48,56.11,9,trigger,synthetic,synthetic,synthetic,synth-v1.0.0,2024,2cf705e1237a369a,ood
SP-021:sul:026500:2025-04-16,SP-021:sul:026500,SP-021,sul,26.75,open-meteo:era5_seamless:-23.6:-46.8,2025-04-16,61.25,7.93,56.11,3,trigger,synthetic,synthetic,synthetic,synth-v1.0.0,2024,2cf705e1237a369a,ood
SP-021:sul:026500:2025-10-05,SP-021:sul:026500,SP-021,sul,26.75,open-meteo:era5_seamless:-23.6:-46.8,2025-10-05,66.66,3.42,56.11,42,trigger,synthetic,synthetic,synthetic,synth-v1.0.0,2024,2cf705e1237a369a,ood
SP-021:sul:026500:2026-01-22,SP-021:sul:026500,SP-021,sul,26.75,open-meteo:era5_seamless:-23.6:-46.8,2026-01-22,78.95,4.68,56.11,32,trigger,synthetic,synthetic,synthetic,synth-v1.0.0,2024,2cf705e1237a369a,ood
SP-021:sul:026500:2026-03-09,SP-021:sul:026500,SP-021,sul,26.75,open-meteo:era5_seamless:-23.6:-46.8,2026-03-09,64.29,5.14,56.11,8,trigger,synthetic,synthetic,synthetic,synth-v1.0.0,2024,2cf705e1237a369a,ood
SP-021:sul:026500:2026-04-13,SP-021:sul:026500,SP-021,sul,26.75,open-meteo:era5_seamless:-23.6:-46.8,2026-04-13,50.42,5.81,56.11,8,proactive,synthetic,synthetic,synthetic,synth-v1.0.0,2024,2cf705e1237a369a,ood
SP-021:sul:026500:2026-09-01,SP-021:sul:026500,SP-021,sul,26.75,open-meteo:era5_seamless:-23.6:-46.8,2026-09-01,61.66,5.81,56.11,10,trigger,synthetic,synthetic,synthetic,synth-v1.0.0,2024,2cf705e1237a369a,ood
SP-021:norte:027000:2023-02-03,SP-021:norte:027000,SP-021,norte,27.25,open-meteo:era5_seamless:-23.6:-46.8,2023-02-03,53.73,6.17,49.64,5,trigger,synthetic,synthetic,synthetic,synth-v1.0.0,2024,2cf705e1237a369a,ood
SP-021:norte:027000:2023-04-02,SP-021:norte:027000,SP-021,norte,27.25,open-meteo:era5_seamless:-23.6:-46.8,2023-04-02,64.45,3.52,49.64,21,trigger,synthetic,synthetic,synthetic,synth-v1.0.0,2024,2cf705e1237a369a,ood
SP-021:norte:027000:2023-06-21,SP-021:norte:027000,SP-021,norte,27.25,open-meteo:era5_seamless:-23.6:-46.8,2023-06-21,35.29,7.21,49.64,3,proactive,synthetic,synthetic,synthetic,synth-v1.0.0,2024,2cf705e1237a369a,ood
SP-021:norte:027000:2023-11-03,SP-021:norte:027000,SP-021,norte,27.25,open-meteo:era5_seamless:-23.6:-46.8,2023-11-03,64.99,3.88,49.64,12,trigger,synthetic,synthetic,synthetic,synth-v1.0.0,2024,2cf705e1237a369a,ood
SP-021:norte:027000:2024-01-31,SP-021:norte:027000,SP-021,norte,27.25,open-meteo:era5_seamless:-23.6:-46.8,2024-01-31,64.09,6.83,49.64,31,trigger,synthetic,synthetic,synthetic,synth-v1.0.0,2024,2cf705e1237a369a,ood
SP-021:norte:027000:2024-03-05,SP-021:norte:027000,SP-021,norte,27.25,open-meteo:era5_seamless:-23.6:-46.8,2024-03-05,44.88,5.26,49.64,9,proactive,synthetic,synthetic,synthetic,synth-v1.0.0,2024,2cf705e1237a369a,ood
SP-021:norte:027000:2024-05-08,SP-021:norte:027000,SP-021,norte,27.25,open-meteo:era5_seamless:-23.6:-46.8,2024-05-08,63.43,4.97,49.64,17,trigger,synthetic,synthetic,synthetic,synth-v1.0.0,2024,2cf705e1237a369a,ood
SP-021:norte:027000:2024-10-01,SP-021:norte:027000,SP-021,norte,27.25,open-meteo:era5_seamless:-23.6:-46.8,2024-10-01,55.87,4.16,49.64,37,proactive,synthetic,synthetic,synthetic,synth-v1.0.0,2024,2cf705e1237a369a,ood
SP-021:norte:027000:2024-12-05,SP-021:norte:027000,SP-021,norte,27.25,open-meteo:era5_seamless:-23.6:-46.8,2024-12-05,53.75,4.55,49.64,4,trigger,synthetic,synthetic,synthetic,synth-v1.0.0,2024,2cf705e1237a369a,ood
SP-021:norte:027000:2025-02-21,SP-021:norte:027000,SP-021,norte,27.25,open-meteo:era5_seamless:-23.6:-46.8,2025-02-21,74.79,4.28,49.64,33,trigger,synthetic,synthetic,synthetic,synth-v1.0.0,2024,2cf705e1237a369a,ood
SP-021:norte:027000:2025-05-04,SP-021:norte:027000,SP-021,norte,27.25,open-meteo:era5_seamless:-23.6:-46.8,2025-05-04,56.4,5.93,49.64,14,trigger,synthetic,synthetic,synthetic,synth-v1.0.0,2024,2cf705e1237a369a,ood
SP-021:norte:027000:2025-10-24,SP-021:norte:027000,SP-021,norte,27.25,open-meteo:era5_seamless:-23.6:-46.8,2025-10-24,50.84,6.33,49.64,19,proactive,synthetic,synthetic,synthetic,synth-v1.0.0,2024,2cf705e1237a369a,ood
SP-021:norte:027000:2026-01-27,SP-021:norte:027000,SP-021,norte,27.25,open-meteo:era5_seamless:-23.6:-46.8,2026-01-27,65.72,7.31,49.64,30,trigger,synthetic,synthetic,synthetic,synth-v1.0.0,2024,2cf705e1237a369a,ood
SP-021:norte:027000:2026-03-18,SP-021:norte:027000,SP-021,norte,27.25,open-meteo:era5_seamless:-23.6:-46.8,2026-03-18,58.22,7.15,49.64,10,trigger,synthetic,synthetic,synthetic,synth-v1.0.0,2024,2cf705e1237a369a,ood
SP-021:norte:027000:2026-06-09,SP-021:norte:027000,SP-021,norte,27.25,open-meteo:era5_seamless:-23.6:-46.8,2026-06-09,52.88,5.18,49.64,9,trigger,synthetic,synthetic,synthetic,synth-v1.0.0,2024,2cf705e1237a369a,ood
SP-021:sul:027000:2023-01-11,SP-021:sul:027000,SP-021,sul,27.25,open-meteo:era5_seamless:-23.6:-46.8,2023-01-11,33.76,5.09,54.77,3,proactive,synthetic,synthetic,synthetic,synth-v1.0.0,2024,2cf705e1237a369a,ood
SP-021:sul:027000:2023-03-02,SP-021:sul:027000,SP-021,sul,27.25,open-meteo:era5_seamless:-23.6:-46.8,2023-03-02,61.33,7.23,54.77,4,trigger,synthetic,synthetic,synthetic,synth-v1.0.0,2024,2cf705e1237a369a,ood
SP-021:sul:027000:2023-05-12,SP-021:sul:027000,SP-021,sul,27.25,open-meteo:era5_seamless:-23.6:-46.8,2023-05-12,61.55,5.96,54.77,12,trigger,synthetic,synthetic,synthetic,synth-v1.0.0,2024,2cf705e1237a369a,ood
SP-021:sul:027000:2023-10-15,SP-021:sul:027000,SP-021,sul,27.25,open-meteo:era5_seamless:-23.6:-46.8,2023-10-15,58.12,3.74,54.77,7,trigger,synthetic,synthetic,synthetic,synth-v1.0.0,2024,2cf705e1237a369a,ood
SP-021:sul:027000:2023-12-31,SP-021:sul:027000,SP-021,sul,27.25,open-meteo:era5_seamless:-23.6:-46.8,2023-12-31,63.16,3.05,54.77,7,trigger,synthetic,synthetic,synthetic,synth-v1.0.0,2024,2cf705e1237a369a,ood
SP-021:sul:027000:2024-03-04,SP-021:sul:027000,SP-021,sul,27.25,open-meteo:era5_seamless:-23.6:-46.8,2024-03-04,65.09,7.58,54.77,15,proactive,synthetic,synthetic,synthetic,synth-v1.0.0,2024,2cf705e1237a369a,ood
SP-021:sul:027000:2024-04-29,SP-021:sul:027000,SP-021,sul,27.25,open-meteo:era5_seamless:-23.6:-46.8,2024-04-29,61.75,3.35,54.77,8,trigger,synthetic,synthetic,synthetic,synth-v1.0.0,2024,2cf705e1237a369a,ood
SP-021:sul:027000:2024-09-22,SP-021:sul:027000,SP-021,sul,27.25,open-meteo:era5_seamless:-23.6:-46.8,2024-09-22,55.67,7.9,54.77,21,proactive,synthetic,synthetic,synthetic,synth-v1.0.0,2024,2cf705e1237a369a,ood
SP-021:sul:027000:2024-12-14,SP-021:sul:027000,SP-021,sul,27.25,open-meteo:era5_seamless:-23.6:-46.8,2024-12-14,65.42,6.88,54.77,13,trigger,synthetic,synthetic,synthetic,synth-v1.0.0,2024,2cf705e1237a369a,ood
SP-021:sul:027000:2025-02-03,SP-021:sul:027000,SP-021,sul,27.25,open-meteo:era5_seamless:-23.6:-46.8,2025-02-03,63.11,3.71,54.77,8,trigger,synthetic,synthetic,synthetic,synth-v1.0.0,2024,2cf705e1237a369a,ood
SP-021:sul:027000:2025-03-31,SP-021:sul:027000,SP-021,sul,27.25,open-meteo:era5_seamless:-23.6:-46.8,2025-03-31,59.59,5.36,54.77,22,proactive,synthetic,synthetic,synthetic,synth-v1.0.0,2024,2cf705e1237a369a,ood
SP-021:sul:027000:2025-08-06,SP-021:sul:027000,SP-021,sul,27.25,open-meteo:era5_seamless:-23.6:-46.8,2025-08-06,55.33,6.01,54.77,3,trigger,synthetic,synthetic,synthetic,synth-v1.0.0,2024,2cf705e1237a369a,ood
SP-021:sul:027000:2025-11-18,SP-021:sul:027000,SP-021,sul,27.25,open-meteo:era5_seamless:-23.6:-46.8,2025-11-18,47.62,6.18,54.77,16,proactive,synthetic,synthetic,synthetic,synth-v1.0.0,2024,2cf705e1237a369a,ood
SP-021:sul:027000:2026-02-01,SP-021:sul:027000,SP-021,sul,27.25,open-meteo:era5_seamless:-23.6:-46.8,2026-02-01,63.44,4.62,54.77,14,trigger,synthetic,synthetic,synthetic,synth-v1.0.0,2024,2cf705e1237a369a,ood
SP-021:sul:027000:2026-04-13,SP-021:sul:027000,SP-021,sul,27.25,open-meteo:era5_seamless:-23.6:-46.8,2026-04-13,70.5,7.33,54.77,22,trigger,synthetic,synthetic,synthetic,synth-v1.0.0,2024,2cf705e1237a369a,ood
SP-021:norte:027500:2023-02-21,SP-021:norte:027500,SP-021,norte,27.75,open-meteo:era5_seamless:-23.6:-46.8,2023-02-21,60.33,7.76,66.94,9,proactive,synthetic,synthetic,synthetic,synth-v1.0.0,2024,2cf705e1237a369a,ood
SP-021:norte:027500:2023-10-08,SP-021:norte:027500,SP-021,norte,27.75,open-meteo:era5_seamless:-23.6:-46.8,2023-10-08,68.99,5.81,66.94,14,trigger,synthetic,synthetic,synthetic,synth-v1.0.0,2024,2cf705e1237a369a,ood
SP-021:norte:027500:2023-11-21,SP-021:norte:027500,SP-021,norte,27.75,open-meteo:era5_seamless:-23.6:-46.8,2023-11-21,39.9,5.27,66.94,9,proactive,synthetic,synthetic,synthetic,synth-v1.0.0,2024,2cf705e1237a369a,ood
SP-021:norte:027500:2024-03-25,SP-021:norte:027500,SP-021,norte,27.75,open-meteo:era5_seamless:-23.6:-46.8,2024-03-25,69.39,3.41,66.94,8,trigger,synthetic,synthetic,synthetic,synth-v1.0.0,2024,2cf705e1237a369a,ood
SP-021:norte:027500:2024-11-28,SP-021:norte:027500,SP-021,norte,27.75,open-meteo:era5_seamless:-23.6:-46.8,2024-11-28,70.34,7.17,66.94,25,trigger,synthetic,synthetic,synthetic,synth-v1.0.0,2024,2cf705e1237a369a,ood
SP-021:norte:027500:2025-03-19,SP-021:norte:027500,SP-021,norte,27.75,open-meteo:era5_seamless:-23.6:-46.8,2025-03-19,69.46,3.83,66.94,17,trigger,synthetic,synthetic,synthetic,synth-v1.0.0,2024,2cf705e1237a369a,ood
SP-021:norte:027500:2025-06-19,SP-021:norte:027500,SP-021,norte,27.75,open-meteo:era5_seamless:-23.6:-46.8,2025-06-19,47.11,3.19,66.94,4,proactive,synthetic,synthetic,synthetic,synth-v1.0.0,2024,2cf705e1237a369a,ood
SP-021:norte:027500:2026-02-28,SP-021:norte:027500,SP-021,norte,27.75,open-meteo:era5_seamless:-23.6:-46.8,2026-02-28,71.15,3.68,66.94,13,trigger,synthetic,synthetic,synthetic,synth-v1.0.0,2024,2cf705e1237a369a,ood
SP-021:sul:027500:2023-02-23,SP-021:sul:027500,SP-021,sul,27.75,open-meteo:era5_seamless:-23.6:-46.8,2023-02-23,81.45,3.22,69.02,11,trigger,synthetic,synthetic,synthetic,synth-v1.0.0,2024,2cf705e1237a369a,ood
SP-021:sul:027500:2023-03-25,SP-021:sul:027500,SP-021,sul,27.75,open-meteo:era5_seamless:-23.6:-46.8,2023-03-25,55.75,3.99,69.02,6,proactive,synthetic,synthetic,synthetic,synth-v1.0.0,2024,2cf705e1237a369a,ood
SP-021:sul:027500:2023-05-09,SP-021:sul:027500,SP-021,sul,27.75,open-meteo:era5_seamless:-23.6:-46.8,2023-05-09,51.62,7.89,69.02,9,proactive,synthetic,synthetic,synthetic,synth-v1.0.0,2024,2cf705e1237a369a,ood
SP-021:sul:027500:2023-10-14,SP-021:sul:027500,SP-021,sul,27.75,open-meteo:era5_seamless:-23.6:-46.8,2023-10-14,75.5,3.04,69.02,6,trigger,synthetic,synthetic,synthetic,synth-v1.0.0,2024,2cf705e1237a369a,ood
SP-021:sul:027500:2023-12-16,SP-021:sul:027500,SP-021,sul,27.75,open-meteo:era5_seamless:-23.6:-46.8,2023-12-16,73.47,4.82,69.02,6,trigger,synthetic,synthetic,synthetic,synth-v1.0.0,2024,2cf705e1237a369a,ood
SP-021:sul:027500:2024-03-01,SP-021:sul:027500,SP-021,sul,27.75,open-meteo:era5_seamless:-23.6:-46.8,2024-03-01,83.14,4.44,69.02,19,trigger,synthetic,synthetic,synthetic,synth-v1.0.0,2024,2cf705e1237a369a,ood
SP-021:sul:027500:2024-04-29,SP-021:sul:027500,SP-021,sul,27.75,open-meteo:era5_seamless:-23.6:-46.8,2024-04-29,79.82,3.21,69.02,15,trigger,synthetic,synthetic,synthetic,synth-v1.0.0,2024,2cf705e1237a369a,ood
SP-021:sul:027500:2024-06-29,SP-021:sul:027500,SP-021,sul,27.75,open-meteo:era5_seamless:-23.6:-46.8,2024-06-29,46.33,5.73,69.02,6,proactive,synthetic,synthetic,synthetic,synth-v1.0.0,2024,2cf705e1237a369a,ood
SP-021:sul:027500:2024-10-29,SP-021:sul:027500,SP-021,sul,27.75,open-meteo:era5_seamless:-23.6:-46.8,2024-10-29,70.08,3.66,69.02,2,trigger,synthetic,synthetic,synthetic,synth-v1.0.0,2024,2cf705e1237a369a,ood
SP-021:sul:027500:2025-01-07,SP-021:sul:027500,SP-021,sul,27.75,open-meteo:era5_seamless:-23.6:-46.8,2025-01-07,83.54,3.21,69.02,16,trigger,synthetic,synthetic,synthetic,synth-v1.0.0,2024,2cf705e1237a369a,ood
SP-021:sul:027500:2025-02-24,SP-021:sul:027500,SP-021,sul,27.75,open-meteo:era5_seamless:-23.6:-46.8,2025-02-24,78.09,5.33,69.02,8,trigger,synthetic,synthetic,synthetic,synth-v1.0.0,2024,2cf705e1237a369a,ood
SP-021:sul:027500:2025-05-14,SP-021:sul:027500,SP-021,sul,27.75,open-meteo:era5_seamless:-23.6:-46.8,2025-05-14,77.0,4.66,69.02,17,trigger,synthetic,synthetic,synthetic,synth-v1.0.0,2024,2cf705e1237a369a,ood
SP-021:sul:027500:2025-09-29,SP-021:sul:027500,SP-021,sul,27.75,open-meteo:era5_seamless:-23.6:-46.8,2025-09-29,53.74,6.8,69.02,15,proactive,synthetic,synthetic,synthetic,synth-v1.0.0,2024,2cf705e1237a369a,ood
SP-021:sul:027500:2025-12-31,SP-021:sul:027500,SP-021,sul,27.75,open-meteo:era5_seamless:-23.6:-46.8,2025-12-31,77.21,5.84,69.02,10,trigger,synthetic,synthetic,synthetic,synth-v1.0.0,2024,2cf705e1237a369a,ood
SP-021:sul:027500:2026-02-07,SP-021:sul:027500,SP-021,sul,27.75,open-meteo:era5_seamless:-23.6:-46.8,2026-02-07,55.23,3.59,69.02,6,proactive,synthetic,synthetic,synthetic,synth-v1.0.0,2024,2cf705e1237a369a,ood
SP-021:sul:027500:2026-04-16,SP-021:sul:027500,SP-021,sul,27.75,open-meteo:era5_seamless:-23.6:-46.8,2026-04-16,84.13,6.79,69.02,25,trigger,synthetic,synthetic,synthetic,synth-v1.0.0,2024,2cf705e1237a369a,ood
SP-021:sul:027500:2026-07-06,SP-021:sul:027500,SP-021,sul,27.75,open-meteo:era5_seamless:-23.6:-46.8,2026-07-06,49.99,5.17,69.02,15,proactive,synthetic,synthetic,synthetic,synth-v1.0.0,2024,2cf705e1237a369a,ood
SP-021:norte:028000:2023-02-03,SP-021:norte:028000,SP-021,norte,28.25,open-meteo:era5_seamless:-23.6:-46.8,2023-02-03,52.99,4.99,48.8,5,trigger,synthetic,synthetic,synthetic,synth-v1.0.0,2024,2cf705e1237a369a,ood
SP-021:norte:028000:2023-04-03,SP-021:norte:028000,SP-021,norte,28.25,open-meteo:era5_seamless:-23.6:-46.8,2023-04-03,66.94,3.08,48.8,22,trigger,synthetic,synthetic,synthetic,synth-v1.0.0,2024,2cf705e1237a369a,ood
SP-021:norte:028000:2023-08-17,SP-021:norte:028000,SP-021,norte,28.25,open-meteo:era5_seamless:-23.6:-46.8,2023-08-17,45.71,7.83,48.8,11,proactive,synthetic,synthetic,synthetic,synth-v1.0.0,2024,2cf705e1237a369a,ood
SP-021:norte:028000:2023-11-05,SP-021:norte:028000,SP-021,norte,28.25,open-meteo:era5_seamless:-23.6:-46.8,2023-11-05,57.22,5.47,48.8,7,trigger,synthetic,synthetic,synthetic,synth-v1.0.0,2024,2cf705e1237a369a,ood
SP-021:norte:028000:2023-12-29,SP-021:norte:028000,SP-021,norte,28.25,open-meteo:era5_seamless:-23.6:-46.8,2023-12-29,46.18,4.45,48.8,19,proactive,synthetic,synthetic,synthetic,synth-v1.0.0,2024,2cf705e1237a369a,ood
SP-021:norte:028000:2024-02-25,SP-021:norte:028000,SP-021,norte,28.25,open-meteo:era5_seamless:-23.6:-46.8,2024-02-25,58.18,4.9,48.8,7,trigger,synthetic,synthetic,synthetic,synth-v1.0.0,2024,2cf705e1237a369a,ood
SP-021:norte:028000:2024-04-19,SP-021:norte:028000,SP-021,norte,28.25,open-meteo:era5_seamless:-23.6:-46.8,2024-04-19,62.31,5.26,48.8,12,trigger,synthetic,synthetic,synthetic,synth-v1.0.0,2024,2cf705e1237a369a,ood
SP-021:norte:028000:2024-09-21,SP-021:norte:028000,SP-021,norte,28.25,open-meteo:era5_seamless:-23.6:-46.8,2024-09-21,57.81,4.01,48.8,27,trigger,synthetic,synthetic,synthetic,synth-v1.0.0,2024,2cf705e1237a369a,ood
SP-021:norte:028000:2024-12-09,SP-021:norte:028000,SP-021,norte,28.25,open-meteo:era5_seamless:-23.6:-46.8,2024-12-09,58.71,3.34,48.8,8,trigger,synthetic,synthetic,synthetic,synth-v1.0.0,2024,2cf705e1237a369a,ood
SP-021:norte:028000:2025-02-01,SP-021:norte:028000,SP-021,norte,28.25,open-meteo:era5_seamless:-23.6:-46.8,2025-02-01,60.48,5.43,48.8,13,proactive,synthetic,synthetic,synthetic,synth-v1.0.0,2024,2cf705e1237a369a,ood
SP-021:norte:028000:2025-03-27,SP-021:norte:028000,SP-021,norte,28.25,open-meteo:era5_seamless:-23.6:-46.8,2025-03-27,54.59,5.79,48.8,11,trigger,synthetic,synthetic,synthetic,synth-v1.0.0,2024,2cf705e1237a369a,ood
SP-021:norte:028000:2025-06-08,SP-021:norte:028000,SP-021,norte,28.25,open-meteo:era5_seamless:-23.6:-46.8,2025-06-08,48.79,4.2,48.8,28,proactive,synthetic,synthetic,synthetic,synth-v1.0.0,2024,2cf705e1237a369a,ood
SP-021:norte:028000:2025-10-23,SP-021:norte:028000,SP-021,norte,28.25,open-meteo:era5_seamless:-23.6:-46.8,2025-10-23,38.17,7.62,48.8,11,proactive,synthetic,synthetic,synthetic,synth-v1.0.0,2024,2cf705e1237a369a,ood
SP-021:norte:028000:2026-01-28,SP-021:norte:028000,SP-021,norte,28.25,open-meteo:era5_seamless:-23.6:-46.8,2026-01-28,66.7,4.56,48.8,31,trigger,synthetic,synthetic,synthetic,synth-v1.0.0,2024,2cf705e1237a369a,ood
SP-021:norte:028000:2026-03-25,SP-021:norte:028000,SP-021,norte,28.25,open-meteo:era5_seamless:-23.6:-46.8,2026-03-25,62.08,5.82,48.8,17,trigger,synthetic,synthetic,synthetic,synth-v1.0.0,2024,2cf705e1237a369a,ood
SP-021:norte:028000:2026-05-22,SP-021:norte:028000,SP-021,norte,28.25,open-meteo:era5_seamless:-23.6:-46.8,2026-05-22,39.25,3.67,48.8,5,proactive,synthetic,synthetic,synthetic,synth-v1.0.0,2024,2cf705e1237a369a,ood
SP-021:sul:028000:2023-02-21,SP-021:sul:028000,SP-021,sul,28.25,open-meteo:era5_seamless:-23.6:-46.8,2023-02-21,69.47,3.58,55.91,16,trigger,synthetic,synthetic,synthetic,synth-v1.0.0,2024,2cf705e1237a369a,ood
SP-021:sul:028000:2023-03-26,SP-021:sul:028000,SP-021,sul,28.25,open-meteo:era5_seamless:-23.6:-46.8,2023-03-26,43.63,7.99,55.91,7,proactive,synthetic,synthetic,synthetic,synth-v1.0.0,2024,2cf705e1237a369a,ood
SP-021:sul:028000:2023-08-15,SP-021:sul:028000,SP-021,sul,28.25,open-meteo:era5_seamless:-23.6:-46.8,2023-08-15,55.98,4.81,55.91,2,trigger,synthetic,synthetic,synthetic,synth-v1.0.0,2024,2cf705e1237a369a,ood
SP-021:sul:028000:2023-12-24,SP-021:sul:028000,SP-021,sul,28.25,open-meteo:era5_seamless:-23.6:-46.8,2023-12-24,78.55,6.02,55.91,42,trigger,synthetic,synthetic,synthetic,synth-v1.0.0,2024,2cf705e1237a369a,ood
SP-021:sul:028000:2024-03-13,SP-021:sul:028000,SP-021,sul,28.25,open-meteo:era5_seamless:-23.6:-46.8,2024-03-13,73.46,7.64,55.91,24,trigger,synthetic,synthetic,synthetic,synth-v1.0.0,2024,2cf705e1237a369a,ood
SP-021:sul:028000:2024-05-21,SP-021:sul:028000,SP-021,sul,28.25,open-meteo:era5_seamless:-23.6:-46.8,2024-05-21,63.15,7.51,55.91,16,trigger,synthetic,synthetic,synthetic,synth-v1.0.0,2024,2cf705e1237a369a,ood
SP-021:sul:028000:2024-09-01,SP-021:sul:028000,SP-021,sul,28.25,open-meteo:era5_seamless:-23.6:-46.8,2024-09-01,43.64,4.13,55.91,7,proactive,synthetic,synthetic,synthetic,synth-v1.0.0,2024,2cf705e1237a369a,ood
SP-021:sul:028000:2024-12-20,SP-021:sul:028000,SP-021,sul,28.25,open-meteo:era5_seamless:-23.6:-46.8,2024-12-20,72.15,6.3,55.91,26,trigger,synthetic,synthetic,synthetic,synth-v1.0.0,2024,2cf705e1237a369a,ood
SP-021:sul:028000:2025-02-07,SP-021:sul:028000,SP-021,sul,28.25,open-meteo:era5_seamless:-23.6:-46.8,2025-02-07,59.56,3.92,55.91,5,trigger,synthetic,synthetic,synthetic,synth-v1.0.0,2024,2cf705e1237a369a,ood
SP-021:sul:028000:2025-04-04,SP-021:sul:028000,SP-021,sul,28.25,open-meteo:era5_seamless:-23.6:-46.8,2025-04-04,59.11,6.61,55.91,5,trigger,synthetic,synthetic,synthetic,synth-v1.0.0,2024,2cf705e1237a369a,ood
SP-021:sul:028000:2025-10-10,SP-021:sul:028000,SP-021,sul,28.25,open-meteo:era5_seamless:-23.6:-46.8,2025-10-10,64.66,5.26,55.91,40,trigger,synthetic,synthetic,synthetic,synth-v1.0.0,2024,2cf705e1237a369a,ood
SP-021:sul:028000:2026-01-19,SP-021:sul:028000,SP-021,sul,28.25,open-meteo:era5_seamless:-23.6:-46.8,2026-01-19,69.0,4.15,55.91,22,trigger,synthetic,synthetic,synthetic,synth-v1.0.0,2024,2cf705e1237a369a,ood
SP-021:sul:028000:2026-04-10,SP-021:sul:028000,SP-021,sul,28.25,open-meteo:era5_seamless:-23.6:-46.8,2026-04-10,76.57,3.03,55.91,33,trigger,synthetic,synthetic,synthetic,synth-v1.0.0,2024,2cf705e1237a369a,ood
SP-021:norte:028500:2023-01-22,SP-021:norte:028500,SP-021,norte,28.75,open-meteo:era5_seamless:-23.6:-46.8,2023-01-22,71.73,5.79,58.74,7,trigger,synthetic,synthetic,synthetic,synth-v1.0.0,2024,2cf705e1237a369a,ood
SP-021:norte:028500:2023-03-08,SP-021:norte:028500,SP-021,norte,28.75,open-meteo:era5_seamless:-23.6:-46.8,2023-03-08,96.5,5.95,58.74,17,trigger,synthetic,synthetic,synthetic,synth-v1.0.0,2024,2cf705e1237a369a,ood
SP-021:norte:028500:2023-04-18,SP-021:norte:028500,SP-021,norte,28.75,open-meteo:era5_seamless:-23.6:-46.8,2023-04-18,73.97,7.26,58.74,16,trigger,synthetic,synthetic,synthetic,synth-v1.0.0,2024,2cf705e1237a369a,ood
SP-021:norte:028500:2023-06-03,SP-021:norte:028500,SP-021,norte,28.75,open-meteo:era5_seamless:-23.6:-46.8,2023-06-03,49.97,4.34,58.74,13,proactive,synthetic,synthetic,synthetic,synth-v1.0.0,2024,2cf705e1237a369a,ood
SP-021:norte:028500:2023-08-29,SP-021:norte:028500,SP-021,norte,28.75,open-meteo:era5_seamless:-23.6:-46.8,2023-08-29,63.31,4.74,58.74,2,trigger,synthetic,synthetic,synthetic,synth-v1.0.0,2024,2cf705e1237a369a,ood
SP-021:norte:028500:2023-10-24,SP-021:norte:028500,SP-021,norte,28.75,open-meteo:era5_seamless:-23.6:-46.8,2023-10-24,79.99,3.31,58.74,16,trigger,synthetic,synthetic,synthetic,synth-v1.0.0,2024,2cf705e1237a369a,ood
SP-021:norte:028500:2023-12-05,SP-021:norte:028500,SP-021,norte,28.75,open-meteo:era5_seamless:-23.6:-46.8,2023-12-05,76.22,7.82,58.74,9,trigger,synthetic,synthetic,synthetic,synth-v1.0.0,2024,2cf705e1237a369a,ood
SP-021:norte:028500:2024-01-11,SP-021:norte:028500,SP-021,norte,28.75,open-meteo:era5_seamless:-23.6:-46.8,2024-01-11,68.23,5.41,58.74,4,trigger,synthetic,synthetic,synthetic,synth-v1.0.0,2024,2cf705e1237a369a,ood
SP-021:norte:028500:2024-03-09,SP-021:norte:028500,SP-021,norte,28.75,open-meteo:era5_seamless:-23.6:-46.8,2024-03-09,102.45,7.35,58.74,27,trigger,synthetic,synthetic,synthetic,synth-v1.0.0,2024,2cf705e1237a369a,ood
SP-021:norte:028500:2024-04-17,SP-021:norte:028500,SP-021,norte,28.75,open-meteo:era5_seamless:-23.6:-46.8,2024-04-17,87.22,3.32,58.74,17,trigger,synthetic,synthetic,synthetic,synth-v1.0.0,2024,2cf705e1237a369a,ood
SP-021:norte:028500:2024-05-29,SP-021:norte:028500,SP-021,norte,28.75,open-meteo:era5_seamless:-23.6:-46.8,2024-05-29,62.75,6.88,58.74,3,trigger,synthetic,synthetic,synthetic,synth-v1.0.0,2024,2cf705e1237a369a,ood
SP-021:norte:028500:2024-07-17,SP-021:norte:028500,SP-021,norte,28.75,open-meteo:era5_seamless:-23.6:-46.8,2024-07-17,47.23,3.61,58.74,24,proactive,synthetic,synthetic,synthetic,synth-v1.0.0,2024,2cf705e1237a369a,ood
SP-021:norte:028500:2024-09-27,SP-021:norte:028500,SP-021,norte,28.75,open-meteo:era5_seamless:-23.6:-46.8,2024-09-27,73.55,6.22,58.74,12,trigger,synthetic,synthetic,synthetic,synth-v1.0.0,2024,2cf705e1237a369a,ood
SP-021:norte:028500:2024-11-18,SP-021:norte:028500,SP-021,norte,28.75,open-meteo:era5_seamless:-23.6:-46.8,2024-11-18,75.28,3.71,58.74,8,trigger,synthetic,synthetic,synthetic,synth-v1.0.0,2024,2cf705e1237a369a,ood
SP-021:norte:028500:2024-12-31,SP-021:norte:028500,SP-021,norte,28.75,open-meteo:era5_seamless:-23.6:-46.8,2024-12-31,83.5,7.39,58.74,9,trigger,synthetic,synthetic,synthetic,synth-v1.0.0,2024,2cf705e1237a369a,ood
SP-021:norte:028500:2025-03-09,SP-021:norte:028500,SP-021,norte,28.75,open-meteo:era5_seamless:-23.6:-46.8,2025-03-09,112.81,4.56,58.74,42,trigger,synthetic,synthetic,synthetic,synth-v1.0.0,2024,2cf705e1237a369a,ood
SP-021:norte:028500:2025-04-15,SP-021:norte:028500,SP-021,norte,28.75,open-meteo:era5_seamless:-23.6:-46.8,2025-04-15,65.05,6.65,58.74,2,trigger,synthetic,synthetic,synthetic,synth-v1.0.0,2024,2cf705e1237a369a,ood
SP-021:norte:028500:2025-05-20,SP-021:norte:028500,SP-021,norte,28.75,open-meteo:era5_seamless:-23.6:-46.8,2025-05-20,52.89,3.46,58.74,9,proactive,synthetic,synthetic,synthetic,synth-v1.0.0,2024,2cf705e1237a369a,ood
SP-021:norte:028500:2025-10-05,SP-021:norte:028500,SP-021,norte,28.75,open-meteo:era5_seamless:-23.6:-46.8,2025-10-05,75.82,5.05,58.74,21,trigger,synthetic,synthetic,synthetic,synth-v1.0.0,2024,2cf705e1237a369a,ood
SP-021:norte:028500:2025-12-05,SP-021:norte:028500,SP-021,norte,28.75,open-meteo:era5_seamless:-23.6:-46.8,2025-12-05,74.45,4.79,58.74,12,trigger,synthetic,synthetic,synthetic,synth-v1.0.0,2024,2cf705e1237a369a,ood
SP-021:norte:028500:2026-01-25,SP-021:norte:028500,SP-021,norte,28.75,open-meteo:era5_seamless:-23.6:-46.8,2026-01-25,86.21,4.27,58.74,21,trigger,synthetic,synthetic,synthetic,synth-v1.0.0,2024,2cf705e1237a369a,ood
SP-021:norte:028500:2026-03-22,SP-021:norte:028500,SP-021,norte,28.75,open-meteo:era5_seamless:-23.6:-46.8,2026-03-22,102.08,7.41,58.74,28,trigger,synthetic,synthetic,synthetic,synth-v1.0.0,2024,2cf705e1237a369a,ood
SP-021:norte:028500:2026-06-10,SP-021:norte:028500,SP-021,norte,28.75,open-meteo:era5_seamless:-23.6:-46.8,2026-06-10,86.7,3.04,58.74,45,trigger,synthetic,synthetic,synthetic,synth-v1.0.0,2024,2cf705e1237a369a,ood
SP-021:norte:028500:2026-08-13,SP-021:norte:028500,SP-021,norte,28.75,open-meteo:era5_seamless:-23.6:-46.8,2026-08-13,44.77,7.29,58.74,4,proactive,synthetic,synthetic,synthetic,synth-v1.0.0,2024,2cf705e1237a369a,ood
SP-021:sul:028500:2023-02-10,SP-021:sul:028500,SP-021,sul,28.75,open-meteo:era5_seamless:-23.6:-46.8,2023-02-10,94.35,3.12,66.79,19,trigger,synthetic,synthetic,synthetic,synth-v1.0.0,2024,2cf705e1237a369a,ood
SP-021:sul:028500:2023-04-03,SP-021:sul:028500,SP-021,sul,28.75,open-meteo:era5_seamless:-23.6:-46.8,2023-04-03,95.75,3.57,66.79,15,trigger,synthetic,synthetic,synthetic,synth-v1.0.0,2024,2cf705e1237a369a,ood
SP-021:sul:028500:2023-07-12,SP-021:sul:028500,SP-021,sul,28.75,open-meteo:era5_seamless:-23.6:-46.8,2023-07-12,72.34,3.8,66.79,17,trigger,synthetic,synthetic,synthetic,synth-v1.0.0,2024,2cf705e1237a369a,ood
SP-021:sul:028500:2023-09-28,SP-021:sul:028500,SP-021,sul,28.75,open-meteo:era5_seamless:-23.6:-46.8,2023-09-28,73.55,7.33,66.79,11,proactive,synthetic,synthetic,synthetic,synth-v1.0.0,2024,2cf705e1237a369a,ood
SP-021:sul:028500:2023-12-01,SP-021:sul:028500,SP-021,sul,28.75,open-meteo:era5_seamless:-23.6:-46.8,2023-12-01,93.34,6.57,66.79,26,trigger,synthetic,synthetic,synthetic,synth-v1.0.0,2024,2cf705e1237a369a,ood
SP-021:sul:028500:2023-12-31,SP-021:sul:028500,SP-021,sul,28.75,open-meteo:era5_seamless:-23.6:-46.8,2023-12-31,54.16,7.06,66.79,7,proactive,synthetic,synthetic,synthetic,synth-v1.0.0,2024,2cf705e1237a369a,ood
SP-021:sul:028500:2024-02-15,SP-021:sul:028500,SP-021,sul,28.75,open-meteo:era5_seamless:-23.6:-46.8,2024-02-15,85.87,3.49,66.79,11,trigger,synthetic,synthetic,synthetic,synth-v1.0.0,2024,2cf705e1237a369a,ood
SP-021:sul:028500:2024-04-26,SP-021:sul:028500,SP-021,sul,28.75,open-meteo:era5_seamless:-23.6:-46.8,2024-04-26,106.81,5.46,66.79,40,trigger,synthetic,synthetic,synthetic,synth-v1.0.0,2024,2cf705e1237a369a,ood
SP-021:sul:028500:2024-09-09,SP-021:sul:028500,SP-021,sul,28.75,open-meteo:era5_seamless:-23.6:-46.8,2024-09-09,92.24,5.02,66.79,36,trigger,synthetic,synthetic,synthetic,synth-v1.0.0,2024,2cf705e1237a369a,ood
SP-021:sul:028500:2024-11-05,SP-021:sul:028500,SP-021,sul,28.75,open-meteo:era5_seamless:-23.6:-46.8,2024-11-05,67.73,7.97,66.79,9,proactive,synthetic,synthetic,synthetic,synth-v1.0.0,2024,2cf705e1237a369a,ood
SP-021:sul:028500:2024-12-18,SP-021:sul:028500,SP-021,sul,28.75,open-meteo:era5_seamless:-23.6:-46.8,2024-12-18,79.68,3.53,66.79,10,trigger,synthetic,synthetic,synthetic,synth-v1.0.0,2024,2cf705e1237a369a,ood
SP-021:sul:028500:2025-01-31,SP-021:sul:028500,SP-021,sul,28.75,open-meteo:era5_seamless:-23.6:-46.8,2025-01-31,89.28,6.35,66.79,12,trigger,synthetic,synthetic,synthetic,synth-v1.0.0,2024,2cf705e1237a369a,ood
SP-021:sul:028500:2025-02-25,SP-021:sul:028500,SP-021,sul,28.75,open-meteo:era5_seamless:-23.6:-46.8,2025-02-25,69.77,6.9,66.79,2,trigger,synthetic,synthetic,synthetic,synth-v1.0.0,2024,2cf705e1237a369a,ood
SP-021:sul:028500:2025-04-20,SP-021:sul:028500,SP-021,sul,28.75,open-meteo:era5_seamless:-23.6:-46.8,2025-04-20,82.11,6.92,66.79,14,trigger,synthetic,synthetic,synthetic,synth-v1.0.0,2024,2cf705e1237a369a,ood
SP-021:sul:028500:2025-08-20,SP-021:sul:028500,SP-021,sul,28.75,open-meteo:era5_seamless:-23.6:-46.8,2025-08-20,70.19,7.51,66.79,10,trigger,synthetic,synthetic,synthetic,synth-v1.0.0,2024,2cf705e1237a369a,ood
SP-021:sul:028500:2025-11-19,SP-021:sul:028500,SP-021,sul,28.75,open-meteo:era5_seamless:-23.6:-46.8,2025-11-19,77.32,5.1,66.79,10,trigger,synthetic,synthetic,synthetic,synth-v1.0.0,2024,2cf705e1237a369a,ood
SP-021:sul:028500:2026-01-11,SP-021:sul:028500,SP-021,sul,28.75,open-meteo:era5_seamless:-23.6:-46.8,2026-01-11,85.47,7.12,66.79,14,trigger,synthetic,synthetic,synthetic,synth-v1.0.0,2024,2cf705e1237a369a,ood
SP-021:sul:028500:2026-03-11,SP-021:sul:028500,SP-021,sul,28.75,open-meteo:era5_seamless:-23.6:-46.8,2026-03-11,98.43,4.51,66.79,17,trigger,synthetic,synthetic,synthetic,synth-v1.0.0,2024,2cf705e1237a369a,ood
SP-021:sul:028500:2026-04-24,SP-021:sul:028500,SP-021,sul,28.75,open-meteo:era5_seamless:-23.6:-46.8,2026-04-24,74.28,5.75,66.79,5,trigger,synthetic,synthetic,synthetic,synth-v1.0.0,2024,2cf705e1237a369a,ood
SP-021:sul:028500:2026-05-31,SP-021:sul:028500,SP-021,sul,28.75,open-meteo:era5_seamless:-23.6:-46.8,2026-05-31,38.53,3.14,66.79,7,proactive,synthetic,synthetic,synthetic,synth-v1.0.0,2024,2cf705e1237a369a,ood
SP-021:norte:029000:2023-01-31,SP-021:norte:029000,SP-021,norte,29.15,open-meteo:era5_seamless:-23.6:-46.8,2023-01-31,59.99,5.37,56.23,2,trigger,synthetic,synthetic,synthetic,synth-v1.0.0,2024,2cf705e1237a369a,ood
SP-021:norte:029000:2023-03-18,SP-021:norte:029000,SP-021,norte,29.15,open-meteo:era5_seamless:-23.6:-46.8,2023-03-18,70.33,7.54,56.23,13,trigger,synthetic,synthetic,synthetic,synth-v1.0.0,2024,2cf705e1237a369a,ood
SP-021:norte:029000:2023-05-19,SP-021:norte:029000,SP-021,norte,29.15,open-meteo:era5_seamless:-23.6:-46.8,2023-05-19,58.87,5.56,56.23,12,trigger,synthetic,synthetic,synthetic,synth-v1.0.0,2024,2cf705e1237a369a,ood
SP-021:norte:029000:2023-08-30,SP-021:norte:029000,SP-021,norte,29.15,open-meteo:era5_seamless:-23.6:-46.8,2023-08-30,46.59,4.87,56.23,17,proactive,synthetic,synthetic,synthetic,synth-v1.0.0,2024,2cf705e1237a369a,ood
SP-021:norte:029000:2023-11-18,SP-021:norte:029000,SP-021,norte,29.15,open-meteo:era5_seamless:-23.6:-46.8,2023-11-18,71.68,6.56,56.23,20,trigger,synthetic,synthetic,synthetic,synth-v1.0.0,2024,2cf705e1237a369a,ood
SP-021:norte:029000:2024-02-20,SP-021:norte:029000,SP-021,norte,29.15,open-meteo:era5_seamless:-23.6:-46.8,2024-02-20,81.67,6.88,56.23,44,trigger,synthetic,synthetic,synthetic,synth-v1.0.0,2024,2cf705e1237a369a,ood
SP-021:norte:029000:2024-03-31,SP-021:norte:029000,SP-021,norte,29.15,open-meteo:era5_seamless:-23.6:-46.8,2024-03-31,66.17,6.79,56.23,7,trigger,synthetic,synthetic,synthetic,synth-v1.0.0,2024,2cf705e1237a369a,ood
SP-021:norte:029000:2024-05-23,SP-021:norte:029000,SP-021,norte,29.15,open-meteo:era5_seamless:-23.6:-46.8,2024-05-23,61.67,3.17,56.23,11,trigger,synthetic,synthetic,synthetic,synth-v1.0.0,2024,2cf705e1237a369a,ood
SP-021:norte:029000:2024-09-25,SP-021:norte:029000,SP-021,norte,29.15,open-meteo:era5_seamless:-23.6:-46.8,2024-09-25,62.65,6.28,56.23,10,trigger,synthetic,synthetic,synthetic,synth-v1.0.0,2024,2cf705e1237a369a,ood
SP-021:norte:029000:2024-10-30,SP-021:norte:029000,SP-021,norte,29.15,open-meteo:era5_seamless:-23.6:-46.8,2024-10-30,35.32,3.23,56.23,3,proactive,synthetic,synthetic,synthetic,synth-v1.0.0,2024,2cf705e1237a369a,ood
SP-021:norte:029000:2024-12-24,SP-021:norte:029000,SP-021,norte,29.15,open-meteo:era5_seamless:-23.6:-46.8,2024-12-24,69.01,6.39,56.23,16,trigger,synthetic,synthetic,synthetic,synth-v1.0.0,2024,2cf705e1237a369a,ood
SP-021:norte:029000:2025-02-08,SP-021:norte:029000,SP-021,norte,29.15,open-meteo:era5_seamless:-23.6:-46.8,2025-02-08,69.97,4.21,56.23,13,trigger,synthetic,synthetic,synthetic,synth-v1.0.0,2024,2cf705e1237a369a,ood
SP-021:norte:029000:2025-03-31,SP-021:norte:029000,SP-021,norte,29.15,open-meteo:era5_seamless:-23.6:-46.8,2025-03-31,67.23,4.2,56.23,15,trigger,synthetic,synthetic,synthetic,synth-v1.0.0,2024,2cf705e1237a369a,ood
SP-021:norte:029000:2025-06-18,SP-021:norte:029000,SP-021,norte,29.15,open-meteo:era5_seamless:-23.6:-46.8,2025-06-18,60.4,6.77,56.23,17,trigger,synthetic,synthetic,synthetic,synth-v1.0.0,2024,2cf705e1237a369a,ood
SP-021:norte:029000:2025-12-03,SP-021:norte:029000,SP-021,norte,29.15,open-meteo:era5_seamless:-23.6:-46.8,2025-12-03,69.92,4.2,56.23,31,trigger,synthetic,synthetic,synthetic,synth-v1.0.0,2024,2cf705e1237a369a,ood
SP-021:norte:029000:2026-01-26,SP-021:norte:029000,SP-021,norte,29.15,open-meteo:era5_seamless:-23.6:-46.8,2026-01-26,64.74,5.67,56.23,15,trigger,synthetic,synthetic,synthetic,synth-v1.0.0,2024,2cf705e1237a369a,ood
SP-021:norte:029000:2026-03-26,SP-021:norte:029000,SP-021,norte,29.15,open-meteo:era5_seamless:-23.6:-46.8,2026-03-26,76.67,4.64,56.23,32,proactive,synthetic,synthetic,synthetic,synth-v1.0.0,2024,2cf705e1237a369a,ood
SP-021:norte:029000:2026-07-06,SP-021:norte:029000,SP-021,norte,29.15,open-meteo:era5_seamless:-23.6:-46.8,2026-07-06,62.04,7.93,56.23,22,trigger,synthetic,synthetic,synthetic,synth-v1.0.0,2024,2cf705e1237a369a,ood
SP-021:sul:029000:2023-02-14,SP-021:sul:029000,SP-021,sul,29.15,open-meteo:era5_seamless:-23.6:-46.8,2023-02-14,66.97,5.54,59.14,9,trigger,synthetic,synthetic,synthetic,synth-v1.0.0,2024,2cf705e1237a369a,ood
SP-021:sul:029000:2023-04-16,SP-021:sul:029000,SP-021,sul,29.15,open-meteo:era5_seamless:-23.6:-46.8,2023-04-16,61.67,7.59,59.14,7,trigger,synthetic,synthetic,synthetic,synth-v1.0.0,2024,2cf705e1237a369a,ood
SP-021:sul:029000:2023-08-18,SP-021:sul:029000,SP-021,sul,29.15,open-meteo:era5_seamless:-23.6:-46.8,2023-08-18,47.15,6.88,59.14,12,proactive,synthetic,synthetic,synthetic,synth-v1.0.0,2024,2cf705e1237a369a,ood
SP-021:sul:029000:2023-11-14,SP-021:sul:029000,SP-021,sul,29.15,open-meteo:era5_seamless:-23.6:-46.8,2023-11-14,61.11,4.28,59.14,16,proactive,synthetic,synthetic,synthetic,synth-v1.0.0,2024,2cf705e1237a369a,ood
SP-021:sul:029000:2024-02-13,SP-021:sul:029000,SP-021,sul,29.15,open-meteo:era5_seamless:-23.6:-46.8,2024-02-13,68.85,4.8,59.14,9,trigger,synthetic,synthetic,synthetic,synth-v1.0.0,2024,2cf705e1237a369a,ood
SP-021:sul:029000:2024-04-22,SP-021:sul:029000,SP-021,sul,29.15,open-meteo:era5_seamless:-23.6:-46.8,2024-04-22,68.08,6.16,59.14,15,trigger,synthetic,synthetic,synthetic,synth-v1.0.0,2024,2cf705e1237a369a,ood
SP-021:sul:029000:2024-09-30,SP-021:sul:029000,SP-021,sul,29.15,open-meteo:era5_seamless:-23.6:-46.8,2024-09-30,63.4,6.84,59.14,15,trigger,synthetic,synthetic,synthetic,synth-v1.0.0,2024,2cf705e1237a369a,ood
SP-021:sul:029000:2025-01-01,SP-021:sul:029000,SP-021,sul,29.15,open-meteo:era5_seamless:-23.6:-46.8,2025-01-01,68.93,4.62,59.14,17,trigger,synthetic,synthetic,synthetic,synth-v1.0.0,2024,2cf705e1237a369a,ood
SP-021:sul:029000:2025-02-25,SP-021:sul:029000,SP-021,sul,29.15,open-meteo:era5_seamless:-23.6:-46.8,2025-02-25,64.7,4.51,59.14,2,trigger,synthetic,synthetic,synthetic,synth-v1.0.0,2024,2cf705e1237a369a,ood
SP-021:sul:029000:2025-06-04,SP-021:sul:029000,SP-021,sul,29.15,open-meteo:era5_seamless:-23.6:-46.8,2025-06-04,61.93,4.04,59.14,10,trigger,synthetic,synthetic,synthetic,synth-v1.0.0,2024,2cf705e1237a369a,ood
SP-021:sul:029000:2026-01-03,SP-021:sul:029000,SP-021,sul,29.15,open-meteo:era5_seamless:-23.6:-46.8,2026-01-03,71.31,4.18,59.14,27,trigger,synthetic,synthetic,synthetic,synth-v1.0.0,2024,2cf705e1237a369a,ood
SP-021:sul:029000:2026-03-07,SP-021:sul:029000,SP-021,sul,29.15,open-meteo:era5_seamless:-23.6:-46.8,2026-03-07,61.92,5.18,59.14,6,trigger,synthetic,synthetic,synthetic,synth-v1.0.0,2024,2cf705e1237a369a,ood
SP-021:sul:029000:2026-06-10,SP-021:sul:029000,SP-021,sul,29.15,open-meteo:era5_seamless:-23.6:-46.8,2026-06-10,61.25,6.04,59.14,17,trigger,synthetic,synthetic,synthetic,synth-v1.0.0,2024,2cf705e1237a369a,ood
