rocada_id,trecho_id,rodovia,sentido,km_mid,grid_cell_id,occurred_on,height_before_cm,height_after_cm,trigger_height_cm,delay_days,reason,source,data_source,provenance,generator_version,generator_seed,generator_params_hash,scenario
SP-021:norte:000000:2023-02-02,SP-021:norte:000000,SP-021,norte,0.25,open-meteo:era5_seamless:-23.4:-46.7,2023-02-02,65.43,5.43,61.71,4,trigger,synthetic,synthetic,synthetic,synth-v1.0.0,42,932480f22477dd00,baseline
SP-021:norte:000000:2023-03-17,SP-021:norte:000000,SP-021,norte,0.25,open-meteo:era5_seamless:-23.4:-46.7,2023-03-17,64.81,6.29,61.71,5,trigger,synthetic,synthetic,synthetic,synth-v1.0.0,42,932480f22477dd00,baseline
SP-021:norte:000000:2023-05-16,SP-021:norte:000000,SP-021,norte,0.25,open-meteo:era5_seamless:-23.4:-46.7,2023-05-16,62.87,4.95,61.71,2,trigger,synthetic,synthetic,synthetic,synth-v1.0.0,42,932480f22477dd00,baseline
SP-021:norte:000000:2023-09-24,SP-021:norte:000000,SP-021,norte,0.25,open-meteo:era5_seamless:-23.4:-46.7,2023-09-24,66.2,4.06,61.71,7,trigger,synthetic,synthetic,synthetic,synth-v1.0.0,42,932480f22477dd00,baseline
SP-021:norte:000000:2023-12-01,SP-021:norte:000000,SP-021,norte,0.25,open-meteo:era5_seamless:-23.4:-46.7,2023-12-01,67.04,7.19,61.71,5,trigger,synthetic,synthetic,synthetic,synth-v1.0.0,42,932480f22477dd00,baseline
SP-021:norte:000000:2024-01-18,SP-021:norte:000000,SP-021,norte,0.25,open-meteo:era5_seamless:-23.4:-46.7,2024-01-18,63.83,4.74,61.71,4,trigger,synthetic,synthetic,synthetic,synth-v1.0.0,42,932480f22477dd00,baseline
SP-021:norte:000000:2024-03-17,SP-021:norte:000000,SP-021,norte,0.25,open-meteo:era5_seamless:-23.4:-46.7,2024-03-17,67.64,4.04,61.71,14,trigger,synthetic,synthetic,synthetic,synth-v1.0.0,42,932480f22477dd00,baseline
SP-021:norte:000000:2024-05-07,SP-021:norte:000000,SP-021,norte,0.25,open-meteo:era5_seamless:-23.4:-46.7,2024-05-07,63.36,3.21,61.71,2,trigger,synthetic,synthetic,synthetic,synth-v1.0.0,42,932480f22477dd00,baseline
SP-021:norte:000000:2024-09-02,SP-021:norte:000000,SP-021,norte,0.25,open-meteo:era5_seamless:-23.4:-46.7,2024-09-02,63.49,6.75,61.71,8,trigger,synthetic,synthetic,synthetic,synth-v1.0.0,42,932480f22477dd00,baseline
SP-021:norte:000000:2024-10-29,SP-021:norte:000000,SP-021,norte,0.25,open-meteo:era5_seamless:-23.4:-46.7,2024-10-29,62.97,7.43,61.71,2,trigger,synthetic,synthetic,synthetic,synth-v1.0.0,42,932480f22477dd00,baseline
SP-021:norte:000000:2024-12-26,SP-021:norte:000000,SP-021,norte,0.25,open-meteo:era5_seamless:-23.4:-46.7,2024-12-26,66.91,5.0,61.71,11,trigger,synthetic,synthetic,synthetic,synth-v1.0.0,42,932480f22477dd00,baseline
SP-021:norte:000000:2025-02-08,SP-021:norte:000000,SP-021,norte,0.25,open-meteo:era5_seamless:-23.4:-46.7,2025-02-08,64.25,4.23,61.71,6,proactive,synthetic,synthetic,synthetic,synth-v1.0.0,42,932480f22477dd00,baseline
SP-021:norte:000000:2025-03-19,SP-021:norte:000000,SP-021,norte,0.25,open-meteo:era5_seamless:-23.4:-46.7,2025-03-19,63.06,7.26,61.71,3,trigger,synthetic,synthetic,synthetic,synth-v1.0.0,42,932480f22477dd00,baseline
SP-021:norte:000000:2025-05-20,SP-021:norte:000000,SP-021,norte,0.25,open-meteo:era5_seamless:-23.4:-46.7,2025-05-20,64.09,4.44,61.71,9,trigger,synthetic,synthetic,synthetic,synth-v1.0.0,42,932480f22477dd00,baseline
SP-021:norte:000000:2025-08-26,SP-021:norte:000000,SP-021,norte,0.25,open-meteo:era5_seamless:-23.4:-46.7,2025-08-26,32.53,7.71,61.71,2,proactive,synthetic,synthetic,synthetic,synth-v1.0.0,42,932480f22477dd00,baseline
SP-021:norte:000000:2025-11-12,SP-021:norte:000000,SP-021,norte,0.25,open-meteo:era5_seamless:-23.4:-46.7,2025-11-12,63.43,7.74,61.71,3,trigger,synthetic,synthetic,synthetic,synth-v1.0.0,42,932480f22477dd00,baseline
SP-021:norte:000000:2026-01-04,SP-021:norte:000000,SP-021,norte,0.25,open-meteo:era5_seamless:-23.4:-46.7,2026-01-04,66.24,6.62,61.71,7,trigger,synthetic,synthetic,synthetic,synth-v1.0.0,42,932480f22477dd00,baseline
SP-021:norte:000000:2026-02-17,SP-021:norte:000000,SP-021,norte,0.25,open-meteo:era5_seamless:-23.4:-46.7,2026-02-17,63.46,4.42,61.71,2,trigger,synthetic,synthetic,synthetic,synth-v1.0.0,42,932480f22477dd00,baseline
SP-021:norte:000000:2026-05-01,SP-021:norte:000000,SP-021,norte,0.25,open-meteo:era5_seamless:-23.4:-46.7,2026-05-01,67.59,4.95,61.71,26,trigger,synthetic,synthetic,synthetic,synth-v1.0.0,42,932480f22477dd00,baseline
SP-021:sul:000000:2023-01-28,SP-021:sul:000000,SP-021,sul,0.25,open-meteo:era5_seamless:-23.4:-46.7,2023-01-28,73.6,5.62,53.87,6,trigger,synthetic,synthetic,synthetic,synth-v1.0.0,42,932480f22477dd00,baseline
SP-021:sul:000000:2023-03-08,SP-021:sul:000000,SP-021,sul,0.25,open-meteo:era5_seamless:-23.4:-46.7,2023-03-08,86.53,7.23,53.87,10,trigger,synthetic,synthetic,synthetic,synth-v1.0.0,42,932480f22477dd00,baseline
SP-021:sul:000000:2023-04-08,SP-021:sul:000000,SP-021,sul,0.25,open-meteo:era5_seamless:-23.4:-46.7,2023-04-08,75.14,7.02,53.87,6,trigger,synthetic,synthetic,synthetic,synth-v1.0.0,42,932480f22477dd00,baseline
SP-021:sul:000000:2023-05-26,SP-021:sul:000000,SP-021,sul,0.25,open-meteo:era5_seamless:-23.4:-46.7,2023-05-26,60.33,4.35,53.87,5,trigger,synthetic,synthetic,synthetic,synth-v1.0.0,42,932480f22477dd00,baseline
SP-021:sul:000000:2023-08-29,SP-021:sul:000000,SP-021,sul,0.25,open-meteo:era5_seamless:-23.4:-46.7,2023-08-29,67.7,4.52,53.87,9,trigger,synthetic,synthetic,synthetic,synth-v1.0.0,42,932480f22477dd00,baseline
SP-021:sul:000000:2023-10-17,SP-021:sul:000000,SP-021,sul,0.25,open-meteo:era5_seamless:-23.4:-46.7,2023-10-17,78.97,6.52,53.87,9,trigger,synthetic,synthetic,synthetic,synth-v1.0.0,42,932480f22477dd00,baseline
SP-021:sul:000000:2023-11-16,SP-021:sul:000000,SP-021,sul,0.25,open-meteo:era5_seamless:-23.4:-46.7,2023-11-16,71.04,3.52,53.87,4,trigger,synthetic,synthetic,synthetic,synth-v1.0.0,42,932480f22477dd00,baseline
SP-021:sul:000000:2024-01-02,SP-021:sul:000000,SP-021,sul,0.25,open-meteo:era5_seamless:-23.4:-46.7,2024-01-02,81.33,5.08,53.87,9,trigger,synthetic,synthetic,synthetic,synth-v1.0.0,42,932480f22477dd00,baseline
SP-021:sul:000000:2024-02-22,SP-021:sul:000000,SP-021,sul,0.25,open-meteo:era5_seamless:-23.4:-46.7,2024-02-22,88.09,6.74,53.87,11,trigger,synthetic,synthetic,synthetic,synth-v1.0.0,42,932480f22477dd00,baseline
SP-021:sul:000000:2024-03-14,SP-021:sul:000000,SP-021,sul,0.25,open-meteo:era5_seamless:-23.4:-46.7,2024-03-14,58.7,7.97,53.87,4,proactive,synthetic,synthetic,synthetic,synth-v1.0.0,42,932480f22477dd00,baseline
SP-021:sul:000000:2024-04-16,SP-021:sul:000000,SP-021,sul,0.25,open-meteo:era5_seamless:-23.4:-46.7,2024-04-16,80.7,6.39,53.87,9,trigger,synthetic,synthetic,synthetic,synth-v1.0.0,42,932480f22477dd00,baseline
SP-021:sul:000000:2024-05-27,SP-021:sul:000000,SP-021,sul,0.25,open-meteo:era5_seamless:-23.4:-46.7,2024-05-27,73.89,4.21,53.87,8,trigger,synthetic,synthetic,synthetic,synth-v1.0.0,42,932480f22477dd00,baseline
SP-021:sul:000000:2024-07-27,SP-021:sul:000000,SP-021,sul,0.25,open-meteo:era5_seamless:-23.4:-46.7,2024-07-27,40.07,6.47,53.87,6,proactive,synthetic,synthetic,synthetic,synth-v1.0.0,42,932480f22477dd00,baseline
SP-021:sul:000000:2024-09-20,SP-021:sul:000000,SP-021,sul,0.25,open-meteo:era5_seamless:-23.4:-46.7,2024-09-20,72.6,4.32,53.87,5,trigger,synthetic,synthetic,synthetic,synth-v1.0.0,42,932480f22477dd00,baseline
SP-021:sul:000000:2024-11-02,SP-021:sul:000000,SP-021,sul,0.25,open-meteo:era5_seamless:-23.4:-46.7,2024-11-02,65.36,4.37,53.87,6,trigger,synthetic,synthetic,synthetic,synth-v1.0.0,42,932480f22477dd00,baseline
SP-021:sul:000000:2024-12-12,SP-021:sul:000000,SP-021,sul,0.25,open-meteo:era5_seamless:-23.4:-46.7,2024-12-12,76.1,6.58,53.87,4,trigger,synthetic,synthetic,synthetic,synth-v1.0.0,42,932480f22477dd00,baseline
SP-021:sul:000000:2025-01-13,SP-021:sul:000000,SP-021,sul,0.25,open-meteo:era5_seamless:-23.4:-46.7,2025-01-13,76.83,3.69,53.87,8,trigger,synthetic,synthetic,synthetic,synth-v1.0.0,42,932480f22477dd00,baseline
SP-021:sul:000000:2025-02-16,SP-021:sul:000000,SP-021,sul,0.25,open-meteo:era5_seamless:-23.4:-46.7,2025-02-16,83.64,6.18,53.87,7,trigger,synthetic,synthetic,synthetic,synth-v1.0.0,42,932480f22477dd00,baseline
SP-021:sul:000000:2025-03-17,SP-021:sul:000000,SP-021,sul,0.25,open-meteo:era5_seamless:-23.4:-46.7,2025-03-17,73.84,6.79,53.87,8,trigger,synthetic,synthetic,synthetic,synth-v1.0.0,42,932480f22477dd00,baseline
SP-021:sul:000000:2025-04-21,SP-021:sul:000000,SP-021,sul,0.25,open-meteo:era5_seamless:-23.4:-46.7,2025-04-21,70.43,6.6,53.87,8,trigger,synthetic,synthetic,synthetic,synth-v1.0.0,42,932480f22477dd00,baseline
SP-021:sul:000000:2025-06-11,SP-021:sul:000000,SP-021,sul,0.25,open-meteo:era5_seamless:-23.4:-46.7,2025-06-11,58.86,6.09,53.87,3,trigger,synthetic,synthetic,synthetic,synth-v1.0.0,42,932480f22477dd00,baseline
SP-021:sul:000000:2025-09-12,SP-021:sul:000000,SP-021,sul,0.25,open-meteo:era5_seamless:-23.4:-46.7,2025-09-12,61.44,7.81,53.87,5,trigger,synthetic,synthetic,synthetic,synth-v1.0.0,42,932480f22477dd00,baseline
SP-021:sul:000000:2025-11-01,SP-021:sul:000000,SP-021,sul,0.25,open-meteo:era5_seamless:-23.4:-46.7,2025-11-01,66.72,5.34,53.87,6,trigger,synthetic,synthetic,synthetic,synth-v1.0.0,42,932480f22477dd00,baseline
SP-021:sul:000000:2025-12-17,SP-021:sul:000000,SP-021,sul,0.25,open-meteo:era5_seamless:-23.4:-46.7,2025-12-17,76.24,7.14,53.87,10,trigger,synthetic,synthetic,synthetic,synth-v1.0.0,42,932480f22477dd00,baseline
SP-021:sul:000000:2026-01-17,SP-021:sul:000000,SP-021,sul,0.25,open-meteo:era5_seamless:-23.4:-46.7,2026-01-17,74.93,3.22,53.87,6,trigger,synthetic,synthetic,synthetic,synth-v1.0.0,42,932480f22477dd00,baseline
SP-021:sul:000000:2026-02-18,SP-021:sul:000000,SP-021,sul,0.25,open-meteo:era5_seamless:-23.4:-46.7,2026-02-18,63.87,5.66,53.87,3,trigger,synthetic,synthetic,synthetic,synth-v1.0.0,42,932480f22477dd00,baseline
SP-021:sul:000000:2026-04-07,SP-021:sul:000000,SP-021,sul,0.25,open-meteo:era5_seamless:-23.4:-46.7,2026-04-07,87.71,7.56,53.87,16,trigger,synthetic,synthetic,synthetic,synth-v1.0.0,42,932480f22477dd00,baseline
SP-021:sul:000000:2026-05-14,SP-021:sul:000000,SP-021,sul,0.25,open-meteo:era5_seamless:-23.4:-46.7,2026-05-14,57.51,7.87,53.87,4,trigger,synthetic,synthetic,synthetic,synth-v1.0.0,42,932480f22477dd00,baseline
SP-021:sul:000000:2026-07-24,SP-021:sul:000000,SP-021,sul,0.25,open-meteo:era5_seamless:-23.4:-46.7,2026-07-24,45.54,4.61,53.87,5,proactive,synthetic,synthetic,synthetic,synth-v1.0.0,42,932480f22477dd00,baseline
SP-021:norte:000500:2023-02-19,SP-021:norte:000500,SP-021,norte,0.75,open-meteo:era5_seamless:-23.4:-46.7,2023-02-19,84.53,5.18,51.4,14,trigger,synthetic,synthetic,synthetic,synth-v1.0.0,42,932480f22477dd00,baseline
SP-021:norte:000500:2023-04-10,SP-021:norte:000500,SP-021,norte,0.75,open-meteo:era5_seamless:-23.4:-46.7,2023-04-10,66.61,6.58,51.4,8,trigger,synthetic,synthetic,synthetic,synth-v1.0.0,42,932480f22477dd00,baseline
SP-021:norte:000500:2023-08-16,SP-021:norte:000500,SP-021,norte,0.75,open-meteo:era5_seamless:-23.4:-46.7,2023-08-16,62.92,7.57,51.4,10,trigger,synthetic,synthetic,synthetic,synth-v1.0.0,42,932480f22477dd00,baseline
SP-021:norte:000500:2023-10-21,SP-021:norte:000500,SP-021,norte,0.75,open-meteo:era5_seamless:-23.4:-46.7,2023-10-21,69.02,4.0,51.4,13,trigger,synthetic,synthetic,synthetic,synth-v1.0.0,42,932480f22477dd00,baseline
SP-021:norte:000500:2023-12-25,SP-021:norte:000500,SP-021,norte,0.75,open-meteo:era5_seamless:-23.4:-46.7,2023-12-25,76.79,3.22,51.4,8,trigger,synthetic,synthetic,synthetic,synth-v1.0.0,42,932480f22477dd00,baseline
SP-021:norte:000500:2024-03-08,SP-021:norte:000500,SP-021,norte,0.75,open-meteo:era5_seamless:-23.4:-46.7,2024-03-08,95.36,6.86,51.4,19,trigger,synthetic,synthetic,synthetic,synth-v1.0.0,42,932480f22477dd00,baseline
SP-021:norte:000500:2024-04-27,SP-021:norte:000500,SP-021,norte,0.75,open-meteo:era5_seamless:-23.4:-46.7,2024-04-27,70.54,4.18,51.4,6,trigger,synthetic,synthetic,synthetic,synth-v1.0.0,42,932480f22477dd00,baseline
SP-021:norte:000500:2024-08-06,SP-021:norte:000500,SP-021,norte,0.75,open-meteo:era5_seamless:-23.4:-46.7,2024-08-06,53.39,5.02,51.4,2,trigger,synthetic,synthetic,synthetic,synth-v1.0.0,42,932480f22477dd00,baseline
SP-021:norte:000500:2024-10-24,SP-021:norte:000500,SP-021,norte,0.75,open-meteo:era5_seamless:-23.4:-46.7,2024-10-24,60.65,6.31,51.4,4,trigger,synthetic,synthetic,synthetic,synth-v1.0.0,42,932480f22477dd00,baseline
SP-021:norte:000500:2024-12-21,SP-021:norte:000500,SP-021,norte,0.75,open-meteo:era5_seamless:-23.4:-46.7,2024-12-21,71.79,5.13,51.4,6,trigger,synthetic,synthetic,synthetic,synth-v1.0.0,42,932480f22477dd00,baseline
SP-021:norte:000500:2025-02-07,SP-021:norte:000500,SP-021,norte,0.75,open-meteo:era5_seamless:-23.4:-46.7,2025-02-07,67.37,6.25,51.4,5,trigger,synthetic,synthetic,synthetic,synth-v1.0.0,42,932480f22477dd00,baseline
SP-021:norte:000500:2025-03-21,SP-021:norte:000500,SP-021,norte,0.75,open-meteo:era5_seamless:-23.4:-46.7,2025-03-21,59.28,4.57,51.4,5,trigger,synthetic,synthetic,synthetic,synth-v1.0.0,42,932480f22477dd00,baseline
SP-021:norte:000500:2025-06-21,SP-021:norte:000500,SP-021,norte,0.75,open-meteo:era5_seamless:-23.4:-46.7,2025-06-21,59.64,5.77,51.4,13,trigger,synthetic,synthetic,synthetic,synth-v1.0.0,42,932480f22477dd00,baseline
SP-021:norte:000500:2025-10-21,SP-021:norte:000500,SP-021,norte,0.75,open-meteo:era5_seamless:-23.4:-46.7,2025-10-21,58.6,5.77,51.4,2,trigger,synthetic,synthetic,synthetic,synth-v1.0.0,42,932480f22477dd00,baseline
SP-021:norte:000500:2025-12-12,SP-021:norte:000500,SP-021,norte,0.75,open-meteo:era5_seamless:-23.4:-46.7,2025-12-12,39.42,6.18,51.4,5,proactive,synthetic,synthetic,synthetic,synth-v1.0.0,42,932480f22477dd00,baseline
SP-021:norte:000500:2026-02-06,SP-021:norte:000500,SP-021,norte,0.75,open-meteo:era5_seamless:-23.4:-46.7,2026-02-06,72.43,4.65,51.4,5,trigger,synthetic,synthetic,synthetic,synth-v1.0.0,42,932480f22477dd00,baseline
SP-021:norte:000500:2026-03-24,SP-021:norte:000500,SP-021,norte,0.75,open-meteo:era5_seamless:-23.4:-46.7,2026-03-24,56.43,6.08,51.4,2,trigger,synthetic,synthetic,synthetic,synth-v1.0.0,42,932480f22477dd00,baseline
SP-021:norte:000500:2026-06-08,SP-021:norte:000500,SP-021,norte,0.75,open-meteo:era5_seamless:-23.4:-46.7,2026-06-08,58.84,4.25,51.4,15,trigger,synthetic,synthetic,synthetic,synth-v1.0.0,42,932480f22477dd00,baseline
SP-021:sul:000500:2023-01-20,SP-021:sul:000500,SP-021,sul,0.75,open-meteo:era5_seamless:-23.4:-46.7,2023-01-20,78.25,6.55,50.74,5,trigger,synthetic,synthetic,synthetic,synth-v1.0.0,42,932480f22477dd00,baseline
SP-021:sul:000500:2023-02-27,SP-021:sul:000500,SP-021,sul,0.75,open-meteo:era5_seamless:-23.4:-46.7,2023-02-27,83.12,5.34,50.74,8,trigger,synthetic,synthetic,synthetic,synth-v1.0.0,42,932480f22477dd00,baseline
SP-021:sul:000500:2023-04-10,SP-021:sul:000500,SP-021,sul,0.75,open-meteo:era5_seamless:-23.4:-46.7,2023-04-10,82.54,6.56,50.74,15,trigger,synthetic,synthetic,synthetic,synth-v1.0.0,42,932480f22477dd00,baseline
SP-021:sul:000500:2023-06-26,SP-021:sul:000500,SP-021,sul,0.75,open-meteo:era5_seamless:-23.4:-46.7,2023-06-26,56.71,3.35,50.74,15,trigger,synthetic,synthetic,synthetic,synth-v1.0.0,42,932480f22477dd00,baseline
SP-021:sul:000500:2023-09-12,SP-021:sul:000500,SP-021,sul,0.75,open-meteo:era5_seamless:-23.4:-46.7,2023-09-12,54.01,6.91,50.74,2,trigger,synthetic,synthetic,synthetic,synth-v1.0.0,42,932480f22477dd00,baseline
SP-021:sul:000500:2023-10-21,SP-021:sul:000500,SP-021,sul,0.75,open-meteo:era5_seamless:-23.4:-46.7,2023-10-21,63.31,3.15,50.74,6,trigger,synthetic,synthetic,synthetic,synth-v1.0.0,42,932480f22477dd00,baseline
SP-021:sul:000500:2023-12-09,SP-021:sul:000500,SP-021,sul,0.75,open-meteo:era5_seamless:-23.4:-46.7,2023-12-09,80.13,5.88,50.74,13,trigger,synthetic,synthetic,synthetic,synth-v1.0.0,42,932480f22477dd00,baseline
SP-021:sul:000500:2024-01-17,SP-021:sul:000500,SP-021,sul,0.75,open-meteo:era5_seamless:-23.4:-46.7,2024-01-17,74.29,7.22,50.74,10,trigger,synthetic,synthetic,synthetic,synth-v1.0.0,42,932480f22477dd00,baseline
SP-021:sul:000500:2024-02-24,SP-021:sul:000500,SP-021,sul,0.75,open-meteo:era5_seamless:-23.4:-46.7,2024-02-24,79.06,3.43,50.74,6,trigger,synthetic,synthetic,synthetic,synth-v1.0.0,42,932480f22477dd00,baseline
SP-021:sul:000500:2024-03-31,SP-021:sul:000500,SP-021,sul,0.75,open-meteo:era5_seamless:-23.4:-46.7,2024-03-31,70.67,5.62,50.74,7,trigger,synthetic,synthetic,synthetic,synth-v1.0.0,42,932480f22477dd00,baseline
SP-021:sul:000500:2024-05-09,SP-021:sul:000500,SP-021,sul,0.75,open-meteo:era5_seamless:-23.4:-46.7,2024-05-09,68.56,6.46,50.74,4,trigger,synthetic,synthetic,synthetic,synth-v1.0.0,42,932480f22477dd00,baseline
SP-021:sul:000500:2024-07-20,SP-021:sul:000500,SP-021,sul,0.75,open-meteo:era5_seamless:-23.4:-46.7,2024-07-20,59.01,4.39,50.74,6,trigger,synthetic,synthetic,synthetic,synth-v1.0.0,42,932480f22477dd00,baseline
SP-021:sul:000500:2024-09-26,SP-021:sul:000500,SP-021,sul,0.75,open-meteo:era5_seamless:-23.4:-46.7,2024-09-26,71.97,4.86,50.74,11,trigger,synthetic,synthetic,synthetic,synth-v1.0.0,42,932480f22477dd00,baseline
SP-021:sul:000500:2024-11-15,SP-021:sul:000500,SP-021,sul,0.75,open-meteo:era5_seamless:-23.4:-46.7,2024-11-15,68.49,3.67,50.74,5,trigger,synthetic,synthetic,synthetic,synth-v1.0.0,42,932480f22477dd00,baseline
SP-021:sul:000500:2024-12-25,SP-021:sul:000500,SP-021,sul,0.75,open-meteo:era5_seamless:-23.4:-46.7,2024-12-25,65.91,7.48,50.74,3,trigger,synthetic,synthetic,synthetic,synth-v1.0.0,42,932480f22477dd00,baseline
SP-021:sul:000500:2025-01-25,SP-021:sul:000500,SP-021,sul,0.75,open-meteo:era5_seamless:-23.4:-46.7,2025-01-25,69.71,5.26,50.74,6,trigger,synthetic,synthetic,synthetic,synth-v1.0.0,42,932480f22477dd00,baseline
SP-021:sul:000500:2025-03-01,SP-021:sul:000500,SP-021,sul,0.75,open-meteo:era5_seamless:-23.4:-46.7,2025-03-01,83.99,3.77,50.74,6,trigger,synthetic,synthetic,synthetic,synth-v1.0.0,42,932480f22477dd00,baseline
SP-021:sul:000500:2025-05-03,SP-021:sul:000500,SP-021,sul,0.75,open-meteo:era5_seamless:-23.4:-46.7,2025-05-03,90.49,7.76,50.74,27,trigger,synthetic,synthetic,synthetic,synth-v1.0.0,42,932480f22477dd00,baseline
SP-021:sul:000500:2025-08-10,SP-021:sul:000500,SP-021,sul,0.75,open-meteo:era5_seamless:-23.4:-46.7,2025-08-10,54.76,7.18,50.74,7,trigger,synthetic,synthetic,synthetic,synth-v1.0.0,42,932480f22477dd00,baseline
SP-021:sul:000500:2025-10-18,SP-021:sul:000500,SP-021,sul,0.75,open-meteo:era5_seamless:-23.4:-46.7,2025-10-18,77.23,4.96,50.74,13,trigger,synthetic,synthetic,synthetic,synth-v1.0.0,42,932480f22477dd00,baseline
SP-021:sul:000500:2025-12-03,SP-021:sul:000500,SP-021,sul,0.75,open-meteo:era5_seamless:-23.4:-46.7,2025-12-03,53.19,6.34,50.74,3,proactive,synthetic,synthetic,synthetic,synth-v1.0.0,42,932480f22477dd00,baseline
SP-021:sul:000500:2026-01-11,SP-021:sul:000500,SP-021,sul,0.75,open-meteo:era5_seamless:-23.4:-46.7,2026-01-11,79.21,7.13,50.74,7,trigger,synthetic,synthetic,synthetic,synth-v1.0.0,42,932480f22477dd00,baseline
SP-021:sul:000500:2026-02-21,SP-021:sul:000500,SP-021,sul,0.75,open-meteo:era5_seamless:-23.4:-46.7,2026-02-21,81.74,3.98,50.74,6,trigger,synthetic,synthetic,synthetic,synth-v1.0.0,42,932480f22477dd00,baseline
SP-021:sul:000500:2026-03-25,SP-021:sul:000500,SP-021,sul,0.75,open-meteo:era5_seamless:-23.4:-46.7,2026-03-25,46.52,5.72,50.74,3,proactive,synthetic,synthetic,synthetic,synth-v1.0.0,42,932480f22477dd00,baseline
SP-021:sul:000500:2026-05-06,SP-021:sul:000500,SP-021,sul,0.75,open-meteo:era5_seamless:-23.4:-46.7,2026-05-06,62.0,7.34,50.74,3,trigger,synthetic,synthetic,synthetic,synth-v1.0.0,42,932480f22477dd00,baseline
SP-021:sul:000500:2026-07-14,SP-021:sul:000500,SP-021,sul,0.75,open-meteo:era5_seamless:-23.4:-46.7,2026-07-14,31.83,6.23,50.74,2,proactive,synthetic,synthetic,synthetic,synth-v1.0.0,42,932480f22477dd00,baseline
SP-021:norte:001000:2023-02-13,SP-021:norte:001000,SP-021,norte,1.25,open-meteo:era5_seamless:-23.4:-46.7,2023-02-13,83.04,3.17,44.89,15,trigger,synthetic,synthetic,synthetic,synth-v1.0.0,42,932480f22477dd00,baseline
SP-021:norte:001000:2023-04-06,SP-021:norte:001000,SP-021,norte,1.25,open-meteo:era5_seamless:-23.4:-46.7,2023-04-06,54.81,5.82,44.89,4,trigger,synthetic,synthetic,synthetic,synth-v1.0.0,42,932480f22477dd00,baseline
SP-021:norte:001000:2023-08-11,SP-021:norte:001000,SP-021,norte,1.25,open-meteo:era5_seamless:-23.4:-46.7,2023-08-11,53.18,5.54,44.89,5,trigger,synthetic,synthetic,synthetic,synth-v1.0.0,42,932480f22477dd00,baseline
SP-021:norte:001000:2023-10-21,SP-021:norte:001000,SP-021,norte,1.25,open-meteo:era5_seamless:-23.4:-46.7,2023-10-21,58.42,3.14,44.89,6,trigger,synthetic,synthetic,synthetic,synth-v1.0.0,42,932480f22477dd00,baseline
SP-021:norte:001000:2023-12-20,SP-021:norte:001000,SP-021,norte,1.25,open-meteo:era5_seamless:-23.4:-46.7,2023-12-20,56.37,4.86,44.89,3,trigger,synthetic,synthetic,synthetic,synth-v1.0.0,42,932480f22477dd00,baseline
SP-021:norte:001000:2024-02-13,SP-021:norte:001000,SP-021,norte,1.25,open-meteo:era5_seamless:-23.4:-46.7,2024-02-13,63.64,5.97,44.89,2,trigger,synthetic,synthetic,synthetic,synth-v1.0.0,42,932480f22477dd00,baseline
SP-021:norte:001000:2024-03-19,SP-021:norte:001000,SP-021,norte,1.25,open-meteo:era5_seamless:-23.4:-46.7,2024-03-19,48.89,5.07,44.89,2,trigger,synthetic,synthetic,synthetic,synth-v1.0.0,42,932480f22477dd00,baseline
SP-021:norte:001000:2024-05-13,SP-021:norte:001000,SP-021,norte,1.25,open-meteo:era5_seamless:-23.4:-46.7,2024-05-13,62.74,5.97,44.89,8,trigger,synthetic,synthetic,synthetic,synth-v1.0.0,42,932480f22477dd00,baseline
SP-021:norte:001000:2024-08-31,SP-021:norte:001000,SP-021,norte,1.25,open-meteo:era5_seamless:-23.4:-46.7,2024-08-31,50.38,3.92,44.89,6,trigger,synthetic,synthetic,synthetic,synth-v1.0.0,42,932480f22477dd00,baseline
SP-021:norte:001000:2024-11-26,SP-021:norte:001000,SP-021,norte,1.25,open-meteo:era5_seamless:-23.4:-46.7,2024-11-26,76.17,7.71,44.89,16,trigger,synthetic,synthetic,synthetic,synth-v1.0.0,42,932480f22477dd00,baseline
SP-021:norte:001000:2025-01-13,SP-021:norte:001000,SP-021,norte,1.25,open-meteo:era5_seamless:-23.4:-46.7,2025-01-13,65.77,5.54,44.89,8,trigger,synthetic,synthetic,synthetic,synth-v1.0.0,42,932480f22477dd00,baseline
SP-021:norte:001000:2025-03-01,SP-021:norte:001000,SP-021,norte,1.25,open-meteo:era5_seamless:-23.4:-46.7,2025-03-01,78.86,4.75,44.89,6,trigger,synthetic,synthetic,synthetic,synth-v1.0.0,42,932480f22477dd00,baseline
SP-021:norte:001000:2025-04-29,SP-021:norte:001000,SP-021,norte,1.25,open-meteo:era5_seamless:-23.4:-46.7,2025-04-29,53.92,6.34,44.89,2,trigger,synthetic,synthetic,synthetic,synth-v1.0.0,42,932480f22477dd00,baseline
SP-021:norte:001000:2025-09-13,SP-021:norte:001000,SP-021,norte,1.25,open-meteo:era5_seamless:-23.4:-46.7,2025-09-13,52.82,5.68,44.89,6,trigger,synthetic,synthetic,synthetic,synth-v1.0.0,42,932480f22477dd00,baseline
SP-021:norte:001000:2025-11-30,SP-021:norte:001000,SP-021,norte,1.25,open-meteo:era5_seamless:-23.4:-46.7,2025-11-30,51.98,5.72,44.89,7,trigger,synthetic,synthetic,synthetic,synth-v1.0.0,42,932480f22477dd00,baseline
SP-021:norte:001000:2026-01-27,SP-021:norte:001000,SP-021,norte,1.25,open-meteo:era5_seamless:-23.4:-46.7,2026-01-27,64.51,4.61,44.89,9,trigger,synthetic,synthetic,synthetic,synth-v1.0.0,42,932480f22477dd00,baseline
SP-021:norte:001000:2026-03-28,SP-021:norte:001000,SP-021,norte,1.25,open-meteo:era5_seamless:-23.4:-46.7,2026-03-28,78.64,6.92,44.89,13,trigger,synthetic,synthetic,synthetic,synth-v1.0.0,42,932480f22477dd00,baseline
SP-021:norte:001000:2026-06-07,SP-021:norte:001000,SP-021,norte,1.25,open-meteo:era5_seamless:-23.4:-46.7,2026-06-07,50.43,6.84,44.89,7,trigger,synthetic,synthetic,synthetic,synth-v1.0.0,42,932480f22477dd00,baseline
SP-021:sul:001000:2023-01-22,SP-021:sul:001000,SP-021,sul,1.25,open-meteo:era5_seamless:-23.4:-46.7,2023-01-22,71.09,6.62,48.74,7,trigger,synthetic,synthetic,synthetic,synth-v1.0.0,42,932480f22477dd00,baseline
SP-021:sul:001000:2023-02-21,SP-021:sul:001000,SP-021,sul,1.25,open-meteo:era5_seamless:-23.4:-46.7,2023-02-21,73.99,3.7,48.74,2,trigger,synthetic,synthetic,synthetic,synth-v1.0.0,42,932480f22477dd00,baseline
SP-021:sul:001000:2023-03-21,SP-021:sul:001000,SP-021,sul,1.25,open-meteo:era5_seamless:-23.4:-46.7,2023-03-21,54.07,3.76,48.74,2,trigger,synthetic,synthetic,synthetic,synth-v1.0.0,42,932480f22477dd00,baseline
SP-021:sul:001000:2023-05-05,SP-021:sul:001000,SP-021,sul,1.25,open-meteo:era5_seamless:-23.4:-46.7,2023-05-05,59.5,7.53,48.74,5,trigger,synthetic,synthetic,synthetic,synth-v1.0.0,42,932480f22477dd00,baseline
SP-021:sul:001000:2023-07-31,SP-021:sul:001000,SP-021,sul,1.25,open-meteo:era5_seamless:-23.4:-46.7,2023-07-31,44.81,6.64,48.74,8,proactive,synthetic,synthetic,synthetic,synth-v1.0.0,42,932480f22477dd00,baseline
SP-021:sul:001000:2023-09-24,SP-021:sul:001000,SP-021,sul,1.25,open-meteo:era5_seamless:-23.4:-46.7,2023-09-24,72.15,6.76,48.74,7,trigger,synthetic,synthetic,synthetic,synth-v1.0.0,42,932480f22477dd00,baseline
SP-021:sul:001000:2023-11-08,SP-021:sul:001000,SP-021,sul,1.25,open-meteo:era5_seamless:-23.4:-46.7,2023-11-08,79.26,5.53,48.74,10,trigger,synthetic,synthetic,synthetic,synth-v1.0.0,42,932480f22477dd00,baseline
SP-021:sul:001000:2023-12-22,SP-021:sul:001000,SP-021,sul,1.25,open-meteo:era5_seamless:-23.4:-46.7,2023-12-22,86.96,5.69,48.74,12,trigger,synthetic,synthetic,synthetic,synth-v1.0.0,42,932480f22477dd00,baseline
SP-021:sul:001000:2024-02-03,SP-021:sul:001000,SP-021,sul,1.25,open-meteo:era5_seamless:-23.4:-46.7,2024-02-03,78.51,5.67,48.74,13,trigger,synthetic,synthetic,synthetic,synth-v1.0.0,42,932480f22477dd00,baseline
SP-021:sul:001000:2024-03-02,SP-021:sul:001000,SP-021,sul,1.25,open-meteo:era5_seamless:-23.4:-46.7,2024-03-02,60.71,7.34,48.74,6,proactive,synthetic,synthetic,synthetic,synth-v1.0.0,42,932480f22477dd00,baseline
SP-021:sul:001000:2024-04-07,SP-021:sul:001000,SP-021,sul,1.25,open-meteo:era5_seamless:-23.4:-46.7,2024-04-07,87.45,4.74,48.74,14,trigger,synthetic,synthetic,synthetic,synth-v1.0.0,42,932480f22477dd00,baseline
SP-021:sul:001000:2024-05-20,SP-021:sul:001000,SP-021,sul,1.25,open-meteo:era5_seamless:-23.4:-46.7,2024-05-20,72.96,4.89,48.74,8,trigger,synthetic,synthetic,synthetic,synth-v1.0.0,42,932480f22477dd00,baseline
SP-021:sul:001000:2024-08-06,SP-021:sul:001000,SP-021,sul,1.25,open-meteo:era5_seamless:-23.4:-46.7,2024-08-06,54.81,3.13,48.74,2,trigger,synthetic,synthetic,synthetic,synth-v1.0.0,42,932480f22477dd00,baseline
SP-021:sul:001000:2024-10-08,SP-021:sul:001000,SP-021,sul,1.25,open-meteo:era5_seamless:-23.4:-46.7,2024-10-08,68.7,6.63,48.74,9,trigger,synthetic,synthetic,synthetic,synth-v1.0.0,42,932480f22477dd00,baseline
SP-021:sul:001000:2024-12-04,SP-021:sul:001000,SP-021,sul,1.25,open-meteo:era5_seamless:-23.4:-46.7,2024-12-04,94.82,6.4,48.74,17,trigger,synthetic,synthetic,synthetic,synth-v1.0.0,42,932480f22477dd00,baseline
SP-021:sul:001000:2025-01-17,SP-021:sul:001000,SP-021,sul,1.25,open-meteo:era5_seamless:-23.4:-46.7,2025-01-17,90.42,7.72,48.74,12,trigger,synthetic,synthetic,synthetic,synth-v1.0.0,42,932480f22477dd00,baseline
SP-021:sul:001000:2025-02-26,SP-021:sul:001000,SP-021,sul,1.25,open-meteo:era5_seamless:-23.4:-46.7,2025-02-26,97.0,3.28,48.74,17,trigger,synthetic,synthetic,synthetic,synth-v1.0.0,42,932480f22477dd00,baseline
SP-021:sul:001000:2025-04-13,SP-021:sul:001000,SP-021,sul,1.25,open-meteo:era5_seamless:-23.4:-46.7,2025-04-13,71.69,6.83,48.74,7,trigger,synthetic,synthetic,synthetic,synth-v1.0.0,42,932480f22477dd00,baseline
SP-021:sul:001000:2025-05-29,SP-021:sul:001000,SP-021,sul,1.25,open-meteo:era5_seamless:-23.4:-46.7,2025-05-29,57.19,5.73,48.74,4,trigger,synthetic,synthetic,synthetic,synth-v1.0.0,42,932480f22477dd00,baseline
SP-021:sul:001000:2025-09-22,SP-021:sul:001000,SP-021,sul,1.25,open-meteo:era5_seamless:-23.4:-46.7,2025-09-22,73.41,7.45,48.74,8,trigger,synthetic,synthetic,synthetic,synth-v1.0.0,42,932480f22477dd00,baseline
SP-021:sul:001000:2025-11-22,SP-021:sul:001000,SP-021,sul,1.25,open-meteo:era5_seamless:-23.4:-46.7,2025-11-22,78.47,5.3,48.74,13,trigger,synthetic,synthetic,synthetic,synth-v1.0.0,42,932480f22477dd00,baseline
SP-021:sul:001000:2026-01-04,SP-021:sul:001000,SP-021,sul,1.25,open-meteo:era5_seamless:-23.4:-46.7,2026-01-04,83.83,3.96,48.74,7,trigger,synthetic,synthetic,synthetic,synth-v1.0.0,42,932480f22477dd00,baseline
SP-021:sul:001000:2026-02-12,SP-021:sul:001000,SP-021,sul,1.25,open-meteo:era5_seamless:-23.4:-46.7,2026-02-12,66.01,3.23,48.74,4,trigger,synthetic,synthetic,synthetic,synth-v1.0.0,42,932480f22477dd00,baseline
SP-021:sul:001000:2026-03-22,SP-021:sul:001000,SP-021,sul,1.25,open-meteo:era5_seamless:-23.4:-46.7,2026-03-22,72.36,7.29,48.74,7,trigger,synthetic,synthetic,synthetic,synth-v1.0.0,42,932480f22477dd00,baseline
SP-021:sul:001000:2026-04-23,SP-021:sul:001000,SP-021,sul,1.25,open-meteo:era5_seamless:-23.4:-46.7,2026-04-23,56.55,3.77,48.74,4,trigger,synthetic,synthetic,synthetic,synth-v1.0.0,42,932480f22477dd00,baseline
SP-021:sul:001000:2026-07-30,SP-021:sul:001000,SP-021,sul,1.25,open-meteo:era5_seamless:-23.4:-46.7,2026-07-30,59.1,5.63,48.74,4,trigger,synthetic,synthetic,synthetic,synth-v1.0.0,42,932480f22477dd00,baseline
SP-021:norte:001500:2023-01-18,SP-021:norte:001500,SP-021,norte,1.75,open-meteo:era5_seamless:-23.4:-46.7,2023-01-18,61.14,3.12,46.6,3,trigger,synthetic,synthetic,synthetic,synth-v1.0.0,42,932480f22477dd00,baseline
SP-021:norte:001500:2023-03-27,SP-021:norte:001500,SP-021,norte,1.75,open-meteo:era5_seamless:-23.4:-46.7,2023-03-27,79.36,5.52,46.6,8,trigger,synthetic,synthetic,synthetic,synth-v1.0.0,42,932480f22477dd00,baseline
SP-021:norte:001500:2023-07-30,SP-021:norte:001500,SP-021,norte,1.75,open-meteo:era5_seamless:-23.4:-46.7,2023-07-30,51.37,4.31,46.6,7,trigger,synthetic,synthetic,synthetic,synth-v1.0.0,42,932480f22477dd00,baseline
SP-021:norte:001500:2023-10-19,SP-021:norte:001500,SP-021,norte,1.75,open-meteo:era5_seamless:-23.4:-46.7,2023-10-19,55.93,7.13,46.6,4,trigger,synthetic,synthetic,synthetic,synth-v1.0.0,42,932480f22477dd00,baseline
SP-021:norte:001500:2023-12-08,SP-021:norte:001500,SP-021,norte,1.75,open-meteo:era5_seamless:-23.4:-46.7,2023-12-08,55.64,6.36,46.6,19,proactive,synthetic,synthetic,synthetic,synth-v1.0.0,42,932480f22477dd00,baseline
SP-021:norte:001500:2024-02-08,SP-021:norte:001500,SP-021,norte,1.75,open-meteo:era5_seamless:-23.4:-46.7,2024-02-08,70.47,6.56,46.6,11,trigger,synthetic,synthetic,synthetic,synth-v1.0.0,42,932480f22477dd00,baseline
SP-021:norte:001500:2024-03-17,SP-021:norte:001500,SP-021,norte,1.75,open-meteo:era5_seamless:-23.4:-46.7,2024-03-17,51.78,5.15,46.6,7,proactive,synthetic,synthetic,synthetic,synth-v1.0.0,42,932480f22477dd00,baseline
SP-021:norte:001500:2024-05-17,SP-021:norte:001500,SP-021,norte,1.75,open-meteo:era5_seamless:-23.4:-46.7,2024-05-17,61.55,4.0,46.6,12,trigger,synthetic,synthetic,synthetic,synth-v1.0.0,42,932480f22477dd00,baseline
SP-021:norte:001500:2024-09-21,SP-021:norte:001500,SP-021,norte,1.75,open-meteo:era5_seamless:-23.4:-46.7,2024-09-21,55.88,4.07,46.6,6,trigger,synthetic,synthetic,synthetic,synth-v1.0.0,42,932480f22477dd00,baseline
SP-021:norte:001500:2024-12-05,SP-021:norte:001500,SP-021,norte,1.75,open-meteo:era5_seamless:-23.4:-46.7,2024-12-05,60.21,6.12,46.6,4,trigger,synthetic,synthetic,synthetic,synth-v1.0.0,42,932480f22477dd00,baseline
SP-021:norte:001500:2025-01-26,SP-021:norte:001500,SP-021,norte,1.75,open-meteo:era5_seamless:-23.4:-46.7,2025-01-26,63.92,6.14,46.6,7,trigger,synthetic,synthetic,synthetic,synth-v1.0.0,42,932480f22477dd00,baseline
SP-021:norte:001500:2025-03-20,SP-021:norte:001500,SP-021,norte,1.75,open-meteo:era5_seamless:-23.4:-46.7,2025-03-20,71.86,6.43,46.6,18,trigger,synthetic,synthetic,synthetic,synth-v1.0.0,42,932480f22477dd00,baseline
SP-021:norte:001500:2025-05-26,SP-021:norte:001500,SP-021,norte,1.75,open-meteo:era5_seamless:-23.4:-46.7,2025-05-26,53.47,5.63,46.6,8,trigger,synthetic,synthetic,synthetic,synth-v1.0.0,42,932480f22477dd00,baseline
SP-021:norte:001500:2025-10-15,SP-021:norte:001500,SP-021,norte,1.75,open-meteo:era5_seamless:-23.4:-46.7,2025-10-15,49.6,6.36,46.6,3,trigger,synthetic,synthetic,synthetic,synth-v1.0.0,42,932480f22477dd00,baseline
SP-021:norte:001500:2025-12-28,SP-021:norte:001500,SP-021,norte,1.75,open-meteo:era5_seamless:-23.4:-46.7,2025-12-28,64.07,5.91,46.6,7,trigger,synthetic,synthetic,synthetic,synth-v1.0.0,42,932480f22477dd00,baseline
SP-021:norte:001500:2026-03-06,SP-021:norte:001500,SP-021,norte,1.75,open-meteo:era5_seamless:-23.4:-46.7,2026-03-06,80.75,5.45,46.6,12,trigger,synthetic,synthetic,synthetic,synth-v1.0.0,42,932480f22477dd00,baseline
SP-021:norte:001500:2026-04-30,SP-021:norte:001500,SP-021,norte,1.75,open-meteo:era5_seamless:-23.4:-46.7,2026-04-30,51.03,6.62,46.6,4,trigger,synthetic,synthetic,synthetic,synth-v1.0.0,42,932480f22477dd00,baseline
SP-021:norte:001500:2026-09-01,SP-021:norte:001500,SP-021,norte,1.75,open-meteo:era5_seamless:-23.4:-46.7,2026-09-01,51.75,7.54,46.6,8,trigger,synthetic,synthetic,synthetic,synth-v1.0.0,42,932480f22477dd00,baseline
SP-021:sul:001500:2023-01-22,SP-021:sul:001500,SP-021,sul,1.75,open-meteo:era5_seamless:-23.4:-46.7,2023-01-22,69.15,6.75,44.8,7,trigger,synthetic,synthetic,synthetic,synth-v1.0.0,42,932480f22477dd00,baseline
SP-021:sul:001500:2023-02-22,SP-021:sul:001500,SP-021,sul,1.75,open-meteo:era5_seamless:-23.4:-46.7,2023-02-22,53.3,7.18,44.8,3,trigger,synthetic,synthetic,synthetic,synth-v1.0.0,42,932480f22477dd00,baseline
SP-021:sul:001500:2023-03-21,SP-021:sul:001500,SP-021,sul,1.75,open-meteo:era5_seamless:-23.4:-46.7,2023-03-21,49.73,4.66,44.8,9,proactive,synthetic,synthetic,synthetic,synth-v1.0.0,42,932480f22477dd00,baseline
SP-021:sul:001500:2023-05-13,SP-021:sul:001500,SP-021,sul,1.75,open-meteo:era5_seamless:-23.4:-46.7,2023-05-13,54.89,6.31,44.8,6,trigger,synthetic,synthetic,synthetic,synth-v1.0.0,42,932480f22477dd00,baseline
SP-021:sul:001500:2023-08-30,SP-021:sul:001500,SP-021,sul,1.75,open-meteo:era5_seamless:-23.4:-46.7,2023-08-30,55.82,4.35,44.8,10,trigger,synthetic,synthetic,synthetic,synth-v1.0.0,42,932480f22477dd00,baseline
SP-021:sul:001500:2023-10-19,SP-021:sul:001500,SP-021,sul,1.75,open-meteo:era5_seamless:-23.4:-46.7,2023-10-19,56.96,5.01,44.8,4,trigger,synthetic,synthetic,synthetic,synth-v1.0.0,42,932480f22477dd00,baseline
SP-021:sul:001500:2023-12-09,SP-021:sul:001500,SP-021,sul,1.75,open-meteo:era5_seamless:-23.4:-46.7,2023-12-09,74.15,5.71,44.8,13,trigger,synthetic,synthetic,synthetic,synth-v1.0.0,42,932480f22477dd00,baseline
SP-021:sul:001500:2024-02-14,SP-021:sul:001500,SP-021,sul,1.75,open-meteo:era5_seamless:-23.4:-46.7,2024-02-14,84.02,7.15,44.8,10,trigger,synthetic,synthetic,synthetic,synth-v1.0.0,42,932480f22477dd00,baseline
SP-021:sul:001500:2024-03-12,SP-021:sul:001500,SP-021,sul,1.75,open-meteo:era5_seamless:-23.4:-46.7,2024-03-12,48.72,7.04,44.8,2,trigger,synthetic,synthetic,synthetic,synth-v1.0.0,42,932480f22477dd00,baseline
SP-021:sul:001500:2024-04-21,SP-021:sul:001500,SP-021,sul,1.75,open-meteo:era5_seamless:-23.4:-46.7,2024-04-21,66.87,3.39,44.8,7,trigger,synthetic,synthetic,synthetic,synth-v1.0.0,42,932480f22477dd00,baseline
SP-021:sul:001500:2024-06-29,SP-021:sul:001500,SP-021,sul,1.75,open-meteo:era5_seamless:-23.4:-46.7,2024-06-29,54.77,6.68,44.8,6,trigger,synthetic,synthetic,synthetic,synth-v1.0.0,42,932480f22477dd00,baseline
SP-021:sul:001500:2024-09-03,SP-021:sul:001500,SP-021,sul,1.75,open-meteo:era5_seamless:-23.4:-46.7,2024-09-03,39.57,6.08,44.8,9,proactive,synthetic,synthetic,synthetic,synth-v1.0.0,42,932480f22477dd00,baseline
SP-021:sul:001500:2024-10-22,SP-021:sul:001500,SP-021,sul,1.75,open-meteo:era5_seamless:-23.4:-46.7,2024-10-22,53.47,4.66,44.8,9,proactive,synthetic,synthetic,synthetic,synth-v1.0.0,42,932480f22477dd00,baseline
SP-021:sul:001500:2024-12-12,SP-021:sul:001500,SP-021,sul,1.75,open-meteo:era5_seamless:-23.4:-46.7,2024-12-12,67.4,3.29,44.8,4,trigger,synthetic,synthetic,synthetic,synth-v1.0.0,42,932480f22477dd00,baseline
SP-021:sul:001500:2025-01-29,SP-021:sul:001500,SP-021,sul,1.75,open-meteo:era5_seamless:-23.4:-46.7,2025-01-29,70.93,6.07,44.8,10,trigger,synthetic,synthetic,synthetic,synth-v1.0.0,42,932480f22477dd00,baseline
SP-021:sul:001500:2025-03-06,SP-021:sul:001500,SP-021,sul,1.75,open-meteo:era5_seamless:-23.4:-46.7,2025-03-06,69.19,3.15,44.8,4,trigger,synthetic,synthetic,synthetic,synth-v1.0.0,42,932480f22477dd00,baseline
SP-021:sul:001500:2025-04-26,SP-021:sul:001500,SP-021,sul,1.75,open-meteo:era5_seamless:-23.4:-46.7,2025-04-26,58.17,3.63,44.8,6,trigger,synthetic,synthetic,synthetic,synth-v1.0.0,42,932480f22477dd00,baseline
SP-021:sul:001500:2025-09-05,SP-021:sul:001500,SP-021,sul,1.75,open-meteo:era5_seamless:-23.4:-46.7,2025-09-05,58.97,6.32,44.8,5,trigger,synthetic,synthetic,synthetic,synth-v1.0.0,42,932480f22477dd00,baseline
SP-021:sul:001500:2025-10-31,SP-021:sul:001500,SP-021,sul,1.75,open-meteo:era5_seamless:-23.4:-46.7,2025-10-31,44.82,6.6,44.8,12,proactive,synthetic,synthetic,synthetic,synth-v1.0.0,42,932480f22477dd00,baseline
SP-021:sul:001500:2025-12-24,SP-021:sul:001500,SP-021,sul,1.75,open-meteo:era5_seamless:-23.4:-46.7,2025-12-24,66.51,5.44,44.8,10,trigger,synthetic,synthetic,synthetic,synth-v1.0.0,42,932480f22477dd00,baseline
SP-021:sul:001500:2026-03-01,SP-021:sul:001500,SP-021,sul,1.75,open-meteo:era5_seamless:-23.4:-46.7,2026-03-01,84.54,7.38,44.8,28,trigger,synthetic,synthetic,synthetic,synth-v1.0.0,42,932480f22477dd00,baseline
SP-021:sul:001500:2026-04-12,SP-021:sul:001500,SP-021,sul,1.75,open-meteo:era5_seamless:-23.4:-46.7,2026-04-12,69.27,6.46,44.8,14,trigger,synthetic,synthetic,synthetic,synth-v1.0.0,42,932480f22477dd00,baseline
SP-021:sul:001500:2026-07-11,SP-021:sul:001500,SP-021,sul,1.75,open-meteo:era5_seamless:-23.4:-46.7,2026-07-11,57.98,3.9,44.8,20,trigger,synthetic,synthetic,synthetic,synth-v1.0.0,42,932480f22477dd00,baseline
SP-021:norte:002000:2023-01-28,SP-021:norte:002000,SP-021,norte,2.25,open-meteo:era5_seamless:-23.4:-46.7,2023-01-28,77.21,4.91,44.26,6,trigger,synthetic,synthetic,synthetic,synth-v1.0.0,42,932480f22477dd00,baseline
SP-021:norte:002000:2023-03-08,SP-021:norte:002000,SP-021,norte,2.25,open-meteo:era5_seamless:-23.4:-46.7,2023-03-08,81.11,5.95,44.26,10,trigger,synthetic,synthetic,synthetic,synth-v1.0.0,42,932480f22477dd00,baseline
SP-021:norte:002000:2023-04-08,SP-021:norte:002000,SP-021,norte,2.25,open-meteo:era5_seamless:-23.4:-46.7,2023-04-08,56.0,4.75,44.26,6,trigger,synthetic,synthetic,synthetic,synth-v1.0.0,42,932480f22477dd00,baseline
SP-021:norte:002000:2023-07-01,SP-021:norte:002000,SP-021,norte,2.25,open-meteo:era5_seamless:-23.4:-46.7,2023-07-01,55.36,5.87,44.26,13,trigger,synthetic,synthetic,synthetic,synth-v1.0.0,42,932480f22477dd00,baseline
SP-021:norte:002000:2023-09-09,SP-021:norte:002000,SP-021,norte,2.25,open-meteo:era5_seamless:-23.4:-46.7,2023-09-09,58.0,7.13,44.26,6,trigger,synthetic,synthetic,synthetic,synth-v1.0.0,42,932480f22477dd00,baseline
SP-021:norte:002000:2023-10-15,SP-021:norte:002000,SP-021,norte,2.25,open-meteo:era5_seamless:-23.4:-46.7,2023-10-15,58.74,6.7,44.26,7,trigger,synthetic,synthetic,synthetic,synth-v1.0.0,42,932480f22477dd00,baseline
SP-021:norte:002000:2023-11-20,SP-021:norte:002000,SP-021,norte,2.25,open-meteo:era5_seamless:-23.4:-46.7,2023-11-20,65.81,3.81,44.26,8,trigger,synthetic,synthetic,synthetic,synth-v1.0.0,42,932480f22477dd00,baseline
SP-021:norte:002000:2023-12-27,SP-021:norte:002000,SP-021,norte,2.25,open-meteo:era5_seamless:-23.4:-46.7,2023-12-27,51.61,3.61,44.26,3,trigger,synthetic,synthetic,synthetic,synth-v1.0.0,42,932480f22477dd00,baseline
SP-021:norte:002000:2024-02-08,SP-021:norte:002000,SP-021,norte,2.25,open-meteo:era5_seamless:-23.4:-46.7,2024-02-08,70.19,4.96,44.26,4,trigger,synthetic,synthetic,synthetic,synth-v1.0.0,42,932480f22477dd00,baseline
SP-021:norte:002000:2024-03-19,SP-021:norte:002000,SP-021,norte,2.25,open-meteo:era5_seamless:-23.4:-46.7,2024-03-19,83.09,4.93,44.26,9,trigger,synthetic,synthetic,synthetic,synth-v1.0.0,42,932480f22477dd00,baseline
SP-021:norte:002000:2024-04-25,SP-021:norte:002000,SP-021,norte,2.25,open-meteo:era5_seamless:-23.4:-46.7,2024-04-25,60.09,6.62,44.26,4,trigger,synthetic,synthetic,synthetic,synth-v1.0.0,42,932480f22477dd00,baseline
SP-021:norte:002000:2024-06-05,SP-021:norte:002000,SP-021,norte,2.25,open-meteo:era5_seamless:-23.4:-46.7,2024-06-05,48.08,3.73,44.26,10,trigger,synthetic,synthetic,synthetic,synth-v1.0.0,42,932480f22477dd00,baseline
SP-021:norte:002000:2024-09-07,SP-021:norte:002000,SP-021,norte,2.25,open-meteo:era5_seamless:-23.4:-46.7,2024-09-07,70.93,5.85,44.26,6,trigger,synthetic,synthetic,synthetic,synth-v1.0.0,42,932480f22477dd00,baseline
SP-021:norte:002000:2024-10-25,SP-021:norte:002000,SP-021,norte,2.25,open-meteo:era5_seamless:-23.4:-46.7,2024-10-25,64.58,6.91,44.26,5,trigger,synthetic,synthetic,synthetic,synth-v1.0.0,42,932480f22477dd00,baseline
SP-021:norte:002000:2024-12-10,SP-021:norte:002000,SP-021,norte,2.25,open-meteo:era5_seamless:-23.4:-46.7,2024-12-10,79.96,5.12,44.26,9,trigger,synthetic,synthetic,synthetic,synth-v1.0.0,42,932480f22477dd00,baseline
SP-021:norte:002000:2025-01-21,SP-021:norte:002000,SP-021,norte,2.25,open-meteo:era5_seamless:-23.4:-46.7,2025-01-21,79.4,4.03,44.26,9,trigger,synthetic,synthetic,synthetic,synth-v1.0.0,42,932480f22477dd00,baseline
SP-021:norte:002000:2025-02-20,SP-021:norte:002000,SP-021,norte,2.25,open-meteo:era5_seamless:-23.4:-46.7,2025-02-20,59.48,6.06,44.26,4,trigger,synthetic,synthetic,synthetic,synth-v1.0.0,42,932480f22477dd00,baseline
SP-021:norte:002000:2025-03-27,SP-021:norte:002000,SP-021,norte,2.25,open-meteo:era5_seamless:-23.4:-46.7,2025-03-27,68.18,7.55,44.26,11,trigger,synthetic,synthetic,synthetic,synth-v1.0.0,42,932480f22477dd00,baseline
SP-021:norte:002000:2025-05-19,SP-021:norte:002000,SP-021,norte,2.25,open-meteo:era5_seamless:-23.4:-46.7,2025-05-19,76.32,3.53,44.26,22,trigger,synthetic,synthetic,synthetic,synth-v1.0.0,42,932480f22477dd00,baseline
SP-021:norte:002000:2025-09-21,SP-021:norte:002000,SP-021,norte,2.25,open-meteo:era5_seamless:-23.4:-46.7,2025-09-21,68.75,7.52,44.26,14,trigger,synthetic,synthetic,synthetic,synth-v1.0.0,42,932480f22477dd00,baseline
SP-021:norte:002000:2025-11-17,SP-021:norte:002000,SP-021,norte,2.25,open-meteo:era5_seamless:-23.4:-46.7,2025-11-17,64.76,6.61,44.26,8,trigger,synthetic,synthetic,synthetic,synth-v1.0.0,42,932480f22477dd00,baseline
SP-021:norte:002000:2025-12-29,SP-021:norte:002000,SP-021,norte,2.25,open-meteo:era5_seamless:-23.4:-46.7,2025-12-29,72.63,4.54,44.26,8,trigger,synthetic,synthetic,synthetic,synth-v1.0.0,42,932480f22477dd00,baseline
SP-021:norte:002000:2026-02-14,SP-021:norte:002000,SP-021,norte,2.25,open-meteo:era5_seamless:-23.4:-46.7,2026-02-14,80.48,5.6,44.26,13,trigger,synthetic,synthetic,synthetic,synth-v1.0.0,42,932480f22477dd00,baseline
SP-021:norte:002000:2026-03-21,SP-021:norte:002000,SP-021,norte,2.25,open-meteo:era5_seamless:-23.4:-46.7,2026-03-21,64.83,6.39,44.26,6,trigger,synthetic,synthetic,synthetic,synth-v1.0.0,42,932480f22477dd00,baseline
SP-021:norte:002000:2026-04-28,SP-021:norte:002000,SP-021,norte,2.25,open-meteo:era5_seamless:-23.4:-46.7,2026-04-28,60.17,6.89,44.26,2,trigger,synthetic,synthetic,synthetic,synth-v1.0.0,42,932480f22477dd00,baseline
SP-021:norte:002000:2026-07-22,SP-021:norte:002000,SP-021,norte,2.25,open-meteo:era5_seamless:-23.4:-46.7,2026-07-22,49.61,3.98,44.26,10,trigger,synthetic,synthetic,synthetic,synth-v1.0.0,42,932480f22477dd00,baseline
SP-021:sul:002000:2023-01-28,SP-021:sul:002000,SP-021,sul,2.25,open-meteo:era5_seamless:-23.4:-46.7,2023-01-28,68.27,7.91,37.14,6,trigger,synthetic,synthetic,synthetic,synth-v1.0.0,42,932480f22477dd00,baseline
SP-021:sul:002000:2023-02-26,SP-021:sul:002000,SP-021,sul,2.25,open-meteo:era5_seamless:-23.4:-46.7,2023-02-26,56.79,5.27,37.14,7,trigger,synthetic,synthetic,synthetic,synth-v1.0.0,42,932480f22477dd00,baseline
SP-021:sul:002000:2023-03-29,SP-021:sul:002000,SP-021,sul,2.25,open-meteo:era5_seamless:-23.4:-46.7,2023-03-29,50.41,5.99,37.14,3,trigger,synthetic,synthetic,synthetic,synth-v1.0.0,42,932480f22477dd00,baseline
SP-021:sul:002000:2023-05-31,SP-021:sul:002000,SP-021,sul,2.25,open-meteo:era5_seamless:-23.4:-46.7,2023-05-31,50.99,6.29,37.14,10,trigger,synthetic,synthetic,synthetic,synth-v1.0.0,42,932480f22477dd00,baseline
SP-021:sul:002000:2023-09-17,SP-021:sul:002000,SP-021,sul,2.25,open-meteo:era5_seamless:-23.4:-46.7,2023-09-17,64.76,4.35,37.14,21,trigger,synthetic,synthetic,synthetic,synth-v1.0.0,42,932480f22477dd00,baseline
SP-021:sul:002000:2023-11-06,SP-021:sul:002000,SP-021,sul,2.25,open-meteo:era5_seamless:-23.4:-46.7,2023-11-06,62.93,3.61,37.14,8,trigger,synthetic,synthetic,synthetic,synth-v1.0.0,42,932480f22477dd00,baseline
SP-021:sul:002000:2023-12-24,SP-021:sul:002000,SP-021,sul,2.25,open-meteo:era5_seamless:-23.4:-46.7,2023-12-24,63.95,6.14,37.14,7,trigger,synthetic,synthetic,synthetic,synth-v1.0.0,42,932480f22477dd00,baseline
SP-021:sul:002000:2024-02-19,SP-021:sul:002000,SP-021,sul,2.25,open-meteo:era5_seamless:-23.4:-46.7,2024-02-19,79.72,3.21,37.14,29,trigger,synthetic,synthetic,synthetic,synth-v1.0.0,42,932480f22477dd00,baseline
SP-021:sul:002000:2024-03-24,SP-021:sul:002000,SP-021,sul,2.25,open-meteo:era5_seamless:-23.4:-46.7,2024-03-24,54.03,6.08,37.14,7,trigger,synthetic,synthetic,synthetic,synth-v1.0.0,42,932480f22477dd00,baseline
SP-021:sul:002000:2024-04-26,SP-021:sul:002000,SP-021,sul,2.25,open-meteo:era5_seamless:-23.4:-46.7,2024-04-26,46.66,5.43,37.14,5,trigger,synthetic,synthetic,synthetic,synth-v1.0.0,42,932480f22477dd00,baseline
SP-021:sul:002000:2024-06-26,SP-021:sul:002000,SP-021,sul,2.25,open-meteo:era5_seamless:-23.4:-46.7,2024-06-26,49.95,5.82,37.14,10,trigger,synthetic,synthetic,synthetic,synth-v1.0.0,42,932480f22477dd00,baseline
SP-021:sul:002000:2024-09-10,SP-021:sul:002000,SP-021,sul,2.25,open-meteo:era5_seamless:-23.4:-46.7,2024-09-10,49.87,4.78,37.14,2,trigger,synthetic,synthetic,synthetic,synth-v1.0.0,42,932480f22477dd00,baseline
SP-021:sul:002000:2024-11-15,SP-021:sul:002000,SP-021,sul,2.25,open-meteo:era5_seamless:-23.4:-46.7,2024-11-15,70.25,3.59,37.14,19,trigger,synthetic,synthetic,synthetic,synth-v1.0.0,42,932480f22477dd00,baseline
SP-021:sul:002000:2024-12-18,SP-021:sul:002000,SP-021,sul,2.25,open-meteo:era5_seamless:-23.4:-46.7,2024-12-18,38.65,6.34,37.14,3,proactive,synthetic,synthetic,synthetic,synth-v1.0.0,42,932480f22477dd00,baseline
SP-021:sul:002000:2025-01-19,SP-021:sul:002000,SP-021,sul,2.25,open-meteo:era5_seamless:-23.4:-46.7,2025-01-19,52.97,7.34,37.14,7,trigger,synthetic,synthetic,synthetic,synth-v1.0.0,42,932480f22477dd00,baseline
SP-021:sul:002000:2025-02-13,SP-021:sul:002000,SP-021,sul,2.25,open-meteo:era5_seamless:-23.4:-46.7,2025-02-13,50.89,6.25,37.14,4,trigger,synthetic,synthetic,synthetic,synth-v1.0.0,42,932480f22477dd00,baseline
SP-021:sul:002000:2025-03-16,SP-021:sul:002000,SP-021,sul,2.25,open-meteo:era5_seamless:-23.4:-46.7,2025-03-16,57.34,7.44,37.14,7,trigger,synthetic,synthetic,synthetic,synth-v1.0.0,42,932480f22477dd00,baseline
SP-021:sul:002000:2025-04-21,SP-021:sul:002000,SP-021,sul,2.25,open-meteo:era5_seamless:-23.4:-46.7,2025-04-21,49.92,3.11,37.14,8,trigger,synthetic,synthetic,synthetic,synth-v1.0.0,42,932480f22477dd00,baseline
SP-021:sul:002000:2025-08-15,SP-021:sul:002000,SP-021,sul,2.25,open-meteo:era5_seamless:-23.4:-46.7,2025-08-15,38.7,3.8,37.14,5,trigger,synthetic,synthetic,synthetic,synth-v1.0.0,42,932480f22477dd00,baseline
SP-021:sul:002000:2025-10-20,SP-021:sul:002000,SP-021,sul,2.25,open-meteo:era5_seamless:-23.4:-46.7,2025-10-20,49.53,4.57,37.14,8,trigger,synthetic,synthetic,synthetic,synth-v1.0.0,42,932480f22477dd00,baseline
SP-021:sul:002000:2025-12-21,SP-021:sul:002000,SP-021,sul,2.25,open-meteo:era5_seamless:-23.4:-46.7,2025-12-21,65.78,6.92,37.14,7,trigger,synthetic,synthetic,synthetic,synth-v1.0.0,42,932480f22477dd00,baseline
SP-021:sul:002000:2026-01-24,SP-021:sul:002000,SP-021,sul,2.25,open-meteo:era5_seamless:-23.4:-46.7,2026-01-24,53.4,4.77,37.14,6,trigger,synthetic,synthetic,synthetic,synth-v1.0.0,42,932480f22477dd00,baseline
SP-021:sul:002000:2026-03-07,SP-021:sul:002000,SP-021,sul,2.25,open-meteo:era5_seamless:-23.4:-46.7,2026-03-07,70.01,7.62,37.14,13,trigger,synthetic,synthetic,synthetic,synth-v1.0.0,42,932480f22477dd00,baseline
SP-021:sul:002000:2026-04-02,SP-021:sul:002000,SP-021,sul,2.25,open-meteo:era5_seamless:-23.4:-46.7,2026-04-02,43.49,7.72,37.14,4,trigger,synthetic,synthetic,synthetic,synth-v1.0.0,42,932480f22477dd00,baseline
SP-021:sul:002000:2026-05-17,SP-021:sul:002000,SP-021,sul,2.25,open-meteo:era5_seamless:-23.4:-46.7,2026-05-17,48.81,7.05,37.14,7,trigger,synthetic,synthetic,synthetic,synth-v1.0.0,42,932480f22477dd00,baseline
SP-021:sul:002000:2026-08-15,SP-021:sul:002000,SP-021,sul,2.25,open-meteo:era5_seamless:-23.4:-46.7,2026-08-15,42.04,5.9,37.14,6,trigger,synthetic,synthetic,synthetic,synth-v1.0.0,42,932480f22477dd00,baseline
SP-021:norte:002500:2023-03-04,SP-021:norte:002500,SP-021,norte,2.75,open-meteo:era5_seamless:-23.4:-46.7,2023-03-04,76.43,4.85,56.92,6,trigger,synthetic,synthetic,synthetic,synth-v1.0.0,42,932480f22477dd00,baseline
SP-021:norte:002500:2023-05-16,SP-021:norte:002500,SP-021,norte,2.75,open-meteo:era5_seamless:-23.4:-46.7,2023-05-16,65.43,4.14,56.92,9,trigger,synthetic,synthetic,synthetic,synth-v1.0.0,42,932480f22477dd00,baseline
SP-021:norte:002500:2023-10-07,SP-021:norte:002500,SP-021,norte,2.75,open-meteo:era5_seamless:-23.4:-46.7,2023-10-07,67.34,5.36,56.92,6,trigger,synthetic,synthetic,synthetic,synth-v1.0.0,42,932480f22477dd00,baseline
SP-021:norte:002500:2023-12-22,SP-021:norte:002500,SP-021,norte,2.75,open-meteo:era5_seamless:-23.4:-46.7,2023-12-22,82.97,4.39,56.92,19,trigger,synthetic,synthetic,synthetic,synth-v1.0.0,42,932480f22477dd00,baseline
SP-021:norte:002500:2024-03-04,SP-021:norte:002500,SP-021,norte,2.75,open-meteo:era5_seamless:-23.4:-46.7,2024-03-04,83.03,5.7,56.92,8,trigger,synthetic,synthetic,synthetic,synth-v1.0.0,42,932480f22477dd00,baseline
SP-021:norte:002500:2024-05-07,SP-021:norte:002500,SP-021,norte,2.75,open-meteo:era5_seamless:-23.4:-46.7,2024-05-07,79.1,4.94,56.92,16,trigger,synthetic,synthetic,synthetic,synth-v1.0.0,42,932480f22477dd00,baseline
SP-021:norte:002500:2024-09-29,SP-021:norte:002500,SP-021,norte,2.75,open-meteo:era5_seamless:-23.4:-46.7,2024-09-29,78.31,7.6,56.92,21,trigger,synthetic,synthetic,synthetic,synth-v1.0.0,42,932480f22477dd00,baseline
SP-021:norte:002500:2024-12-20,SP-021:norte:002500,SP-021,norte,2.75,open-meteo:era5_seamless:-23.4:-46.7,2024-12-20,85.57,6.27,56.92,12,trigger,synthetic,synthetic,synthetic,synth-v1.0.0,42,932480f22477dd00,baseline
SP-021:norte:002500:2025-02-06,SP-021:norte:002500,SP-021,norte,2.75,open-meteo:era5_seamless:-23.4:-46.7,2025-02-06,65.07,5.81,56.92,4,trigger,synthetic,synthetic,synthetic,synth-v1.0.0,42,932480f22477dd00,baseline
SP-021:norte:002500:2025-04-01,SP-021:norte:002500,SP-021,norte,2.75,open-meteo:era5_seamless:-23.4:-46.7,2025-04-01,71.15,7.0,56.92,9,trigger,synthetic,synthetic,synthetic,synth-v1.0.0,42,932480f22477dd00,baseline
SP-021:norte:002500:2025-07-11,SP-021:norte:002500,SP-021,norte,2.75,open-meteo:era5_seamless:-23.4:-46.7,2025-07-11,58.38,6.5,56.92,12,trigger,synthetic,synthetic,synthetic,synth-v1.0.0,42,932480f22477dd00,baseline
SP-021:norte:002500:2025-11-15,SP-021:norte:002500,SP-021,norte,2.75,open-meteo:era5_seamless:-23.4:-46.7,2025-11-15,66.4,3.15,56.92,6,trigger,synthetic,synthetic,synthetic,synth-v1.0.0,42,932480f22477dd00,baseline
SP-021:norte:002500:2026-02-08,SP-021:norte:002500,SP-021,norte,2.75,open-meteo:era5_seamless:-23.4:-46.7,2026-02-08,82.69,3.43,56.92,21,trigger,synthetic,synthetic,synthetic,synth-v1.0.0,42,932480f22477dd00,baseline
SP-021:norte:002500:2026-04-11,SP-021:norte:002500,SP-021,norte,2.75,open-meteo:era5_seamless:-23.4:-46.7,2026-04-11,68.52,7.2,56.92,6,trigger,synthetic,synthetic,synthetic,synth-v1.0.0,42,932480f22477dd00,baseline
SP-021:norte:002500:2026-08-18,SP-021:norte:002500,SP-021,norte,2.75,open-meteo:era5_seamless:-23.4:-46.7,2026-08-18,62.33,7.12,56.92,2,trigger,synthetic,synthetic,synthetic,synth-v1.0.0,42,932480f22477dd00,baseline
SP-021:sul:002500:2023-01-26,SP-021:sul:002500,SP-021,sul,2.75,open-meteo:era5_seamless:-23.4:-46.7,2023-01-26,61.39,4.96,45.72,4,trigger,synthetic,synthetic,synthetic,synth-v1.0.0,42,932480f22477dd00,baseline
SP-021:sul:002500:2023-03-15,SP-021:sul:002500,SP-021,sul,2.75,open-meteo:era5_seamless:-23.4:-46.7,2023-03-15,69.21,6.45,45.72,10,trigger,synthetic,synthetic,synthetic,synth-v1.0.0,42,932480f22477dd00,baseline
SP-021:sul:002500:2023-05-07,SP-021:sul:002500,SP-021,sul,2.75,open-meteo:era5_seamless:-23.4:-46.7,2023-05-07,55.66,4.04,45.72,7,trigger,synthetic,synthetic,synthetic,synth-v1.0.0,42,932480f22477dd00,baseline
SP-021:sul:002500:2023-09-13,SP-021:sul:002500,SP-021,sul,2.75,open-meteo:era5_seamless:-23.4:-46.7,2023-09-13,57.36,7.12,45.72,10,trigger,synthetic,synthetic,synthetic,synth-v1.0.0,42,932480f22477dd00,baseline
SP-021:sul:002500:2023-11-07,SP-021:sul:002500,SP-021,sul,2.75,open-meteo:era5_seamless:-23.4:-46.7,2023-11-07,66.84,6.65,45.72,9,trigger,synthetic,synthetic,synthetic,synth-v1.0.0,42,932480f22477dd00,baseline
SP-021:sul:002500:2023-12-05,SP-021:sul:002500,SP-021,sul,2.75,open-meteo:era5_seamless:-23.4:-46.7,2023-12-05,32.06,3.66,45.72,2,proactive,synthetic,synthetic,synthetic,synth-v1.0.0,42,932480f22477dd00,baseline
SP-021:sul:002500:2024-01-29,SP-021:sul:002500,SP-021,sul,2.75,open-meteo:era5_seamless:-23.4:-46.7,2024-01-29,58.81,5.4,45.72,8,trigger,synthetic,synthetic,synthetic,synth-v1.0.0,42,932480f22477dd00,baseline
SP-021:sul:002500:2024-03-19,SP-021:sul:002500,SP-021,sul,2.75,open-meteo:era5_seamless:-23.4:-46.7,2024-03-19,75.85,5.8,45.72,16,trigger,synthetic,synthetic,synthetic,synth-v1.0.0,42,932480f22477dd00,baseline
SP-021:sul:002500:2024-05-02,SP-021:sul:002500,SP-021,sul,2.75,open-meteo:era5_seamless:-23.4:-46.7,2024-05-02,52.41,5.51,45.72,4,trigger,synthetic,synthetic,synthetic,synth-v1.0.0,42,932480f22477dd00,baseline
SP-021:sul:002500:2024-07-24,SP-021:sul:002500,SP-021,sul,2.75,open-meteo:era5_seamless:-23.4:-46.7,2024-07-24,48.77,4.43,45.72,3,trigger,synthetic,synthetic,synthetic,synth-v1.0.0,42,932480f22477dd00,baseline
SP-021:sul:002500:2024-10-02,SP-021:sul:002500,SP-021,sul,2.75,open-meteo:era5_seamless:-23.4:-46.7,2024-10-02,49.56,7.92,45.72,3,trigger,synthetic,synthetic,synthetic,synth-v1.0.0,42,932480f22477dd00,baseline
SP-021:sul:002500:2024-11-16,SP-021:sul:002500,SP-021,sul,2.75,open-meteo:era5_seamless:-23.4:-46.7,2024-11-16,47.55,6.58,45.72,6,proactive,synthetic,synthetic,synthetic,synth-v1.0.0,42,932480f22477dd00,baseline
SP-021:sul:002500:2024-12-27,SP-021:sul:002500,SP-021,sul,2.75,open-meteo:era5_seamless:-23.4:-46.7,2024-12-27,54.65,7.31,45.72,5,trigger,synthetic,synthetic,synthetic,synth-v1.0.0,42,932480f22477dd00,baseline
SP-021:sul:002500:2025-01-29,SP-021:sul:002500,SP-021,sul,2.75,open-meteo:era5_seamless:-23.4:-46.7,2025-01-29,51.45,6.93,45.72,10,proactive,synthetic,synthetic,synthetic,synth-v1.0.0,42,932480f22477dd00,baseline
SP-021:sul:002500:2025-03-11,SP-021:sul:002500,SP-021,sul,2.75,open-meteo:era5_seamless:-23.4:-46.7,2025-03-11,68.04,6.23,45.72,9,trigger,synthetic,synthetic,synthetic,synth-v1.0.0,42,932480f22477dd00,baseline
SP-021:sul:002500:2025-04-22,SP-021:sul:002500,SP-021,sul,2.75,open-meteo:era5_seamless:-23.4:-46.7,2025-04-22,48.28,5.3,45.72,2,trigger,synthetic,synthetic,synthetic,synth-v1.0.0,42,932480f22477dd00,baseline
SP-021:sul:002500:2025-07-26,SP-021:sul:002500,SP-021,sul,2.75,open-meteo:era5_seamless:-23.4:-46.7,2025-07-26,35.09,4.18,45.72,6,proactive,synthetic,synthetic,synthetic,synth-v1.0.0,42,932480f22477dd00,baseline
SP-021:sul:002500:2025-10-21,SP-021:sul:002500,SP-021,sul,2.75,open-meteo:era5_seamless:-23.4:-46.7,2025-10-21,48.6,7.92,45.72,16,proactive,synthetic,synthetic,synthetic,synth-v1.0.0,42,932480f22477dd00,baseline
SP-021:sul:002500:2025-12-17,SP-021:sul:002500,SP-021,sul,2.75,open-meteo:era5_seamless:-23.4:-46.7,2025-12-17,62.84,3.2,45.72,10,trigger,synthetic,synthetic,synthetic,synth-v1.0.0,42,932480f22477dd00,baseline
SP-021:sul:002500:2026-02-18,SP-021:sul:002500,SP-021,sul,2.75,open-meteo:era5_seamless:-23.4:-46.7,2026-02-18,74.39,4.24,45.72,17,trigger,synthetic,synthetic,synthetic,synth-v1.0.0,42,932480f22477dd00,baseline
SP-021:sul:002500:2026-04-28,SP-021:sul:002500,SP-021,sul,2.75,open-meteo:era5_seamless:-23.4:-46.7,2026-04-28,74.55,3.05,45.72,23,trigger,synthetic,synthetic,synthetic,synth-v1.0.0,42,932480f22477dd00,baseline
SP-021:norte:003000:2023-01-16,SP-021:norte:003000,SP-021,norte,3.25,open-meteo:era5_seamless:-23.4:-46.7,2023-01-16,65.51,5.37,48.92,8,trigger,synthetic,synthetic,synthetic,synth-v1.0.0,42,932480f22477dd00,baseline
SP-021:norte:003000:2023-03-13,SP-021:norte:003000,SP-021,norte,3.25,open-meteo:era5_seamless:-23.4:-46.7,2023-03-13,89.93,4.79,48.92,22,trigger,synthetic,synthetic,synthetic,synth-v1.0.0,42,932480f22477dd00,baseline
SP-021:norte:003000:2023-04-20,SP-021:norte:003000,SP-021,norte,3.25,open-meteo:era5_seamless:-23.4:-46.7,2023-04-20,56.24,6.85,48.92,4,trigger,synthetic,synthetic,synthetic,synth-v1.0.0,42,932480f22477dd00,baseline
SP-021:norte:003000:2023-07-22,SP-021:norte:003000,SP-021,norte,3.25,open-meteo:era5_seamless:-23.4:-46.7,2023-07-22,53.1,3.15,48.92,6,trigger,synthetic,synthetic,synthetic,synth-v1.0.0,42,932480f22477dd00,baseline
SP-021:norte:003000:2023-09-29,SP-021:norte:003000,SP-021,norte,3.25,open-meteo:era5_seamless:-23.4:-46.7,2023-09-29,59.39,4.71,48.92,5,trigger,synthetic,synthetic,synthetic,synth-v1.0.0,42,932480f22477dd00,baseline
SP-021:norte:003000:2023-11-13,SP-021:norte:003000,SP-021,norte,3.25,open-meteo:era5_seamless:-23.4:-46.7,2023-11-13,69.07,7.87,48.92,8,trigger,synthetic,synthetic,synthetic,synth-v1.0.0,42,932480f22477dd00,baseline
SP-021:norte:003000:2023-12-21,SP-021:norte:003000,SP-021,norte,3.25,open-meteo:era5_seamless:-23.4:-46.7,2023-12-21,69.1,6.7,48.92,4,trigger,synthetic,synthetic,synthetic,synth-v1.0.0,42,932480f22477dd00,baseline
SP-021:norte:003000:2024-02-06,SP-021:norte:003000,SP-021,norte,3.25,open-meteo:era5_seamless:-23.4:-46.7,2024-02-06,79.22,6.29,48.92,16,trigger,synthetic,synthetic,synthetic,synth-v1.0.0,42,932480f22477dd00,baseline
SP-021:norte:003000:2024-03-10,SP-021:norte:003000,SP-021,norte,3.25,open-meteo:era5_seamless:-23.4:-46.7,2024-03-10,68.1,3.45,48.92,7,trigger,synthetic,synthetic,synthetic,synth-v1.0.0,42,932480f22477dd00,baseline
SP-021:norte:003000:2024-04-20,SP-021:norte:003000,SP-021,norte,3.25,open-meteo:era5_seamless:-23.4:-46.7,2024-04-20,67.72,3.74,48.92,6,trigger,synthetic,synthetic,synthetic,synth-v1.0.0,42,932480f22477dd00,baseline
SP-021:norte:003000:2024-06-19,SP-021:norte:003000,SP-021,norte,3.25,open-meteo:era5_seamless:-23.4:-46.7,2024-06-19,56.96,3.7,48.92,3,trigger,synthetic,synthetic,synthetic,synth-v1.0.0,42,932480f22477dd00,baseline
SP-021:norte:003000:2024-09-25,SP-021:norte:003000,SP-021,norte,3.25,open-meteo:era5_seamless:-23.4:-46.7,2024-09-25,75.21,5.39,48.92,10,trigger,synthetic,synthetic,synthetic,synth-v1.0.0,42,932480f22477dd00,baseline
SP-021:norte:003000:2024-11-12,SP-021:norte:003000,SP-021,norte,3.25,open-meteo:era5_seamless:-23.4:-46.7,2024-11-12,60.84,5.52,48.92,2,trigger,synthetic,synthetic,synthetic,synth-v1.0.0,42,932480f22477dd00,baseline
SP-021:norte:003000:2024-12-19,SP-021:norte:003000,SP-021,norte,3.25,open-meteo:era5_seamless:-23.4:-46.7,2024-12-19,57.12,6.54,48.92,4,trigger,synthetic,synthetic,synthetic,synth-v1.0.0,42,932480f22477dd00,baseline
SP-021:norte:003000:2025-01-16,SP-021:norte:003000,SP-021,norte,3.25,open-meteo:era5_seamless:-23.4:-46.7,2025-01-16,46.24,4.76,48.92,4,proactive,synthetic,synthetic,synthetic,synth-v1.0.0,42,932480f22477dd00,baseline
SP-021:norte:003000:2025-02-19,SP-021:norte:003000,SP-021,norte,3.25,open-meteo:era5_seamless:-23.4:-46.7,2025-02-19,69.95,7.73,48.92,3,trigger,synthetic,synthetic,synthetic,synth-v1.0.0,42,932480f22477dd00,baseline
SP-021:norte:003000:2025-03-25,SP-021:norte:003000,SP-021,norte,3.25,open-meteo:era5_seamless:-23.4:-46.7,2025-03-25,65.97,4.73,48.92,9,trigger,synthetic,synthetic,synthetic,synth-v1.0.0,42,932480f22477dd00,baseline
SP-021:norte:003000:2025-05-14,SP-021:norte:003000,SP-021,norte,3.25,open-meteo:era5_seamless:-23.4:-46.7,2025-05-14,57.82,3.05,48.92,3,trigger,synthetic,synthetic,synthetic,synth-v1.0.0,42,932480f22477dd00,baseline
SP-021:norte:003000:2025-09-20,SP-021:norte:003000,SP-021,norte,3.25,open-meteo:era5_seamless:-23.4:-46.7,2025-09-20,58.91,3.85,48.92,6,trigger,synthetic,synthetic,synthetic,synth-v1.0.0,42,932480f22477dd00,baseline
SP-021:norte:003000:2025-11-29,SP-021:norte:003000,SP-021,norte,3.25,open-meteo:era5_seamless:-23.4:-46.7,2025-11-29,61.28,7.33,48.92,6,trigger,synthetic,synthetic,synthetic,synth-v1.0.0,42,932480f22477dd00,baseline
SP-021:norte:003000:2025-12-31,SP-021:norte:003000,SP-021,norte,3.25,open-meteo:era5_seamless:-23.4:-46.7,2025-12-31,57.59,3.84,48.92,3,trigger,synthetic,synthetic,synthetic,synth-v1.0.0,42,932480f22477dd00,baseline
SP-021:norte:003000:2026-02-15,SP-021:norte:003000,SP-021,norte,3.25,open-meteo:era5_seamless:-23.4:-46.7,2026-02-15,69.87,4.5,48.92,7,trigger,synthetic,synthetic,synthetic,synth-v1.0.0,42,932480f22477dd00,baseline
SP-021:norte:003000:2026-03-24,SP-021:norte:003000,SP-021,norte,3.25,open-meteo:era5_seamless:-23.4:-46.7,2026-03-24,59.14,6.73,48.92,2,trigger,synthetic,synthetic,synthetic,synth-v1.0.0,42,932480f22477dd00,baseline
SP-021:norte:003000:2026-05-08,SP-021:norte:003000,SP-021,norte,3.25,open-meteo:era5_seamless:-23.4:-46.7,2026-05-08,63.97,6.69,48.92,5,trigger,synthetic,synthetic,synthetic,synth-v1.0.0,42,932480f22477dd00,baseline
SP-021:norte:003000:2026-08-19,SP-021:norte:003000,SP-021,norte,3.25,open-meteo:era5_seamless:-23.4:-46.7,2026-08-19,62.92,3.2,48.92,10,trigger,synthetic,synthetic,synthetic,synth-v1.0.0,42,932480f22477dd00,baseline
SP-021:sul:003000:2023-01-14,SP-021:sul:003000,SP-021,sul,3.25,open-meteo:era5_seamless:-23.4:-46.7,2023-01-14,62.21,4.5,48.9,6,proactive,synthetic,synthetic,synthetic,synth-v1.0.0,42,932480f22477dd00,baseline
SP-021:sul:003000:2023-03-08,SP-021:sul:003000,SP-021,sul,3.25,open-meteo:era5_seamless:-23.4:-46.7,2023-03-08,102.04,6.34,48.9,31,trigger,synthetic,synthetic,synthetic,synth-v1.0.0,42,932480f22477dd00,baseline
SP-021:sul:003000:2023-04-09,SP-021:sul:003000,SP-021,sul,3.25,open-meteo:era5_seamless:-23.4:-46.7,2023-04-09,87.0,3.5,48.9,14,trigger,synthetic,synthetic,synthetic,synth-v1.0.0,42,932480f22477dd00,baseline
SP-021:sul:003000:2023-05-30,SP-021:sul:003000,SP-021,sul,3.25,open-meteo:era5_seamless:-23.4:-46.7,2023-05-30,58.35,6.05,48.9,2,trigger,synthetic,synthetic,synthetic,synth-v1.0.0,42,932480f22477dd00,baseline
SP-021:sul:003000:2023-08-15,SP-021:sul:003000,SP-021,sul,3.25,open-meteo:era5_seamless:-23.4:-46.7,2023-08-15,67.17,6.45,48.9,2,trigger,synthetic,synthetic,synthetic,synth-v1.0.0,42,932480f22477dd00,baseline
SP-021:sul:003000:2023-09-23,SP-021:sul:003000,SP-021,sul,3.25,open-meteo:era5_seamless:-23.4:-46.7,2023-09-23,71.51,7.87,48.9,6,trigger,synthetic,synthetic,synthetic,synth-v1.0.0,42,932480f22477dd00,baseline
SP-021:sul:003000:2023-10-25,SP-021:sul:003000,SP-021,sul,3.25,open-meteo:era5_seamless:-23.4:-46.7,2023-10-25,80.73,6.66,48.9,10,trigger,synthetic,synthetic,synthetic,synth-v1.0.0,42,932480f22477dd00,baseline
SP-021:sul:003000:2023-11-23,SP-021:sul:003000,SP-021,sul,3.25,open-meteo:era5_seamless:-23.4:-46.7,2023-11-23,80.52,7.31,48.9,11,proactive,synthetic,synthetic,synthetic,synth-v1.0.0,42,932480f22477dd00,baseline
SP-021:sul:003000:2023-12-29,SP-021:sul:003000,SP-021,sul,3.25,open-meteo:era5_seamless:-23.4:-46.7,2023-12-29,94.62,6.35,48.9,12,trigger,synthetic,synthetic,synthetic,synth-v1.0.0,42,932480f22477dd00,baseline
SP-021:sul:003000:2024-02-04,SP-021:sul:003000,SP-021,sul,3.25,open-meteo:era5_seamless:-23.4:-46.7,2024-02-04,93.05,7.48,48.9,14,trigger,synthetic,synthetic,synthetic,synth-v1.0.0,42,932480f22477dd00,baseline
SP-021:sul:003000:2024-03-05,SP-021:sul:003000,SP-021,sul,3.25,open-meteo:era5_seamless:-23.4:-46.7,2024-03-05,93.09,5.3,48.9,9,trigger,synthetic,synthetic,synthetic,synth-v1.0.0,42,932480f22477dd00,baseline
SP-021:sul:003000:2024-03-29,SP-021:sul:003000,SP-021,sul,3.25,open-meteo:era5_seamless:-23.4:-46.7,2024-03-29,67.99,6.8,48.9,5,trigger,synthetic,synthetic,synthetic,synth-v1.0.0,42,932480f22477dd00,baseline
SP-021:sul:003000:2024-05-01,SP-021:sul:003000,SP-021,sul,3.25,open-meteo:era5_seamless:-23.4:-46.7,2024-05-01,90.31,3.77,48.9,10,trigger,synthetic,synthetic,synthetic,synth-v1.0.0,42,932480f22477dd00,baseline
SP-021:sul:003000:2024-06-24,SP-021:sul:003000,SP-021,sul,3.25,open-meteo:era5_seamless:-23.4:-46.7,2024-06-24,74.05,6.83,48.9,8,trigger,synthetic,synthetic,synthetic,synth-v1.0.0,42,932480f22477dd00,baseline
SP-021:sul:003000:2024-09-07,SP-021:sul:003000,SP-021,sul,3.25,open-meteo:era5_seamless:-23.4:-46.7,2024-09-07,88.89,6.41,48.9,13,trigger,synthetic,synthetic,synthetic,synth-v1.0.0,42,932480f22477dd00,baseline
SP-021:sul:003000:2024-10-13,SP-021:sul:003000,SP-021,sul,3.25,open-meteo:era5_seamless:-23.4:-46.7,2024-10-13,72.65,6.3,48.9,7,trigger,synthetic,synthetic,synthetic,synth-v1.0.0,42,932480f22477dd00,baseline
SP-021:sul:003000:2024-11-18,SP-021:sul:003000,SP-021,sul,3.25,open-meteo:era5_seamless:-23.4:-46.7,2024-11-18,78.29,7.31,48.9,8,trigger,synthetic,synthetic,synthetic,synth-v1.0.0,42,932480f22477dd00,baseline
SP-021:sul:003000:2024-12-23,SP-021:sul:003000,SP-021,sul,3.25,open-meteo:era5_seamless:-23.4:-46.7,2024-12-23,95.1,4.78,48.9,8,trigger,synthetic,synthetic,synthetic,synth-v1.0.0,42,932480f22477dd00,baseline
SP-021:sul:003000:2025-01-24,SP-021:sul:003000,SP-021,sul,3.25,open-meteo:era5_seamless:-23.4:-46.7,2025-01-24,87.82,7.98,48.9,5,trigger,synthetic,synthetic,synthetic,synth-v1.0.0,42,932480f22477dd00,baseline
SP-021:sul:003000:2025-02-12,SP-021:sul:003000,SP-021,sul,3.25,open-meteo:era5_seamless:-23.4:-46.7,2025-02-12,62.25,4.75,48.9,3,trigger,synthetic,synthetic,synthetic,synth-v1.0.0,42,932480f22477dd00,baseline
SP-021:sul:003000:2025-03-24,SP-021:sul:003000,SP-021,sul,3.25,open-meteo:era5_seamless:-23.4:-46.7,2025-03-24,99.32,3.63,48.9,22,trigger,synthetic,synthetic,synthetic,synth-v1.0.0,42,932480f22477dd00,baseline
SP-021:sul:003000:2025-04-30,SP-021:sul:003000,SP-021,sul,3.25,open-meteo:era5_seamless:-23.4:-46.7,2025-04-30,74.54,7.12,48.9,3,trigger,synthetic,synthetic,synthetic,synth-v1.0.0,42,932480f22477dd00,baseline
SP-021:sul:003000:2025-06-13,SP-021:sul:003000,SP-021,sul,3.25,open-meteo:era5_seamless:-23.4:-46.7,2025-06-13,49.87,7.44,48.9,5,trigger,synthetic,synthetic,synthetic,synth-v1.0.0,42,932480f22477dd00,baseline
SP-021:sul:003000:2025-09-11,SP-021:sul:003000,SP-021,sul,3.25,open-meteo:era5_seamless:-23.4:-46.7,2025-09-11,79.83,6.2,48.9,11,trigger,synthetic,synthetic,synthetic,synth-v1.0.0,42,932480f22477dd00,baseline
SP-021:sul:003000:2025-10-21,SP-021:sul:003000,SP-021,sul,3.25,open-meteo:era5_seamless:-23.4:-46.7,2025-10-21,60.28,3.04,48.9,2,trigger,synthetic,synthetic,synthetic,synth-v1.0.0,42,932480f22477dd00,baseline
SP-021:sul:003000:2025-12-07,SP-021:sul:003000,SP-021,sul,3.25,open-meteo:era5_seamless:-23.4:-46.7,2025-12-07,77.54,5.79,48.9,7,trigger,synthetic,synthetic,synthetic,synth-v1.0.0,42,932480f22477dd00,baseline
SP-021:sul:003000:2026-01-10,SP-021:sul:003000,SP-021,sul,3.25,open-meteo:era5_seamless:-23.4:-46.7,2026-01-10,92.97,5.92,48.9,13,trigger,synthetic,synthetic,synthetic,synth-v1.0.0,42,932480f22477dd00,baseline
SP-021:sul:003000:2026-02-21,SP-021:sul:003000,SP-021,sul,3.25,open-meteo:era5_seamless:-23.4:-46.7,2026-02-21,99.75,7.03,48.9,13,trigger,synthetic,synthetic,synthetic,synth-v1.0.0,42,932480f22477dd00,baseline
SP-021:sul:003000:2026-04-01,SP-021:sul:003000,SP-021,sul,3.25,open-meteo:era5_seamless:-23.4:-46.7,2026-04-01,99.08,4.05,48.9,17,trigger,synthetic,synthetic,synthetic,synth-v1.0.0,42,932480f22477dd00,baseline
SP-021:sul:003000:2026-05-06,SP-021:sul:003000,SP-021,sul,3.25,open-meteo:era5_seamless:-23.4:-46.7,2026-05-06,65.37,5.12,48.9,3,trigger,synthetic,synthetic,synthetic,synth-v1.0.0,42,932480f22477dd00,baseline
SP-021:sul:003000:2026-08-05,SP-021:sul:003000,SP-021,sul,3.25,open-meteo:era5_seamless:-23.4:-46.7,2026-08-05,69.47,6.27,48.9,10,trigger,synthetic,synthetic,synthetic,synth-v1.0.0,42,932480f22477dd00,baseline
SP-021:norte:003500:2023-03-16,SP-021:norte:003500,SP-021,norte,3.75,open-meteo:era5_seamless:-23.4:-46.7,2023-03-16,79.98,3.31,52.68,11,trigger,synthetic,synthetic,synthetic,synth-v1.0.0,42,932480f22477dd00,baseline
SP-021:norte:003500:2023-07-28,SP-021:norte:003500,SP-021,norte,3.75,open-meteo:era5_seamless:-23.4:-46.7,2023-07-28,56.73,5.35,52.68,5,trigger,synthetic,synthetic,synthetic,synth-v1.0.0,42,932480f22477dd00,baseline
SP-021:norte:003500:2023-11-10,SP-021:norte:003500,SP-021,norte,3.75,open-meteo:era5_seamless:-23.4:-46.7,2023-11-10,81.29,3.08,52.68,19,trigger,synthetic,synthetic,synthetic,synth-v1.0.0,42,932480f22477dd00,baseline
SP-021:norte:003500:2024-01-20,SP-021:norte:003500,SP-021,norte,3.75,open-meteo:era5_seamless:-23.4:-46.7,2024-01-20,65.71,5.89,52.68,6,trigger,synthetic,synthetic,synthetic,synth-v1.0.0,42,932480f22477dd00,baseline
SP-021:norte:003500:2024-03-19,SP-021:norte:003500,SP-021,norte,3.75,open-meteo:era5_seamless:-23.4:-46.7,2024-03-19,73.6,7.74,52.68,9,trigger,synthetic,synthetic,synthetic,synth-v1.0.0,42,932480f22477dd00,baseline
SP-021:norte:003500:2024-05-07,SP-021:norte:003500,SP-021,norte,3.75,open-meteo:era5_seamless:-23.4:-46.7,2024-05-07,56.38,7.02,52.68,2,trigger,synthetic,synthetic,synthetic,synth-v1.0.0,42,932480f22477dd00,baseline
SP-021:norte:003500:2024-08-27,SP-021:norte:003500,SP-021,norte,3.75,open-meteo:era5_seamless:-23.4:-46.7,2024-08-27,59.53,4.5,52.68,2,trigger,synthetic,synthetic,synthetic,synth-v1.0.0,42,932480f22477dd00,baseline
SP-021:norte:003500:2024-11-16,SP-021:norte:003500,SP-021,norte,3.75,open-meteo:era5_seamless:-23.4:-46.7,2024-11-16,63.35,4.98,52.68,6,trigger,synthetic,synthetic,synthetic,synth-v1.0.0,42,932480f22477dd00,baseline
SP-021:norte:003500:2025-01-23,SP-021:norte:003500,SP-021,norte,3.75,open-meteo:era5_seamless:-23.4:-46.7,2025-01-23,76.15,3.53,52.68,25,proactive,synthetic,synthetic,synthetic,synth-v1.0.0,42,932480f22477dd00,baseline
SP-021:norte:003500:2025-03-14,SP-021:norte:003500,SP-021,norte,3.75,open-meteo:era5_seamless:-23.4:-46.7,2025-03-14,58.98,4.2,52.68,5,trigger,synthetic,synthetic,synthetic,synth-v1.0.0,42,932480f22477dd00,baseline
SP-021:norte:003500:2025-06-04,SP-021:norte:003500,SP-021,norte,3.75,open-meteo:era5_seamless:-23.4:-46.7,2025-06-04,54.88,5.19,52.68,3,trigger,synthetic,synthetic,synthetic,synth-v1.0.0,42,932480f22477dd00,baseline
SP-021:norte:003500:2025-10-31,SP-021:norte:003500,SP-021,norte,3.75,open-meteo:era5_seamless:-23.4:-46.7,2025-10-31,60.15,7.16,52.68,5,trigger,synthetic,synthetic,synthetic,synth-v1.0.0,42,932480f22477dd00,baseline
SP-021:norte:003500:2026-01-13,SP-021:norte:003500,SP-021,norte,3.75,open-meteo:era5_seamless:-23.4:-46.7,2026-01-13,73.51,6.6,52.68,16,trigger,synthetic,synthetic,synthetic,synth-v1.0.0,42,932480f22477dd00,baseline
SP-021:norte:003500:2026-03-06,SP-021:norte:003500,SP-021,norte,3.75,open-meteo:era5_seamless:-23.4:-46.7,2026-03-06,61.85,7.75,52.68,5,trigger,synthetic,synthetic,synthetic,synth-v1.0.0,42,932480f22477dd00,baseline
SP-021:norte:003500:2026-05-03,SP-021:norte:003500,SP-021,norte,3.75,open-meteo:era5_seamless:-23.4:-46.7,2026-05-03,64.82,3.8,52.68,7,trigger,synthetic,synthetic,synthetic,synth-v1.0.0,42,932480f22477dd00,baseline
SP-021:sul:003500:2023-01-29,SP-021:sul:003500,SP-021,sul,3.75,open-meteo:era5_seamless:-23.4:-46.7,2023-01-29,82.1,5.6,45.71,14,trigger,synthetic,synthetic,synthetic,synth-v1.0.0,42,932480f22477dd00,baseline
SP-021:sul:003500:2023-03-10,SP-021:sul:003500,SP-021,sul,3.75,open-meteo:era5_seamless:-23.4:-46.7,2023-03-10,84.44,7.23,45.71,12,trigger,synthetic,synthetic,synthetic,synth-v1.0.0,42,932480f22477dd00,baseline
SP-021:sul:003500:2023-04-15,SP-021:sul:003500,SP-021,sul,3.75,open-meteo:era5_seamless:-23.4:-46.7,2023-04-15,69.81,5.32,45.71,13,trigger,synthetic,synthetic,synthetic,synth-v1.0.0,42,932480f22477dd00,baseline
SP-021:sul:003500:2023-07-02,SP-021:sul:003500,SP-021,sul,3.75,open-meteo:era5_seamless:-23.4:-46.7,2023-07-02,51.83,4.19,45.71,7,trigger,synthetic,synthetic,synthetic,synth-v1.0.0,42,932480f22477dd00,baseline
SP-021:sul:003500:2023-09-07,SP-021:sul:003500,SP-021,sul,3.75,open-meteo:era5_seamless:-23.4:-46.7,2023-09-07,53.27,7.03,45.71,4,trigger,synthetic,synthetic,synthetic,synth-v1.0.0,42,932480f22477dd00,baseline
SP-021:sul:003500:2023-10-20,SP-021:sul:003500,SP-021,sul,3.75,open-meteo:era5_seamless:-23.4:-46.7,2023-10-20,72.67,4.35,45.71,12,trigger,synthetic,synthetic,synthetic,synth-v1.0.0,42,932480f22477dd00,baseline
SP-021:sul:003500:2023-11-25,SP-021:sul:003500,SP-021,sul,3.75,open-meteo:era5_seamless:-23.4:-46.7,2023-11-25,65.28,5.5,45.71,6,trigger,synthetic,synthetic,synthetic,synth-v1.0.0,42,932480f22477dd00,baseline
SP-021:sul:003500:2023-12-26,SP-021:sul:003500,SP-021,sul,3.75,open-meteo:era5_seamless:-23.4:-46.7,2023-12-26,59.23,6.85,45.71,2,trigger,synthetic,synthetic,synthetic,synth-v1.0.0,42,932480f22477dd00,baseline
SP-021:sul:003500:2024-01-26,SP-021:sul:003500,SP-021,sul,3.75,open-meteo:era5_seamless:-23.4:-46.7,2024-01-26,52.64,3.57,45.71,5,trigger,synthetic,synthetic,synthetic,synth-v1.0.0,42,932480f22477dd00,baseline
SP-021:sul:003500:2024-02-28,SP-021:sul:003500,SP-021,sul,3.75,open-meteo:era5_seamless:-23.4:-46.7,2024-02-28,68.91,4.58,45.71,3,trigger,synthetic,synthetic,synthetic,synth-v1.0.0,42,932480f22477dd00,baseline
SP-021:sul:003500:2024-03-27,SP-021:sul:003500,SP-021,sul,3.75,open-meteo:era5_seamless:-23.4:-46.7,2024-03-27,59.57,4.33,45.71,3,trigger,synthetic,synthetic,synthetic,synth-v1.0.0,42,932480f22477dd00,baseline
SP-021:sul:003500:2024-04-30,SP-021:sul:003500,SP-021,sul,3.75,open-meteo:era5_seamless:-23.4:-46.7,2024-04-30,58.74,6.64,45.71,2,trigger,synthetic,synthetic,synthetic,synth-v1.0.0,42,932480f22477dd00,baseline
SP-021:sul:003500:2024-07-03,SP-021:sul:003500,SP-021,sul,3.75,open-meteo:era5_seamless:-23.4:-46.7,2024-07-03,71.42,5.29,45.71,17,trigger,synthetic,synthetic,synthetic,synth-v1.0.0,42,932480f22477dd00,baseline
SP-021:sul:003500:2024-09-12,SP-021:sul:003500,SP-021,sul,3.75,open-meteo:era5_seamless:-23.4:-46.7,2024-09-12,65.95,3.12,45.71,4,trigger,synthetic,synthetic,synthetic,synth-v1.0.0,42,932480f22477dd00,baseline
SP-021:sul:003500:2024-11-07,SP-021:sul:003500,SP-021,sul,3.75,open-meteo:era5_seamless:-23.4:-46.7,2024-11-07,71.22,3.96,45.71,11,trigger,synthetic,synthetic,synthetic,synth-v1.0.0,42,932480f22477dd00,baseline
SP-021:sul:003500:2024-12-15,SP-021:sul:003500,SP-021,sul,3.75,open-meteo:era5_seamless:-23.4:-46.7,2024-12-15,65.51,3.26,45.71,7,trigger,synthetic,synthetic,synthetic,synth-v1.0.0,42,932480f22477dd00,baseline
SP-021:sul:003500:2025-01-24,SP-021:sul:003500,SP-021,sul,3.75,open-meteo:era5_seamless:-23.4:-46.7,2025-01-24,74.99,5.51,45.71,5,trigger,synthetic,synthetic,synthetic,synth-v1.0.0,42,932480f22477dd00,baseline
SP-021:sul:003500:2025-02-18,SP-021:sul:003500,SP-021,sul,3.75,open-meteo:era5_seamless:-23.4:-46.7,2025-02-18,56.43,4.41,45.71,2,trigger,synthetic,synthetic,synthetic,synth-v1.0.0,42,932480f22477dd00,baseline
SP-021:sul:003500:2025-03-22,SP-021:sul:003500,SP-021,sul,3.75,open-meteo:era5_seamless:-23.4:-46.7,2025-03-22,61.14,5.09,45.71,6,trigger,synthetic,synthetic,synthetic,synth-v1.0.0,42,932480f22477dd00,baseline
SP-021:sul:003500:2025-05-18,SP-021:sul:003500,SP-021,sul,3.75,open-meteo:era5_seamless:-23.4:-46.7,2025-05-18,78.99,7.23,45.71,21,trigger,synthetic,synthetic,synthetic,synth-v1.0.0,42,932480f22477dd00,baseline
SP-021:sul:003500:2025-09-02,SP-021:sul:003500,SP-021,sul,3.75,open-meteo:era5_seamless:-23.4:-46.7,2025-09-02,63.1,3.13,45.71,9,trigger,synthetic,synthetic,synthetic,synth-v1.0.0,42,932480f22477dd00,baseline
SP-021:sul:003500:2025-11-13,SP-021:sul:003500,SP-021,sul,3.75,open-meteo:era5_seamless:-23.4:-46.7,2025-11-13,73.08,7.03,45.71,11,trigger,synthetic,synthetic,synthetic,synth-v1.0.0,42,932480f22477dd00,baseline
SP-021:sul:003500:2025-12-21,SP-021:sul:003500,SP-021,sul,3.75,open-meteo:era5_seamless:-23.4:-46.7,2025-12-21,64.52,3.54,45.71,7,trigger,synthetic,synthetic,synthetic,synth-v1.0.0,42,932480f22477dd00,baseline
SP-021:sul:003500:2026-02-01,SP-021:sul:003500,SP-021,sul,3.75,open-meteo:era5_seamless:-23.4:-46.7,2026-02-01,70.54,6.77,45.71,7,trigger,synthetic,synthetic,synthetic,synth-v1.0.0,42,932480f22477dd00,baseline
SP-021:sul:003500:2026-02-26,SP-021:sul:003500,SP-021,sul,3.75,open-meteo:era5_seamless:-23.4:-46.7,2026-02-26,60.86,6.21,45.71,4,trigger,synthetic,synthetic,synthetic,synth-v1.0.0,42,932480f22477dd00,baseline
SP-021:sul:003500:2026-03-31,SP-021:sul:003500,SP-021,sul,3.75,open-meteo:era5_seamless:-23.4:-46.7,2026-03-31,67.18,5.86,45.71,2,trigger,synthetic,synthetic,synthetic,synth-v1.0.0,42,932480f22477dd00,baseline
SP-021:sul:003500:2026-05-22,SP-021:sul:003500,SP-021,sul,3.75,open-meteo:era5_seamless:-23.4:-46.7,2026-05-22,68.4,5.05,45.71,19,trigger,synthetic,synthetic,synthetic,synth-v1.0.0,42,932480f22477dd00,baseline
SP-021:sul:003500:2026-08-22,SP-021:sul:003500,SP-021,sul,3.75,open-meteo:era5_seamless:-23.4:-46.7,2026-08-22,58.67,3.2,45.71,6,trigger,synthetic,synthetic,synthetic,synth-v1.0.0,42,932480f22477dd00,baseline
SP-021:norte:004000:2023-01-27,SP-021:norte:004000,SP-021,norte,4.25,open-meteo:era5_seamless:-23.4:-46.7,2023-01-27,57.18,4.67,49.33,5,trigger,synthetic,synthetic,synthetic,synth-v1.0.0,42,932480f22477dd00,baseline
SP-021:norte:004000:2023-03-10,SP-021:norte:004000,SP-021,norte,4.25,open-meteo:era5_seamless:-23.4:-46.7,2023-03-10,54.67,7.8,49.33,5,proactive,synthetic,synthetic,synthetic,synth-v1.0.0,42,932480f22477dd00,baseline
SP-021:norte:004000:2023-05-12,SP-021:norte:004000,SP-021,norte,4.25,open-meteo:era5_seamless:-23.4:-46.7,2023-05-12,67.65,7.18,49.33,12,trigger,synthetic,synthetic,synthetic,synth-v1.0.0,42,932480f22477dd00,baseline
SP-021:norte:004000:2023-09-11,SP-021:norte:004000,SP-021,norte,4.25,open-meteo:era5_seamless:-23.4:-46.7,2023-09-11,57.75,4.27,49.33,8,trigger,synthetic,synthetic,synthetic,synth-v1.0.0,42,932480f22477dd00,baseline
SP-021:norte:004000:2023-11-19,SP-021:norte:004000,SP-021,norte,4.25,open-meteo:era5_seamless:-23.4:-46.7,2023-11-19,71.46,3.08,49.33,14,trigger,synthetic,synthetic,synthetic,synth-v1.0.0,42,932480f22477dd00,baseline
SP-021:norte:004000:2024-01-20,SP-021:norte:004000,SP-021,norte,4.25,open-meteo:era5_seamless:-23.4:-46.7,2024-01-20,62.5,5.68,49.33,6,trigger,synthetic,synthetic,synthetic,synth-v1.0.0,42,932480f22477dd00,baseline
SP-021:norte:004000:2024-02-27,SP-021:norte:004000,SP-021,norte,4.25,open-meteo:era5_seamless:-23.4:-46.7,2024-02-27,46.45,5.21,49.33,2,proactive,synthetic,synthetic,synthetic,synth-v1.0.0,42,932480f22477dd00,baseline
SP-021:norte:004000:2024-04-12,SP-021:norte:004000,SP-021,norte,4.25,open-meteo:era5_seamless:-23.4:-46.7,2024-04-12,60.16,6.57,49.33,5,trigger,synthetic,synthetic,synthetic,synth-v1.0.0,42,932480f22477dd00,baseline
SP-021:norte:004000:2024-06-21,SP-021:norte:004000,SP-021,norte,4.25,open-meteo:era5_seamless:-23.4:-46.7,2024-06-21,57.64,7.25,49.33,5,trigger,synthetic,synthetic,synthetic,synth-v1.0.0,42,932480f22477dd00,baseline
SP-021:norte:004000:2024-09-17,SP-021:norte:004000,SP-021,norte,4.25,open-meteo:era5_seamless:-23.4:-46.7,2024-09-17,53.93,7.64,49.33,2,trigger,synthetic,synthetic,synthetic,synth-v1.0.0,42,932480f22477dd00,baseline
SP-021:norte:004000:2024-11-12,SP-021:norte:004000,SP-021,norte,4.25,open-meteo:era5_seamless:-23.4:-46.7,2024-11-12,56.42,3.56,49.33,2,trigger,synthetic,synthetic,synthetic,synth-v1.0.0,42,932480f22477dd00,baseline
SP-021:norte:004000:2025-01-11,SP-021:norte:004000,SP-021,norte,4.25,open-meteo:era5_seamless:-23.4:-46.7,2025-01-11,67.07,5.34,49.33,6,trigger,synthetic,synthetic,synthetic,synth-v1.0.0,42,932480f22477dd00,baseline
SP-021:norte:004000:2025-03-14,SP-021:norte:004000,SP-021,norte,4.25,open-meteo:era5_seamless:-23.4:-46.7,2025-03-14,81.82,7.69,49.33,19,trigger,synthetic,synthetic,synthetic,synth-v1.0.0,42,932480f22477dd00,baseline
SP-021:norte:004000:2025-05-04,SP-021:norte:004000,SP-021,norte,4.25,open-meteo:era5_seamless:-23.4:-46.7,2025-05-04,54.54,7.27,49.33,7,trigger,synthetic,synthetic,synthetic,synth-v1.0.0,42,932480f22477dd00,baseline
SP-021:norte:004000:2025-09-13,SP-021:norte:004000,SP-021,norte,4.25,open-meteo:era5_seamless:-23.4:-46.7,2025-09-13,56.87,5.96,49.33,6,trigger,synthetic,synthetic,synthetic,synth-v1.0.0,42,932480f22477dd00,baseline
SP-021:norte:004000:2025-12-06,SP-021:norte:004000,SP-021,norte,4.25,open-meteo:era5_seamless:-23.4:-46.7,2025-12-06,64.55,7.54,49.33,6,trigger,synthetic,synthetic,synthetic,synth-v1.0.0,42,932480f22477dd00,baseline
SP-021:norte:004000:2026-01-25,SP-021:norte:004000,SP-021,norte,4.25,open-meteo:era5_seamless:-23.4:-46.7,2026-01-25,63.42,5.85,49.33,7,trigger,synthetic,synthetic,synthetic,synth-v1.0.0,42,932480f22477dd00,baseline
SP-021:norte:004000:2026-03-11,SP-021:norte:004000,SP-021,norte,4.25,open-meteo:era5_seamless:-23.4:-46.7,2026-03-11,60.01,4.47,49.33,3,trigger,synthetic,synthetic,synthetic,synth-v1.0.0,42,932480f22477dd00,baseline
SP-021:norte:004000:2026-05-10,SP-021:norte:004000,SP-021,norte,4.25,open-meteo:era5_seamless:-23.4:-46.7,2026-05-10,58.96,7.02,49.33,7,trigger,synthetic,synthetic,synthetic,synth-v1.0.0,42,932480f22477dd00,baseline
SP-021:norte:004000:2026-09-01,SP-021:norte:004000,SP-021,norte,4.25,open-meteo:era5_seamless:-23.4:-46.7,2026-09-01,53.11,3.19,49.33,17,proactive,synthetic,synthetic,synthetic,synth-v1.0.0,42,932480f22477dd00,baseline
SP-021:sul:004000:2023-02-07,SP-021:sul:004000,SP-021,sul,4.25,open-meteo:era5_seamless:-23.4:-46.7,2023-02-07,90.25,7.21,60.68,16,trigger,synthetic,synthetic,synthetic,synth-v1.0.0,42,932480f22477dd00,baseline
SP-021:sul:004000:2023-04-04,SP-021:sul:004000,SP-021,sul,4.25,open-meteo:era5_seamless:-23.4:-46.7,2023-04-04,85.95,5.59,60.68,16,trigger,synthetic,synthetic,synthetic,synth-v1.0.0,42,932480f22477dd00,baseline
SP-021:sul:004000:2023-08-28,SP-021:sul:004000,SP-021,sul,4.25,open-meteo:era5_seamless:-23.4:-46.7,2023-08-28,76.8,6.84,60.68,15,trigger,synthetic,synthetic,synthetic,synth-v1.0.0,42,932480f22477dd00,baseline
SP-021:sul:004000:2023-11-11,SP-021:sul:004000,SP-021,sul,4.25,open-meteo:era5_seamless:-23.4:-46.7,2023-11-11,84.37,3.56,60.68,13,trigger,synthetic,synthetic,synthetic,synth-v1.0.0,42,932480f22477dd00,baseline
SP-021:sul:004000:2024-01-10,SP-021:sul:004000,SP-021,sul,4.25,open-meteo:era5_seamless:-23.4:-46.7,2024-01-10,67.23,3.69,60.68,3,trigger,synthetic,synthetic,synthetic,synth-v1.0.0,42,932480f22477dd00,baseline
SP-021:sul:004000:2024-03-11,SP-021:sul:004000,SP-021,sul,4.25,open-meteo:era5_seamless:-23.4:-46.7,2024-03-11,81.43,3.81,60.68,8,trigger,synthetic,synthetic,synthetic,synth-v1.0.0,42,932480f22477dd00,baseline
SP-021:sul:004000:2024-05-12,SP-021:sul:004000,SP-021,sul,4.25,open-meteo:era5_seamless:-23.4:-46.7,2024-05-12,73.26,6.65,60.68,7,trigger,synthetic,synthetic,synthetic,synth-v1.0.0,42,932480f22477dd00,baseline
SP-021:sul:004000:2024-09-06,SP-021:sul:004000,SP-021,sul,4.25,open-meteo:era5_seamless:-23.4:-46.7,2024-09-06,70.97,7.03,60.68,12,trigger,synthetic,synthetic,synthetic,synth-v1.0.0,42,932480f22477dd00,baseline
SP-021:sul:004000:2024-11-12,SP-021:sul:004000,SP-021,sul,4.25,open-meteo:era5_seamless:-23.4:-46.7,2024-11-12,66.87,7.01,60.68,2,trigger,synthetic,synthetic,synthetic,synth-v1.0.0,42,932480f22477dd00,baseline
SP-021:sul:004000:2024-12-21,SP-021:sul:004000,SP-021,sul,4.25,open-meteo:era5_seamless:-23.4:-46.7,2024-12-21,50.28,6.93,60.68,6,proactive,synthetic,synthetic,synthetic,synth-v1.0.0,42,932480f22477dd00,baseline
SP-021:sul:004000:2025-02-15,SP-021:sul:004000,SP-021,sul,4.25,open-meteo:era5_seamless:-23.4:-46.7,2025-02-15,86.19,3.43,60.68,13,trigger,synthetic,synthetic,synthetic,synth-v1.0.0,42,932480f22477dd00,baseline
SP-021:sul:004000:2025-04-23,SP-021:sul:004000,SP-021,sul,4.25,open-meteo:era5_seamless:-23.4:-46.7,2025-04-23,76.93,3.75,60.68,10,trigger,synthetic,synthetic,synthetic,synth-v1.0.0,42,932480f22477dd00,baseline
SP-021:sul:004000:2025-10-10,SP-021:sul:004000,SP-021,sul,4.25,open-meteo:era5_seamless:-23.4:-46.7,2025-10-10,73.69,6.86,60.68,12,trigger,synthetic,synthetic,synthetic,synth-v1.0.0,42,932480f22477dd00,baseline
SP-021:sul:004000:2025-12-26,SP-021:sul:004000,SP-021,sul,4.25,open-meteo:era5_seamless:-23.4:-46.7,2025-12-26,74.86,5.37,60.68,5,trigger,synthetic,synthetic,synthetic,synth-v1.0.0,42,932480f22477dd00,baseline
SP-021:sul:004000:2026-03-09,SP-021:sul:004000,SP-021,sul,4.25,open-meteo:era5_seamless:-23.4:-46.7,2026-03-09,90.15,3.87,60.68,22,trigger,synthetic,synthetic,synthetic,synth-v1.0.0,42,932480f22477dd00,baseline
SP-021:sul:004000:2026-05-21,SP-021:sul:004000,SP-021,sul,4.25,open-meteo:era5_seamless:-23.4:-46.7,2026-05-21,69.66,6.24,60.68,11,trigger,synthetic,synthetic,synthetic,synth-v1.0.0,42,932480f22477dd00,baseline
SP-021:norte:004500:2023-01-28,SP-021:norte:004500,SP-021,norte,4.75,open-meteo:era5_seamless:-23.4:-46.8,2023-01-28,64.27,5.11,45.03,13,trigger,synthetic,synthetic,synthetic,synth-v1.0.0,42,932480f22477dd00,baseline
SP-021:norte:004500:2023-03-12,SP-021:norte:004500,SP-021,norte,4.75,open-meteo:era5_seamless:-23.4:-46.8,2023-03-12,57.72,5.08,45.03,7,trigger,synthetic,synthetic,synthetic,synth-v1.0.0,42,932480f22477dd00,baseline
SP-021:norte:004500:2023-05-11,SP-021:norte:004500,SP-021,norte,4.75,open-meteo:era5_seamless:-23.4:-46.8,2023-05-11,56.39,6.29,45.03,11,trigger,synthetic,synthetic,synthetic,synth-v1.0.0,42,932480f22477dd00,baseline
SP-021:norte:004500:2023-09-07,SP-021:norte:004500,SP-021,norte,4.75,open-meteo:era5_seamless:-23.4:-46.8,2023-09-07,48.01,6.11,45.03,4,trigger,synthetic,synthetic,synthetic,synth-v1.0.0,42,932480f22477dd00,baseline
SP-021:norte:004500:2023-11-10,SP-021:norte:004500,SP-021,norte,4.75,open-meteo:era5_seamless:-23.4:-46.8,2023-11-10,62.68,6.3,45.03,12,trigger,synthetic,synthetic,synthetic,synth-v1.0.0,42,932480f22477dd00,baseline
SP-021:norte:004500:2023-12-27,SP-021:norte:004500,SP-021,norte,4.75,open-meteo:era5_seamless:-23.4:-46.8,2023-12-27,56.24,6.26,45.03,3,trigger,synthetic,synthetic,synthetic,synth-v1.0.0,42,932480f22477dd00,baseline
SP-021:norte:004500:2024-03-03,SP-021:norte:004500,SP-021,norte,4.75,open-meteo:era5_seamless:-23.4:-46.8,2024-03-03,68.72,6.68,45.03,21,trigger,synthetic,synthetic,synthetic,synth-v1.0.0,42,932480f22477dd00,baseline
SP-021:norte:004500:2024-04-20,SP-021:norte:004500,SP-021,norte,4.75,open-meteo:era5_seamless:-23.4:-46.8,2024-04-20,63.31,7.02,45.03,13,trigger,synthetic,synthetic,synthetic,synth-v1.0.0,42,932480f22477dd00,baseline
SP-021:norte:004500:2024-06-23,SP-021:norte:004500,SP-021,norte,4.75,open-meteo:era5_seamless:-23.4:-46.8,2024-06-23,49.12,7.9,45.03,7,trigger,synthetic,synthetic,synthetic,synth-v1.0.0,42,932480f22477dd00,baseline
SP-021:norte:004500:2024-09-19,SP-021:norte:004500,SP-021,norte,4.75,open-meteo:era5_seamless:-23.4:-46.8,2024-09-19,53.54,5.69,45.03,4,trigger,synthetic,synthetic,synthetic,synth-v1.0.0,42,932480f22477dd00,baseline
SP-021:norte:004500:2024-11-14,SP-021:norte:004500,SP-021,norte,4.75,open-meteo:era5_seamless:-23.4:-46.8,2024-11-14,49.03,7.79,45.03,4,trigger,synthetic,synthetic,synthetic,synth-v1.0.0,42,932480f22477dd00,baseline
SP-021:norte:004500:2024-12-29,SP-021:norte:004500,SP-021,norte,4.75,open-meteo:era5_seamless:-23.4:-46.8,2024-12-29,58.83,4.44,45.03,7,trigger,synthetic,synthetic,synthetic,synth-v1.0.0,42,932480f22477dd00,baseline
SP-021:norte:004500:2025-02-11,SP-021:norte:004500,SP-021,norte,4.75,open-meteo:era5_seamless:-23.4:-46.8,2025-02-11,56.11,3.73,45.03,2,trigger,synthetic,synthetic,synthetic,synth-v1.0.0,42,932480f22477dd00,baseline
SP-021:norte:004500:2025-03-29,SP-021:norte:004500,SP-021,norte,4.75,open-meteo:era5_seamless:-23.4:-46.8,2025-03-29,54.22,5.81,45.03,6,trigger,synthetic,synthetic,synthetic,synth-v1.0.0,42,932480f22477dd00,baseline
SP-021:norte:004500:2025-05-28,SP-021:norte:004500,SP-021,norte,4.75,open-meteo:era5_seamless:-23.4:-46.8,2025-05-28,48.12,7.29,45.03,3,trigger,synthetic,synthetic,synthetic,synth-v1.0.0,42,932480f22477dd00,baseline
SP-021:norte:004500:2025-09-27,SP-021:norte:004500,SP-021,norte,4.75,open-meteo:era5_seamless:-23.4:-46.8,2025-09-27,48.58,4.97,45.03,6,trigger,synthetic,synthetic,synthetic,synth-v1.0.0,42,932480f22477dd00,baseline
SP-021:norte:004500:2025-12-26,SP-021:norte:004500,SP-021,norte,4.75,open-meteo:era5_seamless:-23.4:-46.8,2025-12-26,66.5,5.45,45.03,19,trigger,synthetic,synthetic,synthetic,synth-v1.0.0,42,932480f22477dd00,baseline
SP-021:norte:004500:2026-02-17,SP-021:norte:004500,SP-021,norte,4.75,open-meteo:era5_seamless:-23.4:-46.8,2026-02-17,61.36,4.07,45.03,9,trigger,synthetic,synthetic,synthetic,synth-v1.0.0,42,932480f22477dd00,baseline
SP-021:norte:004500:2026-04-25,SP-021:norte:004500,SP-021,norte,4.75,open-meteo:era5_seamless:-23.4:-46.8,2026-04-25,65.16,4.54,45.03,20,trigger,synthetic,synthetic,synthetic,synth-v1.0.0,42,932480f22477dd00,baseline
SP-021:norte:004500:2026-09-01,SP-021:norte:004500,SP-021,norte,4.75,open-meteo:era5_seamless:-23.4:-46.8,2026-09-01,54.44,6.13,45.03,6,trigger,synthetic,synthetic,synthetic,synth-v1.0.0,42,932480f22477dd00,baseline
SP-021:sul:004500:2023-02-06,SP-021:sul:004500,SP-021,sul,4.75,open-meteo:era5_seamless:-23.4:-46.8,2023-02-06,105.72,4.54,68.03,15,trigger,synthetic,synthetic,synthetic,synth-v1.0.0,42,932480f22477dd00,baseline
SP-021:sul:004500:2023-03-25,SP-021:sul:004500,SP-021,sul,4.75,open-meteo:era5_seamless:-23.4:-46.8,2023-03-25,105.83,7.66,68.03,6,trigger,synthetic,synthetic,synthetic,synth-v1.0.0,42,932480f22477dd00,baseline
SP-021:sul:004500:2023-05-11,SP-021:sul:004500,SP-021,sul,4.75,open-meteo:era5_seamless:-23.4:-46.8,2023-05-11,82.45,6.32,68.03,4,trigger,synthetic,synthetic,synthetic,synth-v1.0.0,42,932480f22477dd00,baseline
SP-021:sul:004500:2023-09-10,SP-021:sul:004500,SP-021,sul,4.75,open-meteo:era5_seamless:-23.4:-46.8,2023-09-10,98.09,7.68,68.03,21,trigger,synthetic,synthetic,synthetic,synth-v1.0.0,42,932480f22477dd00,baseline
SP-021:sul:004500:2023-10-20,SP-021:sul:004500,SP-021,sul,4.75,open-meteo:era5_seamless:-23.4:-46.8,2023-10-20,82.62,7.65,68.03,19,proactive,synthetic,synthetic,synthetic,synth-v1.0.0,42,932480f22477dd00,baseline
SP-021:sul:004500:2023-12-06,SP-021:sul:004500,SP-021,sul,4.75,open-meteo:era5_seamless:-23.4:-46.8,2023-12-06,101.4,6.34,68.03,17,trigger,synthetic,synthetic,synthetic,synth-v1.0.0,42,932480f22477dd00,baseline
SP-021:sul:004500:2024-01-10,SP-021:sul:004500,SP-021,sul,4.75,open-meteo:era5_seamless:-23.4:-46.8,2024-01-10,80.62,7.44,68.03,3,trigger,synthetic,synthetic,synthetic,synth-v1.0.0,42,932480f22477dd00,baseline
SP-021:sul:004500:2024-02-15,SP-021:sul:004500,SP-021,sul,4.75,open-meteo:era5_seamless:-23.4:-46.8,2024-02-15,88.67,6.08,68.03,4,trigger,synthetic,synthetic,synthetic,synth-v1.0.0,42,932480f22477dd00,baseline
SP-021:sul:004500:2024-03-20,SP-021:sul:004500,SP-021,sul,4.75,open-meteo:era5_seamless:-23.4:-46.8,2024-03-20,94.38,3.68,68.03,3,trigger,synthetic,synthetic,synthetic,synth-v1.0.0,42,932480f22477dd00,baseline
SP-021:sul:004500:2024-05-07,SP-021:sul:004500,SP-021,sul,4.75,open-meteo:era5_seamless:-23.4:-46.8,2024-05-07,94.88,6.31,68.03,9,trigger,synthetic,synthetic,synthetic,synth-v1.0.0,42,932480f22477dd00,baseline
SP-021:sul:004500:2024-07-08,SP-021:sul:004500,SP-021,sul,4.75,open-meteo:era5_seamless:-23.4:-46.8,2024-07-08,66.34,5.85,68.03,8,proactive,synthetic,synthetic,synthetic,synth-v1.0.0,42,932480f22477dd00,baseline
SP-021:sul:004500:2024-09-23,SP-021:sul:004500,SP-021,sul,4.75,open-meteo:era5_seamless:-23.4:-46.8,2024-09-23,91.87,6.35,68.03,8,trigger,synthetic,synthetic,synthetic,synth-v1.0.0,42,932480f22477dd00,baseline
SP-021:sul:004500:2024-11-11,SP-021:sul:004500,SP-021,sul,4.75,open-meteo:era5_seamless:-23.4:-46.8,2024-11-11,85.95,5.13,68.03,8,trigger,synthetic,synthetic,synthetic,synth-v1.0.0,42,932480f22477dd00,baseline
SP-021:sul:004500:2024-12-18,SP-021:sul:004500,SP-021,sul,4.75,open-meteo:era5_seamless:-23.4:-46.8,2024-12-18,74.4,4.16,68.03,3,trigger,synthetic,synthetic,synthetic,synth-v1.0.0,42,932480f22477dd00,baseline
SP-021:sul:004500:2025-02-11,SP-021:sul:004500,SP-021,sul,4.75,open-meteo:era5_seamless:-23.4:-46.8,2025-02-11,107.85,5.3,68.03,23,trigger,synthetic,synthetic,synthetic,synth-v1.0.0,42,932480f22477dd00,baseline
SP-021:sul:004500:2025-03-17,SP-021:sul:004500,SP-021,sul,4.75,open-meteo:era5_seamless:-23.4:-46.8,2025-03-17,93.14,7.52,68.03,8,trigger,synthetic,synthetic,synthetic,synth-v1.0.0,42,932480f22477dd00,baseline
SP-021:sul:004500:2025-04-22,SP-021:sul:004500,SP-021,sul,4.75,open-meteo:era5_seamless:-23.4:-46.8,2025-04-22,77.04,7.27,68.03,2,trigger,synthetic,synthetic,synthetic,synth-v1.0.0,42,932480f22477dd00,baseline
SP-021:sul:004500:2025-07-08,SP-021:sul:004500,SP-021,sul,4.75,open-meteo:era5_seamless:-23.4:-46.8,2025-07-08,76.03,5.96,68.03,9,trigger,synthetic,synthetic,synthetic,synth-v1.0.0,42,932480f22477dd00,baseline
SP-021:sul:004500:2025-10-01,SP-021:sul:004500,SP-021,sul,4.75,open-meteo:era5_seamless:-23.4:-46.8,2025-10-01,75.59,7.61,68.03,3,trigger,synthetic,synthetic,synthetic,synth-v1.0.0,42,932480f22477dd00,baseline
SP-021:sul:004500:2025-11-30,SP-021:sul:004500,SP-021,sul,4.75,open-meteo:era5_seamless:-23.4:-46.8,2025-11-30,87.98,5.67,68.03,7,trigger,synthetic,synthetic,synthetic,synth-v1.0.0,42,932480f22477dd00,baseline
SP-021:sul:004500:2026-01-11,SP-021:sul:004500,SP-021,sul,4.75,open-meteo:era5_seamless:-23.4:-46.8,2026-01-11,92.87,6.0,68.03,7,trigger,synthetic,synthetic,synthetic,synth-v1.0.0,42,932480f22477dd00,baseline
SP-021:sul:004500:2026-02-21,SP-021:sul:004500,SP-021,sul,4.75,open-meteo:era5_seamless:-23.4:-46.8,2026-02-21,97.11,7.22,68.03,6,trigger,synthetic,synthetic,synthetic,synth-v1.0.0,42,932480f22477dd00,baseline
SP-021:sul:004500:2026-03-31,SP-021:sul:004500,SP-021,sul,4.75,open-meteo:era5_seamless:-23.4:-46.8,2026-03-31,89.02,5.29,68.03,2,trigger,synthetic,synthetic,synthetic,synth-v1.0.0,42,932480f22477dd00,baseline
SP-021:sul:004500:2026-05-24,SP-021:sul:004500,SP-021,sul,4.75,open-meteo:era5_seamless:-23.4:-46.8,2026-05-24,75.58,3.69,68.03,7,trigger,synthetic,synthetic,synthetic,synth-v1.0.0,42,932480f22477dd00,baseline
SP-021:sul:004500:2026-09-01,SP-021:sul:004500,SP-021,sul,4.75,open-meteo:era5_seamless:-23.4:-46.8,2026-09-01,71.76,5.1,68.03,6,trigger,synthetic,synthetic,synthetic,synth-v1.0.0,42,932480f22477dd00,baseline
SP-021:norte:005000:2023-01-26,SP-021:norte:005000,SP-021,norte,5.25,open-meteo:era5_seamless:-23.4:-46.8,2023-01-26,84.56,5.69,54.67,11,trigger,synthetic,synthetic,synthetic,synth-v1.0.0,42,932480f22477dd00,baseline
SP-021:norte:005000:2023-03-02,SP-021:norte:005000,SP-021,norte,5.25,open-meteo:era5_seamless:-23.4:-46.8,2023-03-02,78.89,3.96,54.67,4,trigger,synthetic,synthetic,synthetic,synth-v1.0.0,42,932480f22477dd00,baseline
SP-021:norte:005000:2023-04-16,SP-021:norte:005000,SP-021,norte,5.25,open-meteo:era5_seamless:-23.4:-46.8,2023-04-16,77.14,3.06,54.67,7,trigger,synthetic,synthetic,synthetic,synth-v1.0.0,42,932480f22477dd00,baseline
SP-021:norte:005000:2023-08-17,SP-021:norte:005000,SP-021,norte,5.25,open-meteo:era5_seamless:-23.4:-46.8,2023-08-17,69.49,7.55,54.67,4,trigger,synthetic,synthetic,synthetic,synth-v1.0.0,42,932480f22477dd00,baseline
SP-021:norte:005000:2023-10-13,SP-021:norte:005000,SP-021,norte,5.25,open-meteo:era5_seamless:-23.4:-46.8,2023-10-13,90.76,3.93,54.67,12,trigger,synthetic,synthetic,synthetic,synth-v1.0.0,42,932480f22477dd00,baseline
SP-021:norte:005000:2023-11-24,SP-021:norte:005000,SP-021,norte,5.25,open-meteo:era5_seamless:-23.4:-46.8,2023-11-24,66.51,3.58,54.67,5,trigger,synthetic,synthetic,synthetic,synth-v1.0.0,42,932480f22477dd00,baseline
SP-021:norte:005000:2024-01-07,SP-021:norte:005000,SP-021,norte,5.25,open-meteo:era5_seamless:-23.4:-46.8,2024-01-07,73.47,3.3,54.67,7,trigger,synthetic,synthetic,synthetic,synth-v1.0.0,42,932480f22477dd00,baseline
SP-021:norte:005000:2024-02-21,SP-021:norte:005000,SP-021,norte,5.25,open-meteo:era5_seamless:-23.4:-46.8,2024-02-21,79.76,6.75,54.67,10,trigger,synthetic,synthetic,synthetic,synth-v1.0.0,42,932480f22477dd00,baseline
SP-021:norte:005000:2024-03-22,SP-021:norte:005000,SP-021,norte,5.25,open-meteo:era5_seamless:-23.4:-46.8,2024-03-22,74.11,5.61,54.67,5,trigger,synthetic,synthetic,synthetic,synth-v1.0.0,42,932480f22477dd00,baseline
SP-021:norte:005000:2024-05-08,SP-021:norte:005000,SP-021,norte,5.25,open-meteo:era5_seamless:-23.4:-46.8,2024-05-08,89.92,3.2,54.67,10,trigger,synthetic,synthetic,synthetic,synth-v1.0.0,42,932480f22477dd00,baseline
SP-021:norte:005000:2024-08-20,SP-021:norte:005000,SP-021,norte,5.25,open-meteo:era5_seamless:-23.4:-46.8,2024-08-20,75.37,4.68,54.67,16,trigger,synthetic,synthetic,synthetic,synth-v1.0.0,42,932480f22477dd00,baseline
SP-021:norte:005000:2024-10-08,SP-021:norte:005000,SP-021,norte,5.25,open-meteo:era5_seamless:-23.4:-46.8,2024-10-08,57.42,6.04,54.67,2,trigger,synthetic,synthetic,synthetic,synth-v1.0.0,42,932480f22477dd00,baseline
SP-021:norte:005000:2024-11-26,SP-021:norte:005000,SP-021,norte,5.25,open-meteo:era5_seamless:-23.4:-46.8,2024-11-26,79.4,6.78,54.67,9,trigger,synthetic,synthetic,synthetic,synth-v1.0.0,42,932480f22477dd00,baseline
SP-021:norte:005000:2025-01-01,SP-021:norte:005000,SP-021,norte,5.25,open-meteo:era5_seamless:-23.4:-46.8,2025-01-01,73.35,5.47,54.67,3,trigger,synthetic,synthetic,synthetic,synth-v1.0.0,42,932480f22477dd00,baseline
SP-021:norte:005000:2025-02-04,SP-021:norte:005000,SP-021,norte,5.25,open-meteo:era5_seamless:-23.4:-46.8,2025-02-04,70.37,6.95,54.67,2,trigger,synthetic,synthetic,synthetic,synth-v1.0.0,42,932480f22477dd00,baseline
SP-021:norte:005000:2025-03-23,SP-021:norte:005000,SP-021,norte,5.25,open-meteo:era5_seamless:-23.4:-46.8,2025-03-23,102.61,5.99,54.67,21,trigger,synthetic,synthetic,synthetic,synth-v1.0.0,42,932480f22477dd00,baseline
SP-021:norte:005000:2025-05-20,SP-021:norte:005000,SP-021,norte,5.25,open-meteo:era5_seamless:-23.4:-46.8,2025-05-20,82.76,3.89,54.67,16,trigger,synthetic,synthetic,synthetic,synth-v1.0.0,42,932480f22477dd00,baseline
SP-021:norte:005000:2025-09-21,SP-021:norte:005000,SP-021,norte,5.25,open-meteo:era5_seamless:-23.4:-46.8,2025-09-21,71.7,3.02,54.67,7,trigger,synthetic,synthetic,synthetic,synth-v1.0.0,42,932480f22477dd00,baseline
SP-021:norte:005000:2025-12-04,SP-021:norte:005000,SP-021,norte,5.25,open-meteo:era5_seamless:-23.4:-46.8,2025-12-04,79.27,3.2,54.67,11,trigger,synthetic,synthetic,synthetic,synth-v1.0.0,42,932480f22477dd00,baseline
SP-021:norte:005000:2026-01-30,SP-021:norte:005000,SP-021,norte,5.25,open-meteo:era5_seamless:-23.4:-46.8,2026-01-30,93.63,5.71,54.67,5,trigger,synthetic,synthetic,synthetic,synth-v1.0.0,42,932480f22477dd00,baseline
SP-021:norte:005000:2026-03-14,SP-021:norte:005000,SP-021,norte,5.25,open-meteo:era5_seamless:-23.4:-46.8,2026-03-14,91.0,5.45,54.67,6,trigger,synthetic,synthetic,synthetic,synth-v1.0.0,42,932480f22477dd00,baseline
SP-021:norte:005000:2026-04-29,SP-021:norte:005000,SP-021,norte,5.25,open-meteo:era5_seamless:-23.4:-46.8,2026-04-29,80.31,6.72,54.67,3,trigger,synthetic,synthetic,synthetic,synth-v1.0.0,42,932480f22477dd00,baseline
SP-021:norte:005000:2026-08-07,SP-021:norte:005000,SP-021,norte,5.25,open-meteo:era5_seamless:-23.4:-46.8,2026-08-07,62.26,6.82,54.67,5,trigger,synthetic,synthetic,synthetic,synth-v1.0.0,42,932480f22477dd00,baseline
SP-021:sul:005000:2023-02-01,SP-021:sul:005000,SP-021,sul,5.25,open-meteo:era5_seamless:-23.4:-46.8,2023-02-01,56.93,7.67,30.86,17,trigger,synthetic,synthetic,synthetic,synth-v1.0.0,42,932480f22477dd00,baseline
SP-021:sul:005000:2023-03-02,SP-021:sul:005000,SP-021,sul,5.25,open-meteo:era5_seamless:-23.4:-46.8,2023-03-02,49.77,3.15,30.86,4,trigger,synthetic,synthetic,synthetic,synth-v1.0.0,42,932480f22477dd00,baseline
SP-021:sul:005000:2023-04-12,SP-021:sul:005000,SP-021,sul,5.25,open-meteo:era5_seamless:-23.4:-46.8,2023-04-12,49.61,6.7,30.86,10,trigger,synthetic,synthetic,synthetic,synth-v1.0.0,42,932480f22477dd00,baseline
SP-021:sul:005000:2023-06-05,SP-021:sul:005000,SP-021,sul,5.25,open-meteo:era5_seamless:-23.4:-46.8,2023-06-05,35.85,7.11,30.86,8,trigger,synthetic,synthetic,synthetic,synth-v1.0.0,42,932480f22477dd00,baseline
SP-021:sul:005000:2023-09-03,SP-021:sul:005000,SP-021,sul,5.25,open-meteo:era5_seamless:-23.4:-46.8,2023-09-03,46.66,5.73,30.86,14,trigger,synthetic,synthetic,synthetic,synth-v1.0.0,42,932480f22477dd00,baseline
SP-021:sul:005000:2023-10-13,SP-021:sul:005000,SP-021,sul,5.25,open-meteo:era5_seamless:-23.4:-46.8,2023-10-13,45.83,3.54,30.86,5,trigger,synthetic,synthetic,synthetic,synth-v1.0.0,42,932480f22477dd00,baseline
SP-021:sul:005000:2023-11-16,SP-021:sul:005000,SP-021,sul,5.25,open-meteo:era5_seamless:-23.4:-46.8,2023-11-16,37.04,6.32,30.86,4,trigger,synthetic,synthetic,synthetic,synth-v1.0.0,42,932480f22477dd00,baseline
SP-021:sul:005000:2023-12-30,SP-021:sul:005000,SP-021,sul,5.25,open-meteo:era5_seamless:-23.4:-46.8,2023-12-30,56.42,7.66,30.86,13,trigger,synthetic,synthetic,synthetic,synth-v1.0.0,42,932480f22477dd00,baseline
SP-021:sul:005000:2024-02-19,SP-021:sul:005000,SP-021,sul,5.25,open-meteo:era5_seamless:-23.4:-46.8,2024-02-19,60.46,4.3,30.86,22,trigger,synthetic,synthetic,synthetic,synth-v1.0.0,42,932480f22477dd00,baseline
SP-021:sul:005000:2024-03-23,SP-021:sul:005000,SP-021,sul,5.25,open-meteo:era5_seamless:-23.4:-46.8,2024-03-23,53.99,6.55,30.86,6,trigger,synthetic,synthetic,synthetic,synth-v1.0.0,42,932480f22477dd00,baseline
SP-021:sul:005000:2024-04-21,SP-021:sul:005000,SP-021,sul,5.25,open-meteo:era5_seamless:-23.4:-46.8,2024-04-21,40.71,7.67,30.86,7,trigger,synthetic,synthetic,synthetic,synth-v1.0.0,42,932480f22477dd00,baseline
SP-021:sul:005000:2024-05-25,SP-021:sul:005000,SP-021,sul,5.25,open-meteo:era5_seamless:-23.4:-46.8,2024-05-25,44.19,3.84,30.86,6,trigger,synthetic,synthetic,synthetic,synth-v1.0.0,42,932480f22477dd00,baseline
SP-021:sul:005000:2024-08-15,SP-021:sul:005000,SP-021,sul,5.25,open-meteo:era5_seamless:-23.4:-46.8,2024-08-15,33.73,7.32,30.86,4,trigger,synthetic,synthetic,synthetic,synth-v1.0.0,42,932480f22477dd00,baseline
SP-021:sul:005000:2024-09-24,SP-021:sul:005000,SP-021,sul,5.25,open-meteo:era5_seamless:-23.4:-46.8,2024-09-24,41.47,3.62,30.86,9,trigger,synthetic,synthetic,synthetic,synth-v1.0.0,42,932480f22477dd00,baseline
SP-021:sul:005000:2024-11-19,SP-021:sul:005000,SP-021,sul,5.25,open-meteo:era5_seamless:-23.4:-46.8,2024-11-19,53.69,4.74,30.86,16,trigger,synthetic,synthetic,synthetic,synth-v1.0.0,42,932480f22477dd00,baseline
SP-021:sul:005000:2025-01-01,SP-021:sul:005000,SP-021,sul,5.25,open-meteo:era5_seamless:-23.4:-46.8,2025-01-01,55.79,6.47,30.86,17,trigger,synthetic,synthetic,synthetic,synth-v1.0.0,42,932480f22477dd00,baseline
SP-021:sul:005000:2025-02-07,SP-021:sul:005000,SP-021,sul,5.25,open-meteo:era5_seamless:-23.4:-46.8,2025-02-07,57.07,3.64,30.86,12,trigger,synthetic,synthetic,synthetic,synth-v1.0.0,42,932480f22477dd00,baseline
SP-021:sul:005000:2025-03-05,SP-021:sul:005000,SP-021,sul,5.25,open-meteo:era5_seamless:-23.4:-46.8,2025-03-05,40.9,4.49,30.86,3,trigger,synthetic,synthetic,synthetic,synth-v1.0.0,42,932480f22477dd00,baseline
SP-021:sul:005000:2025-04-16,SP-021:sul:005000,SP-021,sul,5.25,open-meteo:era5_seamless:-23.4:-46.8,2025-04-16,49.42,6.87,30.86,10,trigger,synthetic,synthetic,synthetic,synth-v1.0.0,42,932480f22477dd00,baseline
SP-021:sul:005000:2025-06-05,SP-021:sul:005000,SP-021,sul,5.25,open-meteo:era5_seamless:-23.4:-46.8,2025-06-05,42.21,3.86,30.86,11,trigger,synthetic,synthetic,synthetic,synth-v1.0.0,42,932480f22477dd00,baseline
SP-021:sul:005000:2025-10-02,SP-021:sul:005000,SP-021,sul,5.25,open-meteo:era5_seamless:-23.4:-46.8,2025-10-02,47.88,5.85,30.86,18,trigger,synthetic,synthetic,synthetic,synth-v1.0.0,42,932480f22477dd00,baseline
SP-021:sul:005000:2025-11-23,SP-021:sul:005000,SP-021,sul,5.25,open-meteo:era5_seamless:-23.4:-46.8,2025-11-23,44.6,4.54,30.86,7,trigger,synthetic,synthetic,synthetic,synth-v1.0.0,42,932480f22477dd00,baseline
SP-021:sul:005000:2026-01-22,SP-021:sul:005000,SP-021,sul,5.25,open-meteo:era5_seamless:-23.4:-46.8,2026-01-22,61.29,6.8,30.86,25,trigger,synthetic,synthetic,synthetic,synth-v1.0.0,42,932480f22477dd00,baseline
SP-021:sul:005000:2026-03-05,SP-021:sul:005000,SP-021,sul,5.25,open-meteo:era5_seamless:-23.4:-46.8,2026-03-05,58.42,4.9,30.86,18,trigger,synthetic,synthetic,synthetic,synth-v1.0.0,42,932480f22477dd00,baseline
SP-021:sul:005000:2026-04-11,SP-021:sul:005000,SP-021,sul,5.25,open-meteo:era5_seamless:-23.4:-46.8,2026-04-11,49.1,7.44,30.86,6,trigger,synthetic,synthetic,synthetic,synth-v1.0.0,42,932480f22477dd00,baseline
SP-021:sul:005000:2026-05-13,SP-021:sul:005000,SP-021,sul,5.25,open-meteo:era5_seamless:-23.4:-46.8,2026-05-13,32.12,3.23,30.86,3,trigger,synthetic,synthetic,synthetic,synth-v1.0.0,42,932480f22477dd00,baseline
SP-021:sul:005000:2026-08-31,SP-021:sul:005000,SP-021,sul,5.25,open-meteo:era5_seamless:-23.4:-46.8,2026-08-31,45.81,7.4,30.86,8,trigger,synthetic,synthetic,synthetic,synth-v1.0.0,42,932480f22477dd00,baseline
SP-021:norte:005500:2023-02-26,SP-021:norte:005500,SP-021,norte,5.75,open-meteo:era5_seamless:-23.4:-46.8,2023-02-26,67.98,7.18,55.76,14,trigger,synthetic,synthetic,synthetic,synth-v1.0.0,42,932480f22477dd00,baseline
SP-021:norte:005500:2023-04-29,SP-021:norte:005500,SP-021,norte,5.75,open-meteo:era5_seamless:-23.4:-46.8,2023-04-29,62.22,3.43,55.76,13,trigger,synthetic,synthetic,synthetic,synth-v1.0.0,42,932480f22477dd00,baseline
SP-021:norte:005500:2023-10-12,SP-021:norte:005500,SP-021,norte,5.75,open-meteo:era5_seamless:-23.4:-46.8,2023-10-12,66.2,3.45,55.76,11,trigger,synthetic,synthetic,synthetic,synth-v1.0.0,42,932480f22477dd00,baseline
SP-021:norte:005500:2024-01-04,SP-021:norte:005500,SP-021,norte,5.75,open-meteo:era5_seamless:-23.4:-46.8,2024-01-04,67.82,5.73,55.76,11,trigger,synthetic,synthetic,synthetic,synth-v1.0.0,42,932480f22477dd00,baseline
SP-021:norte:005500:2024-03-01,SP-021:norte:005500,SP-021,norte,5.75,open-meteo:era5_seamless:-23.4:-46.8,2024-03-01,63.53,5.78,55.76,5,trigger,synthetic,synthetic,synthetic,synth-v1.0.0,42,932480f22477dd00,baseline
SP-021:norte:005500:2024-05-01,SP-021:norte:005500,SP-021,norte,5.75,open-meteo:era5_seamless:-23.4:-46.8,2024-05-01,66.35,5.19,55.76,10,trigger,synthetic,synthetic,synthetic,synth-v1.0.0,42,932480f22477dd00,baseline
SP-021:norte:005500:2024-09-13,SP-021:norte:005500,SP-021,norte,5.75,open-meteo:era5_seamless:-23.4:-46.8,2024-09-13,63.9,7.47,55.76,12,trigger,synthetic,synthetic,synthetic,synth-v1.0.0,42,932480f22477dd00,baseline
SP-021:norte:005500:2024-11-26,SP-021:norte:005500,SP-021,norte,5.75,open-meteo:era5_seamless:-23.4:-46.8,2024-11-26,62.84,6.94,55.76,9,trigger,synthetic,synthetic,synthetic,synth-v1.0.0,42,932480f22477dd00,baseline
SP-021:norte:005500:2025-01-14,SP-021:norte:005500,SP-021,norte,5.75,open-meteo:era5_seamless:-23.4:-46.8,2025-01-14,57.65,6.64,55.76,9,proactive,synthetic,synthetic,synthetic,synth-v1.0.0,42,932480f22477dd00,baseline
SP-021:norte:005500:2025-02-25,SP-021:norte:005500,SP-021,norte,5.75,open-meteo:era5_seamless:-23.4:-46.8,2025-02-25,60.87,7.99,55.76,2,trigger,synthetic,synthetic,synthetic,synth-v1.0.0,42,932480f22477dd00,baseline
SP-021:norte:005500:2025-05-02,SP-021:norte:005500,SP-021,norte,5.75,open-meteo:era5_seamless:-23.4:-46.8,2025-05-02,63.65,3.2,55.76,5,trigger,synthetic,synthetic,synthetic,synth-v1.0.0,42,932480f22477dd00,baseline
SP-021:norte:005500:2025-10-20,SP-021:norte:005500,SP-021,norte,5.75,open-meteo:era5_seamless:-23.4:-46.8,2025-10-20,59.69,4.43,55.76,8,trigger,synthetic,synthetic,synthetic,synth-v1.0.0,42,932480f22477dd00,baseline
SP-021:norte:005500:2025-12-30,SP-021:norte:005500,SP-021,norte,5.75,open-meteo:era5_seamless:-23.4:-46.8,2025-12-30,57.0,3.26,55.76,2,proactive,synthetic,synthetic,synthetic,synth-v1.0.0,42,932480f22477dd00,baseline
SP-021:norte:005500:2026-03-02,SP-021:norte:005500,SP-021,norte,5.75,open-meteo:era5_seamless:-23.4:-46.8,2026-03-02,61.79,6.17,55.76,8,trigger,synthetic,synthetic,synthetic,synth-v1.0.0,42,932480f22477dd00,baseline
SP-021:norte:005500:2026-05-01,SP-021:norte:005500,SP-021,norte,5.75,open-meteo:era5_seamless:-23.4:-46.8,2026-05-01,59.28,5.29,55.76,5,trigger,synthetic,synthetic,synthetic,synth-v1.0.0,42,932480f22477dd00,baseline
SP-021:norte:005500:2026-09-01,SP-021:norte:005500,SP-021,norte,5.75,open-meteo:era5_seamless:-23.4:-46.8,2026-09-01,47.23,5.99,55.76,10,proactive,synthetic,synthetic,synthetic,synth-v1.0.0,42,932480f22477dd00,baseline
SP-021:sul:005500:2023-02-21,SP-021:sul:005500,SP-021,sul,5.75,open-meteo:era5_seamless:-23.4:-46.8,2023-02-21,110.55,6.13,62.04,16,trigger,synthetic,synthetic,synthetic,synth-v1.0.0,42,932480f22477dd00,baseline
SP-021:sul:005500:2023-04-07,SP-021:sul:005500,SP-021,sul,5.75,open-meteo:era5_seamless:-23.4:-46.8,2023-04-07,90.52,7.05,62.04,12,trigger,synthetic,synthetic,synthetic,synth-v1.0.0,42,932480f22477dd00,baseline
SP-021:sul:005500:2023-07-18,SP-021:sul:005500,SP-021,sul,5.75,open-meteo:era5_seamless:-23.4:-46.8,2023-07-18,65.46,5.64,62.04,2,trigger,synthetic,synthetic,synthetic,synth-v1.0.0,42,932480f22477dd00,baseline
SP-021:sul:005500:2023-09-26,SP-021:sul:005500,SP-021,sul,5.75,open-meteo:era5_seamless:-23.4:-46.8,2023-09-26,73.52,3.87,62.04,2,trigger,synthetic,synthetic,synthetic,synth-v1.0.0,42,932480f22477dd00,baseline
SP-021:sul:005500:2023-11-11,SP-021:sul:005500,SP-021,sul,5.75,open-meteo:era5_seamless:-23.4:-46.8,2023-11-11,50.59,4.6,62.04,6,proactive,synthetic,synthetic,synthetic,synth-v1.0.0,42,932480f22477dd00,baseline
SP-021:sul:005500:2024-01-02,SP-021:sul:005500,SP-021,sul,5.75,open-meteo:era5_seamless:-23.4:-46.8,2024-01-02,85.86,7.53,62.04,9,trigger,synthetic,synthetic,synthetic,synth-v1.0.0,42,932480f22477dd00,baseline
SP-021:sul:005500:2024-03-05,SP-021:sul:005500,SP-021,sul,5.75,open-meteo:era5_seamless:-23.4:-46.8,2024-03-05,112.72,7.47,62.04,23,trigger,synthetic,synthetic,synthetic,synth-v1.0.0,42,932480f22477dd00,baseline
SP-021:sul:005500:2024-04-10,SP-021:sul:005500,SP-021,sul,5.75,open-meteo:era5_seamless:-23.4:-46.8,2024-04-10,72.86,7.57,62.04,3,trigger,synthetic,synthetic,synthetic,synth-v1.0.0,42,932480f22477dd00,baseline
SP-021:sul:005500:2024-05-28,SP-021:sul:005500,SP-021,sul,5.75,open-meteo:era5_seamless:-23.4:-46.8,2024-05-28,71.22,5.86,62.04,2,trigger,synthetic,synthetic,synthetic,synth-v1.0.0,42,932480f22477dd00,baseline
SP-021:sul:005500:2024-08-20,SP-021:sul:005500,SP-021,sul,5.75,open-meteo:era5_seamless:-23.4:-46.8,2024-08-20,51.25,6.74,62.04,2,proactive,synthetic,synthetic,synthetic,synth-v1.0.0,42,932480f22477dd00,baseline
SP-021:sul:005500:2024-10-20,SP-021:sul:005500,SP-021,sul,5.75,open-meteo:era5_seamless:-23.4:-46.8,2024-10-20,78.75,5.64,62.04,7,trigger,synthetic,synthetic,synthetic,synth-v1.0.0,42,932480f22477dd00,baseline
SP-021:sul:005500:2024-12-12,SP-021:sul:005500,SP-021,sul,5.75,open-meteo:era5_seamless:-23.4:-46.8,2024-12-12,84.8,7.92,62.04,4,trigger,synthetic,synthetic,synthetic,synth-v1.0.0,42,932480f22477dd00,baseline
SP-021:sul:005500:2025-01-27,SP-021:sul:005500,SP-021,sul,5.75,open-meteo:era5_seamless:-23.4:-46.8,2025-01-27,93.66,6.04,62.04,8,trigger,synthetic,synthetic,synthetic,synth-v1.0.0,42,932480f22477dd00,baseline
SP-021:sul:005500:2025-03-11,SP-021:sul:005500,SP-021,sul,5.75,open-meteo:era5_seamless:-23.4:-46.8,2025-03-11,97.48,5.26,62.04,9,trigger,synthetic,synthetic,synthetic,synth-v1.0.0,42,932480f22477dd00,baseline
SP-021:sul:005500:2025-04-30,SP-021:sul:005500,SP-021,sul,5.75,open-meteo:era5_seamless:-23.4:-46.8,2025-04-30,69.79,6.33,62.04,3,trigger,synthetic,synthetic,synthetic,synth-v1.0.0,42,932480f22477dd00,baseline
SP-021:sul:005500:2025-09-05,SP-021:sul:005500,SP-021,sul,5.75,open-meteo:era5_seamless:-23.4:-46.8,2025-09-05,71.75,4.99,62.04,5,trigger,synthetic,synthetic,synthetic,synth-v1.0.0,42,932480f22477dd00,baseline
SP-021:sul:005500:2025-11-27,SP-021:sul:005500,SP-021,sul,5.75,open-meteo:era5_seamless:-23.4:-46.8,2025-11-27,85.19,6.35,62.04,4,trigger,synthetic,synthetic,synthetic,synth-v1.0.0,42,932480f22477dd00,baseline
SP-021:sul:005500:2026-01-12,SP-021:sul:005500,SP-021,sul,5.75,open-meteo:era5_seamless:-23.4:-46.8,2026-01-12,85.76,4.78,62.04,8,trigger,synthetic,synthetic,synthetic,synth-v1.0.0,42,932480f22477dd00,baseline
SP-021:sul:005500:2026-03-21,SP-021:sul:005500,SP-021,sul,5.75,open-meteo:era5_seamless:-23.4:-46.8,2026-03-21,111.56,4.78,62.04,27,trigger,synthetic,synthetic,synthetic,synth-v1.0.0,42,932480f22477dd00,baseline
SP-021:sul:005500:2026-05-14,SP-021:sul:005500,SP-021,sul,5.75,open-meteo:era5_seamless:-23.4:-46.8,2026-05-14,68.77,6.73,62.04,4,trigger,synthetic,synthetic,synthetic,synth-v1.0.0,42,932480f22477dd00,baseline
SP-021:sul:005500:2026-09-01,SP-021:sul:005500,SP-021,sul,5.75,open-meteo:era5_seamless:-23.4:-46.8,2026-09-01,68.82,6.18,62.04,4,trigger,synthetic,synthetic,synthetic,synth-v1.0.0,42,932480f22477dd00,baseline
SP-021:norte:006000:2023-02-07,SP-021:norte:006000,SP-021,norte,6.25,open-meteo:era5_seamless:-23.4:-46.8,2023-02-07,94.14,3.87,66.63,9,trigger,synthetic,synthetic,synthetic,synth-v1.0.0,42,932480f22477dd00,baseline
SP-021:norte:006000:2023-04-08,SP-021:norte:006000,SP-021,norte,6.25,open-meteo:era5_seamless:-23.4:-46.8,2023-04-08,94.42,4.04,66.63,13,trigger,synthetic,synthetic,synthetic,synth-v1.0.0,42,932480f22477dd00,baseline
SP-021:norte:006000:2023-08-18,SP-021:norte:006000,SP-021,norte,6.25,open-meteo:era5_seamless:-23.4:-46.8,2023-08-18,77.33,3.32,66.63,5,trigger,synthetic,synthetic,synthetic,synth-v1.0.0,42,932480f22477dd00,baseline
SP-021:norte:006000:2023-11-02,SP-021:norte:006000,SP-021,norte,6.25,open-meteo:era5_seamless:-23.4:-46.8,2023-11-02,86.09,6.91,66.63,4,trigger,synthetic,synthetic,synthetic,synth-v1.0.0,42,932480f22477dd00,baseline
SP-021:norte:006000:2023-12-20,SP-021:norte:006000,SP-021,norte,6.25,open-meteo:era5_seamless:-23.4:-46.8,2023-12-20,81.01,5.88,66.63,3,trigger,synthetic,synthetic,synthetic,synth-v1.0.0,42,932480f22477dd00,baseline
SP-021:norte:006000:2024-02-18,SP-021:norte:006000,SP-021,norte,6.25,open-meteo:era5_seamless:-23.4:-46.8,2024-02-18,94.33,7.2,66.63,14,trigger,synthetic,synthetic,synthetic,synth-v1.0.0,42,932480f22477dd00,baseline
SP-021:norte:006000:2024-04-04,SP-021:norte:006000,SP-021,norte,6.25,open-meteo:era5_seamless:-23.4:-46.8,2024-04-04,89.46,6.08,66.63,11,trigger,synthetic,synthetic,synthetic,synth-v1.0.0,42,932480f22477dd00,baseline
SP-021:norte:006000:2024-05-26,SP-021:norte:006000,SP-021,norte,6.25,open-meteo:era5_seamless:-23.4:-46.8,2024-05-26,76.97,5.31,66.63,7,trigger,synthetic,synthetic,synthetic,synth-v1.0.0,42,932480f22477dd00,baseline
SP-021:norte:006000:2024-09-20,SP-021:norte:006000,SP-021,norte,6.25,open-meteo:era5_seamless:-23.4:-46.8,2024-09-20,88.87,4.68,66.63,5,trigger,synthetic,synthetic,synthetic,synth-v1.0.0,42,932480f22477dd00,baseline
SP-021:norte:006000:2024-12-01,SP-021:norte:006000,SP-021,norte,6.25,open-meteo:era5_seamless:-23.4:-46.8,2024-12-01,87.77,4.06,66.63,7,trigger,synthetic,synthetic,synthetic,synth-v1.0.0,42,932480f22477dd00,baseline
SP-021:norte:006000:2025-01-24,SP-021:norte:006000,SP-021,norte,6.25,open-meteo:era5_seamless:-23.4:-46.8,2025-01-24,83.6,4.12,66.63,5,trigger,synthetic,synthetic,synthetic,synth-v1.0.0,42,932480f22477dd00,baseline
SP-021:norte:006000:2025-03-09,SP-021:norte:006000,SP-021,norte,6.25,open-meteo:era5_seamless:-23.4:-46.8,2025-03-09,79.69,5.09,66.63,7,trigger,synthetic,synthetic,synthetic,synth-v1.0.0,42,932480f22477dd00,baseline
SP-021:norte:006000:2025-05-09,SP-021:norte:006000,SP-021,norte,6.25,open-meteo:era5_seamless:-23.4:-46.8,2025-05-09,73.52,7.87,66.63,5,trigger,synthetic,synthetic,synthetic,synth-v1.0.0,42,932480f22477dd00,baseline
SP-021:norte:006000:2025-09-20,SP-021:norte:006000,SP-021,norte,6.25,open-meteo:era5_seamless:-23.4:-46.8,2025-09-20,79.13,7.23,66.63,6,trigger,synthetic,synthetic,synthetic,synth-v1.0.0,42,932480f22477dd00,baseline
SP-021:norte:006000:2025-11-27,SP-021:norte:006000,SP-021,norte,6.25,open-meteo:era5_seamless:-23.4:-46.8,2025-11-27,71.46,7.62,66.63,4,trigger,synthetic,synthetic,synthetic,synth-v1.0.0,42,932480f22477dd00,baseline
SP-021:norte:006000:2026-02-08,SP-021:norte:006000,SP-021,norte,6.25,open-meteo:era5_seamless:-23.4:-46.8,2026-02-08,102.01,4.98,66.63,28,trigger,synthetic,synthetic,synthetic,synth-v1.0.0,42,932480f22477dd00,baseline
SP-021:norte:006000:2026-03-24,SP-021:norte:006000,SP-021,norte,6.25,open-meteo:era5_seamless:-23.4:-46.8,2026-03-24,74.31,6.25,66.63,2,trigger,synthetic,synthetic,synthetic,synth-v1.0.0,42,932480f22477dd00,baseline
SP-021:norte:006000:2026-05-28,SP-021:norte:006000,SP-021,norte,6.25,open-meteo:era5_seamless:-23.4:-46.8,2026-05-28,72.12,3.81,66.63,4,trigger,synthetic,synthetic,synthetic,synth-v1.0.0,42,932480f22477dd00,baseline
SP-021:sul:006000:2023-01-26,SP-021:sul:006000,SP-021,sul,6.25,open-meteo:era5_seamless:-23.4:-46.8,2023-01-26,92.08,7.6,57.12,11,trigger,synthetic,synthetic,synthetic,synth-v1.0.0,42,932480f22477dd00,baseline
SP-021:sul:006000:2023-03-05,SP-021:sul:006000,SP-021,sul,6.25,open-meteo:era5_seamless:-23.4:-46.8,2023-03-05,91.69,6.03,57.12,7,trigger,synthetic,synthetic,synthetic,synth-v1.0.0,42,932480f22477dd00,baseline
SP-021:sul:006000:2023-04-17,SP-021:sul:006000,SP-021,sul,6.25,open-meteo:era5_seamless:-23.4:-46.8,2023-04-17,77.46,3.18,57.12,8,trigger,synthetic,synthetic,synthetic,synth-v1.0.0,42,932480f22477dd00,baseline
SP-021:sul:006000:2023-08-27,SP-021:sul:006000,SP-021,sul,6.25,open-meteo:era5_seamless:-23.4:-46.8,2023-08-27,83.56,4.69,57.12,14,trigger,synthetic,synthetic,synthetic,synth-v1.0.0,42,932480f22477dd00,baseline
SP-021:sul:006000:2023-10-16,SP-021:sul:006000,SP-021,sul,6.25,open-meteo:era5_seamless:-23.4:-46.8,2023-10-16,71.81,3.05,57.12,8,trigger,synthetic,synthetic,synthetic,synth-v1.0.0,42,932480f22477dd00,baseline
SP-021:sul:006000:2023-11-28,SP-021:sul:006000,SP-021,sul,6.25,open-meteo:era5_seamless:-23.4:-46.8,2023-11-28,53.53,4.31,57.12,2,proactive,synthetic,synthetic,synthetic,synth-v1.0.0,42,932480f22477dd00,baseline
SP-021:sul:006000:2024-01-13,SP-021:sul:006000,SP-021,sul,6.25,open-meteo:era5_seamless:-23.4:-46.8,2024-01-13,77.48,7.62,57.12,6,trigger,synthetic,synthetic,synthetic,synth-v1.0.0,42,932480f22477dd00,baseline
SP-021:sul:006000:2024-02-16,SP-021:sul:006000,SP-021,sul,6.25,open-meteo:era5_seamless:-23.4:-46.8,2024-02-16,70.87,6.18,57.12,5,trigger,synthetic,synthetic,synthetic,synth-v1.0.0,42,932480f22477dd00,baseline
SP-021:sul:006000:2024-03-31,SP-021:sul:006000,SP-021,sul,6.25,open-meteo:era5_seamless:-23.4:-46.8,2024-03-31,98.15,5.21,57.12,14,trigger,synthetic,synthetic,synthetic,synth-v1.0.0,42,932480f22477dd00,baseline
SP-021:sul:006000:2024-05-24,SP-021:sul:006000,SP-021,sul,6.25,open-meteo:era5_seamless:-23.4:-46.8,2024-05-24,93.81,4.18,57.12,12,trigger,synthetic,synthetic,synthetic,synth-v1.0.0,42,932480f22477dd00,baseline
SP-021:sul:006000:2024-09-04,SP-021:sul:006000,SP-021,sul,6.25,open-meteo:era5_seamless:-23.4:-46.8,2024-09-04,71.44,4.46,57.12,3,trigger,synthetic,synthetic,synthetic,synth-v1.0.0,42,932480f22477dd00,baseline
SP-021:sul:006000:2024-11-10,SP-021:sul:006000,SP-021,sul,6.25,open-meteo:era5_seamless:-23.4:-46.8,2024-11-10,94.68,7.56,57.12,14,trigger,synthetic,synthetic,synthetic,synth-v1.0.0,42,932480f22477dd00,baseline
SP-021:sul:006000:2024-12-20,SP-021:sul:006000,SP-021,sul,6.25,open-meteo:era5_seamless:-23.4:-46.8,2024-12-20,72.69,3.57,57.12,5,trigger,synthetic,synthetic,synthetic,synth-v1.0.0,42,932480f22477dd00,baseline
SP-021:sul:006000:2025-02-04,SP-021:sul:006000,SP-021,sul,6.25,open-meteo:era5_seamless:-23.4:-46.8,2025-02-04,87.1,3.02,57.12,9,trigger,synthetic,synthetic,synthetic,synth-v1.0.0,42,932480f22477dd00,baseline
SP-021:sul:006000:2025-03-25,SP-021:sul:006000,SP-021,sul,6.25,open-meteo:era5_seamless:-23.4:-46.8,2025-03-25,92.84,6.13,57.12,9,trigger,synthetic,synthetic,synthetic,synth-v1.0.0,42,932480f22477dd00,baseline
SP-021:sul:006000:2025-05-08,SP-021:sul:006000,SP-021,sul,6.25,open-meteo:era5_seamless:-23.4:-46.8,2025-05-08,59.95,3.56,57.12,4,proactive,synthetic,synthetic,synthetic,synth-v1.0.0,42,932480f22477dd00,baseline
SP-021:sul:006000:2025-09-18,SP-021:sul:006000,SP-021,sul,6.25,open-meteo:era5_seamless:-23.4:-46.8,2025-09-18,67.89,4.0,57.12,4,trigger,synthetic,synthetic,synthetic,synth-v1.0.0,42,932480f22477dd00,baseline
SP-021:sul:006000:2025-12-02,SP-021:sul:006000,SP-021,sul,6.25,open-meteo:era5_seamless:-23.4:-46.8,2025-12-02,79.96,3.19,57.12,9,trigger,synthetic,synthetic,synthetic,synth-v1.0.0,42,932480f22477dd00,baseline
SP-021:sul:006000:2026-01-24,SP-021:sul:006000,SP-021,sul,6.25,open-meteo:era5_seamless:-23.4:-46.8,2026-01-24,81.57,7.51,57.12,13,trigger,synthetic,synthetic,synthetic,synth-v1.0.0,42,932480f22477dd00,baseline
SP-021:sul:006000:2026-03-03,SP-021:sul:006000,SP-021,sul,6.25,open-meteo:era5_seamless:-23.4:-46.8,2026-03-03,82.46,7.2,57.12,9,trigger,synthetic,synthetic,synthetic,synth-v1.0.0,42,932480f22477dd00,baseline
SP-021:sul:006000:2026-04-10,SP-021:sul:006000,SP-021,sul,6.25,open-meteo:era5_seamless:-23.4:-46.8,2026-04-10,77.03,5.63,57.12,5,trigger,synthetic,synthetic,synthetic,synth-v1.0.0,42,932480f22477dd00,baseline
SP-021:sul:006000:2026-06-28,SP-021:sul:006000,SP-021,sul,6.25,open-meteo:era5_seamless:-23.4:-46.8,2026-06-28,60.4,5.95,57.12,7,trigger,synthetic,synthetic,synthetic,synth-v1.0.0,42,932480f22477dd00,baseline
SP-021:norte:006500:2023-01-05,SP-021:norte:006500,SP-021,norte,6.75,open-meteo:era5_seamless:-23.4:-46.8,2023-01-05,43.64,7.07,62.43,4,proactive,synthetic,synthetic,synthetic,synth-v1.0.0,42,932480f22477dd00,baseline
SP-021:norte:006500:2023-02-23,SP-021:norte:006500,SP-021,norte,6.75,open-meteo:era5_seamless:-23.4:-46.8,2023-02-23,77.53,4.37,62.43,4,trigger,synthetic,synthetic,synthetic,synth-v1.0.0,42,932480f22477dd00,baseline
SP-021:norte:006500:2023-04-14,SP-021:norte:006500,SP-021,norte,6.75,open-meteo:era5_seamless:-23.4:-46.8,2023-04-14,68.22,7.51,62.43,5,trigger,synthetic,synthetic,synthetic,synth-v1.0.0,42,932480f22477dd00,baseline
SP-021:norte:006500:2023-08-25,SP-021:norte:006500,SP-021,norte,6.75,open-meteo:era5_seamless:-23.4:-46.8,2023-08-25,71.12,4.92,62.43,5,trigger,synthetic,synthetic,synthetic,synth-v1.0.0,42,932480f22477dd00,baseline
SP-021:norte:006500:2023-11-05,SP-021:norte:006500,SP-021,norte,6.75,open-meteo:era5_seamless:-23.4:-46.8,2023-11-05,78.51,3.93,62.43,7,trigger,synthetic,synthetic,synthetic,synth-v1.0.0,42,932480f22477dd00,baseline
SP-021:norte:006500:2024-01-04,SP-021:norte:006500,SP-021,norte,6.75,open-meteo:era5_seamless:-23.4:-46.8,2024-01-04,71.44,6.34,62.43,4,trigger,synthetic,synthetic,synthetic,synth-v1.0.0,42,932480f22477dd00,baseline
SP-021:norte:006500:2024-03-05,SP-021:norte:006500,SP-021,norte,6.75,open-meteo:era5_seamless:-23.4:-46.8,2024-03-05,88.48,4.55,62.43,16,trigger,synthetic,synthetic,synthetic,synth-v1.0.0,42,932480f22477dd00,baseline
SP-021:norte:006500:2024-04-23,SP-021:norte:006500,SP-021,norte,6.75,open-meteo:era5_seamless:-23.4:-46.8,2024-04-23,67.39,7.09,62.43,2,trigger,synthetic,synthetic,synthetic,synth-v1.0.0,42,932480f22477dd00,baseline
SP-021:norte:006500:2024-08-05,SP-021:norte:006500,SP-021,norte,6.75,open-meteo:era5_seamless:-23.4:-46.8,2024-08-05,71.79,3.33,62.43,8,trigger,synthetic,synthetic,synthetic,synth-v1.0.0,42,932480f22477dd00,baseline
SP-021:norte:006500:2024-10-22,SP-021:norte:006500,SP-021,norte,6.75,open-meteo:era5_seamless:-23.4:-46.8,2024-10-22,52.04,7.37,62.43,9,proactive,synthetic,synthetic,synthetic,synth-v1.0.0,42,932480f22477dd00,baseline
SP-021:norte:006500:2024-12-10,SP-021:norte:006500,SP-021,norte,6.75,open-meteo:era5_seamless:-23.4:-46.8,2024-12-10,63.78,3.52,62.43,2,trigger,synthetic,synthetic,synthetic,synth-v1.0.0,42,932480f22477dd00,baseline
SP-021:norte:006500:2025-02-16,SP-021:norte:006500,SP-021,norte,6.75,open-meteo:era5_seamless:-23.4:-46.8,2025-02-16,91.03,7.63,62.43,14,trigger,synthetic,synthetic,synthetic,synth-v1.0.0,42,932480f22477dd00,baseline
SP-021:norte:006500:2025-04-13,SP-021:norte:006500,SP-021,norte,6.75,open-meteo:era5_seamless:-23.4:-46.8,2025-04-13,81.51,4.14,62.43,14,trigger,synthetic,synthetic,synthetic,synth-v1.0.0,42,932480f22477dd00,baseline
SP-021:norte:006500:2025-09-17,SP-021:norte:006500,SP-021,norte,6.75,open-meteo:era5_seamless:-23.4:-46.8,2025-09-17,72.84,5.0,62.43,10,trigger,synthetic,synthetic,synthetic,synth-v1.0.0,42,932480f22477dd00,baseline
SP-021:norte:006500:2025-12-09,SP-021:norte:006500,SP-021,norte,6.75,open-meteo:era5_seamless:-23.4:-46.8,2025-12-09,69.25,4.45,62.43,2,trigger,synthetic,synthetic,synthetic,synth-v1.0.0,42,932480f22477dd00,baseline
SP-021:norte:006500:2026-02-04,SP-021:norte:006500,SP-021,norte,6.75,open-meteo:era5_seamless:-23.4:-46.8,2026-02-04,71.06,7.81,62.43,3,trigger,synthetic,synthetic,synthetic,synth-v1.0.0,42,932480f22477dd00,baseline
SP-021:norte:006500:2026-03-11,SP-021:norte:006500,SP-021,norte,6.75,open-meteo:era5_seamless:-23.4:-46.8,2026-03-11,53.85,7.71,62.43,3,proactive,synthetic,synthetic,synthetic,synth-v1.0.0,42,932480f22477dd00,baseline
SP-021:norte:006500:2026-04-21,SP-021:norte:006500,SP-021,norte,6.75,open-meteo:era5_seamless:-23.4:-46.8,2026-04-21,56.38,4.64,62.43,9,proactive,synthetic,synthetic,synthetic,synth-v1.0.0,42,932480f22477dd00,baseline
SP-021:norte:006500:2026-09-01,SP-021:norte:006500,SP-021,norte,6.75,open-meteo:era5_seamless:-23.4:-46.8,2026-09-01,69.66,7.25,62.43,6,trigger,synthetic,synthetic,synthetic,synth-v1.0.0,42,932480f22477dd00,baseline
SP-021:sul:006500:2023-01-17,SP-021:sul:006500,SP-021,sul,6.75,open-meteo:era5_seamless:-23.4:-46.8,2023-01-17,48.0,5.46,42.0,2,trigger,synthetic,synthetic,synthetic,synth-v1.0.0,42,932480f22477dd00,baseline
SP-021:sul:006500:2023-02-14,SP-021:sul:006500,SP-021,sul,6.75,open-meteo:era5_seamless:-23.4:-46.8,2023-02-14,45.99,3.98,42.0,2,trigger,synthetic,synthetic,synthetic,synth-v1.0.0,42,932480f22477dd00,baseline
SP-021:sul:006500:2023-03-21,SP-021:sul:006500,SP-021,sul,6.75,open-meteo:era5_seamless:-23.4:-46.8,2023-03-21,63.92,4.78,42.0,9,trigger,synthetic,synthetic,synthetic,synth-v1.0.0,42,932480f22477dd00,baseline
SP-021:sul:006500:2023-05-17,SP-021:sul:006500,SP-021,sul,6.75,open-meteo:era5_seamless:-23.4:-46.8,2023-05-17,67.2,3.95,42.0,17,trigger,synthetic,synthetic,synthetic,synth-v1.0.0,42,932480f22477dd00,baseline
SP-021:sul:006500:2023-08-28,SP-021:sul:006500,SP-021,sul,6.75,open-meteo:era5_seamless:-23.4:-46.8,2023-08-28,55.96,4.53,42.0,8,trigger,synthetic,synthetic,synthetic,synth-v1.0.0,42,932480f22477dd00,baseline
SP-021:sul:006500:2023-10-16,SP-021:sul:006500,SP-021,sul,6.75,open-meteo:era5_seamless:-23.4:-46.8,2023-10-16,62.85,5.92,42.0,8,trigger,synthetic,synthetic,synthetic,synth-v1.0.0,42,932480f22477dd00,baseline
SP-021:sul:006500:2023-11-21,SP-021:sul:006500,SP-021,sul,6.75,open-meteo:era5_seamless:-23.4:-46.8,2023-11-21,59.88,7.87,42.0,2,trigger,synthetic,synthetic,synthetic,synth-v1.0.0,42,932480f22477dd00,baseline
SP-021:sul:006500:2023-12-29,SP-021:sul:006500,SP-021,sul,6.75,open-meteo:era5_seamless:-23.4:-46.8,2023-12-29,69.77,7.03,42.0,12,trigger,synthetic,synthetic,synthetic,synth-v1.0.0,42,932480f22477dd00,baseline
SP-021:sul:006500:2024-02-10,SP-021:sul:006500,SP-021,sul,6.75,open-meteo:era5_seamless:-23.4:-46.8,2024-02-10,76.65,6.62,42.0,13,trigger,synthetic,synthetic,synthetic,synth-v1.0.0,42,932480f22477dd00,baseline
SP-021:sul:006500:2024-03-12,SP-021:sul:006500,SP-021,sul,6.75,open-meteo:era5_seamless:-23.4:-46.8,2024-03-12,66.58,5.08,42.0,2,trigger,synthetic,synthetic,synthetic,synth-v1.0.0,42,932480f22477dd00,baseline
SP-021:sul:006500:2024-04-30,SP-021:sul:006500,SP-021,sul,6.75,open-meteo:era5_seamless:-23.4:-46.8,2024-04-30,80.71,7.81,42.0,9,trigger,synthetic,synthetic,synthetic,synth-v1.0.0,42,932480f22477dd00,baseline
SP-021:sul:006500:2024-06-14,SP-021:sul:006500,SP-021,sul,6.75,open-meteo:era5_seamless:-23.4:-46.8,2024-06-14,48.26,6.27,42.0,5,trigger,synthetic,synthetic,synthetic,synth-v1.0.0,42,932480f22477dd00,baseline
SP-021:sul:006500:2024-08-28,SP-021:sul:006500,SP-021,sul,6.75,open-meteo:era5_seamless:-23.4:-46.8,2024-08-28,56.14,3.42,42.0,10,trigger,synthetic,synthetic,synthetic,synth-v1.0.0,42,932480f22477dd00,baseline
SP-021:sul:006500:2024-10-11,SP-021:sul:006500,SP-021,sul,6.75,open-meteo:era5_seamless:-23.4:-46.8,2024-10-11,49.41,7.4,42.0,5,trigger,synthetic,synthetic,synthetic,synth-v1.0.0,42,932480f22477dd00,baseline
SP-021:sul:006500:2024-11-30,SP-021:sul:006500,SP-021,sul,6.75,open-meteo:era5_seamless:-23.4:-46.8,2024-11-30,76.95,6.38,42.0,13,trigger,synthetic,synthetic,synthetic,synth-v1.0.0,42,932480f22477dd00,baseline
SP-021:sul:006500:2025-01-08,SP-021:sul:006500,SP-021,sul,6.75,open-meteo:era5_seamless:-23.4:-46.8,2025-01-08,71.14,6.68,42.0,10,trigger,synthetic,synthetic,synthetic,synth-v1.0.0,42,932480f22477dd00,baseline
SP-021:sul:006500:2025-02-05,SP-021:sul:006500,SP-021,sul,6.75,open-meteo:era5_seamless:-23.4:-46.8,2025-02-05,59.48,3.99,42.0,3,trigger,synthetic,synthetic,synthetic,synth-v1.0.0,42,932480f22477dd00,baseline
SP-021:sul:006500:2025-03-09,SP-021:sul:006500,SP-021,sul,6.75,open-meteo:era5_seamless:-23.4:-46.8,2025-03-09,63.13,5.27,42.0,7,trigger,synthetic,synthetic,synthetic,synth-v1.0.0,42,932480f22477dd00,baseline
SP-021:sul:006500:2025-04-25,SP-021:sul:006500,SP-021,sul,6.75,open-meteo:era5_seamless:-23.4:-46.8,2025-04-25,68.15,3.88,42.0,12,trigger,synthetic,synthetic,synthetic,synth-v1.0.0,42,932480f22477dd00,baseline
SP-021:sul:006500:2025-08-07,SP-021:sul:006500,SP-021,sul,6.75,open-meteo:era5_seamless:-23.4:-46.8,2025-08-07,45.9,3.26,42.0,11,trigger,synthetic,synthetic,synthetic,synth-v1.0.0,42,932480f22477dd00,baseline
SP-021:sul:006500:2025-10-12,SP-021:sul:006500,SP-021,sul,6.75,open-meteo:era5_seamless:-23.4:-46.8,2025-10-12,52.44,4.86,42.0,7,trigger,synthetic,synthetic,synthetic,synth-v1.0.0,42,932480f22477dd00,baseline
SP-021:sul:006500:2025-12-02,SP-021:sul:006500,SP-021,sul,6.75,open-meteo:era5_seamless:-23.4:-46.8,2025-12-02,54.08,3.28,42.0,2,trigger,synthetic,synthetic,synthetic,synth-v1.0.0,42,932480f22477dd00,baseline
SP-021:sul:006500:2026-01-09,SP-021:sul:006500,SP-021,sul,6.75,open-meteo:era5_seamless:-23.4:-46.8,2026-01-09,56.62,4.96,42.0,5,trigger,synthetic,synthetic,synthetic,synth-v1.0.0,42,932480f22477dd00,baseline
SP-021:sul:006500:2026-02-24,SP-021:sul:006500,SP-021,sul,6.75,open-meteo:era5_seamless:-23.4:-46.8,2026-02-24,78.37,3.45,42.0,9,trigger,synthetic,synthetic,synthetic,synth-v1.0.0,42,932480f22477dd00,baseline
SP-021:sul:006500:2026-04-23,SP-021:sul:006500,SP-021,sul,6.75,open-meteo:era5_seamless:-23.4:-46.8,2026-04-23,79.73,5.41,42.0,18,trigger,synthetic,synthetic,synthetic,synth-v1.0.0,42,932480f22477dd00,baseline
SP-021:sul:006500:2026-07-22,SP-021:sul:006500,SP-021,sul,6.75,open-meteo:era5_seamless:-23.4:-46.8,2026-07-22,47.29,4.6,42.0,10,trigger,synthetic,synthetic,synthetic,synth-v1.0.0,42,932480f22477dd00,baseline
SP-021:norte:007000:2023-01-28,SP-021:norte:007000,SP-021,norte,7.25,open-meteo:era5_seamless:-23.4:-46.8,2023-01-28,69.37,6.22,44.99,6,trigger,synthetic,synthetic,synthetic,synth-v1.0.0,42,932480f22477dd00,baseline
SP-021:norte:007000:2023-03-04,SP-021:norte:007000,SP-021,norte,7.25,open-meteo:era5_seamless:-23.4:-46.8,2023-03-04,70.21,5.82,44.99,6,trigger,synthetic,synthetic,synthetic,synth-v1.0.0,42,932480f22477dd00,baseline
SP-021:norte:007000:2023-04-11,SP-021:norte:007000,SP-021,norte,7.25,open-meteo:era5_seamless:-23.4:-46.8,2023-04-11,67.31,5.79,44.99,9,trigger,synthetic,synthetic,synthetic,synth-v1.0.0,42,932480f22477dd00,baseline
SP-021:norte:007000:2023-07-03,SP-021:norte:007000,SP-021,norte,7.25,open-meteo:era5_seamless:-23.4:-46.8,2023-07-03,51.07,6.02,44.99,8,trigger,synthetic,synthetic,synthetic,synth-v1.0.0,42,932480f22477dd00,baseline
SP-021:norte:007000:2023-09-11,SP-021:norte:007000,SP-021,norte,7.25,open-meteo:era5_seamless:-23.4:-46.8,2023-09-11,56.82,4.03,44.99,8,trigger,synthetic,synthetic,synthetic,synth-v1.0.0,42,932480f22477dd00,baseline
SP-021:norte:007000:2023-10-27,SP-021:norte:007000,SP-021,norte,7.25,open-meteo:era5_seamless:-23.4:-46.8,2023-10-27,63.82,6.08,44.99,5,trigger,synthetic,synthetic,synthetic,synth-v1.0.0,42,932480f22477dd00,baseline
SP-021:norte:007000:2023-11-26,SP-021:norte:007000,SP-021,norte,7.25,open-meteo:era5_seamless:-23.4:-46.8,2023-11-26,44.62,4.99,44.99,7,proactive,synthetic,synthetic,synthetic,synth-v1.0.0,42,932480f22477dd00,baseline
SP-021:norte:007000:2024-01-10,SP-021:norte:007000,SP-021,norte,7.25,open-meteo:era5_seamless:-23.4:-46.8,2024-01-10,70.47,7.46,44.99,10,trigger,synthetic,synthetic,synthetic,synth-v1.0.0,42,932480f22477dd00,baseline
SP-021:norte:007000:2024-02-27,SP-021:norte:007000,SP-021,norte,7.25,open-meteo:era5_seamless:-23.4:-46.8,2024-02-27,79.4,5.46,44.99,16,trigger,synthetic,synthetic,synthetic,synth-v1.0.0,42,932480f22477dd00,baseline
SP-021:norte:007000:2024-03-30,SP-021:norte:007000,SP-021,norte,7.25,open-meteo:era5_seamless:-23.4:-46.8,2024-03-30,64.95,5.54,44.99,6,trigger,synthetic,synthetic,synthetic,synth-v1.0.0,42,932480f22477dd00,baseline
SP-021:norte:007000:2024-05-08,SP-021:norte:007000,SP-021,norte,7.25,open-meteo:era5_seamless:-23.4:-46.8,2024-05-08,62.3,3.87,44.99,3,trigger,synthetic,synthetic,synthetic,synth-v1.0.0,42,932480f22477dd00,baseline
SP-021:norte:007000:2024-08-03,SP-021:norte:007000,SP-021,norte,7.25,open-meteo:era5_seamless:-23.4:-46.8,2024-08-03,53.12,7.29,44.99,6,trigger,synthetic,synthetic,synthetic,synth-v1.0.0,42,932480f22477dd00,baseline
SP-021:norte:007000:2024-09-23,SP-021:norte:007000,SP-021,norte,7.25,open-meteo:era5_seamless:-23.4:-46.8,2024-09-23,55.56,5.3,44.99,8,trigger,synthetic,synthetic,synthetic,synth-v1.0.0,42,932480f22477dd00,baseline
SP-021:norte:007000:2024-11-17,SP-021:norte:007000,SP-021,norte,7.25,open-meteo:era5_seamless:-23.4:-46.8,2024-11-17,70.34,6.94,44.99,14,trigger,synthetic,synthetic,synthetic,synth-v1.0.0,42,932480f22477dd00,baseline
SP-021:norte:007000:2024-12-17,SP-021:norte:007000,SP-021,norte,7.25,open-meteo:era5_seamless:-23.4:-46.8,2024-12-17,53.87,7.52,44.99,2,trigger,synthetic,synthetic,synthetic,synth-v1.0.0,42,932480f22477dd00,baseline
SP-021:norte:007000:2025-01-18,SP-021:norte:007000,SP-021,norte,7.25,open-meteo:era5_seamless:-23.4:-46.8,2025-01-18,62.94,7.04,44.99,6,trigger,synthetic,synthetic,synthetic,synth-v1.0.0,42,932480f22477dd00,baseline
SP-021:norte:007000:2025-02-19,SP-021:norte:007000,SP-021,norte,7.25,open-meteo:era5_seamless:-23.4:-46.8,2025-02-19,70.98,7.43,44.99,3,trigger,synthetic,synthetic,synthetic,synth-v1.0.0,42,932480f22477dd00,baseline
SP-021:norte:007000:2025-03-21,SP-021:norte:007000,SP-021,norte,7.25,open-meteo:era5_seamless:-23.4:-46.8,2025-03-21,56.39,5.44,44.99,5,trigger,synthetic,synthetic,synthetic,synth-v1.0.0,42,932480f22477dd00,baseline
SP-021:norte:007000:2025-05-08,SP-021:norte:007000,SP-021,norte,7.25,open-meteo:era5_seamless:-23.4:-46.8,2025-05-08,64.13,6.94,44.99,11,trigger,synthetic,synthetic,synthetic,synth-v1.0.0,42,932480f22477dd00,baseline
SP-021:norte:007000:2025-08-24,SP-021:norte:007000,SP-021,norte,7.25,open-meteo:era5_seamless:-23.4:-46.8,2025-08-24,56.6,6.61,44.99,7,trigger,synthetic,synthetic,synthetic,synth-v1.0.0,42,932480f22477dd00,baseline
SP-021:norte:007000:2025-10-16,SP-021:norte:007000,SP-021,norte,7.25,open-meteo:era5_seamless:-23.4:-46.8,2025-10-16,53.33,6.38,44.99,4,trigger,synthetic,synthetic,synthetic,synth-v1.0.0,42,932480f22477dd00,baseline
SP-021:norte:007000:2025-12-11,SP-021:norte:007000,SP-021,norte,7.25,open-meteo:era5_seamless:-23.4:-46.8,2025-12-11,67.69,6.99,44.99,11,trigger,synthetic,synthetic,synthetic,synth-v1.0.0,42,932480f22477dd00,baseline
SP-021:norte:007000:2026-01-22,SP-021:norte:007000,SP-021,norte,7.25,open-meteo:era5_seamless:-23.4:-46.8,2026-01-22,70.52,3.6,44.99,4,trigger,synthetic,synthetic,synthetic,synth-v1.0.0,42,932480f22477dd00,baseline
SP-021:norte:007000:2026-03-12,SP-021:norte:007000,SP-021,norte,7.25,open-meteo:era5_seamless:-23.4:-46.8,2026-03-12,76.88,3.03,44.99,18,trigger,synthetic,synthetic,synthetic,synth-v1.0.0,42,932480f22477dd00,baseline
SP-021:norte:007000:2026-04-24,SP-021:norte:007000,SP-021,norte,7.25,open-meteo:era5_seamless:-23.4:-46.8,2026-04-24,59.37,5.59,44.99,12,trigger,synthetic,synthetic,synthetic,synth-v1.0.0,42,932480f22477dd00,baseline
SP-021:norte:007000:2026-08-08,SP-021:norte:007000,SP-021,norte,7.25,open-meteo:era5_seamless:-23.4:-46.8,2026-08-08,62.37,6.87,44.99,20,trigger,synthetic,synthetic,synthetic,synth-v1.0.0,42,932480f22477dd00,baseline
SP-021:sul:007000:2023-01-17,SP-021:sul:007000,SP-021,sul,7.25,open-meteo:era5_seamless:-23.4:-46.8,2023-01-17,58.5,4.23,50.96,2,trigger,synthetic,synthetic,synthetic,synth-v1.0.0,42,932480f22477dd00,baseline
SP-021:sul:007000:2023-02-21,SP-021:sul:007000,SP-021,sul,7.25,open-meteo:era5_seamless:-23.4:-46.8,2023-02-21,53.61,5.71,50.96,2,proactive,synthetic,synthetic,synthetic,synth-v1.0.0,42,932480f22477dd00,baseline
SP-021:sul:007000:2023-04-10,SP-021:sul:007000,SP-021,sul,7.25,open-meteo:era5_seamless:-23.4:-46.8,2023-04-10,76.73,4.63,50.96,15,trigger,synthetic,synthetic,synthetic,synth-v1.0.0,42,932480f22477dd00,baseline
SP-021:sul:007000:2023-08-01,SP-021:sul:007000,SP-021,sul,7.25,open-meteo:era5_seamless:-23.4:-46.8,2023-08-01,54.83,4.68,50.96,2,trigger,synthetic,synthetic,synthetic,synth-v1.0.0,42,932480f22477dd00,baseline
SP-021:sul:007000:2023-10-05,SP-021:sul:007000,SP-021,sul,7.25,open-meteo:era5_seamless:-23.4:-46.8,2023-10-05,64.23,5.7,50.96,4,trigger,synthetic,synthetic,synthetic,synth-v1.0.0,42,932480f22477dd00,baseline
SP-021:sul:007000:2023-11-25,SP-021:sul:007000,SP-021,sul,7.25,open-meteo:era5_seamless:-23.4:-46.8,2023-11-25,74.1,5.83,50.96,13,trigger,synthetic,synthetic,synthetic,synth-v1.0.0,42,932480f22477dd00,baseline
SP-021:sul:007000:2024-01-03,SP-021:sul:007000,SP-021,sul,7.25,open-meteo:era5_seamless:-23.4:-46.8,2024-01-03,61.34,5.21,50.96,3,trigger,synthetic,synthetic,synthetic,synth-v1.0.0,42,932480f22477dd00,baseline
SP-021:sul:007000:2024-02-14,SP-021:sul:007000,SP-021,sul,7.25,open-meteo:era5_seamless:-23.4:-46.8,2024-02-14,68.38,5.3,50.96,3,trigger,synthetic,synthetic,synthetic,synth-v1.0.0,42,932480f22477dd00,baseline
SP-021:sul:007000:2024-03-22,SP-021:sul:007000,SP-021,sul,7.25,open-meteo:era5_seamless:-23.4:-46.8,2024-03-22,72.42,4.79,50.96,5,trigger,synthetic,synthetic,synthetic,synth-v1.0.0,42,932480f22477dd00,baseline
SP-021:sul:007000:2024-05-10,SP-021:sul:007000,SP-021,sul,7.25,open-meteo:era5_seamless:-23.4:-46.8,2024-05-10,67.84,5.75,50.96,5,trigger,synthetic,synthetic,synthetic,synth-v1.0.0,42,932480f22477dd00,baseline
SP-021:sul:007000:2024-08-19,SP-021:sul:007000,SP-021,sul,7.25,open-meteo:era5_seamless:-23.4:-46.8,2024-08-19,64.24,7.66,50.96,15,trigger,synthetic,synthetic,synthetic,synth-v1.0.0,42,932480f22477dd00,baseline
SP-021:sul:007000:2024-10-15,SP-021:sul:007000,SP-021,sul,7.25,open-meteo:era5_seamless:-23.4:-46.8,2024-10-15,68.52,5.31,50.96,9,trigger,synthetic,synthetic,synthetic,synth-v1.0.0,42,932480f22477dd00,baseline
SP-021:sul:007000:2024-12-11,SP-021:sul:007000,SP-021,sul,7.25,open-meteo:era5_seamless:-23.4:-46.8,2024-12-11,75.31,7.72,50.96,3,trigger,synthetic,synthetic,synthetic,synth-v1.0.0,42,932480f22477dd00,baseline
SP-021:sul:007000:2025-01-20,SP-021:sul:007000,SP-021,sul,7.25,open-meteo:era5_seamless:-23.4:-46.8,2025-01-20,71.24,3.85,50.96,8,trigger,synthetic,synthetic,synthetic,synth-v1.0.0,42,932480f22477dd00,baseline
SP-021:sul:007000:2025-03-19,SP-021:sul:007000,SP-021,sul,7.25,open-meteo:era5_seamless:-23.4:-46.8,2025-03-19,83.16,5.4,50.96,24,trigger,synthetic,synthetic,synthetic,synth-v1.0.0,42,932480f22477dd00,baseline
SP-021:sul:007000:2025-05-06,SP-021:sul:007000,SP-021,sul,7.25,open-meteo:era5_seamless:-23.4:-46.8,2025-05-06,56.02,7.17,50.96,2,trigger,synthetic,synthetic,synthetic,synth-v1.0.0,42,932480f22477dd00,baseline
SP-021:sul:007000:2025-09-05,SP-021:sul:007000,SP-021,sul,7.25,open-meteo:era5_seamless:-23.4:-46.8,2025-09-05,59.64,7.38,50.96,5,trigger,synthetic,synthetic,synthetic,synth-v1.0.0,42,932480f22477dd00,baseline
SP-021:sul:007000:2025-11-06,SP-021:sul:007000,SP-021,sul,7.25,open-meteo:era5_seamless:-23.4:-46.8,2025-11-06,62.59,3.89,50.96,4,trigger,synthetic,synthetic,synthetic,synth-v1.0.0,42,932480f22477dd00,baseline
SP-021:sul:007000:2026-01-01,SP-021:sul:007000,SP-021,sul,7.25,open-meteo:era5_seamless:-23.4:-46.8,2026-01-01,69.5,3.05,50.96,4,trigger,synthetic,synthetic,synthetic,synth-v1.0.0,42,932480f22477dd00,baseline
SP-021:sul:007000:2026-02-18,SP-021:sul:007000,SP-021,sul,7.25,open-meteo:era5_seamless:-23.4:-46.8,2026-02-18,65.92,5.9,50.96,3,trigger,synthetic,synthetic,synthetic,synth-v1.0.0,42,932480f22477dd00,baseline
SP-021:sul:007000:2026-04-09,SP-021:sul:007000,SP-021,sul,7.25,open-meteo:era5_seamless:-23.4:-46.8,2026-04-09,76.48,5.39,50.96,11,trigger,synthetic,synthetic,synthetic,synth-v1.0.0,42,932480f22477dd00,baseline
SP-021:sul:007000:2026-07-09,SP-021:sul:007000,SP-021,sul,7.25,open-meteo:era5_seamless:-23.4:-46.8,2026-07-09,57.3,4.89,50.96,4,trigger,synthetic,synthetic,synthetic,synth-v1.0.0,42,932480f22477dd00,baseline
SP-021:norte:007500:2023-02-19,SP-021:norte:007500,SP-021,norte,7.75,open-meteo:era5_seamless:-23.4:-46.8,2023-02-19,57.44,7.59,53.15,14,trigger,synthetic,synthetic,synthetic,synth-v1.0.0,42,932480f22477dd00,baseline
SP-021:norte:007500:2023-04-08,SP-021:norte:007500,SP-021,norte,7.75,open-meteo:era5_seamless:-23.4:-46.8,2023-04-08,54.9,6.46,53.15,6,trigger,synthetic,synthetic,synthetic,synth-v1.0.0,42,932480f22477dd00,baseline
SP-021:norte:007500:2023-09-09,SP-021:norte:007500,SP-021,norte,7.75,open-meteo:era5_seamless:-23.4:-46.8,2023-09-09,55.91,5.46,53.15,6,trigger,synthetic,synthetic,synthetic,synth-v1.0.0,42,932480f22477dd00,baseline
SP-021:norte:007500:2023-11-14,SP-021:norte:007500,SP-021,norte,7.75,open-meteo:era5_seamless:-23.4:-46.8,2023-11-14,55.05,7.72,53.15,9,proactive,synthetic,synthetic,synthetic,synth-v1.0.0,42,932480f22477dd00,baseline
SP-021:norte:007500:2023-12-23,SP-021:norte:007500,SP-021,norte,7.75,open-meteo:era5_seamless:-23.4:-46.8,2023-12-23,45.25,7.99,53.15,13,proactive,synthetic,synthetic,synthetic,synth-v1.0.0,42,932480f22477dd00,baseline
SP-021:norte:007500:2024-03-05,SP-021:norte:007500,SP-021,norte,7.75,open-meteo:era5_seamless:-23.4:-46.8,2024-03-05,57.7,7.42,53.15,16,trigger,synthetic,synthetic,synthetic,synth-v1.0.0,42,932480f22477dd00,baseline
SP-021:norte:007500:2024-04-24,SP-021:norte:007500,SP-021,norte,7.75,open-meteo:era5_seamless:-23.4:-46.8,2024-04-24,53.91,7.56,53.15,3,trigger,synthetic,synthetic,synthetic,synth-v1.0.0,42,932480f22477dd00,baseline
SP-021:norte:007500:2024-05-30,SP-021:norte:007500,SP-021,norte,7.75,open-meteo:era5_seamless:-23.4:-46.8,2024-05-30,31.17,3.39,53.15,4,proactive,synthetic,synthetic,synthetic,synth-v1.0.0,42,932480f22477dd00,baseline
SP-021:norte:007500:2024-10-08,SP-021:norte:007500,SP-021,norte,7.75,open-meteo:era5_seamless:-23.4:-46.8,2024-10-08,55.3,3.03,53.15,9,trigger,synthetic,synthetic,synthetic,synth-v1.0.0,42,932480f22477dd00,baseline
SP-021:norte:007500:2025-01-03,SP-021:norte:007500,SP-021,norte,7.75,open-meteo:era5_seamless:-23.4:-46.8,2025-01-03,57.22,4.98,53.15,12,trigger,synthetic,synthetic,synthetic,synth-v1.0.0,42,932480f22477dd00,baseline
SP-021:norte:007500:2025-02-27,SP-021:norte:007500,SP-021,norte,7.75,open-meteo:era5_seamless:-23.4:-46.8,2025-02-27,56.35,7.64,53.15,4,trigger,synthetic,synthetic,synthetic,synth-v1.0.0,42,932480f22477dd00,baseline
SP-021:norte:007500:2025-05-21,SP-021:norte:007500,SP-021,norte,7.75,open-meteo:era5_seamless:-23.4:-46.8,2025-05-21,56.98,3.92,53.15,24,trigger,synthetic,synthetic,synthetic,synth-v1.0.0,42,932480f22477dd00,baseline
SP-021:norte:007500:2025-11-08,SP-021:norte:007500,SP-021,norte,7.75,open-meteo:era5_seamless:-23.4:-46.8,2025-11-08,55.68,6.32,53.15,6,trigger,synthetic,synthetic,synthetic,synth-v1.0.0,42,932480f22477dd00,baseline
SP-021:norte:007500:2026-01-06,SP-021:norte:007500,SP-021,norte,7.75,open-meteo:era5_seamless:-23.4:-46.8,2026-01-06,54.41,4.46,53.15,2,trigger,synthetic,synthetic,synthetic,synth-v1.0.0,42,932480f22477dd00,baseline
SP-021:norte:007500:2026-03-05,SP-021:norte:007500,SP-021,norte,7.75,open-meteo:era5_seamless:-23.4:-46.8,2026-03-05,54.86,3.17,53.15,4,trigger,synthetic,synthetic,synthetic,synth-v1.0.0,42,932480f22477dd00,baseline
SP-021:norte:007500:2026-05-24,SP-021:norte:007500,SP-021,norte,7.75,open-meteo:era5_seamless:-23.4:-46.8,2026-05-24,53.98,4.01,53.15,7,trigger,synthetic,synthetic,synthetic,synth-v1.0.0,42,932480f22477dd00,baseline
SP-021:sul:007500:2023-02-07,SP-021:sul:007500,SP-021,sul,7.75,open-meteo:era5_seamless:-23.4:-46.8,2023-02-07,62.3,3.41,59.1,2,trigger,synthetic,synthetic,synthetic,synth-v1.0.0,42,932480f22477dd00,baseline
SP-021:sul:007500:2023-04-27,SP-021:sul:007500,SP-021,sul,7.75,open-meteo:era5_seamless:-23.4:-46.8,2023-04-27,61.51,7.33,59.1,11,trigger,synthetic,synthetic,synthetic,synth-v1.0.0,42,932480f22477dd00,baseline
SP-021:sul:007500:2023-09-27,SP-021:sul:007500,SP-021,sul,7.75,open-meteo:era5_seamless:-23.4:-46.8,2023-09-27,62.38,4.26,59.1,3,trigger,synthetic,synthetic,synthetic,synth-v1.0.0,42,932480f22477dd00,baseline
SP-021:sul:007500:2023-12-13,SP-021:sul:007500,SP-021,sul,7.75,open-meteo:era5_seamless:-23.4:-46.8,2023-12-13,60.37,5.37,59.1,3,trigger,synthetic,synthetic,synthetic,synth-v1.0.0,42,932480f22477dd00,baseline
SP-021:sul:007500:2024-02-29,SP-021:sul:007500,SP-021,sul,7.75,open-meteo:era5_seamless:-23.4:-46.8,2024-02-29,64.4,7.07,59.1,11,trigger,synthetic,synthetic,synthetic,synth-v1.0.0,42,932480f22477dd00,baseline
SP-021:sul:007500:2024-05-05,SP-021:sul:007500,SP-021,sul,7.75,open-meteo:era5_seamless:-23.4:-46.8,2024-05-05,62.98,4.85,59.1,7,trigger,synthetic,synthetic,synthetic,synth-v1.0.0,42,932480f22477dd00,baseline
SP-021:sul:007500:2024-09-21,SP-021:sul:007500,SP-021,sul,7.75,open-meteo:era5_seamless:-23.4:-46.8,2024-09-21,61.44,6.56,59.1,6,trigger,synthetic,synthetic,synthetic,synth-v1.0.0,42,932480f22477dd00,baseline
SP-021:sul:007500:2024-11-06,SP-021:sul:007500,SP-021,sul,7.75,open-meteo:era5_seamless:-23.4:-46.8,2024-11-06,35.75,4.1,59.1,3,proactive,synthetic,synthetic,synthetic,synth-v1.0.0,42,932480f22477dd00,baseline
SP-021:sul:007500:2025-01-25,SP-021:sul:007500,SP-021,sul,7.75,open-meteo:era5_seamless:-23.4:-46.8,2025-01-25,63.89,7.14,59.1,6,trigger,synthetic,synthetic,synthetic,synth-v1.0.0,42,932480f22477dd00,baseline
SP-021:sul:007500:2025-03-21,SP-021:sul:007500,SP-021,sul,7.75,open-meteo:era5_seamless:-23.4:-46.8,2025-03-21,61.22,3.06,59.1,5,trigger,synthetic,synthetic,synthetic,synth-v1.0.0,42,932480f22477dd00,baseline
SP-021:sul:007500:2025-09-02,SP-021:sul:007500,SP-021,sul,7.75,open-meteo:era5_seamless:-23.4:-46.8,2025-09-02,59.99,7.84,59.1,2,trigger,synthetic,synthetic,synthetic,synth-v1.0.0,42,932480f22477dd00,baseline
SP-021:sul:007500:2025-12-11,SP-021:sul:007500,SP-021,sul,7.75,open-meteo:era5_seamless:-23.4:-46.8,2025-12-11,61.92,6.26,59.1,4,trigger,synthetic,synthetic,synthetic,synth-v1.0.0,42,932480f22477dd00,baseline
SP-021:sul:007500:2026-02-20,SP-021:sul:007500,SP-021,sul,7.75,open-meteo:era5_seamless:-23.4:-46.8,2026-02-20,63.11,4.33,59.1,5,trigger,synthetic,synthetic,synthetic,synth-v1.0.0,42,932480f22477dd00,baseline
SP-021:sul:007500:2026-05-09,SP-021:sul:007500,SP-021,sul,7.75,open-meteo:era5_seamless:-23.4:-46.8,2026-05-09,61.66,6.43,59.1,6,trigger,synthetic,synthetic,synthetic,synth-v1.0.0,42,932480f22477dd00,baseline
SP-021:norte:008000:2023-01-28,SP-021:norte:008000,SP-021,norte,8.25,open-meteo:era5_seamless:-23.4:-46.8,2023-01-28,72.57,6.95,41.73,6,trigger,synthetic,synthetic,synthetic,synth-v1.0.0,42,932480f22477dd00,baseline
SP-021:norte:008000:2023-03-07,SP-021:norte:008000,SP-021,norte,8.25,open-meteo:era5_seamless:-23.4:-46.8,2023-03-07,79.07,3.5,41.73,9,trigger,synthetic,synthetic,synthetic,synth-v1.0.0,42,932480f22477dd00,baseline
SP-021:norte:008000:2023-04-18,SP-021:norte:008000,SP-021,norte,8.25,open-meteo:era5_seamless:-23.4:-46.8,2023-04-18,43.83,7.58,41.73,2,trigger,synthetic,synthetic,synthetic,synth-v1.0.0,42,932480f22477dd00,baseline
SP-021:norte:008000:2023-07-29,SP-021:norte:008000,SP-021,norte,8.25,open-meteo:era5_seamless:-23.4:-46.8,2023-07-29,57.06,6.79,41.73,13,trigger,synthetic,synthetic,synthetic,synth-v1.0.0,42,932480f22477dd00,baseline
SP-021:norte:008000:2023-09-24,SP-021:norte:008000,SP-021,norte,8.25,open-meteo:era5_seamless:-23.4:-46.8,2023-09-24,57.64,5.87,41.73,7,trigger,synthetic,synthetic,synthetic,synth-v1.0.0,42,932480f22477dd00,baseline
SP-021:norte:008000:2023-12-06,SP-021:norte:008000,SP-021,norte,8.25,open-meteo:era5_seamless:-23.4:-46.8,2023-12-06,100.6,3.34,41.73,24,trigger,synthetic,synthetic,synthetic,synth-v1.0.0,42,932480f22477dd00,baseline
SP-021:norte:008000:2024-01-31,SP-021:norte:008000,SP-021,norte,8.25,open-meteo:era5_seamless:-23.4:-46.8,2024-01-31,75.47,4.01,41.73,10,trigger,synthetic,synthetic,synthetic,synth-v1.0.0,42,932480f22477dd00,baseline
SP-021:norte:008000:2024-03-10,SP-021:norte:008000,SP-021,norte,8.25,open-meteo:era5_seamless:-23.4:-46.8,2024-03-10,67.4,7.94,41.73,7,trigger,synthetic,synthetic,synthetic,synth-v1.0.0,42,932480f22477dd00,baseline
SP-021:norte:008000:2024-04-20,SP-021:norte:008000,SP-021,norte,8.25,open-meteo:era5_seamless:-23.4:-46.8,2024-04-20,78.93,6.24,41.73,6,trigger,synthetic,synthetic,synthetic,synth-v1.0.0,42,932480f22477dd00,baseline
SP-021:norte:008000:2024-05-29,SP-021:norte:008000,SP-021,norte,8.25,open-meteo:era5_seamless:-23.4:-46.8,2024-05-29,43.16,7.47,41.73,3,trigger,synthetic,synthetic,synthetic,synth-v1.0.0,42,932480f22477dd00,baseline
SP-021:norte:008000:2024-08-16,SP-021:norte:008000,SP-021,norte,8.25,open-meteo:era5_seamless:-23.4:-46.8,2024-08-16,48.27,4.95,41.73,5,trigger,synthetic,synthetic,synthetic,synth-v1.0.0,42,932480f22477dd00,baseline
SP-021:norte:008000:2024-10-18,SP-021:norte:008000,SP-021,norte,8.25,open-meteo:era5_seamless:-23.4:-46.8,2024-10-18,69.81,5.96,41.73,12,trigger,synthetic,synthetic,synthetic,synth-v1.0.0,42,932480f22477dd00,baseline
SP-021:norte:008000:2024-12-05,SP-021:norte:008000,SP-021,norte,8.25,open-meteo:era5_seamless:-23.4:-46.8,2024-12-05,71.14,6.31,41.73,11,trigger,synthetic,synthetic,synthetic,synth-v1.0.0,42,932480f22477dd00,baseline
SP-021:norte:008000:2025-01-08,SP-021:norte:008000,SP-021,norte,8.25,open-meteo:era5_seamless:-23.4:-46.8,2025-01-08,57.55,3.55,41.73,3,trigger,synthetic,synthetic,synthetic,synth-v1.0.0,42,932480f22477dd00,baseline
SP-021:norte:008000:2025-03-02,SP-021:norte:008000,SP-021,norte,8.25,open-meteo:era5_seamless:-23.4:-46.8,2025-03-02,98.18,4.79,41.73,21,trigger,synthetic,synthetic,synthetic,synth-v1.0.0,42,932480f22477dd00,baseline
SP-021:norte:008000:2025-04-16,SP-021:norte:008000,SP-021,norte,8.25,open-meteo:era5_seamless:-23.4:-46.8,2025-04-16,57.57,7.04,41.73,3,trigger,synthetic,synthetic,synthetic,synth-v1.0.0,42,932480f22477dd00,baseline
SP-021:norte:008000:2025-06-10,SP-021:norte:008000,SP-021,norte,8.25,open-meteo:era5_seamless:-23.4:-46.8,2025-06-10,42.86,3.51,41.73,2,trigger,synthetic,synthetic,synthetic,synth-v1.0.0,42,932480f22477dd00,baseline
SP-021:norte:008000:2025-10-15,SP-021:norte:008000,SP-021,norte,8.25,open-meteo:era5_seamless:-23.4:-46.8,2025-10-15,64.0,5.76,41.73,3,trigger,synthetic,synthetic,synthetic,synth-v1.0.0,42,932480f22477dd00,baseline
SP-021:norte:008000:2025-12-26,SP-021:norte:008000,SP-021,norte,8.25,open-meteo:era5_seamless:-23.4:-46.8,2025-12-26,89.77,5.86,41.73,19,trigger,synthetic,synthetic,synthetic,synth-v1.0.0,42,932480f22477dd00,baseline
SP-021:norte:008000:2026-02-13,SP-021:norte:008000,SP-021,norte,8.25,open-meteo:era5_seamless:-23.4:-46.8,2026-02-13,84.57,6.53,41.73,12,trigger,synthetic,synthetic,synthetic,synth-v1.0.0,42,932480f22477dd00,baseline
SP-021:norte:008000:2026-04-04,SP-021:norte:008000,SP-021,norte,8.25,open-meteo:era5_seamless:-23.4:-46.8,2026-04-04,90.0,6.88,41.73,13,trigger,synthetic,synthetic,synthetic,synth-v1.0.0,42,932480f22477dd00,baseline
SP-021:norte:008000:2026-05-20,SP-021:norte:008000,SP-021,norte,8.25,open-meteo:era5_seamless:-23.4:-46.8,2026-05-20,43.82,4.66,41.73,3,trigger,synthetic,synthetic,synthetic,synth-v1.0.0,42,932480f22477dd00,baseline
SP-021:sul:008000:2023-01-21,SP-021:sul:008000,SP-021,sul,8.25,open-meteo:era5_seamless:-23.4:-46.8,2023-01-21,72.84,7.67,50.27,6,trigger,synthetic,synthetic,synthetic,synth-v1.0.0,42,932480f22477dd00,baseline
SP-021:sul:008000:2023-02-18,SP-021:sul:008000,SP-021,sul,8.25,open-meteo:era5_seamless:-23.4:-46.8,2023-02-18,64.22,7.75,50.27,6,proactive,synthetic,synthetic,synthetic,synth-v1.0.0,42,932480f22477dd00,baseline
SP-021:sul:008000:2023-03-27,SP-021:sul:008000,SP-021,sul,8.25,open-meteo:era5_seamless:-23.4:-46.8,2023-03-27,83.16,6.35,50.27,15,trigger,synthetic,synthetic,synthetic,synth-v1.0.0,42,932480f22477dd00,baseline
SP-021:sul:008000:2023-05-11,SP-021:sul:008000,SP-021,sul,8.25,open-meteo:era5_seamless:-23.4:-46.8,2023-05-11,61.97,5.99,50.27,4,trigger,synthetic,synthetic,synthetic,synth-v1.0.0,42,932480f22477dd00,baseline
SP-021:sul:008000:2023-08-23,SP-021:sul:008000,SP-021,sul,8.25,open-meteo:era5_seamless:-23.4:-46.8,2023-08-23,64.38,3.62,50.27,10,trigger,synthetic,synthetic,synthetic,synth-v1.0.0,42,932480f22477dd00,baseline
SP-021:sul:008000:2023-10-15,SP-021:sul:008000,SP-021,sul,8.25,open-meteo:era5_seamless:-23.4:-46.8,2023-10-15,70.71,5.75,50.27,7,trigger,synthetic,synthetic,synthetic,synth-v1.0.0,42,932480f22477dd00,baseline
SP-021:sul:008000:2023-11-21,SP-021:sul:008000,SP-021,sul,8.25,open-meteo:era5_seamless:-23.4:-46.8,2023-11-21,68.34,5.68,50.27,2,trigger,synthetic,synthetic,synthetic,synth-v1.0.0,42,932480f22477dd00,baseline
SP-021:sul:008000:2024-01-02,SP-021:sul:008000,SP-021,sul,8.25,open-meteo:era5_seamless:-23.4:-46.8,2024-01-02,77.4,6.56,50.27,9,trigger,synthetic,synthetic,synthetic,synth-v1.0.0,42,932480f22477dd00,baseline
SP-021:sul:008000:2024-02-10,SP-021:sul:008000,SP-021,sul,8.25,open-meteo:era5_seamless:-23.4:-46.8,2024-02-10,76.54,5.92,50.27,6,trigger,synthetic,synthetic,synthetic,synth-v1.0.0,42,932480f22477dd00,baseline
SP-021:sul:008000:2024-03-18,SP-021:sul:008000,SP-021,sul,8.25,open-meteo:era5_seamless:-23.4:-46.8,2024-03-18,83.74,5.37,50.27,8,trigger,synthetic,synthetic,synthetic,synth-v1.0.0,42,932480f22477dd00,baseline
SP-021:sul:008000:2024-04-21,SP-021:sul:008000,SP-021,sul,8.25,open-meteo:era5_seamless:-23.4:-46.8,2024-04-21,66.13,3.4,50.27,7,trigger,synthetic,synthetic,synthetic,synth-v1.0.0,42,932480f22477dd00,baseline
SP-021:sul:008000:2024-06-23,SP-021:sul:008000,SP-021,sul,8.25,open-meteo:era5_seamless:-23.4:-46.8,2024-06-23,61.93,7.49,50.27,7,trigger,synthetic,synthetic,synthetic,synth-v1.0.0,42,932480f22477dd00,baseline
SP-021:sul:008000:2024-09-02,SP-021:sul:008000,SP-021,sul,8.25,open-meteo:era5_seamless:-23.4:-46.8,2024-09-02,59.86,6.52,50.27,8,trigger,synthetic,synthetic,synthetic,synth-v1.0.0,42,932480f22477dd00,baseline
SP-021:sul:008000:2024-10-23,SP-021:sul:008000,SP-021,sul,8.25,open-meteo:era5_seamless:-23.4:-46.8,2024-10-23,75.65,4.5,50.27,10,trigger,synthetic,synthetic,synthetic,synth-v1.0.0,42,932480f22477dd00,baseline
SP-021:sul:008000:2024-12-05,SP-021:sul:008000,SP-021,sul,8.25,open-meteo:era5_seamless:-23.4:-46.8,2024-12-05,68.63,3.8,50.27,4,trigger,synthetic,synthetic,synthetic,synth-v1.0.0,42,932480f22477dd00,baseline
SP-021:sul:008000:2025-01-11,SP-021:sul:008000,SP-021,sul,8.25,open-meteo:era5_seamless:-23.4:-46.8,2025-01-11,67.4,7.79,50.27,6,trigger,synthetic,synthetic,synthetic,synth-v1.0.0,42,932480f22477dd00,baseline
SP-021:sul:008000:2025-02-10,SP-021:sul:008000,SP-021,sul,8.25,open-meteo:era5_seamless:-23.4:-46.8,2025-02-10,79.33,4.84,50.27,8,trigger,synthetic,synthetic,synthetic,synth-v1.0.0,42,932480f22477dd00,baseline
SP-021:sul:008000:2025-03-18,SP-021:sul:008000,SP-021,sul,8.25,open-meteo:era5_seamless:-23.4:-46.8,2025-03-18,78.95,3.7,50.27,9,trigger,synthetic,synthetic,synthetic,synth-v1.0.0,42,932480f22477dd00,baseline
SP-021:sul:008000:2025-05-02,SP-021:sul:008000,SP-021,sul,8.25,open-meteo:era5_seamless:-23.4:-46.8,2025-05-02,67.32,7.35,50.27,5,trigger,synthetic,synthetic,synthetic,synth-v1.0.0,42,932480f22477dd00,baseline
SP-021:sul:008000:2025-08-02,SP-021:sul:008000,SP-021,sul,8.25,open-meteo:era5_seamless:-23.4:-46.8,2025-08-02,53.65,7.0,50.27,6,trigger,synthetic,synthetic,synthetic,synth-v1.0.0,42,932480f22477dd00,baseline
SP-021:sul:008000:2025-09-19,SP-021:sul:008000,SP-021,sul,8.25,open-meteo:era5_seamless:-23.4:-46.8,2025-09-19,38.34,6.46,50.27,5,proactive,synthetic,synthetic,synthetic,synth-v1.0.0,42,932480f22477dd00,baseline
SP-021:sul:008000:2025-11-12,SP-021:sul:008000,SP-021,sul,8.25,open-meteo:era5_seamless:-23.4:-46.8,2025-11-12,60.0,6.64,50.27,3,trigger,synthetic,synthetic,synthetic,synth-v1.0.0,42,932480f22477dd00,baseline
SP-021:sul:008000:2025-12-17,SP-021:sul:008000,SP-021,sul,8.25,open-meteo:era5_seamless:-23.4:-46.8,2025-12-17,58.02,5.52,50.27,3,trigger,synthetic,synthetic,synthetic,synth-v1.0.0,42,932480f22477dd00,baseline
SP-021:sul:008000:2026-02-05,SP-021:sul:008000,SP-021,sul,8.25,open-meteo:era5_seamless:-23.4:-46.8,2026-02-05,86.35,4.66,50.27,18,trigger,synthetic,synthetic,synthetic,synth-v1.0.0,42,932480f22477dd00,baseline
SP-021:sul:008000:2026-03-22,SP-021:sul:008000,SP-021,sul,8.25,open-meteo:era5_seamless:-23.4:-46.8,2026-03-22,81.9,4.03,50.27,14,trigger,synthetic,synthetic,synthetic,synth-v1.0.0,42,932480f22477dd00,baseline
SP-021:sul:008000:2026-05-06,SP-021:sul:008000,SP-021,sul,8.25,open-meteo:era5_seamless:-23.4:-46.8,2026-05-06,65.27,5.4,50.27,3,trigger,synthetic,synthetic,synthetic,synth-v1.0.0,42,932480f22477dd00,baseline
SP-021:sul:008000:2026-08-21,SP-021:sul:008000,SP-021,sul,8.25,open-meteo:era5_seamless:-23.4:-46.8,2026-08-21,67.8,5.36,50.27,5,trigger,synthetic,synthetic,synthetic,synth-v1.0.0,42,932480f22477dd00,baseline
SP-021:norte:008500:2023-02-07,SP-021:norte:008500,SP-021,norte,8.75,open-meteo:era5_seamless:-23.5:-46.8,2023-02-07,78.45,7.04,53.05,9,trigger,synthetic,synthetic,synthetic,synth-v1.0.0,42,932480f22477dd00,baseline
SP-021:norte:008500:2023-03-21,SP-021:norte:008500,SP-021,norte,8.75,open-meteo:era5_seamless:-23.5:-46.8,2023-03-21,65.72,5.76,53.05,2,trigger,synthetic,synthetic,synthetic,synth-v1.0.0,42,932480f22477dd00,baseline
SP-021:norte:008500:2023-08-16,SP-021:norte:008500,SP-021,norte,8.75,open-meteo:era5_seamless:-23.5:-46.8,2023-08-16,68.11,3.1,53.05,24,trigger,synthetic,synthetic,synthetic,synth-v1.0.0,42,932480f22477dd00,baseline
SP-021:norte:008500:2023-11-09,SP-021:norte:008500,SP-021,norte,8.75,open-meteo:era5_seamless:-23.5:-46.8,2023-11-09,67.37,3.87,53.05,4,trigger,synthetic,synthetic,synthetic,synth-v1.0.0,42,932480f22477dd00,baseline
SP-021:norte:008500:2024-01-01,SP-021:norte:008500,SP-021,norte,8.75,open-meteo:era5_seamless:-23.5:-46.8,2024-01-01,53.94,5.16,53.05,8,proactive,synthetic,synthetic,synthetic,synth-v1.0.0,42,932480f22477dd00,baseline
SP-021:norte:008500:2024-02-21,SP-021:norte:008500,SP-021,norte,8.75,open-meteo:era5_seamless:-23.5:-46.8,2024-02-21,66.62,5.43,53.05,3,trigger,synthetic,synthetic,synthetic,synth-v1.0.0,42,932480f22477dd00,baseline
SP-021:norte:008500:2024-04-12,SP-021:norte:008500,SP-021,norte,8.75,open-meteo:era5_seamless:-23.5:-46.8,2024-04-12,85.38,7.99,53.05,12,trigger,synthetic,synthetic,synthetic,synth-v1.0.0,42,932480f22477dd00,baseline
SP-021:norte:008500:2024-06-21,SP-021:norte:008500,SP-021,norte,8.75,open-meteo:era5_seamless:-23.5:-46.8,2024-06-21,56.05,6.55,53.05,5,trigger,synthetic,synthetic,synthetic,synth-v1.0.0,42,932480f22477dd00,baseline
SP-021:norte:008500:2024-10-06,SP-021:norte:008500,SP-021,norte,8.75,open-meteo:era5_seamless:-23.5:-46.8,2024-10-06,64.09,7.56,53.05,7,trigger,synthetic,synthetic,synthetic,synth-v1.0.0,42,932480f22477dd00,baseline
SP-021:norte:008500:2024-12-03,SP-021:norte:008500,SP-021,norte,8.75,open-meteo:era5_seamless:-23.5:-46.8,2024-12-03,64.4,6.3,53.05,2,trigger,synthetic,synthetic,synthetic,synth-v1.0.0,42,932480f22477dd00,baseline
SP-021:norte:008500:2025-01-29,SP-021:norte:008500,SP-021,norte,8.75,open-meteo:era5_seamless:-23.5:-46.8,2025-01-29,84.25,7.68,53.05,10,trigger,synthetic,synthetic,synthetic,synth-v1.0.0,42,932480f22477dd00,baseline
SP-021:norte:008500:2025-03-14,SP-021:norte:008500,SP-021,norte,8.75,open-meteo:era5_seamless:-23.5:-46.8,2025-03-14,78.88,3.02,53.05,12,trigger,synthetic,synthetic,synthetic,synth-v1.0.0,42,932480f22477dd00,baseline
SP-021:norte:008500:2025-08-05,SP-021:norte:008500,SP-021,norte,8.75,open-meteo:era5_seamless:-23.5:-46.8,2025-08-05,54.14,3.93,53.05,2,trigger,synthetic,synthetic,synthetic,synth-v1.0.0,42,932480f22477dd00,baseline
SP-021:norte:008500:2025-12-25,SP-021:norte:008500,SP-021,norte,8.75,open-meteo:era5_seamless:-23.5:-46.8,2025-12-25,90.95,5.94,53.05,11,trigger,synthetic,synthetic,synthetic,synth-v1.0.0,42,932480f22477dd00,baseline
SP-021:norte:008500:2026-02-10,SP-021:norte:008500,SP-021,norte,8.75,open-meteo:era5_seamless:-23.5:-46.8,2026-02-10,58.26,7.79,53.05,9,proactive,synthetic,synthetic,synthetic,synth-v1.0.0,42,932480f22477dd00,baseline
SP-021:norte:008500:2026-03-30,SP-021:norte:008500,SP-021,norte,8.75,open-meteo:era5_seamless:-23.5:-46.8,2026-03-30,73.53,6.45,53.05,8,trigger,synthetic,synthetic,synthetic,synth-v1.0.0,42,932480f22477dd00,baseline
SP-021:norte:008500:2026-06-15,SP-021:norte:008500,SP-021,norte,8.75,open-meteo:era5_seamless:-23.5:-46.8,2026-06-15,39.32,6.2,53.05,15,proactive,synthetic,synthetic,synthetic,synth-v1.0.0,42,932480f22477dd00,baseline
SP-021:sul:008500:2023-02-08,SP-021:sul:008500,SP-021,sul,8.75,open-meteo:era5_seamless:-23.5:-46.8,2023-02-08,84.31,3.8,53.21,10,trigger,synthetic,synthetic,synthetic,synth-v1.0.0,42,932480f22477dd00,baseline
SP-021:sul:008500:2023-04-11,SP-021:sul:008500,SP-021,sul,8.75,open-meteo:era5_seamless:-23.5:-46.8,2023-04-11,85.17,3.98,53.21,9,trigger,synthetic,synthetic,synthetic,synth-v1.0.0,42,932480f22477dd00,baseline
SP-021:sul:008500:2023-09-13,SP-021:sul:008500,SP-021,sul,8.75,open-meteo:era5_seamless:-23.5:-46.8,2023-09-13,68.49,4.0,53.21,10,trigger,synthetic,synthetic,synthetic,synth-v1.0.0,42,932480f22477dd00,baseline
SP-021:sul:008500:2023-11-16,SP-021:sul:008500,SP-021,sul,8.75,open-meteo:era5_seamless:-23.5:-46.8,2023-11-16,76.17,4.46,53.21,11,trigger,synthetic,synthetic,synthetic,synth-v1.0.0,42,932480f22477dd00,baseline
SP-021:sul:008500:2024-01-06,SP-021:sul:008500,SP-021,sul,8.75,open-meteo:era5_seamless:-23.5:-46.8,2024-01-06,64.05,6.85,53.21,6,trigger,synthetic,synthetic,synthetic,synth-v1.0.0,42,932480f22477dd00,baseline
SP-021:sul:008500:2024-02-23,SP-021:sul:008500,SP-021,sul,8.75,open-meteo:era5_seamless:-23.5:-46.8,2024-02-23,72.64,3.38,53.21,5,trigger,synthetic,synthetic,synthetic,synth-v1.0.0,42,932480f22477dd00,baseline
SP-021:sul:008500:2024-04-10,SP-021:sul:008500,SP-021,sul,8.75,open-meteo:era5_seamless:-23.5:-46.8,2024-04-10,65.02,5.52,53.21,3,trigger,synthetic,synthetic,synthetic,synth-v1.0.0,42,932480f22477dd00,baseline
SP-021:sul:008500:2024-07-08,SP-021:sul:008500,SP-021,sul,8.75,open-meteo:era5_seamless:-23.5:-46.8,2024-07-08,69.98,5.04,53.21,22,trigger,synthetic,synthetic,synthetic,synth-v1.0.0,42,932480f22477dd00,baseline
SP-021:sul:008500:2024-10-08,SP-021:sul:008500,SP-021,sul,8.75,open-meteo:era5_seamless:-23.5:-46.8,2024-10-08,61.68,4.17,53.21,2,trigger,synthetic,synthetic,synthetic,synth-v1.0.0,42,932480f22477dd00,baseline
SP-021:sul:008500:2024-12-13,SP-021:sul:008500,SP-021,sul,8.75,open-meteo:era5_seamless:-23.5:-46.8,2024-12-13,69.36,4.31,53.21,5,trigger,synthetic,synthetic,synthetic,synth-v1.0.0,42,932480f22477dd00,baseline
SP-021:sul:008500:2025-02-08,SP-021:sul:008500,SP-021,sul,8.75,open-meteo:era5_seamless:-23.5:-46.8,2025-02-08,88.63,5.76,53.21,13,trigger,synthetic,synthetic,synthetic,synth-v1.0.0,42,932480f22477dd00,baseline
SP-021:sul:008500:2025-03-23,SP-021:sul:008500,SP-021,sul,8.75,open-meteo:era5_seamless:-23.5:-46.8,2025-03-23,71.75,7.82,53.21,7,trigger,synthetic,synthetic,synthetic,synth-v1.0.0,42,932480f22477dd00,baseline
SP-021:sul:008500:2025-06-03,SP-021:sul:008500,SP-021,sul,8.75,open-meteo:era5_seamless:-23.5:-46.8,2025-06-03,61.57,4.55,53.21,9,trigger,synthetic,synthetic,synthetic,synth-v1.0.0,42,932480f22477dd00,baseline
SP-021:sul:008500:2025-11-14,SP-021:sul:008500,SP-021,sul,8.75,open-meteo:era5_seamless:-23.5:-46.8,2025-11-14,72.34,5.25,53.21,12,trigger,synthetic,synthetic,synthetic,synth-v1.0.0,42,932480f22477dd00,baseline
SP-021:sul:008500:2026-01-16,SP-021:sul:008500,SP-021,sul,8.75,open-meteo:era5_seamless:-23.5:-46.8,2026-01-16,86.86,6.33,53.21,12,trigger,synthetic,synthetic,synthetic,synth-v1.0.0,42,932480f22477dd00,baseline
SP-021:sul:008500:2026-03-01,SP-021:sul:008500,SP-021,sul,8.75,open-meteo:era5_seamless:-23.5:-46.8,2026-03-01,66.92,6.77,53.21,7,trigger,synthetic,synthetic,synthetic,synth-v1.0.0,42,932480f22477dd00,baseline
SP-021:sul:008500:2026-04-11,SP-021:sul:008500,SP-021,sul,8.75,open-meteo:era5_seamless:-23.5:-46.8,2026-04-11,57.45,7.15,53.21,6,proactive,synthetic,synthetic,synthetic,synth-v1.0.0,42,932480f22477dd00,baseline
SP-021:sul:008500:2026-08-25,SP-021:sul:008500,SP-021,sul,8.75,open-meteo:era5_seamless:-23.5:-46.8,2026-08-25,66.53,3.72,53.21,9,trigger,synthetic,synthetic,synthetic,synth-v1.0.0,42,932480f22477dd00,baseline
SP-021:norte:009000:2023-02-01,SP-021:norte:009000,SP-021,norte,9.25,open-meteo:era5_seamless:-23.5:-46.8,2023-02-01,84.42,7.05,47.66,10,trigger,synthetic,synthetic,synthetic,synth-v1.0.0,42,932480f22477dd00,baseline
SP-021:norte:009000:2023-03-12,SP-021:norte:009000,SP-021,norte,9.25,open-meteo:era5_seamless:-23.5:-46.8,2023-03-12,85.84,6.97,47.66,7,trigger,synthetic,synthetic,synthetic,synth-v1.0.0,42,932480f22477dd00,baseline
SP-021:norte:009000:2023-04-24,SP-021:norte:009000,SP-021,norte,9.25,open-meteo:era5_seamless:-23.5:-46.8,2023-04-24,59.96,3.34,47.66,8,trigger,synthetic,synthetic,synthetic,synth-v1.0.0,42,932480f22477dd00,baseline
SP-021:norte:009000:2023-08-19,SP-021:norte:009000,SP-021,norte,9.25,open-meteo:era5_seamless:-23.5:-46.8,2023-08-19,37.17,5.96,47.66,6,proactive,synthetic,synthetic,synthetic,synth-v1.0.0,42,932480f22477dd00,baseline
SP-021:norte:009000:2023-10-14,SP-021:norte:009000,SP-021,norte,9.25,open-meteo:era5_seamless:-23.5:-46.8,2023-10-14,75.54,7.79,47.66,6,trigger,synthetic,synthetic,synthetic,synth-v1.0.0,42,932480f22477dd00,baseline
SP-021:norte:009000:2023-12-12,SP-021:norte:009000,SP-021,norte,9.25,open-meteo:era5_seamless:-23.5:-46.8,2023-12-12,105.18,5.69,47.66,23,trigger,synthetic,synthetic,synthetic,synth-v1.0.0,42,932480f22477dd00,baseline
SP-021:norte:009000:2024-01-20,SP-021:norte:009000,SP-021,norte,9.25,open-meteo:era5_seamless:-23.5:-46.8,2024-01-20,71.62,7.89,47.66,6,trigger,synthetic,synthetic,synthetic,synth-v1.0.0,42,932480f22477dd00,baseline
SP-021:norte:009000:2024-02-26,SP-021:norte:009000,SP-021,norte,9.25,open-meteo:era5_seamless:-23.5:-46.8,2024-02-26,78.46,7.67,47.66,8,trigger,synthetic,synthetic,synthetic,synth-v1.0.0,42,932480f22477dd00,baseline
SP-021:norte:009000:2024-04-06,SP-021:norte:009000,SP-021,norte,9.25,open-meteo:era5_seamless:-23.5:-46.8,2024-04-06,94.78,3.28,47.66,13,trigger,synthetic,synthetic,synthetic,synth-v1.0.0,42,932480f22477dd00,baseline
SP-021:norte:009000:2024-05-31,SP-021:norte:009000,SP-021,norte,9.25,open-meteo:era5_seamless:-23.5:-46.8,2024-05-31,62.64,6.95,47.66,12,trigger,synthetic,synthetic,synthetic,synth-v1.0.0,42,932480f22477dd00,baseline
SP-021:norte:009000:2024-09-14,SP-021:norte:009000,SP-021,norte,9.25,open-meteo:era5_seamless:-23.5:-46.8,2024-09-14,87.59,6.04,47.66,20,trigger,synthetic,synthetic,synthetic,synth-v1.0.0,42,932480f22477dd00,baseline
SP-021:norte:009000:2024-11-02,SP-021:norte:009000,SP-021,norte,9.25,open-meteo:era5_seamless:-23.5:-46.8,2024-11-02,60.01,5.54,47.66,6,trigger,synthetic,synthetic,synthetic,synth-v1.0.0,42,932480f22477dd00,baseline
SP-021:norte:009000:2024-12-10,SP-021:norte:009000,SP-021,norte,9.25,open-meteo:era5_seamless:-23.5:-46.8,2024-12-10,52.23,3.94,47.66,2,trigger,synthetic,synthetic,synthetic,synth-v1.0.0,42,932480f22477dd00,baseline
SP-021:norte:009000:2025-01-30,SP-021:norte:009000,SP-021,norte,9.25,open-meteo:era5_seamless:-23.5:-46.8,2025-01-30,93.2,3.44,47.66,11,trigger,synthetic,synthetic,synthetic,synth-v1.0.0,42,932480f22477dd00,baseline
SP-021:norte:009000:2025-03-10,SP-021:norte:009000,SP-021,norte,9.25,open-meteo:era5_seamless:-23.5:-46.8,2025-03-10,82.4,5.92,47.66,8,trigger,synthetic,synthetic,synthetic,synth-v1.0.0,42,932480f22477dd00,baseline
SP-021:norte:009000:2025-05-01,SP-021:norte:009000,SP-021,norte,9.25,open-meteo:era5_seamless:-23.5:-46.8,2025-05-01,70.49,3.04,47.66,11,trigger,synthetic,synthetic,synthetic,synth-v1.0.0,42,932480f22477dd00,baseline
SP-021:norte:009000:2025-10-09,SP-021:norte:009000,SP-021,norte,9.25,open-meteo:era5_seamless:-23.5:-46.8,2025-10-09,73.07,6.04,47.66,18,trigger,synthetic,synthetic,synthetic,synth-v1.0.0,42,932480f22477dd00,baseline
SP-021:norte:009000:2025-12-11,SP-021:norte:009000,SP-021,norte,9.25,open-meteo:era5_seamless:-23.5:-46.8,2025-12-11,69.73,7.65,47.66,4,trigger,synthetic,synthetic,synthetic,synth-v1.0.0,42,932480f22477dd00,baseline
SP-021:norte:009000:2026-01-15,SP-021:norte:009000,SP-021,norte,9.25,open-meteo:era5_seamless:-23.5:-46.8,2026-01-15,78.56,6.89,47.66,11,trigger,synthetic,synthetic,synthetic,synth-v1.0.0,42,932480f22477dd00,baseline
SP-021:norte:009000:2026-03-03,SP-021:norte:009000,SP-021,norte,9.25,open-meteo:era5_seamless:-23.5:-46.8,2026-03-03,92.88,3.27,47.66,9,trigger,synthetic,synthetic,synthetic,synth-v1.0.0,42,932480f22477dd00,baseline
SP-021:norte:009000:2026-04-17,SP-021:norte:009000,SP-021,norte,9.25,open-meteo:era5_seamless:-23.5:-46.8,2026-04-17,60.35,6.33,47.66,5,trigger,synthetic,synthetic,synthetic,synth-v1.0.0,42,932480f22477dd00,baseline
SP-021:norte:009000:2026-08-06,SP-021:norte:009000,SP-021,norte,9.25,open-meteo:era5_seamless:-23.5:-46.8,2026-08-06,53.75,5.35,47.66,4,trigger,synthetic,synthetic,synthetic,synth-v1.0.0,42,932480f22477dd00,baseline
SP-021:sul:009000:2023-02-09,SP-021:sul:009000,SP-021,sul,9.25,open-meteo:era5_seamless:-23.5:-46.8,2023-02-09,93.71,7.12,51.51,18,trigger,synthetic,synthetic,synthetic,synth-v1.0.0,42,932480f22477dd00,baseline
SP-021:sul:009000:2023-03-25,SP-021:sul:009000,SP-021,sul,9.25,open-meteo:era5_seamless:-23.5:-46.8,2023-03-25,90.78,7.72,51.51,20,proactive,synthetic,synthetic,synthetic,synth-v1.0.0,42,932480f22477dd00,baseline
SP-021:sul:009000:2023-05-18,SP-021:sul:009000,SP-021,sul,9.25,open-meteo:era5_seamless:-23.5:-46.8,2023-05-18,54.61,5.06,51.51,4,trigger,synthetic,synthetic,synthetic,synth-v1.0.0,42,932480f22477dd00,baseline
SP-021:sul:009000:2023-10-02,SP-021:sul:009000,SP-021,sul,9.25,open-meteo:era5_seamless:-23.5:-46.8,2023-10-02,90.15,6.5,51.51,15,trigger,synthetic,synthetic,synthetic,synth-v1.0.0,42,932480f22477dd00,baseline
SP-021:sul:009000:2023-11-15,SP-021:sul:009000,SP-021,sul,9.25,open-meteo:era5_seamless:-23.5:-46.8,2023-11-15,69.9,3.97,51.51,3,trigger,synthetic,synthetic,synthetic,synth-v1.0.0,42,932480f22477dd00,baseline
SP-021:sul:009000:2023-12-29,SP-021:sul:009000,SP-021,sul,9.25,open-meteo:era5_seamless:-23.5:-46.8,2023-12-29,65.31,6.13,51.51,5,trigger,synthetic,synthetic,synthetic,synth-v1.0.0,42,932480f22477dd00,baseline
SP-021:sul:009000:2024-02-14,SP-021:sul:009000,SP-021,sul,9.25,open-meteo:era5_seamless:-23.5:-46.8,2024-02-14,88.51,5.55,51.51,10,trigger,synthetic,synthetic,synthetic,synth-v1.0.0,42,932480f22477dd00,baseline
SP-021:sul:009000:2024-03-23,SP-021:sul:009000,SP-021,sul,9.25,open-meteo:era5_seamless:-23.5:-46.8,2024-03-23,92.63,5.12,51.51,6,trigger,synthetic,synthetic,synthetic,synth-v1.0.0,42,932480f22477dd00,baseline
SP-021:sul:009000:2024-06-04,SP-021:sul:009000,SP-021,sul,9.25,open-meteo:era5_seamless:-23.5:-46.8,2024-06-04,94.73,5.77,51.51,30,trigger,synthetic,synthetic,synthetic,synth-v1.0.0,42,932480f22477dd00,baseline
SP-021:sul:009000:2024-09-22,SP-021:sul:009000,SP-021,sul,9.25,open-meteo:era5_seamless:-23.5:-46.8,2024-09-22,84.37,7.9,51.51,14,trigger,synthetic,synthetic,synthetic,synth-v1.0.0,42,932480f22477dd00,baseline
SP-021:sul:009000:2024-11-21,SP-021:sul:009000,SP-021,sul,9.25,open-meteo:era5_seamless:-23.5:-46.8,2024-11-21,80.86,4.67,51.51,11,trigger,synthetic,synthetic,synthetic,synth-v1.0.0,42,932480f22477dd00,baseline
SP-021:sul:009000:2025-01-01,SP-021:sul:009000,SP-021,sul,9.25,open-meteo:era5_seamless:-23.5:-46.8,2025-01-01,64.4,3.19,51.51,3,trigger,synthetic,synthetic,synthetic,synth-v1.0.0,42,932480f22477dd00,baseline
SP-021:sul:009000:2025-02-19,SP-021:sul:009000,SP-021,sul,9.25,open-meteo:era5_seamless:-23.5:-46.8,2025-02-19,92.08,7.51,51.51,10,trigger,synthetic,synthetic,synthetic,synth-v1.0.0,42,932480f22477dd00,baseline
SP-021:sul:009000:2025-04-08,SP-021:sul:009000,SP-021,sul,9.25,open-meteo:era5_seamless:-23.5:-46.8,2025-04-08,89.27,5.28,51.51,16,trigger,synthetic,synthetic,synthetic,synth-v1.0.0,42,932480f22477dd00,baseline
SP-021:sul:009000:2025-08-13,SP-021:sul:009000,SP-021,sul,9.25,open-meteo:era5_seamless:-23.5:-46.8,2025-08-13,54.88,4.32,51.51,10,trigger,synthetic,synthetic,synthetic,synth-v1.0.0,42,932480f22477dd00,baseline
SP-021:sul:009000:2025-11-03,SP-021:sul:009000,SP-021,sul,9.25,open-meteo:era5_seamless:-23.5:-46.8,2025-11-03,62.95,6.76,51.51,8,trigger,synthetic,synthetic,synthetic,synth-v1.0.0,42,932480f22477dd00,baseline
SP-021:sul:009000:2025-12-31,SP-021:sul:009000,SP-021,sul,9.25,open-meteo:era5_seamless:-23.5:-46.8,2025-12-31,91.64,6.16,51.51,10,trigger,synthetic,synthetic,synthetic,synth-v1.0.0,42,932480f22477dd00,baseline
SP-021:sul:009000:2026-02-19,SP-021:sul:009000,SP-021,sul,9.25,open-meteo:era5_seamless:-23.5:-46.8,2026-02-19,90.08,3.9,51.51,11,trigger,synthetic,synthetic,synthetic,synth-v1.0.0,42,932480f22477dd00,baseline
SP-021:sul:009000:2026-04-07,SP-021:sul:009000,SP-021,sul,9.25,open-meteo:era5_seamless:-23.5:-46.8,2026-04-07,72.3,7.46,51.51,2,trigger,synthetic,synthetic,synthetic,synth-v1.0.0,42,932480f22477dd00,baseline
SP-021:sul:009000:2026-07-15,SP-021:sul:009000,SP-021,sul,9.25,open-meteo:era5_seamless:-23.5:-46.8,2026-07-15,56.25,4.49,51.51,10,trigger,synthetic,synthetic,synthetic,synth-v1.0.0,42,932480f22477dd00,baseline
SP-021:norte:009500:2023-01-27,SP-021:norte:009500,SP-021,norte,9.75,open-meteo:era5_seamless:-23.5:-46.8,2023-01-27,72.21,4.86,45.94,5,trigger,synthetic,synthetic,synthetic,synth-v1.0.0,42,932480f22477dd00,baseline
SP-021:norte:009500:2023-03-07,SP-021:norte:009500,SP-021,norte,9.75,open-meteo:era5_seamless:-23.5:-46.8,2023-03-07,73.51,3.86,45.94,9,trigger,synthetic,synthetic,synthetic,synth-v1.0.0,42,932480f22477dd00,baseline
SP-021:norte:009500:2023-04-21,SP-021:norte:009500,SP-021,norte,9.75,open-meteo:era5_seamless:-23.5:-46.8,2023-04-21,56.88,6.99,45.94,5,trigger,synthetic,synthetic,synthetic,synth-v1.0.0,42,932480f22477dd00,baseline
SP-021:norte:009500:2023-08-21,SP-021:norte:009500,SP-021,norte,9.75,open-meteo:era5_seamless:-23.5:-46.8,2023-08-21,60.63,6.35,45.94,8,trigger,synthetic,synthetic,synthetic,synth-v1.0.0,42,932480f22477dd00,baseline
SP-021:norte:009500:2023-10-19,SP-021:norte:009500,SP-021,norte,9.75,open-meteo:era5_seamless:-23.5:-46.8,2023-10-19,73.71,3.79,45.94,11,trigger,synthetic,synthetic,synthetic,synth-v1.0.0,42,932480f22477dd00,baseline
SP-021:norte:009500:2023-12-06,SP-021:norte:009500,SP-021,norte,9.75,open-meteo:era5_seamless:-23.5:-46.8,2023-12-06,73.27,3.5,45.94,10,trigger,synthetic,synthetic,synthetic,synth-v1.0.0,42,932480f22477dd00,baseline
SP-021:norte:009500:2024-01-18,SP-021:norte:009500,SP-021,norte,9.75,open-meteo:era5_seamless:-23.5:-46.8,2024-01-18,61.18,7.65,45.94,4,trigger,synthetic,synthetic,synthetic,synth-v1.0.0,42,932480f22477dd00,baseline
SP-021:norte:009500:2024-02-19,SP-021:norte:009500,SP-021,norte,9.75,open-meteo:era5_seamless:-23.5:-46.8,2024-02-19,60.45,3.8,45.94,8,proactive,synthetic,synthetic,synthetic,synth-v1.0.0,42,932480f22477dd00,baseline
SP-021:norte:009500:2024-03-23,SP-021:norte:009500,SP-021,norte,9.75,open-meteo:era5_seamless:-23.5:-46.8,2024-03-23,66.66,3.85,45.94,6,trigger,synthetic,synthetic,synthetic,synth-v1.0.0,42,932480f22477dd00,baseline
SP-021:norte:009500:2024-05-08,SP-021:norte:009500,SP-021,norte,9.75,open-meteo:era5_seamless:-23.5:-46.8,2024-05-08,67.39,3.41,45.94,10,trigger,synthetic,synthetic,synthetic,synth-v1.0.0,42,932480f22477dd00,baseline
SP-021:norte:009500:2024-08-20,SP-021:norte:009500,SP-021,norte,9.75,open-meteo:era5_seamless:-23.5:-46.8,2024-08-20,50.45,6.5,45.94,2,trigger,synthetic,synthetic,synthetic,synth-v1.0.0,42,932480f22477dd00,baseline
SP-021:norte:009500:2024-10-13,SP-021:norte:009500,SP-021,norte,9.75,open-meteo:era5_seamless:-23.5:-46.8,2024-10-13,59.21,7.32,45.94,7,trigger,synthetic,synthetic,synthetic,synth-v1.0.0,42,932480f22477dd00,baseline
SP-021:norte:009500:2024-12-16,SP-021:norte:009500,SP-021,norte,9.75,open-meteo:era5_seamless:-23.5:-46.8,2024-12-16,85.0,4.99,45.94,29,trigger,synthetic,synthetic,synthetic,synth-v1.0.0,42,932480f22477dd00,baseline
SP-021:norte:009500:2025-02-05,SP-021:norte:009500,SP-021,norte,9.75,open-meteo:era5_seamless:-23.5:-46.8,2025-02-05,83.81,5.51,45.94,17,trigger,synthetic,synthetic,synthetic,synth-v1.0.0,42,932480f22477dd00,baseline
SP-021:norte:009500:2025-03-06,SP-021:norte:009500,SP-021,norte,9.75,open-meteo:era5_seamless:-23.5:-46.8,2025-03-06,64.37,3.23,45.94,4,trigger,synthetic,synthetic,synthetic,synth-v1.0.0,42,932480f22477dd00,baseline
SP-021:norte:009500:2025-04-22,SP-021:norte:009500,SP-021,norte,9.75,open-meteo:era5_seamless:-23.5:-46.8,2025-04-22,54.23,4.01,45.94,2,trigger,synthetic,synthetic,synthetic,synth-v1.0.0,42,932480f22477dd00,baseline
SP-021:norte:009500:2025-09-26,SP-021:norte:009500,SP-021,norte,9.75,open-meteo:era5_seamless:-23.5:-46.8,2025-09-26,66.72,3.94,45.94,19,trigger,synthetic,synthetic,synthetic,synth-v1.0.0,42,932480f22477dd00,baseline
SP-021:norte:009500:2025-12-08,SP-021:norte:009500,SP-021,norte,9.75,open-meteo:era5_seamless:-23.5:-46.8,2025-12-08,63.6,6.11,45.94,8,trigger,synthetic,synthetic,synthetic,synth-v1.0.0,42,932480f22477dd00,baseline
SP-021:norte:009500:2026-01-12,SP-021:norte:009500,SP-021,norte,9.75,open-meteo:era5_seamless:-23.5:-46.8,2026-01-12,65.18,3.49,45.94,8,trigger,synthetic,synthetic,synthetic,synth-v1.0.0,42,932480f22477dd00,baseline
SP-021:norte:009500:2026-02-25,SP-021:norte:009500,SP-021,norte,9.75,open-meteo:era5_seamless:-23.5:-46.8,2026-02-25,68.5,4.08,45.94,3,trigger,synthetic,synthetic,synthetic,synth-v1.0.0,42,932480f22477dd00,baseline
SP-021:norte:009500:2026-05-01,SP-021:norte:009500,SP-021,norte,9.75,open-meteo:era5_seamless:-23.5:-46.8,2026-05-01,81.99,7.37,45.94,26,trigger,synthetic,synthetic,synthetic,synth-v1.0.0,42,932480f22477dd00,baseline
SP-021:norte:009500:2026-08-16,SP-021:norte:009500,SP-021,norte,9.75,open-meteo:era5_seamless:-23.5:-46.8,2026-08-16,41.35,6.49,45.94,7,proactive,synthetic,synthetic,synthetic,synth-v1.0.0,42,932480f22477dd00,baseline
SP-021:sul:009500:2023-02-07,SP-021:sul:009500,SP-021,sul,9.75,open-meteo:era5_seamless:-23.5:-46.8,2023-02-07,72.01,6.02,59.67,9,proactive,synthetic,synthetic,synthetic,synth-v1.0.0,42,932480f22477dd00,baseline
SP-021:sul:009500:2023-03-09,SP-021:sul:009500,SP-021,sul,9.75,open-meteo:era5_seamless:-23.5:-46.8,2023-03-09,38.64,6.62,59.67,4,proactive,synthetic,synthetic,synthetic,synth-v1.0.0,42,932480f22477dd00,baseline
SP-021:sul:009500:2023-05-10,SP-021:sul:009500,SP-021,sul,9.75,open-meteo:era5_seamless:-23.5:-46.8,2023-05-10,63.76,3.78,59.67,3,trigger,synthetic,synthetic,synthetic,synth-v1.0.0,42,932480f22477dd00,baseline
SP-021:sul:009500:2023-10-06,SP-021:sul:009500,SP-021,sul,9.75,open-meteo:era5_seamless:-23.5:-46.8,2023-10-06,66.89,6.24,59.67,5,trigger,synthetic,synthetic,synthetic,synth-v1.0.0,42,932480f22477dd00,baseline
SP-021:sul:009500:2023-12-11,SP-021:sul:009500,SP-021,sul,9.75,open-meteo:era5_seamless:-23.5:-46.8,2023-12-11,75.8,5.42,59.67,8,trigger,synthetic,synthetic,synthetic,synth-v1.0.0,42,932480f22477dd00,baseline
SP-021:sul:009500:2024-02-17,SP-021:sul:009500,SP-021,sul,9.75,open-meteo:era5_seamless:-23.5:-46.8,2024-02-17,82.93,6.86,59.67,13,trigger,synthetic,synthetic,synthetic,synth-v1.0.0,42,932480f22477dd00,baseline
SP-021:sul:009500:2024-03-31,SP-021:sul:009500,SP-021,sul,9.75,open-meteo:era5_seamless:-23.5:-46.8,2024-03-31,68.23,4.99,59.67,7,trigger,synthetic,synthetic,synthetic,synth-v1.0.0,42,932480f22477dd00,baseline
SP-021:sul:009500:2024-06-02,SP-021:sul:009500,SP-021,sul,9.75,open-meteo:era5_seamless:-23.5:-46.8,2024-06-02,60.42,5.95,59.67,7,trigger,synthetic,synthetic,synthetic,synth-v1.0.0,42,932480f22477dd00,baseline
SP-021:sul:009500:2024-10-04,SP-021:sul:009500,SP-021,sul,9.75,open-meteo:era5_seamless:-23.5:-46.8,2024-10-04,75.74,4.43,59.67,12,trigger,synthetic,synthetic,synthetic,synth-v1.0.0,42,932480f22477dd00,baseline
SP-021:sul:009500:2024-12-10,SP-021:sul:009500,SP-021,sul,9.75,open-meteo:era5_seamless:-23.5:-46.8,2024-12-10,66.94,7.1,59.67,2,trigger,synthetic,synthetic,synthetic,synth-v1.0.0,42,932480f22477dd00,baseline
SP-021:sul:009500:2025-01-28,SP-021:sul:009500,SP-021,sul,9.75,open-meteo:era5_seamless:-23.5:-46.8,2025-01-28,70.21,6.06,59.67,2,trigger,synthetic,synthetic,synthetic,synth-v1.0.0,42,932480f22477dd00,baseline
SP-021:sul:009500:2025-03-17,SP-021:sul:009500,SP-021,sul,9.75,open-meteo:era5_seamless:-23.5:-46.8,2025-03-17,78.02,7.45,59.67,8,trigger,synthetic,synthetic,synthetic,synth-v1.0.0,42,932480f22477dd00,baseline
SP-021:sul:009500:2025-05-31,SP-021:sul:009500,SP-021,sul,9.75,open-meteo:era5_seamless:-23.5:-46.8,2025-05-31,62.21,5.67,59.67,6,trigger,synthetic,synthetic,synthetic,synth-v1.0.0,42,932480f22477dd00,baseline
SP-021:sul:009500:2025-11-19,SP-021:sul:009500,SP-021,sul,9.75,open-meteo:era5_seamless:-23.5:-46.8,2025-11-19,75.34,6.29,59.67,17,trigger,synthetic,synthetic,synthetic,synth-v1.0.0,42,932480f22477dd00,baseline
SP-021:sul:009500:2026-01-07,SP-021:sul:009500,SP-021,sul,9.75,open-meteo:era5_seamless:-23.5:-46.8,2026-01-07,63.13,5.74,59.67,3,trigger,synthetic,synthetic,synthetic,synth-v1.0.0,42,932480f22477dd00,baseline
SP-021:sul:009500:2026-03-02,SP-021:sul:009500,SP-021,sul,9.75,open-meteo:era5_seamless:-23.5:-46.8,2026-03-02,70.71,7.48,59.67,8,trigger,synthetic,synthetic,synthetic,synth-v1.0.0,42,932480f22477dd00,baseline
SP-021:sul:009500:2026-04-28,SP-021:sul:009500,SP-021,sul,9.75,open-meteo:era5_seamless:-23.5:-46.8,2026-04-28,67.69,3.38,59.67,2,trigger,synthetic,synthetic,synthetic,synth-v1.0.0,42,932480f22477dd00,baseline
SP-021:norte:010000:2023-01-31,SP-021:norte:010000,SP-021,norte,10.25,open-meteo:era5_seamless:-23.5:-46.8,2023-01-31,71.24,3.97,56.68,2,trigger,synthetic,synthetic,synthetic,synth-v1.0.0,42,932480f22477dd00,baseline
SP-021:norte:010000:2023-03-11,SP-021:norte:010000,SP-021,norte,10.25,open-meteo:era5_seamless:-23.5:-46.8,2023-03-11,78.18,6.81,56.68,6,trigger,synthetic,synthetic,synthetic,synth-v1.0.0,42,932480f22477dd00,baseline
SP-021:norte:010000:2023-04-22,SP-021:norte:010000,SP-021,norte,10.25,open-meteo:era5_seamless:-23.5:-46.8,2023-04-22,67.63,6.8,56.68,6,trigger,synthetic,synthetic,synthetic,synth-v1.0.0,42,932480f22477dd00,baseline
SP-021:norte:010000:2023-08-21,SP-021:norte:010000,SP-021,norte,10.25,open-meteo:era5_seamless:-23.5:-46.8,2023-08-21,71.29,7.2,56.68,8,trigger,synthetic,synthetic,synthetic,synth-v1.0.0,42,932480f22477dd00,baseline
SP-021:norte:010000:2023-10-06,SP-021:norte:010000,SP-021,norte,10.25,open-meteo:era5_seamless:-23.5:-46.8,2023-10-06,66.3,4.45,56.68,5,trigger,synthetic,synthetic,synthetic,synth-v1.0.0,42,932480f22477dd00,baseline
SP-021:norte:010000:2023-12-05,SP-021:norte:010000,SP-021,norte,10.25,open-meteo:era5_seamless:-23.5:-46.8,2023-12-05,87.73,6.04,56.68,16,trigger,synthetic,synthetic,synthetic,synth-v1.0.0,42,932480f22477dd00,baseline
SP-021:norte:010000:2024-01-14,SP-021:norte:010000,SP-021,norte,10.25,open-meteo:era5_seamless:-23.5:-46.8,2024-01-14,76.37,3.45,56.68,7,trigger,synthetic,synthetic,synthetic,synth-v1.0.0,42,932480f22477dd00,baseline
SP-021:norte:010000:2024-02-29,SP-021:norte:010000,SP-021,norte,10.25,open-meteo:era5_seamless:-23.5:-46.8,2024-02-29,81.05,6.5,56.68,4,trigger,synthetic,synthetic,synthetic,synth-v1.0.0,42,932480f22477dd00,baseline
SP-021:norte:010000:2024-04-04,SP-021:norte:010000,SP-021,norte,10.25,open-meteo:era5_seamless:-23.5:-46.8,2024-04-04,76.41,6.39,56.68,11,trigger,synthetic,synthetic,synthetic,synth-v1.0.0,42,932480f22477dd00,baseline
SP-021:norte:010000:2024-05-20,SP-021:norte:010000,SP-021,norte,10.25,open-meteo:era5_seamless:-23.5:-46.8,2024-05-20,78.08,7.14,56.68,8,trigger,synthetic,synthetic,synthetic,synth-v1.0.0,42,932480f22477dd00,baseline
SP-021:norte:010000:2024-09-01,SP-021:norte:010000,SP-021,norte,10.25,open-meteo:era5_seamless:-23.5:-46.8,2024-09-01,69.3,6.8,56.68,7,trigger,synthetic,synthetic,synthetic,synth-v1.0.0,42,932480f22477dd00,baseline
SP-021:norte:010000:2024-10-24,SP-021:norte:010000,SP-021,norte,10.25,open-meteo:era5_seamless:-23.5:-46.8,2024-10-24,75.71,6.35,56.68,11,trigger,synthetic,synthetic,synthetic,synth-v1.0.0,42,932480f22477dd00,baseline
SP-021:norte:010000:2024-12-05,SP-021:norte:010000,SP-021,norte,10.25,open-meteo:era5_seamless:-23.5:-46.8,2024-12-05,65.52,6.42,56.68,4,trigger,synthetic,synthetic,synthetic,synth-v1.0.0,42,932480f22477dd00,baseline
SP-021:norte:010000:2025-01-09,SP-021:norte:010000,SP-021,norte,10.25,open-meteo:era5_seamless:-23.5:-46.8,2025-01-09,69.38,4.77,56.68,4,trigger,synthetic,synthetic,synthetic,synth-v1.0.0,42,932480f22477dd00,baseline
SP-021:norte:010000:2025-02-19,SP-021:norte:010000,SP-021,norte,10.25,open-meteo:era5_seamless:-23.5:-46.8,2025-02-19,86.58,4.98,56.68,10,trigger,synthetic,synthetic,synthetic,synth-v1.0.0,42,932480f22477dd00,baseline
SP-021:norte:010000:2025-04-01,SP-021:norte:010000,SP-021,norte,10.25,open-meteo:era5_seamless:-23.5:-46.8,2025-04-01,76.8,3.79,56.68,9,trigger,synthetic,synthetic,synthetic,synth-v1.0.0,42,932480f22477dd00,baseline
SP-021:norte:010000:2025-06-12,SP-021:norte:010000,SP-021,norte,10.25,open-meteo:era5_seamless:-23.5:-46.8,2025-06-12,56.91,6.24,56.68,4,trigger,synthetic,synthetic,synthetic,synth-v1.0.0,42,932480f22477dd00,baseline
SP-021:norte:010000:2025-10-18,SP-021:norte:010000,SP-021,norte,10.25,open-meteo:era5_seamless:-23.5:-46.8,2025-10-18,76.41,5.68,56.68,6,trigger,synthetic,synthetic,synthetic,synth-v1.0.0,42,932480f22477dd00,baseline
SP-021:norte:010000:2025-12-14,SP-021:norte:010000,SP-021,norte,10.25,open-meteo:era5_seamless:-23.5:-46.8,2025-12-14,70.88,4.47,56.68,7,trigger,synthetic,synthetic,synthetic,synth-v1.0.0,42,932480f22477dd00,baseline
SP-021:norte:010000:2026-01-28,SP-021:norte:010000,SP-021,norte,10.25,open-meteo:era5_seamless:-23.5:-46.8,2026-01-28,79.57,4.43,56.68,10,trigger,synthetic,synthetic,synthetic,synth-v1.0.0,42,932480f22477dd00,baseline
SP-021:norte:010000:2026-03-07,SP-021:norte:010000,SP-021,norte,10.25,open-meteo:era5_seamless:-23.5:-46.8,2026-03-07,74.45,6.25,56.68,6,trigger,synthetic,synthetic,synthetic,synth-v1.0.0,42,932480f22477dd00,baseline
SP-021:norte:010000:2026-04-12,SP-021:norte:010000,SP-021,norte,10.25,open-meteo:era5_seamless:-23.5:-46.8,2026-04-12,69.88,5.17,56.68,7,trigger,synthetic,synthetic,synthetic,synth-v1.0.0,42,932480f22477dd00,baseline
SP-021:norte:010000:2026-07-30,SP-021:norte:010000,SP-021,norte,10.25,open-meteo:era5_seamless:-23.5:-46.8,2026-07-30,62.67,7.96,56.68,4,trigger,synthetic,synthetic,synthetic,synth-v1.0.0,42,932480f22477dd00,baseline
SP-021:sul:010000:2023-01-26,SP-021:sul:010000,SP-021,sul,10.25,open-meteo:era5_seamless:-23.5:-46.8,2023-01-26,80.75,7.8,56.53,4,trigger,synthetic,synthetic,synthetic,synth-v1.0.0,42,932480f22477dd00,baseline
SP-021:sul:010000:2023-03-04,SP-021:sul:010000,SP-021,sul,10.25,open-meteo:era5_seamless:-23.5:-46.8,2023-03-04,95.86,3.84,56.53,6,trigger,synthetic,synthetic,synthetic,synth-v1.0.0,42,932480f22477dd00,baseline
SP-021:sul:010000:2023-04-26,SP-021:sul:010000,SP-021,sul,10.25,open-meteo:era5_seamless:-23.5:-46.8,2023-04-26,79.99,7.76,56.53,10,trigger,synthetic,synthetic,synthetic,synth-v1.0.0,42,932480f22477dd00,baseline
SP-021:sul:010000:2023-08-24,SP-021:sul:010000,SP-021,sul,10.25,open-meteo:era5_seamless:-23.5:-46.8,2023-08-24,80.47,5.29,56.53,11,trigger,synthetic,synthetic,synthetic,synth-v1.0.0,42,932480f22477dd00,baseline
SP-021:sul:010000:2023-10-13,SP-021:sul:010000,SP-021,sul,10.25,open-meteo:era5_seamless:-23.5:-46.8,2023-10-13,77.26,6.97,56.53,5,trigger,synthetic,synthetic,synthetic,synth-v1.0.0,42,932480f22477dd00,baseline
SP-021:sul:010000:2023-11-21,SP-021:sul:010000,SP-021,sul,10.25,open-meteo:era5_seamless:-23.5:-46.8,2023-11-21,81.33,5.51,56.53,2,trigger,synthetic,synthetic,synthetic,synth-v1.0.0,42,932480f22477dd00,baseline
SP-021:sul:010000:2024-01-15,SP-021:sul:010000,SP-021,sul,10.25,open-meteo:era5_seamless:-23.5:-46.8,2024-01-15,106.0,6.31,56.53,15,trigger,synthetic,synthetic,synthetic,synth-v1.0.0,42,932480f22477dd00,baseline
SP-021:sul:010000:2024-03-07,SP-021:sul:010000,SP-021,sul,10.25,open-meteo:era5_seamless:-23.5:-46.8,2024-03-07,110.9,5.07,56.53,18,trigger,synthetic,synthetic,synthetic,synth-v1.0.0,42,932480f22477dd00,baseline
SP-021:sul:010000:2024-04-16,SP-021:sul:010000,SP-021,sul,10.25,open-meteo:era5_seamless:-23.5:-46.8,2024-04-16,90.49,4.62,56.53,9,trigger,synthetic,synthetic,synthetic,synth-v1.0.0,42,932480f22477dd00,baseline
SP-021:sul:010000:2024-05-27,SP-021:sul:010000,SP-021,sul,10.25,open-meteo:era5_seamless:-23.5:-46.8,2024-05-27,54.34,5.77,56.53,8,proactive,synthetic,synthetic,synthetic,synth-v1.0.0,42,932480f22477dd00,baseline
SP-021:sul:010000:2024-09-14,SP-021:sul:010000,SP-021,sul,10.25,open-meteo:era5_seamless:-23.5:-46.8,2024-09-14,97.39,6.41,56.53,20,trigger,synthetic,synthetic,synthetic,synth-v1.0.0,42,932480f22477dd00,baseline
SP-021:sul:010000:2024-10-29,SP-021:sul:010000,SP-021,sul,10.25,open-meteo:era5_seamless:-23.5:-46.8,2024-10-29,59.76,7.58,56.53,2,trigger,synthetic,synthetic,synthetic,synth-v1.0.0,42,932480f22477dd00,baseline
SP-021:sul:010000:2024-12-05,SP-021:sul:010000,SP-021,sul,10.25,open-meteo:era5_seamless:-23.5:-46.8,2024-12-05,65.75,4.77,56.53,4,trigger,synthetic,synthetic,synthetic,synth-v1.0.0,42,932480f22477dd00,baseline
SP-021:sul:010000:2025-01-12,SP-021:sul:010000,SP-021,sul,10.25,open-meteo:era5_seamless:-23.5:-46.8,2025-01-12,71.09,7.88,56.53,7,proactive,synthetic,synthetic,synthetic,synth-v1.0.0,42,932480f22477dd00,baseline
SP-021:sul:010000:2025-02-23,SP-021:sul:010000,SP-021,sul,10.25,open-meteo:era5_seamless:-23.5:-46.8,2025-02-23,110.55,5.8,56.53,7,trigger,synthetic,synthetic,synthetic,synth-v1.0.0,42,932480f22477dd00,baseline
SP-021:sul:010000:2025-04-06,SP-021:sul:010000,SP-021,sul,10.25,open-meteo:era5_seamless:-23.5:-46.8,2025-04-06,89.28,4.93,56.53,7,trigger,synthetic,synthetic,synthetic,synth-v1.0.0,42,932480f22477dd00,baseline
SP-021:sul:010000:2025-07-11,SP-021:sul:010000,SP-021,sul,10.25,open-meteo:era5_seamless:-23.5:-46.8,2025-07-11,61.86,6.95,56.53,12,trigger,synthetic,synthetic,synthetic,synth-v1.0.0,42,932480f22477dd00,baseline
SP-021:sul:010000:2025-10-08,SP-021:sul:010000,SP-021,sul,10.25,open-meteo:era5_seamless:-23.5:-46.8,2025-10-08,65.97,5.25,56.53,3,trigger,synthetic,synthetic,synthetic,synth-v1.0.0,42,932480f22477dd00,baseline
SP-021:sul:010000:2025-12-10,SP-021:sul:010000,SP-021,sul,10.25,open-meteo:era5_seamless:-23.5:-46.8,2025-12-10,76.59,3.65,56.53,3,trigger,synthetic,synthetic,synthetic,synth-v1.0.0,42,932480f22477dd00,baseline
SP-021:sul:010000:2026-01-24,SP-021:sul:010000,SP-021,sul,10.25,open-meteo:era5_seamless:-23.5:-46.8,2026-01-24,84.83,4.85,56.53,13,trigger,synthetic,synthetic,synthetic,synth-v1.0.0,42,932480f22477dd00,baseline
SP-021:sul:010000:2026-03-10,SP-021:sul:010000,SP-021,sul,10.25,open-meteo:era5_seamless:-23.5:-46.8,2026-03-10,99.84,7.9,56.53,16,trigger,synthetic,synthetic,synthetic,synth-v1.0.0,42,932480f22477dd00,baseline
SP-021:sul:010000:2026-04-23,SP-021:sul:010000,SP-021,sul,10.25,open-meteo:era5_seamless:-23.5:-46.8,2026-04-23,87.13,7.14,56.53,11,trigger,synthetic,synthetic,synthetic,synth-v1.0.0,42,932480f22477dd00,baseline
SP-021:sul:010000:2026-08-11,SP-021:sul:010000,SP-021,sul,10.25,open-meteo:era5_seamless:-23.5:-46.8,2026-08-11,60.56,7.58,56.53,2,trigger,synthetic,synthetic,synthetic,synth-v1.0.0,42,932480f22477dd00,baseline
SP-021:norte:010500:2023-02-01,SP-021:norte:010500,SP-021,norte,10.75,open-meteo:era5_seamless:-23.5:-46.8,2023-02-01,63.76,7.6,67.26,10,proactive,synthetic,synthetic,synthetic,synth-v1.0.0,42,932480f22477dd00,baseline
SP-021:norte:010500:2023-03-24,SP-021:norte:010500,SP-021,norte,10.75,open-meteo:era5_seamless:-23.5:-46.8,2023-03-24,113.27,3.66,67.26,12,trigger,synthetic,synthetic,synthetic,synth-v1.0.0,42,932480f22477dd00,baseline
SP-021:norte:010500:2023-08-23,SP-021:norte:010500,SP-021,norte,10.75,open-meteo:era5_seamless:-23.5:-46.8,2023-08-23,79.11,4.58,67.26,3,trigger,synthetic,synthetic,synthetic,synth-v1.0.0,42,932480f22477dd00,baseline
SP-021:norte:010500:2023-11-08,SP-021:norte:010500,SP-021,norte,10.75,open-meteo:era5_seamless:-23.5:-46.8,2023-11-08,100.86,3.11,67.26,10,trigger,synthetic,synthetic,synthetic,synth-v1.0.0,42,932480f22477dd00,baseline
SP-021:norte:010500:2023-12-28,SP-021:norte:010500,SP-021,norte,10.75,open-meteo:era5_seamless:-23.5:-46.8,2023-12-28,70.67,6.27,67.26,4,proactive,synthetic,synthetic,synthetic,synth-v1.0.0,42,932480f22477dd00,baseline
SP-021:norte:010500:2024-03-01,SP-021:norte:010500,SP-021,norte,10.75,open-meteo:era5_seamless:-23.5:-46.8,2024-03-01,122.61,6.45,67.26,12,trigger,synthetic,synthetic,synthetic,synth-v1.0.0,42,932480f22477dd00,baseline
SP-021:norte:010500:2024-04-11,SP-021:norte:010500,SP-021,norte,10.75,open-meteo:era5_seamless:-23.5:-46.8,2024-04-11,80.36,4.06,67.26,4,trigger,synthetic,synthetic,synthetic,synth-v1.0.0,42,932480f22477dd00,baseline
SP-021:norte:010500:2024-05-29,SP-021:norte:010500,SP-021,norte,10.75,open-meteo:era5_seamless:-23.5:-46.8,2024-05-29,41.63,5.28,67.26,3,proactive,synthetic,synthetic,synthetic,synth-v1.0.0,42,932480f22477dd00,baseline
SP-021:norte:010500:2024-09-21,SP-021:norte:010500,SP-021,norte,10.75,open-meteo:era5_seamless:-23.5:-46.8,2024-09-21,79.49,7.44,67.26,6,trigger,synthetic,synthetic,synthetic,synth-v1.0.0,42,932480f22477dd00,baseline
SP-021:norte:010500:2024-11-25,SP-021:norte:010500,SP-021,norte,10.75,open-meteo:era5_seamless:-23.5:-46.8,2024-11-25,84.3,3.28,67.26,8,trigger,synthetic,synthetic,synthetic,synth-v1.0.0,42,932480f22477dd00,baseline
SP-021:norte:010500:2025-01-25,SP-021:norte:010500,SP-021,norte,10.75,open-meteo:era5_seamless:-23.5:-46.8,2025-01-25,100.27,7.95,67.26,6,trigger,synthetic,synthetic,synthetic,synth-v1.0.0,42,932480f22477dd00,baseline
SP-021:norte:010500:2025-02-28,SP-021:norte:010500,SP-021,norte,10.75,open-meteo:era5_seamless:-23.5:-46.8,2025-02-28,87.69,5.68,67.26,5,trigger,synthetic,synthetic,synthetic,synth-v1.0.0,42,932480f22477dd00,baseline
SP-021:norte:010500:2025-05-02,SP-021:norte:010500,SP-021,norte,10.75,open-meteo:era5_seamless:-23.5:-46.8,2025-05-02,91.17,5.59,67.26,5,trigger,synthetic,synthetic,synthetic,synth-v1.0.0,42,932480f22477dd00,baseline
SP-021:norte:010500:2025-10-15,SP-021:norte:010500,SP-021,norte,10.75,open-meteo:era5_seamless:-23.5:-46.8,2025-10-15,78.82,4.13,67.26,10,trigger,synthetic,synthetic,synthetic,synth-v1.0.0,42,932480f22477dd00,baseline
SP-021:norte:010500:2025-12-27,SP-021:norte:010500,SP-021,norte,10.75,open-meteo:era5_seamless:-23.5:-46.8,2025-12-27,77.44,4.21,67.26,6,proactive,synthetic,synthetic,synthetic,synth-v1.0.0,42,932480f22477dd00,baseline
SP-021:norte:010500:2026-02-18,SP-021:norte:010500,SP-021,norte,10.75,open-meteo:era5_seamless:-23.5:-46.8,2026-02-18,88.02,6.94,67.26,3,trigger,synthetic,synthetic,synthetic,synth-v1.0.0,42,932480f22477dd00,baseline
SP-021:norte:010500:2026-04-07,SP-021:norte:010500,SP-021,norte,10.75,open-meteo:era5_seamless:-23.5:-46.8,2026-04-07,88.32,4.37,67.26,2,trigger,synthetic,synthetic,synthetic,synth-v1.0.0,42,932480f22477dd00,baseline
SP-021:norte:010500:2026-09-01,SP-021:norte:010500,SP-021,norte,10.75,open-meteo:era5_seamless:-23.5:-46.8,2026-09-01,80.29,5.34,67.26,10,trigger,synthetic,synthetic,synthetic,synth-v1.0.0,42,932480f22477dd00,baseline
SP-021:sul:010500:2023-01-22,SP-021:sul:010500,SP-021,sul,10.75,open-meteo:era5_seamless:-23.5:-46.8,2023-01-22,77.27,3.24,36.96,14,trigger,synthetic,synthetic,synthetic,synth-v1.0.0,42,932480f22477dd00,baseline
SP-021:sul:010500:2023-02-28,SP-021:sul:010500,SP-021,sul,10.75,open-meteo:era5_seamless:-23.5:-46.8,2023-02-28,60.52,5.57,36.96,2,trigger,synthetic,synthetic,synthetic,synth-v1.0.0,42,932480f22477dd00,baseline
SP-021:sul:010500:2023-04-10,SP-021:sul:010500,SP-021,sul,10.75,open-meteo:era5_seamless:-23.5:-46.8,2023-04-10,75.8,4.66,36.96,15,trigger,synthetic,synthetic,synthetic,synth-v1.0.0,42,932480f22477dd00,baseline
SP-021:sul:010500:2023-08-09,SP-021:sul:010500,SP-021,sul,10.75,open-meteo:era5_seamless:-23.5:-46.8,2023-08-09,51.97,3.62,36.96,10,trigger,synthetic,synthetic,synthetic,synth-v1.0.0,42,932480f22477dd00,baseline
SP-021:sul:010500:2023-10-10,SP-021:sul:010500,SP-021,sul,10.75,open-meteo:era5_seamless:-23.5:-46.8,2023-10-10,68.3,4.71,36.96,9,trigger,synthetic,synthetic,synthetic,synth-v1.0.0,42,932480f22477dd00,baseline
SP-021:sul:010500:2023-12-08,SP-021:sul:010500,SP-021,sul,10.75,open-meteo:era5_seamless:-23.5:-46.8,2023-12-08,94.15,4.95,36.96,26,trigger,synthetic,synthetic,synthetic,synth-v1.0.0,42,932480f22477dd00,baseline
SP-021:sul:010500:2024-01-19,SP-021:sul:010500,SP-021,sul,10.75,open-meteo:era5_seamless:-23.5:-46.8,2024-01-19,74.6,7.87,36.96,12,trigger,synthetic,synthetic,synthetic,synth-v1.0.0,42,932480f22477dd00,baseline
SP-021:sul:010500:2024-02-18,SP-021:sul:010500,SP-021,sul,10.75,open-meteo:era5_seamless:-23.5:-46.8,2024-02-18,59.45,7.11,36.96,7,trigger,synthetic,synthetic,synthetic,synth-v1.0.0,42,932480f22477dd00,baseline
SP-021:sul:010500:2024-03-18,SP-021:sul:010500,SP-021,sul,10.75,open-meteo:era5_seamless:-23.5:-46.8,2024-03-18,74.32,7.63,36.96,8,trigger,synthetic,synthetic,synthetic,synth-v1.0.0,42,932480f22477dd00,baseline
SP-021:sul:010500:2024-04-19,SP-021:sul:010500,SP-021,sul,10.75,open-meteo:era5_seamless:-23.5:-46.8,2024-04-19,60.46,3.22,36.96,5,trigger,synthetic,synthetic,synthetic,synth-v1.0.0,42,932480f22477dd00,baseline
SP-021:sul:010500:2024-06-12,SP-021:sul:010500,SP-021,sul,10.75,open-meteo:era5_seamless:-23.5:-46.8,2024-06-12,38.24,6.17,36.96,17,proactive,synthetic,synthetic,synthetic,synth-v1.0.0,42,932480f22477dd00,baseline
SP-021:sul:010500:2024-08-29,SP-021:sul:010500,SP-021,sul,10.75,open-meteo:era5_seamless:-23.5:-46.8,2024-08-29,41.23,5.46,36.96,4,trigger,synthetic,synthetic,synthetic,synth-v1.0.0,42,932480f22477dd00,baseline
SP-021:sul:010500:2024-10-11,SP-021:sul:010500,SP-021,sul,10.75,open-meteo:era5_seamless:-23.5:-46.8,2024-10-11,48.62,3.9,36.96,5,trigger,synthetic,synthetic,synthetic,synth-v1.0.0,42,932480f22477dd00,baseline
SP-021:sul:010500:2024-11-28,SP-021:sul:010500,SP-021,sul,10.75,open-meteo:era5_seamless:-23.5:-46.8,2024-11-28,52.1,7.93,36.96,4,trigger,synthetic,synthetic,synthetic,synth-v1.0.0,42,932480f22477dd00,baseline
SP-021:sul:010500:2025-01-08,SP-021:sul:010500,SP-021,sul,10.75,open-meteo:era5_seamless:-23.5:-46.8,2025-01-08,84.1,3.66,36.96,17,trigger,synthetic,synthetic,synthetic,synth-v1.0.0,42,932480f22477dd00,baseline
SP-021:sul:010500:2025-02-15,SP-021:sul:010500,SP-021,sul,10.75,open-meteo:era5_seamless:-23.5:-46.8,2025-02-15,76.16,4.91,36.96,6,trigger,synthetic,synthetic,synthetic,synth-v1.0.0,42,932480f22477dd00,baseline
SP-021:sul:010500:2025-03-22,SP-021:sul:010500,SP-021,sul,10.75,open-meteo:era5_seamless:-23.5:-46.8,2025-03-22,64.25,5.99,36.96,6,trigger,synthetic,synthetic,synthetic,synth-v1.0.0,42,932480f22477dd00,baseline
SP-021:sul:010500:2025-05-07,SP-021:sul:010500,SP-021,sul,10.75,open-meteo:era5_seamless:-23.5:-46.8,2025-05-07,50.36,6.84,36.96,3,trigger,synthetic,synthetic,synthetic,synth-v1.0.0,42,932480f22477dd00,baseline
SP-021:sul:010500:2025-09-07,SP-021:sul:010500,SP-021,sul,10.75,open-meteo:era5_seamless:-23.5:-46.8,2025-09-07,46.47,6.01,36.96,7,trigger,synthetic,synthetic,synthetic,synth-v1.0.0,42,932480f22477dd00,baseline
SP-021:sul:010500:2025-11-08,SP-021:sul:010500,SP-021,sul,10.75,open-meteo:era5_seamless:-23.5:-46.8,2025-11-08,54.23,3.85,36.96,6,trigger,synthetic,synthetic,synthetic,synth-v1.0.0,42,932480f22477dd00,baseline
SP-021:sul:010500:2025-12-31,SP-021:sul:010500,SP-021,sul,10.75,open-meteo:era5_seamless:-23.5:-46.8,2025-12-31,75.62,6.69,36.96,10,trigger,synthetic,synthetic,synthetic,synth-v1.0.0,42,932480f22477dd00,baseline
SP-021:sul:010500:2026-02-15,SP-021:sul:010500,SP-021,sul,10.75,open-meteo:era5_seamless:-23.5:-46.8,2026-02-15,85.87,7.99,36.96,7,trigger,synthetic,synthetic,synthetic,synth-v1.0.0,42,932480f22477dd00,baseline
SP-021:sul:010500:2026-03-19,SP-021:sul:010500,SP-021,sul,10.75,open-meteo:era5_seamless:-23.5:-46.8,2026-03-19,58.84,5.09,36.96,4,trigger,synthetic,synthetic,synthetic,synth-v1.0.0,42,932480f22477dd00,baseline
SP-021:sul:010500:2026-04-27,SP-021:sul:010500,SP-021,sul,10.75,open-meteo:era5_seamless:-23.5:-46.8,2026-04-27,50.04,7.28,36.96,8,trigger,synthetic,synthetic,synthetic,synth-v1.0.0,42,932480f22477dd00,baseline
SP-021:sul:010500:2026-08-25,SP-021:sul:010500,SP-021,sul,10.75,open-meteo:era5_seamless:-23.5:-46.8,2026-08-25,61.78,6.04,36.96,9,trigger,synthetic,synthetic,synthetic,synth-v1.0.0,42,932480f22477dd00,baseline
SP-021:norte:011000:2023-02-26,SP-021:norte:011000,SP-021,norte,11.25,open-meteo:era5_seamless:-23.5:-46.8,2023-02-26,74.31,5.74,52.21,14,trigger,synthetic,synthetic,synthetic,synth-v1.0.0,42,932480f22477dd00,baseline
SP-021:norte:011000:2023-05-20,SP-021:norte:011000,SP-021,norte,11.25,open-meteo:era5_seamless:-23.5:-46.8,2023-05-20,54.31,6.27,52.21,6,trigger,synthetic,synthetic,synthetic,synth-v1.0.0,42,932480f22477dd00,baseline
SP-021:norte:011000:2023-10-27,SP-021:norte:011000,SP-021,norte,11.25,open-meteo:era5_seamless:-23.5:-46.8,2023-10-27,66.2,4.35,52.21,12,trigger,synthetic,synthetic,synthetic,synth-v1.0.0,42,932480f22477dd00,baseline
SP-021:norte:011000:2024-01-20,SP-021:norte:011000,SP-021,norte,11.25,open-meteo:era5_seamless:-23.5:-46.8,2024-01-20,69.41,5.5,52.21,13,trigger,synthetic,synthetic,synthetic,synth-v1.0.0,42,932480f22477dd00,baseline
SP-021:norte:011000:2024-03-21,SP-021:norte:011000,SP-021,norte,11.25,open-meteo:era5_seamless:-23.5:-46.8,2024-03-21,63.09,5.17,52.21,4,trigger,synthetic,synthetic,synthetic,synth-v1.0.0,42,932480f22477dd00,baseline
SP-021:norte:011000:2024-07-03,SP-021:norte:011000,SP-021,norte,11.25,open-meteo:era5_seamless:-23.5:-46.8,2024-07-03,54.68,6.89,52.21,3,trigger,synthetic,synthetic,synthetic,synth-v1.0.0,42,932480f22477dd00,baseline
SP-021:norte:011000:2024-10-24,SP-021:norte:011000,SP-021,norte,11.25,open-meteo:era5_seamless:-23.5:-46.8,2024-10-24,55.41,3.63,52.21,4,trigger,synthetic,synthetic,synthetic,synth-v1.0.0,42,932480f22477dd00,baseline
SP-021:norte:011000:2025-01-27,SP-021:norte:011000,SP-021,norte,11.25,open-meteo:era5_seamless:-23.5:-46.8,2025-01-27,69.54,5.02,52.21,8,trigger,synthetic,synthetic,synthetic,synth-v1.0.0,42,932480f22477dd00,baseline
SP-021:norte:011000:2025-03-26,SP-021:norte:011000,SP-021,norte,11.25,open-meteo:era5_seamless:-23.5:-46.8,2025-03-26,56.4,4.23,52.21,3,trigger,synthetic,synthetic,synthetic,synth-v1.0.0,42,932480f22477dd00,baseline
SP-021:norte:011000:2025-10-09,SP-021:norte:011000,SP-021,norte,11.25,open-meteo:era5_seamless:-23.5:-46.8,2025-10-09,58.78,6.28,52.21,4,trigger,synthetic,synthetic,synthetic,synth-v1.0.0,42,932480f22477dd00,baseline
SP-021:norte:011000:2026-01-09,SP-021:norte:011000,SP-021,norte,11.25,open-meteo:era5_seamless:-23.5:-46.8,2026-01-09,62.96,4.94,52.21,5,trigger,synthetic,synthetic,synthetic,synth-v1.0.0,42,932480f22477dd00,baseline
SP-021:norte:011000:2026-03-23,SP-021:norte:011000,SP-021,norte,11.25,open-meteo:era5_seamless:-23.5:-46.8,2026-03-23,61.55,7.9,52.21,8,trigger,synthetic,synthetic,synthetic,synth-v1.0.0,42,932480f22477dd00,baseline
SP-021:norte:011000:2026-08-28,SP-021:norte:011000,SP-021,norte,11.25,open-meteo:era5_seamless:-23.5:-46.8,2026-08-28,60.92,6.86,52.21,12,trigger,synthetic,synthetic,synthetic,synth-v1.0.0,42,932480f22477dd00,baseline
SP-021:sul:011000:2023-01-25,SP-021:sul:011000,SP-021,sul,11.25,open-meteo:era5_seamless:-23.5:-46.8,2023-01-25,54.34,6.75,55.59,10,proactive,synthetic,synthetic,synthetic,synth-v1.0.0,42,932480f22477dd00,baseline
SP-021:sul:011000:2023-03-16,SP-021:sul:011000,SP-021,sul,11.25,open-meteo:era5_seamless:-23.5:-46.8,2023-03-16,66.56,6.01,55.59,4,trigger,synthetic,synthetic,synthetic,synth-v1.0.0,42,932480f22477dd00,baseline
SP-021:sul:011000:2023-08-19,SP-021:sul:011000,SP-021,sul,11.25,open-meteo:era5_seamless:-23.5:-46.8,2023-08-19,66.54,7.38,55.59,13,trigger,synthetic,synthetic,synthetic,synth-v1.0.0,42,932480f22477dd00,baseline
SP-021:sul:011000:2023-11-10,SP-021:sul:011000,SP-021,sul,11.25,open-meteo:era5_seamless:-23.5:-46.8,2023-11-10,75.59,3.19,55.59,12,trigger,synthetic,synthetic,synthetic,synth-v1.0.0,42,932480f22477dd00,baseline
SP-021:sul:011000:2024-01-17,SP-021:sul:011000,SP-021,sul,11.25,open-meteo:era5_seamless:-23.5:-46.8,2024-01-17,64.69,4.68,55.59,3,trigger,synthetic,synthetic,synthetic,synth-v1.0.0,42,932480f22477dd00,baseline
SP-021:sul:011000:2024-03-26,SP-021:sul:011000,SP-021,sul,11.25,open-meteo:era5_seamless:-23.5:-46.8,2024-03-26,85.68,6.31,55.59,16,trigger,synthetic,synthetic,synthetic,synth-v1.0.0,42,932480f22477dd00,baseline
SP-021:sul:011000:2024-05-27,SP-021:sul:011000,SP-021,sul,11.25,open-meteo:era5_seamless:-23.5:-46.8,2024-05-27,61.5,3.4,55.59,8,trigger,synthetic,synthetic,synthetic,synth-v1.0.0,42,932480f22477dd00,baseline
SP-021:sul:011000:2024-10-22,SP-021:sul:011000,SP-021,sul,11.25,open-meteo:era5_seamless:-23.5:-46.8,2024-10-22,68.61,4.42,55.59,9,trigger,synthetic,synthetic,synthetic,synth-v1.0.0,42,932480f22477dd00,baseline
SP-021:sul:011000:2025-01-18,SP-021:sul:011000,SP-021,sul,11.25,open-meteo:era5_seamless:-23.5:-46.8,2025-01-18,85.18,5.25,55.59,20,trigger,synthetic,synthetic,synthetic,synth-v1.0.0,42,932480f22477dd00,baseline
SP-021:sul:011000:2025-03-22,SP-021:sul:011000,SP-021,sul,11.25,open-meteo:era5_seamless:-23.5:-46.8,2025-03-22,83.33,4.67,55.59,13,trigger,synthetic,synthetic,synthetic,synth-v1.0.0,42,932480f22477dd00,baseline
SP-021:sul:011000:2025-06-24,SP-021:sul:011000,SP-021,sul,11.25,open-meteo:era5_seamless:-23.5:-46.8,2025-06-24,40.1,4.87,55.59,9,proactive,synthetic,synthetic,synthetic,synth-v1.0.0,42,932480f22477dd00,baseline
SP-021:sul:011000:2025-12-05,SP-021:sul:011000,SP-021,sul,11.25,open-meteo:era5_seamless:-23.5:-46.8,2025-12-05,66.75,4.24,55.59,5,trigger,synthetic,synthetic,synthetic,synth-v1.0.0,42,932480f22477dd00,baseline
SP-021:sul:011000:2026-02-11,SP-021:sul:011000,SP-021,sul,11.25,open-meteo:era5_seamless:-23.5:-46.8,2026-02-11,68.94,7.57,55.59,3,trigger,synthetic,synthetic,synthetic,synth-v1.0.0,42,932480f22477dd00,baseline
SP-021:sul:011000:2026-04-13,SP-021:sul:011000,SP-021,sul,11.25,open-meteo:era5_seamless:-23.5:-46.8,2026-04-13,74.97,7.71,55.59,15,trigger,synthetic,synthetic,synthetic,synth-v1.0.0,42,932480f22477dd00,baseline
SP-021:norte:011500:2023-01-31,SP-021:norte:011500,SP-021,norte,11.75,open-meteo:era5_seamless:-23.5:-46.8,2023-01-31,65.51,6.29,47.84,2,trigger,synthetic,synthetic,synthetic,synth-v1.0.0,42,932480f22477dd00,baseline
SP-021:norte:011500:2023-03-15,SP-021:norte:011500,SP-021,norte,11.75,open-meteo:era5_seamless:-23.5:-46.8,2023-03-15,68.73,5.34,47.84,10,trigger,synthetic,synthetic,synthetic,synth-v1.0.0,42,932480f22477dd00,baseline
SP-021:norte:011500:2023-05-17,SP-021:norte:011500,SP-021,norte,11.75,open-meteo:era5_seamless:-23.5:-46.8,2023-05-17,52.97,3.39,47.84,3,trigger,synthetic,synthetic,synthetic,synth-v1.0.0,42,932480f22477dd00,baseline
SP-021:norte:011500:2023-09-27,SP-021:norte:011500,SP-021,norte,11.75,open-meteo:era5_seamless:-23.5:-46.8,2023-09-27,57.22,4.85,47.84,3,trigger,synthetic,synthetic,synthetic,synth-v1.0.0,42,932480f22477dd00,baseline
SP-021:norte:011500:2023-12-01,SP-021:norte:011500,SP-021,norte,11.75,open-meteo:era5_seamless:-23.5:-46.8,2023-12-01,78.71,5.58,47.84,12,trigger,synthetic,synthetic,synthetic,synth-v1.0.0,42,932480f22477dd00,baseline
SP-021:norte:011500:2024-01-19,SP-021:norte:011500,SP-021,norte,11.75,open-meteo:era5_seamless:-23.5:-46.8,2024-01-19,77.28,5.01,47.84,12,trigger,synthetic,synthetic,synthetic,synth-v1.0.0,42,932480f22477dd00,baseline
SP-021:norte:011500:2024-03-13,SP-021:norte:011500,SP-021,norte,11.75,open-meteo:era5_seamless:-23.5:-46.8,2024-03-13,84.73,4.75,47.84,10,trigger,synthetic,synthetic,synthetic,synth-v1.0.0,42,932480f22477dd00,baseline
SP-021:norte:011500:2024-05-01,SP-021:norte:011500,SP-021,norte,11.75,open-meteo:era5_seamless:-23.5:-46.8,2024-05-01,58.92,4.09,47.84,3,trigger,synthetic,synthetic,synthetic,synth-v1.0.0,42,932480f22477dd00,baseline
SP-021:norte:011500:2024-08-22,SP-021:norte:011500,SP-021,norte,11.75,open-meteo:era5_seamless:-23.5:-46.8,2024-08-22,56.19,4.09,47.84,4,trigger,synthetic,synthetic,synthetic,synth-v1.0.0,42,932480f22477dd00,baseline
SP-021:norte:011500:2024-10-30,SP-021:norte:011500,SP-021,norte,11.75,open-meteo:era5_seamless:-23.5:-46.8,2024-10-30,60.27,7.57,47.84,3,trigger,synthetic,synthetic,synthetic,synth-v1.0.0,42,932480f22477dd00,baseline
SP-021:norte:011500:2024-12-17,SP-021:norte:011500,SP-021,norte,11.75,open-meteo:era5_seamless:-23.5:-46.8,2024-12-17,62.0,3.24,47.84,2,trigger,synthetic,synthetic,synthetic,synth-v1.0.0,42,932480f22477dd00,baseline
SP-021:norte:011500:2025-02-05,SP-021:norte:011500,SP-021,norte,11.75,open-meteo:era5_seamless:-23.5:-46.8,2025-02-05,65.57,6.2,47.84,3,trigger,synthetic,synthetic,synthetic,synth-v1.0.0,42,932480f22477dd00,baseline
SP-021:norte:011500:2025-03-06,SP-021:norte:011500,SP-021,norte,11.75,open-meteo:era5_seamless:-23.5:-46.8,2025-03-06,49.68,7.4,47.84,4,proactive,synthetic,synthetic,synthetic,synth-v1.0.0,42,932480f22477dd00,baseline
SP-021:norte:011500:2025-04-30,SP-021:norte:011500,SP-021,norte,11.75,open-meteo:era5_seamless:-23.5:-46.8,2025-04-30,67.12,6.76,47.84,10,trigger,synthetic,synthetic,synthetic,synth-v1.0.0,42,932480f22477dd00,baseline
SP-021:norte:011500:2025-10-02,SP-021:norte:011500,SP-021,norte,11.75,open-meteo:era5_seamless:-23.5:-46.8,2025-10-02,65.61,6.81,47.84,11,trigger,synthetic,synthetic,synthetic,synth-v1.0.0,42,932480f22477dd00,baseline
SP-021:norte:011500:2025-12-10,SP-021:norte:011500,SP-021,norte,11.75,open-meteo:era5_seamless:-23.5:-46.8,2025-12-10,61.97,7.82,47.84,3,trigger,synthetic,synthetic,synthetic,synth-v1.0.0,42,932480f22477dd00,baseline
SP-021:norte:011500:2026-01-25,SP-021:norte:011500,SP-021,norte,11.75,open-meteo:era5_seamless:-23.5:-46.8,2026-01-25,68.86,6.7,47.84,14,trigger,synthetic,synthetic,synthetic,synth-v1.0.0,42,932480f22477dd00,baseline
SP-021:norte:011500:2026-03-05,SP-021:norte:011500,SP-021,norte,11.75,open-meteo:era5_seamless:-23.5:-46.8,2026-03-05,60.52,6.46,47.84,4,trigger,synthetic,synthetic,synthetic,synth-v1.0.0,42,932480f22477dd00,baseline
SP-021:norte:011500:2026-04-26,SP-021:norte:011500,SP-021,norte,11.75,open-meteo:era5_seamless:-23.5:-46.8,2026-04-26,66.12,3.43,47.84,7,trigger,synthetic,synthetic,synthetic,synth-v1.0.0,42,932480f22477dd00,baseline
SP-021:sul:011500:2023-02-04,SP-021:sul:011500,SP-021,sul,11.75,open-meteo:era5_seamless:-23.5:-46.8,2023-02-04,59.01,6.1,49.85,6,trigger,synthetic,synthetic,synthetic,synth-v1.0.0,42,932480f22477dd00,baseline
SP-021:sul:011500:2023-03-30,SP-021:sul:011500,SP-021,sul,11.75,open-meteo:era5_seamless:-23.5:-46.8,2023-03-30,58.84,3.23,49.85,4,trigger,synthetic,synthetic,synthetic,synth-v1.0.0,42,932480f22477dd00,baseline
SP-021:sul:011500:2023-09-30,SP-021:sul:011500,SP-021,sul,11.75,open-meteo:era5_seamless:-23.5:-46.8,2023-09-30,57.96,3.85,49.85,6,trigger,synthetic,synthetic,synthetic,synth-v1.0.0,42,932480f22477dd00,baseline
SP-021:sul:011500:2023-12-20,SP-021:sul:011500,SP-021,sul,11.75,open-meteo:era5_seamless:-23.5:-46.8,2023-12-20,62.95,6.66,49.85,10,trigger,synthetic,synthetic,synthetic,synth-v1.0.0,42,932480f22477dd00,baseline
SP-021:sul:011500:2024-02-21,SP-021:sul:011500,SP-021,sul,11.75,open-meteo:era5_seamless:-23.5:-46.8,2024-02-21,60.24,6.37,49.85,10,trigger,synthetic,synthetic,synthetic,synth-v1.0.0,42,932480f22477dd00,baseline
SP-021:sul:011500:2024-04-11,SP-021:sul:011500,SP-021,sul,11.75,open-meteo:era5_seamless:-23.5:-46.8,2024-04-11,55.91,3.44,49.85,4,trigger,synthetic,synthetic,synthetic,synth-v1.0.0,42,932480f22477dd00,baseline
SP-021:sul:011500:2024-10-02,SP-021:sul:011500,SP-021,sul,11.75,open-meteo:era5_seamless:-23.5:-46.8,2024-10-02,68.72,3.99,49.85,24,trigger,synthetic,synthetic,synthetic,synth-v1.0.0,42,932480f22477dd00,baseline
SP-021:sul:011500:2024-12-25,SP-021:sul:011500,SP-021,sul,11.75,open-meteo:era5_seamless:-23.5:-46.8,2024-12-25,55.06,3.9,49.85,3,trigger,synthetic,synthetic,synthetic,synth-v1.0.0,42,932480f22477dd00,baseline
SP-021:sul:011500:2025-02-21,SP-021:sul:011500,SP-021,sul,11.75,open-meteo:era5_seamless:-23.5:-46.8,2025-02-21,58.65,5.39,49.85,5,trigger,synthetic,synthetic,synthetic,synth-v1.0.0,42,932480f22477dd00,baseline
SP-021:sul:011500:2025-04-30,SP-021:sul:011500,SP-021,sul,11.75,open-meteo:era5_seamless:-23.5:-46.8,2025-04-30,51.88,5.55,49.85,3,trigger,synthetic,synthetic,synthetic,synth-v1.0.0,42,932480f22477dd00,baseline
SP-021:sul:011500:2025-11-13,SP-021:sul:011500,SP-021,sul,11.75,open-meteo:era5_seamless:-23.5:-46.8,2025-11-13,55.85,5.18,49.85,11,trigger,synthetic,synthetic,synthetic,synth-v1.0.0,42,932480f22477dd00,baseline
SP-021:sul:011500:2026-01-16,SP-021:sul:011500,SP-021,sul,11.75,open-meteo:era5_seamless:-23.5:-46.8,2026-01-16,54.48,6.81,49.85,5,trigger,synthetic,synthetic,synthetic,synth-v1.0.0,42,932480f22477dd00,baseline
SP-021:sul:011500:2026-03-04,SP-021:sul:011500,SP-021,sul,11.75,open-meteo:era5_seamless:-23.5:-46.8,2026-03-04,44.27,6.21,49.85,3,proactive,synthetic,synthetic,synthetic,synth-v1.0.0,42,932480f22477dd00,baseline
SP-021:sul:011500:2026-05-26,SP-021:sul:011500,SP-021,sul,11.75,open-meteo:era5_seamless:-23.5:-46.8,2026-05-26,54.86,4.57,49.85,16,trigger,synthetic,synthetic,synthetic,synth-v1.0.0,42,932480f22477dd00,baseline
SP-021:norte:012000:2023-01-26,SP-021:norte:012000,SP-021,norte,12.25,open-meteo:era5_seamless:-23.5:-46.8,2023-01-26,59.33,6.39,51.86,4,trigger,synthetic,synthetic,synthetic,synth-v1.0.0,42,932480f22477dd00,baseline
SP-021:norte:012000:2023-03-07,SP-021:norte:012000,SP-021,norte,12.25,open-meteo:era5_seamless:-23.5:-46.8,2023-03-07,54.04,5.75,51.86,2,trigger,synthetic,synthetic,synthetic,synth-v1.0.0,42,932480f22477dd00,baseline
SP-021:norte:012000:2023-04-21,SP-021:norte:012000,SP-021,norte,12.25,open-meteo:era5_seamless:-23.5:-46.8,2023-04-21,38.63,5.09,51.86,5,proactive,synthetic,synthetic,synthetic,synth-v1.0.0,42,932480f22477dd00,baseline
SP-021:norte:012000:2023-10-01,SP-021:norte:012000,SP-021,norte,12.25,open-meteo:era5_seamless:-23.5:-46.8,2023-10-01,71.26,4.58,51.86,7,trigger,synthetic,synthetic,synthetic,synth-v1.0.0,42,932480f22477dd00,baseline
SP-021:norte:012000:2023-12-05,SP-021:norte:012000,SP-021,norte,12.25,open-meteo:era5_seamless:-23.5:-46.8,2023-12-05,64.97,5.32,51.86,2,trigger,synthetic,synthetic,synthetic,synth-v1.0.0,42,932480f22477dd00,baseline
SP-021:norte:012000:2024-02-18,SP-021:norte:012000,SP-021,norte,12.25,open-meteo:era5_seamless:-23.5:-46.8,2024-02-18,79.69,7.91,51.86,28,trigger,synthetic,synthetic,synthetic,synth-v1.0.0,42,932480f22477dd00,baseline
SP-021:norte:012000:2024-03-28,SP-021:norte:012000,SP-021,norte,12.25,open-meteo:era5_seamless:-23.5:-46.8,2024-03-28,61.29,4.9,51.86,4,trigger,synthetic,synthetic,synthetic,synth-v1.0.0,42,932480f22477dd00,baseline
SP-021:norte:012000:2024-05-25,SP-021:norte:012000,SP-021,norte,12.25,open-meteo:era5_seamless:-23.5:-46.8,2024-05-25,57.08,7.91,51.86,6,trigger,synthetic,synthetic,synthetic,synth-v1.0.0,42,932480f22477dd00,baseline
SP-021:norte:012000:2024-10-01,SP-021:norte:012000,SP-021,norte,12.25,open-meteo:era5_seamless:-23.5:-46.8,2024-10-01,69.28,4.38,51.86,16,trigger,synthetic,synthetic,synthetic,synth-v1.0.0,42,932480f22477dd00,baseline
SP-021:norte:012000:2024-12-24,SP-021:norte:012000,SP-021,norte,12.25,open-meteo:era5_seamless:-23.5:-46.8,2024-12-24,73.72,5.06,51.86,16,trigger,synthetic,synthetic,synthetic,synth-v1.0.0,42,932480f22477dd00,baseline
SP-021:norte:012000:2025-02-28,SP-021:norte:012000,SP-021,norte,12.25,open-meteo:era5_seamless:-23.5:-46.8,2025-02-28,80.36,6.5,51.86,12,trigger,synthetic,synthetic,synthetic,synth-v1.0.0,42,932480f22477dd00,baseline
SP-021:norte:012000:2025-04-26,SP-021:norte:012000,SP-021,norte,12.25,open-meteo:era5_seamless:-23.5:-46.8,2025-04-26,55.94,6.48,51.86,6,trigger,synthetic,synthetic,synthetic,synth-v1.0.0,42,932480f22477dd00,baseline
SP-021:norte:012000:2025-10-13,SP-021:norte:012000,SP-021,norte,12.25,open-meteo:era5_seamless:-23.5:-46.8,2025-10-13,60.39,6.92,51.86,8,trigger,synthetic,synthetic,synthetic,synth-v1.0.0,42,932480f22477dd00,baseline
SP-021:norte:012000:2025-12-27,SP-021:norte:012000,SP-021,norte,12.25,open-meteo:era5_seamless:-23.5:-46.8,2025-12-27,62.18,5.26,51.86,6,trigger,synthetic,synthetic,synthetic,synth-v1.0.0,42,932480f22477dd00,baseline
SP-021:norte:012000:2026-02-18,SP-021:norte:012000,SP-021,norte,12.25,open-meteo:era5_seamless:-23.5:-46.8,2026-02-18,61.4,6.75,51.86,3,trigger,synthetic,synthetic,synthetic,synth-v1.0.0,42,932480f22477dd00,baseline
SP-021:norte:012000:2026-04-13,SP-021:norte:012000,SP-021,norte,12.25,open-meteo:era5_seamless:-23.5:-46.8,2026-04-13,63.47,5.29,51.86,8,trigger,synthetic,synthetic,synthetic,synth-v1.0.0,42,932480f22477dd00,baseline
SP-021:sul:012000:2023-02-24,SP-021:sul:012000,SP-021,sul,12.25,open-meteo:era5_seamless:-23.5:-46.8,2023-02-24,56.07,4.47,47.29,5,trigger,synthetic,synthetic,synthetic,synth-v1.0.0,42,932480f22477dd00,baseline
SP-021:sul:012000:2023-04-19,SP-021:sul:012000,SP-021,sul,12.25,open-meteo:era5_seamless:-23.5:-46.8,2023-04-19,55.69,6.95,47.29,10,trigger,synthetic,synthetic,synthetic,synth-v1.0.0,42,932480f22477dd00,baseline
SP-021:sul:012000:2023-09-10,SP-021:sul:012000,SP-021,sul,12.25,open-meteo:era5_seamless:-23.5:-46.8,2023-09-10,57.13,7.05,47.29,21,trigger,synthetic,synthetic,synthetic,synth-v1.0.0,42,932480f22477dd00,baseline
SP-021:sul:012000:2023-11-01,SP-021:sul:012000,SP-021,sul,12.25,open-meteo:era5_seamless:-23.5:-46.8,2023-11-01,55.78,3.84,47.29,3,trigger,synthetic,synthetic,synthetic,synth-v1.0.0,42,932480f22477dd00,baseline
SP-021:sul:012000:2023-12-20,SP-021:sul:012000,SP-021,sul,12.25,open-meteo:era5_seamless:-23.5:-46.8,2023-12-20,54.72,5.2,47.29,3,trigger,synthetic,synthetic,synthetic,synth-v1.0.0,42,932480f22477dd00,baseline
SP-021:sul:012000:2024-02-09,SP-021:sul:012000,SP-021,sul,12.25,open-meteo:era5_seamless:-23.5:-46.8,2024-02-09,56.5,4.59,47.29,5,trigger,synthetic,synthetic,synthetic,synth-v1.0.0,42,932480f22477dd00,baseline
SP-021:sul:012000:2024-03-28,SP-021:sul:012000,SP-021,sul,12.25,open-meteo:era5_seamless:-23.5:-46.8,2024-03-28,58.85,3.69,47.29,11,trigger,synthetic,synthetic,synthetic,synth-v1.0.0,42,932480f22477dd00,baseline
SP-021:sul:012000:2024-05-28,SP-021:sul:012000,SP-021,sul,12.25,open-meteo:era5_seamless:-23.5:-46.8,2024-05-28,56.24,6.87,47.29,9,trigger,synthetic,synthetic,synthetic,synth-v1.0.0,42,932480f22477dd00,baseline
SP-021:sul:012000:2024-09-17,SP-021:sul:012000,SP-021,sul,12.25,open-meteo:era5_seamless:-23.5:-46.8,2024-09-17,57.11,5.33,47.29,9,trigger,synthetic,synthetic,synthetic,synth-v1.0.0,42,932480f22477dd00,baseline
SP-021:sul:012000:2024-11-12,SP-021:sul:012000,SP-021,sul,12.25,open-meteo:era5_seamless:-23.5:-46.8,2024-11-12,49.85,4.94,47.29,2,trigger,synthetic,synthetic,synthetic,synth-v1.0.0,42,932480f22477dd00,baseline
SP-021:sul:012000:2025-01-06,SP-021:sul:012000,SP-021,sul,12.25,open-meteo:era5_seamless:-23.5:-46.8,2025-01-06,56.79,4.67,47.29,8,trigger,synthetic,synthetic,synthetic,synth-v1.0.0,42,932480f22477dd00,baseline
SP-021:sul:012000:2025-02-05,SP-021:sul:012000,SP-021,sul,12.25,open-meteo:era5_seamless:-23.5:-46.8,2025-02-05,33.64,6.8,47.29,3,proactive,synthetic,synthetic,synthetic,synth-v1.0.0,42,932480f22477dd00,baseline
SP-021:sul:012000:2025-03-30,SP-021:sul:012000,SP-021,sul,12.25,open-meteo:era5_seamless:-23.5:-46.8,2025-03-30,61.31,5.5,47.29,14,trigger,synthetic,synthetic,synthetic,synth-v1.0.0,42,932480f22477dd00,baseline
SP-021:sul:012000:2025-08-16,SP-021:sul:012000,SP-021,sul,12.25,open-meteo:era5_seamless:-23.5:-46.8,2025-08-16,48.26,7.75,47.29,6,trigger,synthetic,synthetic,synthetic,synth-v1.0.0,42,932480f22477dd00,baseline
SP-021:sul:012000:2025-11-05,SP-021:sul:012000,SP-021,sul,12.25,open-meteo:era5_seamless:-23.5:-46.8,2025-11-05,54.81,7.53,47.29,10,trigger,synthetic,synthetic,synthetic,synth-v1.0.0,42,932480f22477dd00,baseline
SP-021:sul:012000:2026-01-02,SP-021:sul:012000,SP-021,sul,12.25,open-meteo:era5_seamless:-23.5:-46.8,2026-01-02,58.38,4.88,47.29,5,trigger,synthetic,synthetic,synthetic,synth-v1.0.0,42,932480f22477dd00,baseline
SP-021:sul:012000:2026-02-27,SP-021:sul:012000,SP-021,sul,12.25,open-meteo:era5_seamless:-23.5:-46.8,2026-02-27,59.17,6.58,47.29,5,trigger,synthetic,synthetic,synthetic,synth-v1.0.0,42,932480f22477dd00,baseline
SP-021:sul:012000:2026-04-24,SP-021:sul:012000,SP-021,sul,12.25,open-meteo:era5_seamless:-23.5:-46.8,2026-04-24,56.36,3.32,47.29,12,trigger,synthetic,synthetic,synthetic,synth-v1.0.0,42,932480f22477dd00,baseline
SP-021:norte:012500:2023-03-03,SP-021:norte:012500,SP-021,norte,12.75,open-meteo:era5_seamless:-23.5:-46.8,2023-03-03,101.08,5.94,60.7,12,trigger,synthetic,synthetic,synthetic,synth-v1.0.0,42,932480f22477dd00,baseline
SP-021:norte:012500:2023-05-03,SP-021:norte:012500,SP-021,norte,12.75,open-meteo:era5_seamless:-23.5:-46.8,2023-05-03,82.54,6.07,60.7,17,trigger,synthetic,synthetic,synthetic,synth-v1.0.0,42,932480f22477dd00,baseline
SP-021:norte:012500:2023-09-23,SP-021:norte:012500,SP-021,norte,12.75,open-meteo:era5_seamless:-23.5:-46.8,2023-09-23,90.9,5.74,60.7,13,trigger,synthetic,synthetic,synthetic,synth-v1.0.0,42,932480f22477dd00,baseline
SP-021:norte:012500:2023-11-26,SP-021:norte:012500,SP-021,norte,12.75,open-meteo:era5_seamless:-23.5:-46.8,2023-11-26,96.41,7.96,60.7,14,trigger,synthetic,synthetic,synthetic,synth-v1.0.0,42,932480f22477dd00,baseline
SP-021:norte:012500:2023-12-27,SP-021:norte:012500,SP-021,norte,12.75,open-meteo:era5_seamless:-23.5:-46.8,2023-12-27,58.12,4.28,60.7,3,proactive,synthetic,synthetic,synthetic,synth-v1.0.0,42,932480f22477dd00,baseline
SP-021:norte:012500:2024-02-15,SP-021:norte:012500,SP-021,norte,12.75,open-meteo:era5_seamless:-23.5:-46.8,2024-02-15,86.16,7.92,60.7,4,trigger,synthetic,synthetic,synthetic,synth-v1.0.0,42,932480f22477dd00,baseline
SP-021:norte:012500:2024-03-21,SP-021:norte:012500,SP-021,norte,12.75,open-meteo:era5_seamless:-23.5:-46.8,2024-03-21,83.44,5.78,60.7,4,trigger,synthetic,synthetic,synthetic,synth-v1.0.0,42,932480f22477dd00,baseline
SP-021:norte:012500:2024-05-27,SP-021:norte:012500,SP-021,norte,12.75,open-meteo:era5_seamless:-23.5:-46.8,2024-05-27,101.47,7.75,60.7,22,trigger,synthetic,synthetic,synthetic,synth-v1.0.0,42,932480f22477dd00,baseline
SP-021:norte:012500:2024-09-14,SP-021:norte:012500,SP-021,norte,12.75,open-meteo:era5_seamless:-23.5:-46.8,2024-09-14,86.74,4.05,60.7,6,trigger,synthetic,synthetic,synthetic,synth-v1.0.0,42,932480f22477dd00,baseline
SP-021:norte:012500:2024-11-24,SP-021:norte:012500,SP-021,norte,12.75,open-meteo:era5_seamless:-23.5:-46.8,2024-11-24,79.84,7.25,60.7,7,trigger,synthetic,synthetic,synthetic,synth-v1.0.0,42,932480f22477dd00,baseline
SP-021:norte:012500:2025-01-13,SP-021:norte:012500,SP-021,norte,12.75,open-meteo:era5_seamless:-23.5:-46.8,2025-01-13,92.48,5.75,60.7,8,trigger,synthetic,synthetic,synthetic,synth-v1.0.0,42,932480f22477dd00,baseline
SP-021:norte:012500:2025-02-22,SP-021:norte:012500,SP-021,norte,12.75,open-meteo:era5_seamless:-23.5:-46.8,2025-02-22,90.61,5.76,60.7,6,trigger,synthetic,synthetic,synthetic,synth-v1.0.0,42,932480f22477dd00,baseline
SP-021:norte:012500:2025-04-21,SP-021:norte:012500,SP-021,norte,12.75,open-meteo:era5_seamless:-23.5:-46.8,2025-04-21,91.5,5.08,60.7,8,trigger,synthetic,synthetic,synthetic,synth-v1.0.0,42,932480f22477dd00,baseline
SP-021:norte:012500:2025-09-26,SP-021:norte:012500,SP-021,norte,12.75,open-meteo:era5_seamless:-23.5:-46.8,2025-09-26,74.41,5.36,60.7,5,trigger,synthetic,synthetic,synthetic,synth-v1.0.0,42,932480f22477dd00,baseline
SP-021:norte:012500:2025-12-11,SP-021:norte:012500,SP-021,norte,12.75,open-meteo:era5_seamless:-23.5:-46.8,2025-12-11,83.1,6.46,60.7,4,trigger,synthetic,synthetic,synthetic,synth-v1.0.0,42,932480f22477dd00,baseline
SP-021:norte:012500:2026-02-01,SP-021:norte:012500,SP-021,norte,12.75,open-meteo:era5_seamless:-23.5:-46.8,2026-02-01,93.57,7.49,60.7,14,trigger,synthetic,synthetic,synthetic,synth-v1.0.0,42,932480f22477dd00,baseline
SP-021:norte:012500:2026-03-11,SP-021:norte:012500,SP-021,norte,12.75,open-meteo:era5_seamless:-23.5:-46.8,2026-03-11,71.39,3.4,60.7,3,trigger,synthetic,synthetic,synthetic,synth-v1.0.0,42,932480f22477dd00,baseline
SP-021:norte:012500:2026-05-08,SP-021:norte:012500,SP-021,norte,12.75,open-meteo:era5_seamless:-23.5:-46.8,2026-05-08,72.95,6.13,60.7,5,trigger,synthetic,synthetic,synthetic,synth-v1.0.0,42,932480f22477dd00,baseline
SP-021:sul:012500:2023-01-27,SP-021:sul:012500,SP-021,sul,12.75,open-meteo:era5_seamless:-23.5:-46.8,2023-01-27,61.19,6.91,41.41,5,trigger,synthetic,synthetic,synthetic,synth-v1.0.0,42,932480f22477dd00,baseline
SP-021:sul:012500:2023-03-10,SP-021:sul:012500,SP-021,sul,12.75,open-meteo:era5_seamless:-23.5:-46.8,2023-03-10,51.93,3.57,41.41,5,trigger,synthetic,synthetic,synthetic,synth-v1.0.0,42,932480f22477dd00,baseline
SP-021:sul:012500:2023-07-11,SP-021:sul:012500,SP-021,sul,12.75,open-meteo:era5_seamless:-23.5:-46.8,2023-07-11,42.9,3.61,41.41,2,trigger,synthetic,synthetic,synthetic,synth-v1.0.0,42,932480f22477dd00,baseline
SP-021:sul:012500:2023-11-04,SP-021:sul:012500,SP-021,sul,12.75,open-meteo:era5_seamless:-23.5:-46.8,2023-11-04,64.2,3.38,41.41,20,trigger,synthetic,synthetic,synthetic,synth-v1.0.0,42,932480f22477dd00,baseline
SP-021:sul:012500:2024-01-09,SP-021:sul:012500,SP-021,sul,12.75,open-meteo:era5_seamless:-23.5:-46.8,2024-01-09,57.51,4.63,41.41,9,trigger,synthetic,synthetic,synthetic,synth-v1.0.0,42,932480f22477dd00,baseline
SP-021:sul:012500:2024-03-04,SP-021:sul:012500,SP-021,sul,12.75,open-meteo:era5_seamless:-23.5:-46.8,2024-03-04,56.32,4.96,41.41,8,trigger,synthetic,synthetic,synthetic,synth-v1.0.0,42,932480f22477dd00,baseline
SP-021:sul:012500:2024-04-27,SP-021:sul:012500,SP-021,sul,12.75,open-meteo:era5_seamless:-23.5:-46.8,2024-04-27,53.97,3.84,41.41,6,trigger,synthetic,synthetic,synthetic,synth-v1.0.0,42,932480f22477dd00,baseline
SP-021:sul:012500:2024-09-14,SP-021:sul:012500,SP-021,sul,12.75,open-meteo:era5_seamless:-23.5:-46.8,2024-09-14,55.73,5.85,41.41,6,trigger,synthetic,synthetic,synthetic,synth-v1.0.0,42,932480f22477dd00,baseline
SP-021:sul:012500:2024-11-14,SP-021:sul:012500,SP-021,sul,12.75,open-meteo:era5_seamless:-23.5:-46.8,2024-11-14,36.77,6.74,41.41,4,proactive,synthetic,synthetic,synthetic,synth-v1.0.0,42,932480f22477dd00,baseline
SP-021:sul:012500:2025-01-02,SP-021:sul:012500,SP-021,sul,12.75,open-meteo:era5_seamless:-23.5:-46.8,2025-01-02,49.02,3.1,41.41,4,trigger,synthetic,synthetic,synthetic,synth-v1.0.0,42,932480f22477dd00,baseline
SP-021:sul:012500:2025-02-26,SP-021:sul:012500,SP-021,sul,12.75,open-meteo:era5_seamless:-23.5:-46.8,2025-02-26,58.95,7.26,41.41,3,trigger,synthetic,synthetic,synthetic,synth-v1.0.0,42,932480f22477dd00,baseline
SP-021:sul:012500:2025-04-26,SP-021:sul:012500,SP-021,sul,12.75,open-meteo:era5_seamless:-23.5:-46.8,2025-04-26,53.86,3.25,41.41,13,trigger,synthetic,synthetic,synthetic,synth-v1.0.0,42,932480f22477dd00,baseline
SP-021:sul:012500:2025-10-31,SP-021:sul:012500,SP-021,sul,12.75,open-meteo:era5_seamless:-23.5:-46.8,2025-10-31,44.95,3.17,41.41,5,trigger,synthetic,synthetic,synthetic,synth-v1.0.0,42,932480f22477dd00,baseline
SP-021:sul:012500:2026-01-18,SP-021:sul:012500,SP-021,sul,12.75,open-meteo:era5_seamless:-23.5:-46.8,2026-01-18,60.22,5.33,41.41,14,trigger,synthetic,synthetic,synthetic,synth-v1.0.0,42,932480f22477dd00,baseline
SP-021:sul:012500:2026-03-14,SP-021:sul:012500,SP-021,sul,12.75,open-meteo:era5_seamless:-23.5:-46.8,2026-03-14,51.92,3.58,41.41,6,trigger,synthetic,synthetic,synthetic,synth-v1.0.0,42,932480f22477dd00,baseline
SP-021:sul:012500:2026-06-19,SP-021:sul:012500,SP-021,sul,12.75,open-meteo:era5_seamless:-23.5:-46.8,2026-06-19,42.3,3.72,41.41,5,trigger,synthetic,synthetic,synthetic,synth-v1.0.0,42,932480f22477dd00,baseline
SP-021:norte:013000:2023-02-11,SP-021:norte:013000,SP-021,norte,13.25,open-meteo:era5_seamless:-23.5:-46.8,2023-02-11,86.01,7.2,42.69,20,trigger,synthetic,synthetic,synthetic,synth-v1.0.0,42,932480f22477dd00,baseline
SP-021:norte:013000:2023-03-18,SP-021:norte:013000,SP-021,norte,13.25,open-meteo:era5_seamless:-23.5:-46.8,2023-03-18,71.88,6.31,42.69,6,trigger,synthetic,synthetic,synthetic,synth-v1.0.0,42,932480f22477dd00,baseline
SP-021:norte:013000:2023-05-10,SP-021:norte:013000,SP-021,norte,13.25,open-meteo:era5_seamless:-23.5:-46.8,2023-05-10,66.31,4.09,42.69,10,trigger,synthetic,synthetic,synthetic,synth-v1.0.0,42,932480f22477dd00,baseline
SP-021:norte:013000:2023-09-13,SP-021:norte:013000,SP-021,norte,13.25,open-meteo:era5_seamless:-23.5:-46.8,2023-09-13,52.3,6.28,42.69,3,trigger,synthetic,synthetic,synthetic,synth-v1.0.0,42,932480f22477dd00,baseline
SP-021:norte:013000:2023-11-06,SP-021:norte:013000,SP-021,norte,13.25,open-meteo:era5_seamless:-23.5:-46.8,2023-11-06,77.2,5.98,42.69,15,trigger,synthetic,synthetic,synthetic,synth-v1.0.0,42,932480f22477dd00,baseline
SP-021:norte:013000:2023-12-20,SP-021:norte:013000,SP-021,norte,13.25,open-meteo:era5_seamless:-23.5:-46.8,2023-12-20,76.09,5.93,42.69,10,trigger,synthetic,synthetic,synthetic,synth-v1.0.0,42,932480f22477dd00,baseline
SP-021:norte:013000:2024-02-09,SP-021:norte:013000,SP-021,norte,13.25,open-meteo:era5_seamless:-23.5:-46.8,2024-02-09,82.04,6.07,42.69,12,trigger,synthetic,synthetic,synthetic,synth-v1.0.0,42,932480f22477dd00,baseline
SP-021:norte:013000:2024-03-20,SP-021:norte:013000,SP-021,norte,13.25,open-meteo:era5_seamless:-23.5:-46.8,2024-03-20,83.63,4.72,42.69,10,trigger,synthetic,synthetic,synthetic,synth-v1.0.0,42,932480f22477dd00,baseline
SP-021:norte:013000:2024-05-13,SP-021:norte:013000,SP-021,norte,13.25,open-meteo:era5_seamless:-23.5:-46.8,2024-05-13,79.52,7.24,42.69,15,trigger,synthetic,synthetic,synthetic,synth-v1.0.0,42,932480f22477dd00,baseline
SP-021:norte:013000:2024-08-13,SP-021:norte:013000,SP-021,norte,13.25,open-meteo:era5_seamless:-23.5:-46.8,2024-08-13,53.64,4.08,42.69,9,trigger,synthetic,synthetic,synthetic,synth-v1.0.0,42,932480f22477dd00,baseline
SP-021:norte:013000:2024-10-19,SP-021:norte:013000,SP-021,norte,13.25,open-meteo:era5_seamless:-23.5:-46.8,2024-10-19,67.11,5.71,42.69,13,trigger,synthetic,synthetic,synthetic,synth-v1.0.0,42,932480f22477dd00,baseline
SP-021:norte:013000:2024-12-04,SP-021:norte:013000,SP-021,norte,13.25,open-meteo:era5_seamless:-23.5:-46.8,2024-12-04,64.21,6.48,42.69,3,trigger,synthetic,synthetic,synthetic,synth-v1.0.0,42,932480f22477dd00,baseline
SP-021:norte:013000:2025-01-21,SP-021:norte:013000,SP-021,norte,13.25,open-meteo:era5_seamless:-23.5:-46.8,2025-01-21,80.71,3.15,42.69,9,trigger,synthetic,synthetic,synthetic,synth-v1.0.0,42,932480f22477dd00,baseline
SP-021:norte:013000:2025-03-01,SP-021:norte:013000,SP-021,norte,13.25,open-meteo:era5_seamless:-23.5:-46.8,2025-03-01,78.91,5.4,42.69,6,trigger,synthetic,synthetic,synthetic,synth-v1.0.0,42,932480f22477dd00,baseline
SP-021:norte:013000:2025-04-18,SP-021:norte:013000,SP-021,norte,13.25,open-meteo:era5_seamless:-23.5:-46.8,2025-04-18,69.8,7.0,42.69,12,trigger,synthetic,synthetic,synthetic,synth-v1.0.0,42,932480f22477dd00,baseline
SP-021:norte:013000:2025-08-09,SP-021:norte:013000,SP-021,norte,13.25,open-meteo:era5_seamless:-23.5:-46.8,2025-08-09,46.32,7.3,42.69,13,trigger,synthetic,synthetic,synthetic,synth-v1.0.0,42,932480f22477dd00,baseline
SP-021:norte:013000:2025-10-09,SP-021:norte:013000,SP-021,norte,13.25,open-meteo:era5_seamless:-23.5:-46.8,2025-10-09,47.03,6.37,42.69,4,trigger,synthetic,synthetic,synthetic,synth-v1.0.0,42,932480f22477dd00,baseline
SP-021:norte:013000:2025-12-07,SP-021:norte:013000,SP-021,norte,13.25,open-meteo:era5_seamless:-23.5:-46.8,2025-12-07,59.19,6.8,42.69,7,trigger,synthetic,synthetic,synthetic,synth-v1.0.0,42,932480f22477dd00,baseline
SP-021:norte:013000:2026-01-11,SP-021:norte:013000,SP-021,norte,13.25,open-meteo:era5_seamless:-23.5:-46.8,2026-01-11,67.53,7.44,42.69,7,trigger,synthetic,synthetic,synthetic,synth-v1.0.0,42,932480f22477dd00,baseline
SP-021:norte:013000:2026-02-26,SP-021:norte:013000,SP-021,norte,13.25,open-meteo:era5_seamless:-23.5:-46.8,2026-02-26,82.99,7.1,42.69,4,trigger,synthetic,synthetic,synthetic,synth-v1.0.0,42,932480f22477dd00,baseline
SP-021:norte:013000:2026-04-09,SP-021:norte:013000,SP-021,norte,13.25,open-meteo:era5_seamless:-23.5:-46.8,2026-04-09,74.69,7.52,42.69,11,trigger,synthetic,synthetic,synthetic,synth-v1.0.0,42,932480f22477dd00,baseline
SP-021:norte:013000:2026-05-20,SP-021:norte:013000,SP-021,norte,13.25,open-meteo:era5_seamless:-23.5:-46.8,2026-05-20,39.26,5.87,42.69,10,proactive,synthetic,synthetic,synthetic,synth-v1.0.0,42,932480f22477dd00,baseline
SP-021:sul:013000:2023-01-22,SP-021:sul:013000,SP-021,sul,13.25,open-meteo:era5_seamless:-23.5:-46.8,2023-01-22,61.13,6.09,41.91,7,trigger,synthetic,synthetic,synthetic,synth-v1.0.0,42,932480f22477dd00,baseline
SP-021:sul:013000:2023-02-28,SP-021:sul:013000,SP-021,sul,13.25,open-meteo:era5_seamless:-23.5:-46.8,2023-02-28,53.68,6.45,41.91,2,trigger,synthetic,synthetic,synthetic,synth-v1.0.0,42,932480f22477dd00,baseline
SP-021:sul:013000:2023-04-13,SP-021:sul:013000,SP-021,sul,13.25,open-meteo:era5_seamless:-23.5:-46.8,2023-04-13,58.49,6.78,41.91,11,trigger,synthetic,synthetic,synthetic,synth-v1.0.0,42,932480f22477dd00,baseline
SP-021:sul:013000:2023-08-17,SP-021:sul:013000,SP-021,sul,13.25,open-meteo:era5_seamless:-23.5:-46.8,2023-08-17,48.27,5.18,41.91,4,trigger,synthetic,synthetic,synthetic,synth-v1.0.0,42,932480f22477dd00,baseline
SP-021:sul:013000:2023-10-18,SP-021:sul:013000,SP-021,sul,13.25,open-meteo:era5_seamless:-23.5:-46.8,2023-10-18,61.06,6.38,41.91,10,trigger,synthetic,synthetic,synthetic,synth-v1.0.0,42,932480f22477dd00,baseline
SP-021:sul:013000:2023-11-29,SP-021:sul:013000,SP-021,sul,13.25,open-meteo:era5_seamless:-23.5:-46.8,2023-11-29,51.75,3.3,41.91,3,trigger,synthetic,synthetic,synthetic,synth-v1.0.0,42,932480f22477dd00,baseline
SP-021:sul:013000:2024-01-20,SP-021:sul:013000,SP-021,sul,13.25,open-meteo:era5_seamless:-23.5:-46.8,2024-01-20,62.7,4.41,41.91,6,trigger,synthetic,synthetic,synthetic,synth-v1.0.0,42,932480f22477dd00,baseline
SP-021:sul:013000:2024-02-28,SP-021:sul:013000,SP-021,sul,13.25,open-meteo:era5_seamless:-23.5:-46.8,2024-02-28,46.52,6.41,41.91,3,trigger,synthetic,synthetic,synthetic,synth-v1.0.0,42,932480f22477dd00,baseline
SP-021:sul:013000:2024-04-17,SP-021:sul:013000,SP-021,sul,13.25,open-meteo:era5_seamless:-23.5:-46.8,2024-04-17,80.23,4.46,41.91,17,trigger,synthetic,synthetic,synthetic,synth-v1.0.0,42,932480f22477dd00,baseline
SP-021:sul:013000:2024-06-26,SP-021:sul:013000,SP-021,sul,13.25,open-meteo:era5_seamless:-23.5:-46.8,2024-06-26,45.38,4.56,41.91,3,trigger,synthetic,synthetic,synthetic,synth-v1.0.0,42,932480f22477dd00,baseline
SP-021:sul:013000:2024-09-24,SP-021:sul:013000,SP-021,sul,13.25,open-meteo:era5_seamless:-23.5:-46.8,2024-09-24,45.16,4.29,41.91,2,trigger,synthetic,synthetic,synthetic,synth-v1.0.0,42,932480f22477dd00,baseline
SP-021:sul:013000:2024-12-21,SP-021:sul:013000,SP-021,sul,13.25,open-meteo:era5_seamless:-23.5:-46.8,2024-12-21,90.85,6.88,41.91,27,trigger,synthetic,synthetic,synthetic,synth-v1.0.0,42,932480f22477dd00,baseline
SP-021:sul:013000:2025-02-04,SP-021:sul:013000,SP-021,sul,13.25,open-meteo:era5_seamless:-23.5:-46.8,2025-02-04,70.81,3.47,41.91,9,trigger,synthetic,synthetic,synthetic,synth-v1.0.0,42,932480f22477dd00,baseline
SP-021:sul:013000:2025-03-14,SP-021:sul:013000,SP-021,sul,13.25,open-meteo:era5_seamless:-23.5:-46.8,2025-03-14,52.75,6.34,41.91,5,trigger,synthetic,synthetic,synthetic,synth-v1.0.0,42,932480f22477dd00,baseline
SP-021:sul:013000:2025-04-30,SP-021:sul:013000,SP-021,sul,13.25,open-meteo:era5_seamless:-23.5:-46.8,2025-04-30,46.86,3.6,41.91,3,trigger,synthetic,synthetic,synthetic,synth-v1.0.0,42,932480f22477dd00,baseline
SP-021:sul:013000:2025-10-08,SP-021:sul:013000,SP-021,sul,13.25,open-meteo:era5_seamless:-23.5:-46.8,2025-10-08,56.24,7.83,41.91,10,trigger,synthetic,synthetic,synthetic,synth-v1.0.0,42,932480f22477dd00,baseline
SP-021:sul:013000:2025-12-12,SP-021:sul:013000,SP-021,sul,13.25,open-meteo:era5_seamless:-23.5:-46.8,2025-12-12,62.17,4.58,41.91,5,trigger,synthetic,synthetic,synthetic,synth-v1.0.0,42,932480f22477dd00,baseline
SP-021:sul:013000:2026-01-20,SP-021:sul:013000,SP-021,sul,13.25,open-meteo:era5_seamless:-23.5:-46.8,2026-01-20,46.45,3.95,41.91,2,trigger,synthetic,synthetic,synthetic,synth-v1.0.0,42,932480f22477dd00,baseline
SP-021:sul:013000:2026-03-10,SP-021:sul:013000,SP-021,sul,13.25,open-meteo:era5_seamless:-23.5:-46.8,2026-03-10,59.84,4.74,41.91,9,trigger,synthetic,synthetic,synthetic,synth-v1.0.0,42,932480f22477dd00,baseline
SP-021:sul:013000:2026-05-02,SP-021:sul:013000,SP-021,sul,13.25,open-meteo:era5_seamless:-23.5:-46.8,2026-05-02,57.56,7.62,41.91,6,trigger,synthetic,synthetic,synthetic,synth-v1.0.0,42,932480f22477dd00,baseline
SP-021:sul:013000:2026-09-01,SP-021:sul:013000,SP-021,sul,13.25,open-meteo:era5_seamless:-23.5:-46.8,2026-09-01,49.43,6.11,41.91,6,trigger,synthetic,synthetic,synthetic,synth-v1.0.0,42,932480f22477dd00,baseline
SP-021:norte:013500:2023-01-31,SP-021:norte:013500,SP-021,norte,13.75,open-meteo:era5_seamless:-23.5:-46.8,2023-01-31,98.22,5.07,38.83,16,trigger,synthetic,synthetic,synthetic,synth-v1.0.0,42,932480f22477dd00,baseline
SP-021:norte:013500:2023-03-10,SP-021:norte:013500,SP-021,norte,13.75,open-meteo:era5_seamless:-23.5:-46.8,2023-03-10,83.87,7.42,38.83,12,trigger,synthetic,synthetic,synthetic,synth-v1.0.0,42,932480f22477dd00,baseline
SP-021:norte:013500:2023-04-12,SP-021:norte:013500,SP-021,norte,13.75,open-meteo:era5_seamless:-23.5:-46.8,2023-04-12,56.94,6.87,38.83,10,trigger,synthetic,synthetic,synthetic,synth-v1.0.0,42,932480f22477dd00,baseline
SP-021:norte:013500:2023-07-19,SP-021:norte:013500,SP-021,norte,13.75,open-meteo:era5_seamless:-23.5:-46.8,2023-07-19,44.06,7.67,38.83,3,trigger,synthetic,synthetic,synthetic,synth-v1.0.0,42,932480f22477dd00,baseline
SP-021:norte:013500:2023-09-16,SP-021:norte:013500,SP-021,norte,13.75,open-meteo:era5_seamless:-23.5:-46.8,2023-09-16,58.08,7.9,38.83,6,trigger,synthetic,synthetic,synthetic,synth-v1.0.0,42,932480f22477dd00,baseline
SP-021:norte:013500:2023-10-18,SP-021:norte:013500,SP-021,norte,13.75,open-meteo:era5_seamless:-23.5:-46.8,2023-10-18,50.09,6.36,38.83,3,trigger,synthetic,synthetic,synthetic,synth-v1.0.0,42,932480f22477dd00,baseline
SP-021:norte:013500:2023-11-26,SP-021:norte:013500,SP-021,norte,13.75,open-meteo:era5_seamless:-23.5:-46.8,2023-11-26,72.96,3.62,38.83,7,trigger,synthetic,synthetic,synthetic,synth-v1.0.0,42,932480f22477dd00,baseline
SP-021:norte:013500:2023-12-29,SP-021:norte:013500,SP-021,norte,13.75,open-meteo:era5_seamless:-23.5:-46.8,2023-12-29,50.57,3.55,38.83,5,trigger,synthetic,synthetic,synthetic,synth-v1.0.0,42,932480f22477dd00,baseline
SP-021:norte:013500:2024-02-12,SP-021:norte:013500,SP-021,norte,13.75,open-meteo:era5_seamless:-23.5:-46.8,2024-02-12,76.77,6.71,38.83,8,trigger,synthetic,synthetic,synthetic,synth-v1.0.0,42,932480f22477dd00,baseline
SP-021:norte:013500:2024-03-08,SP-021:norte:013500,SP-021,norte,13.75,open-meteo:era5_seamless:-23.5:-46.8,2024-03-08,50.44,6.85,38.83,5,proactive,synthetic,synthetic,synthetic,synth-v1.0.0,42,932480f22477dd00,baseline
SP-021:norte:013500:2024-04-12,SP-021:norte:013500,SP-021,norte,13.75,open-meteo:era5_seamless:-23.5:-46.8,2024-04-12,71.81,6.01,38.83,12,trigger,synthetic,synthetic,synthetic,synth-v1.0.0,42,932480f22477dd00,baseline
SP-021:norte:013500:2024-05-18,SP-021:norte:013500,SP-021,norte,13.75,open-meteo:era5_seamless:-23.5:-46.8,2024-05-18,52.12,5.32,38.83,6,trigger,synthetic,synthetic,synthetic,synth-v1.0.0,42,932480f22477dd00,baseline
SP-021:norte:013500:2024-08-23,SP-021:norte:013500,SP-021,norte,13.75,open-meteo:era5_seamless:-23.5:-46.8,2024-08-23,54.2,7.03,38.83,5,trigger,synthetic,synthetic,synthetic,synth-v1.0.0,42,932480f22477dd00,baseline
SP-021:norte:013500:2024-10-07,SP-021:norte:013500,SP-021,norte,13.75,open-meteo:era5_seamless:-23.5:-46.8,2024-10-07,63.34,6.44,38.83,8,trigger,synthetic,synthetic,synthetic,synth-v1.0.0,42,932480f22477dd00,baseline
SP-021:norte:013500:2024-11-19,SP-021:norte:013500,SP-021,norte,13.75,open-meteo:era5_seamless:-23.5:-46.8,2024-11-19,53.24,7.33,38.83,2,trigger,synthetic,synthetic,synthetic,synth-v1.0.0,42,932480f22477dd00,baseline
SP-021:norte:013500:2024-12-19,SP-021:norte:013500,SP-021,norte,13.75,open-meteo:era5_seamless:-23.5:-46.8,2024-12-19,51.55,5.6,38.83,4,trigger,synthetic,synthetic,synthetic,synth-v1.0.0,42,932480f22477dd00,baseline
SP-021:norte:013500:2025-01-27,SP-021:norte:013500,SP-021,norte,13.75,open-meteo:era5_seamless:-23.5:-46.8,2025-01-27,81.35,5.16,38.83,8,trigger,synthetic,synthetic,synthetic,synth-v1.0.0,42,932480f22477dd00,baseline
SP-021:norte:013500:2025-03-01,SP-021:norte:013500,SP-021,norte,13.75,open-meteo:era5_seamless:-23.5:-46.8,2025-03-01,83.85,3.89,38.83,6,trigger,synthetic,synthetic,synthetic,synth-v1.0.0,42,932480f22477dd00,baseline
SP-021:norte:013500:2025-04-22,SP-021:norte:013500,SP-021,norte,13.75,open-meteo:era5_seamless:-23.5:-46.8,2025-04-22,78.3,3.23,38.83,16,trigger,synthetic,synthetic,synthetic,synth-v1.0.0,42,932480f22477dd00,baseline
SP-021:norte:013500:2025-09-11,SP-021:norte:013500,SP-021,norte,13.75,open-meteo:era5_seamless:-23.5:-46.8,2025-09-11,56.1,7.15,38.83,11,trigger,synthetic,synthetic,synthetic,synth-v1.0.0,42,932480f22477dd00,baseline
SP-021:norte:013500:2025-11-12,SP-021:norte:013500,SP-021,norte,13.75,open-meteo:era5_seamless:-23.5:-46.8,2025-11-12,62.82,4.33,38.83,17,trigger,synthetic,synthetic,synthetic,synth-v1.0.0,42,932480f22477dd00,baseline
SP-021:norte:013500:2025-12-27,SP-021:norte:013500,SP-021,norte,13.75,open-meteo:era5_seamless:-23.5:-46.8,2025-12-27,59.03,6.95,38.83,6,trigger,synthetic,synthetic,synthetic,synth-v1.0.0,42,932480f22477dd00,baseline
SP-021:norte:013500:2026-02-03,SP-021:norte:013500,SP-021,norte,13.75,open-meteo:era5_seamless:-23.5:-46.8,2026-02-03,70.2,6.09,38.83,2,trigger,synthetic,synthetic,synthetic,synth-v1.0.0,42,932480f22477dd00,baseline
SP-021:norte:013500:2026-03-16,SP-021:norte:013500,SP-021,norte,13.75,open-meteo:era5_seamless:-23.5:-46.8,2026-03-16,84.22,7.47,38.83,8,trigger,synthetic,synthetic,synthetic,synth-v1.0.0,42,932480f22477dd00,baseline
SP-021:norte:013500:2026-04-27,SP-021:norte:013500,SP-021,norte,13.75,open-meteo:era5_seamless:-23.5:-46.8,2026-04-27,73.07,7.52,38.83,15,trigger,synthetic,synthetic,synthetic,synth-v1.0.0,42,932480f22477dd00,baseline
SP-021:norte:013500:2026-08-08,SP-021:norte:013500,SP-021,norte,13.75,open-meteo:era5_seamless:-23.5:-46.8,2026-08-08,46.7,4.04,38.83,6,trigger,synthetic,synthetic,synthetic,synth-v1.0.0,42,932480f22477dd00,baseline
SP-021:sul:013500:2023-02-18,SP-021:sul:013500,SP-021,sul,13.75,open-meteo:era5_seamless:-23.5:-46.8,2023-02-18,71.84,4.32,47.46,20,trigger,synthetic,synthetic,synthetic,synth-v1.0.0,42,932480f22477dd00,baseline
SP-021:sul:013500:2023-04-08,SP-021:sul:013500,SP-021,sul,13.75,open-meteo:era5_seamless:-23.5:-46.8,2023-04-08,51.93,4.94,47.46,6,trigger,synthetic,synthetic,synthetic,synth-v1.0.0,42,932480f22477dd00,baseline
SP-021:sul:013500:2023-09-01,SP-021:sul:013500,SP-021,sul,13.75,open-meteo:era5_seamless:-23.5:-46.8,2023-09-01,49.71,3.81,47.46,5,trigger,synthetic,synthetic,synthetic,synth-v1.0.0,42,932480f22477dd00,baseline
SP-021:sul:013500:2023-10-31,SP-021:sul:013500,SP-021,sul,13.75,open-meteo:era5_seamless:-23.5:-46.8,2023-10-31,45.55,5.93,47.46,9,proactive,synthetic,synthetic,synthetic,synth-v1.0.0,42,932480f22477dd00,baseline
SP-021:sul:013500:2023-12-14,SP-021:sul:013500,SP-021,sul,13.75,open-meteo:era5_seamless:-23.5:-46.8,2023-12-14,46.08,5.61,47.46,11,proactive,synthetic,synthetic,synthetic,synth-v1.0.0,42,932480f22477dd00,baseline
SP-021:sul:013500:2024-02-11,SP-021:sul:013500,SP-021,sul,13.75,open-meteo:era5_seamless:-23.5:-46.8,2024-02-11,66.34,4.33,47.46,7,trigger,synthetic,synthetic,synthetic,synth-v1.0.0,42,932480f22477dd00,baseline
SP-021:sul:013500:2024-04-01,SP-021:sul:013500,SP-021,sul,13.75,open-meteo:era5_seamless:-23.5:-46.8,2024-04-01,59.52,7.47,47.46,8,trigger,synthetic,synthetic,synthetic,synth-v1.0.0,42,932480f22477dd00,baseline
SP-021:sul:013500:2024-05-26,SP-021:sul:013500,SP-021,sul,13.75,open-meteo:era5_seamless:-23.5:-46.8,2024-05-26,59.06,3.19,47.46,14,trigger,synthetic,synthetic,synthetic,synth-v1.0.0,42,932480f22477dd00,baseline
SP-021:sul:013500:2024-10-15,SP-021:sul:013500,SP-021,sul,13.75,open-meteo:era5_seamless:-23.5:-46.8,2024-10-15,65.4,3.56,47.46,16,trigger,synthetic,synthetic,synthetic,synth-v1.0.0,42,932480f22477dd00,baseline
SP-021:sul:013500:2024-12-24,SP-021:sul:013500,SP-021,sul,13.75,open-meteo:era5_seamless:-23.5:-46.8,2024-12-24,57.78,4.86,47.46,9,trigger,synthetic,synthetic,synthetic,synth-v1.0.0,42,932480f22477dd00,baseline
SP-021:sul:013500:2025-02-17,SP-021:sul:013500,SP-021,sul,13.75,open-meteo:era5_seamless:-23.5:-46.8,2025-02-17,65.54,6.42,47.46,8,trigger,synthetic,synthetic,synthetic,synth-v1.0.0,42,932480f22477dd00,baseline
SP-021:sul:013500:2025-04-09,SP-021:sul:013500,SP-021,sul,13.75,open-meteo:era5_seamless:-23.5:-46.8,2025-04-09,58.14,6.9,47.46,10,trigger,synthetic,synthetic,synthetic,synth-v1.0.0,42,932480f22477dd00,baseline
SP-021:sul:013500:2025-09-10,SP-021:sul:013500,SP-021,sul,13.75,open-meteo:era5_seamless:-23.5:-46.8,2025-09-10,55.25,6.56,47.46,10,trigger,synthetic,synthetic,synthetic,synth-v1.0.0,42,932480f22477dd00,baseline
SP-021:sul:013500:2025-12-13,SP-021:sul:013500,SP-021,sul,13.75,open-meteo:era5_seamless:-23.5:-46.8,2025-12-13,64.67,6.12,47.46,13,trigger,synthetic,synthetic,synthetic,synth-v1.0.0,42,932480f22477dd00,baseline
SP-021:sul:013500:2026-02-05,SP-021:sul:013500,SP-021,sul,13.75,open-meteo:era5_seamless:-23.5:-46.8,2026-02-05,61.66,7.9,47.46,4,trigger,synthetic,synthetic,synthetic,synth-v1.0.0,42,932480f22477dd00,baseline
SP-021:sul:013500:2026-03-30,SP-021:sul:013500,SP-021,sul,13.75,open-meteo:era5_seamless:-23.5:-46.8,2026-03-30,65.41,6.57,47.46,8,trigger,synthetic,synthetic,synthetic,synth-v1.0.0,42,932480f22477dd00,baseline
SP-021:sul:013500:2026-06-18,SP-021:sul:013500,SP-021,sul,13.75,open-meteo:era5_seamless:-23.5:-46.8,2026-06-18,38.64,5.15,47.46,4,proactive,synthetic,synthetic,synthetic,synth-v1.0.0,42,932480f22477dd00,baseline
SP-021:norte:014000:2023-01-28,SP-021:norte:014000,SP-021,norte,14.25,open-meteo:era5_seamless:-23.5:-46.8,2023-01-28,92.34,4.1,51.62,6,trigger,synthetic,synthetic,synthetic,synth-v1.0.0,42,932480f22477dd00,baseline
SP-021:norte:014000:2023-02-24,SP-021:norte:014000,SP-021,norte,14.25,open-meteo:era5_seamless:-23.5:-46.8,2023-02-24,77.93,6.54,51.62,5,trigger,synthetic,synthetic,synthetic,synth-v1.0.0,42,932480f22477dd00,baseline
SP-021:norte:014000:2023-03-21,SP-021:norte:014000,SP-021,norte,14.25,open-meteo:era5_seamless:-23.5:-46.8,2023-03-21,81.44,6.2,51.62,2,trigger,synthetic,synthetic,synthetic,synth-v1.0.0,42,932480f22477dd00,baseline
SP-021:norte:014000:2023-04-18,SP-021:norte:014000,SP-021,norte,14.25,open-meteo:era5_seamless:-23.5:-46.8,2023-04-18,58.36,4.27,51.62,2,trigger,synthetic,synthetic,synthetic,synth-v1.0.0,42,932480f22477dd00,baseline
SP-021:norte:014000:2023-07-22,SP-021:norte:014000,SP-021,norte,14.25,open-meteo:era5_seamless:-23.5:-46.8,2023-07-22,59.04,7.76,51.62,6,trigger,synthetic,synthetic,synthetic,synth-v1.0.0,42,932480f22477dd00,baseline
SP-021:norte:014000:2023-09-01,SP-021:norte:014000,SP-021,norte,14.25,open-meteo:era5_seamless:-23.5:-46.8,2023-09-01,58.46,3.78,51.62,5,trigger,synthetic,synthetic,synthetic,synth-v1.0.0,42,932480f22477dd00,baseline
SP-021:norte:014000:2023-10-24,SP-021:norte:014000,SP-021,norte,14.25,open-meteo:era5_seamless:-23.5:-46.8,2023-10-24,96.69,7.68,51.62,16,trigger,synthetic,synthetic,synthetic,synth-v1.0.0,42,932480f22477dd00,baseline
SP-021:norte:014000:2023-11-22,SP-021:norte:014000,SP-021,norte,14.25,open-meteo:era5_seamless:-23.5:-46.8,2023-11-22,84.76,6.41,51.62,3,trigger,synthetic,synthetic,synthetic,synth-v1.0.0,42,932480f22477dd00,baseline
SP-021:norte:014000:2023-12-19,SP-021:norte:014000,SP-021,norte,14.25,open-meteo:era5_seamless:-23.5:-46.8,2023-12-19,81.0,6.9,51.62,2,trigger,synthetic,synthetic,synthetic,synth-v1.0.0,42,932480f22477dd00,baseline
SP-021:norte:014000:2024-02-08,SP-021:norte:014000,SP-021,norte,14.25,open-meteo:era5_seamless:-23.5:-46.8,2024-02-08,99.99,7.17,51.62,18,trigger,synthetic,synthetic,synthetic,synth-v1.0.0,42,932480f22477dd00,baseline
SP-021:norte:014000:2024-02-28,SP-021:norte:014000,SP-021,norte,14.25,open-meteo:era5_seamless:-23.5:-46.8,2024-02-28,56.13,6.03,51.62,3,proactive,synthetic,synthetic,synthetic,synth-v1.0.0,42,932480f22477dd00,baseline
SP-021:norte:014000:2024-03-22,SP-021:norte:014000,SP-021,norte,14.25,open-meteo:era5_seamless:-23.5:-46.8,2024-03-22,82.36,7.7,51.62,5,trigger,synthetic,synthetic,synthetic,synth-v1.0.0,42,932480f22477dd00,baseline
SP-021:norte:014000:2024-04-26,SP-021:norte:014000,SP-021,norte,14.25,open-meteo:era5_seamless:-23.5:-46.8,2024-04-26,92.0,7.39,51.62,12,trigger,synthetic,synthetic,synthetic,synth-v1.0.0,42,932480f22477dd00,baseline
SP-021:norte:014000:2024-05-30,SP-021:norte:014000,SP-021,norte,14.25,open-meteo:era5_seamless:-23.5:-46.8,2024-05-30,75.66,6.34,51.62,11,trigger,synthetic,synthetic,synthetic,synth-v1.0.0,42,932480f22477dd00,baseline
SP-021:norte:014000:2024-08-23,SP-021:norte:014000,SP-021,norte,14.25,open-meteo:era5_seamless:-23.5:-46.8,2024-08-23,85.93,5.21,51.62,12,trigger,synthetic,synthetic,synthetic,synth-v1.0.0,42,932480f22477dd00,baseline
SP-021:norte:014000:2024-09-28,SP-021:norte:014000,SP-021,norte,14.25,open-meteo:era5_seamless:-23.5:-46.8,2024-09-28,73.73,3.22,51.62,6,trigger,synthetic,synthetic,synthetic,synth-v1.0.0,42,932480f22477dd00,baseline
SP-021:norte:014000:2024-11-14,SP-021:norte:014000,SP-021,norte,14.25,open-meteo:era5_seamless:-23.5:-46.8,2024-11-14,82.12,5.04,51.62,11,trigger,synthetic,synthetic,synthetic,synth-v1.0.0,42,932480f22477dd00,baseline
SP-021:norte:014000:2024-12-19,SP-021:norte:014000,SP-021,norte,14.25,open-meteo:era5_seamless:-23.5:-46.8,2024-12-19,90.22,4.02,51.62,11,trigger,synthetic,synthetic,synthetic,synth-v1.0.0,42,932480f22477dd00,baseline
SP-021:norte:014000:2025-01-19,SP-021:norte:014000,SP-021,norte,14.25,open-meteo:era5_seamless:-23.5:-46.8,2025-01-19,80.24,3.28,51.62,7,trigger,synthetic,synthetic,synthetic,synth-v1.0.0,42,932480f22477dd00,baseline
SP-021:norte:014000:2025-02-12,SP-021:norte:014000,SP-021,norte,14.25,open-meteo:era5_seamless:-23.5:-46.8,2025-02-12,67.87,3.06,51.62,3,trigger,synthetic,synthetic,synthetic,synth-v1.0.0,42,932480f22477dd00,baseline
SP-021:norte:014000:2025-03-14,SP-021:norte:014000,SP-021,norte,14.25,open-meteo:era5_seamless:-23.5:-46.8,2025-03-14,90.76,7.17,51.62,12,trigger,synthetic,synthetic,synthetic,synth-v1.0.0,42,932480f22477dd00,baseline
SP-021:norte:014000:2025-04-15,SP-021:norte:014000,SP-021,norte,14.25,open-meteo:era5_seamless:-23.5:-46.8,2025-04-15,80.07,7.14,51.62,9,trigger,synthetic,synthetic,synthetic,synth-v1.0.0,42,932480f22477dd00,baseline
SP-021:norte:014000:2025-06-05,SP-021:norte:014000,SP-021,norte,14.25,open-meteo:era5_seamless:-23.5:-46.8,2025-06-05,71.07,7.06,51.62,4,trigger,synthetic,synthetic,synthetic,synth-v1.0.0,42,932480f22477dd00,baseline
SP-021:norte:014000:2025-09-26,SP-021:norte:014000,SP-021,norte,14.25,open-meteo:era5_seamless:-23.5:-46.8,2025-09-26,87.22,4.21,51.62,5,trigger,synthetic,synthetic,synthetic,synth-v1.0.0,42,932480f22477dd00,baseline
SP-021:norte:014000:2025-11-11,SP-021:norte:014000,SP-021,norte,14.25,open-meteo:era5_seamless:-23.5:-46.8,2025-11-11,62.52,6.58,51.62,2,trigger,synthetic,synthetic,synthetic,synth-v1.0.0,42,932480f22477dd00,baseline
SP-021:norte:014000:2025-12-18,SP-021:norte:014000,SP-021,norte,14.25,open-meteo:era5_seamless:-23.5:-46.8,2025-12-18,87.58,7.69,51.62,11,trigger,synthetic,synthetic,synthetic,synth-v1.0.0,42,932480f22477dd00,baseline
SP-021:norte:014000:2026-01-11,SP-021:norte:014000,SP-021,norte,14.25,open-meteo:era5_seamless:-23.5:-46.8,2026-01-11,83.8,5.9,51.62,7,trigger,synthetic,synthetic,synthetic,synth-v1.0.0,42,932480f22477dd00,baseline
SP-021:norte:014000:2026-02-09,SP-021:norte:014000,SP-021,norte,14.25,open-meteo:era5_seamless:-23.5:-46.8,2026-02-09,73.07,5.54,51.62,8,proactive,synthetic,synthetic,synthetic,synth-v1.0.0,42,932480f22477dd00,baseline
SP-021:norte:014000:2026-03-16,SP-021:norte:014000,SP-021,norte,14.25,open-meteo:era5_seamless:-23.5:-46.8,2026-03-16,94.37,3.8,51.62,15,trigger,synthetic,synthetic,synthetic,synth-v1.0.0,42,932480f22477dd00,baseline
SP-021:norte:014000:2026-04-21,SP-021:norte:014000,SP-021,norte,14.25,open-meteo:era5_seamless:-23.5:-46.8,2026-04-21,85.38,7.37,51.62,9,trigger,synthetic,synthetic,synthetic,synth-v1.0.0,42,932480f22477dd00,baseline
SP-021:norte:014000:2026-06-08,SP-021:norte:014000,SP-021,norte,14.25,open-meteo:era5_seamless:-23.5:-46.8,2026-06-08,56.2,5.73,51.62,8,trigger,synthetic,synthetic,synthetic,synth-v1.0.0,42,932480f22477dd00,baseline
SP-021:norte:014000:2026-08-27,SP-021:norte:014000,SP-021,norte,14.25,open-meteo:era5_seamless:-23.5:-46.8,2026-08-27,60.04,6.36,51.62,4,trigger,synthetic,synthetic,synthetic,synth-v1.0.0,42,932480f22477dd00,baseline
SP-021:sul:014000:2023-03-09,SP-021:sul:014000,SP-021,sul,14.25,open-meteo:era5_seamless:-23.5:-46.8,2023-03-09,106.73,5.9,45.28,39,trigger,synthetic,synthetic,synthetic,synth-v1.0.0,42,932480f22477dd00,baseline
SP-021:sul:014000:2023-05-06,SP-021:sul:014000,SP-021,sul,14.25,open-meteo:era5_seamless:-23.5:-46.8,2023-05-06,71.05,5.37,45.28,13,trigger,synthetic,synthetic,synthetic,synth-v1.0.0,42,932480f22477dd00,baseline
SP-021:sul:014000:2023-08-31,SP-021:sul:014000,SP-021,sul,14.25,open-meteo:era5_seamless:-23.5:-46.8,2023-08-31,38.39,4.1,45.28,4,proactive,synthetic,synthetic,synthetic,synth-v1.0.0,42,932480f22477dd00,baseline
SP-021:sul:014000:2023-10-30,SP-021:sul:014000,SP-021,sul,14.25,open-meteo:era5_seamless:-23.5:-46.8,2023-10-30,69.09,4.55,45.28,8,trigger,synthetic,synthetic,synthetic,synth-v1.0.0,42,932480f22477dd00,baseline
SP-021:sul:014000:2023-12-16,SP-021:sul:014000,SP-021,sul,14.25,open-meteo:era5_seamless:-23.5:-46.8,2023-12-16,65.75,5.9,45.28,6,trigger,synthetic,synthetic,synthetic,synth-v1.0.0,42,932480f22477dd00,baseline
SP-021:sul:014000:2024-01-23,SP-021:sul:014000,SP-021,sul,14.25,open-meteo:era5_seamless:-23.5:-46.8,2024-01-23,57.12,6.88,45.28,2,trigger,synthetic,synthetic,synthetic,synth-v1.0.0,42,932480f22477dd00,baseline
SP-021:sul:014000:2024-03-10,SP-021:sul:014000,SP-021,sul,14.25,open-meteo:era5_seamless:-23.5:-46.8,2024-03-10,92.31,3.59,45.28,7,trigger,synthetic,synthetic,synthetic,synth-v1.0.0,42,932480f22477dd00,baseline
SP-021:sul:014000:2024-04-26,SP-021:sul:014000,SP-021,sul,14.25,open-meteo:era5_seamless:-23.5:-46.8,2024-04-26,60.05,7.07,45.28,5,trigger,synthetic,synthetic,synthetic,synth-v1.0.0,42,932480f22477dd00,baseline
SP-021:sul:014000:2024-06-23,SP-021:sul:014000,SP-021,sul,14.25,open-meteo:era5_seamless:-23.5:-46.8,2024-06-23,51.45,7.65,45.28,7,trigger,synthetic,synthetic,synthetic,synth-v1.0.0,42,932480f22477dd00,baseline
SP-021:sul:014000:2024-09-12,SP-021:sul:014000,SP-021,sul,14.25,open-meteo:era5_seamless:-23.5:-46.8,2024-09-12,54.22,6.78,45.28,4,trigger,synthetic,synthetic,synthetic,synth-v1.0.0,42,932480f22477dd00,baseline
SP-021:sul:014000:2024-10-29,SP-021:sul:014000,SP-021,sul,14.25,open-meteo:era5_seamless:-23.5:-46.8,2024-10-29,47.09,3.05,45.28,2,trigger,synthetic,synthetic,synthetic,synth-v1.0.0,42,932480f22477dd00,baseline
SP-021:sul:014000:2024-12-21,SP-021:sul:014000,SP-021,sul,14.25,open-meteo:era5_seamless:-23.5:-46.8,2024-12-21,57.57,3.69,45.28,6,trigger,synthetic,synthetic,synthetic,synth-v1.0.0,42,932480f22477dd00,baseline
SP-021:sul:014000:2025-02-06,SP-021:sul:014000,SP-021,sul,14.25,open-meteo:era5_seamless:-23.5:-46.8,2025-02-06,77.82,3.75,45.28,4,trigger,synthetic,synthetic,synthetic,synth-v1.0.0,42,932480f22477dd00,baseline
SP-021:sul:014000:2025-03-11,SP-021:sul:014000,SP-021,sul,14.25,open-meteo:era5_seamless:-23.5:-46.8,2025-03-11,54.45,6.62,45.28,2,trigger,synthetic,synthetic,synthetic,synth-v1.0.0,42,932480f22477dd00,baseline
SP-021:sul:014000:2025-04-27,SP-021:sul:014000,SP-021,sul,14.25,open-meteo:era5_seamless:-23.5:-46.8,2025-04-27,56.06,4.33,45.28,7,trigger,synthetic,synthetic,synthetic,synth-v1.0.0,42,932480f22477dd00,baseline
SP-021:sul:014000:2025-09-17,SP-021:sul:014000,SP-021,sul,14.25,open-meteo:era5_seamless:-23.5:-46.8,2025-09-17,47.9,7.7,45.28,3,trigger,synthetic,synthetic,synthetic,synth-v1.0.0,42,932480f22477dd00,baseline
SP-021:sul:014000:2025-11-20,SP-021:sul:014000,SP-021,sul,14.25,open-meteo:era5_seamless:-23.5:-46.8,2025-11-20,56.93,5.52,45.28,4,trigger,synthetic,synthetic,synthetic,synth-v1.0.0,42,932480f22477dd00,baseline
SP-021:sul:014000:2025-12-30,SP-021:sul:014000,SP-021,sul,14.25,open-meteo:era5_seamless:-23.5:-46.8,2025-12-30,51.3,7.41,45.28,2,trigger,synthetic,synthetic,synthetic,synth-v1.0.0,42,932480f22477dd00,baseline
SP-021:sul:014000:2026-02-12,SP-021:sul:014000,SP-021,sul,14.25,open-meteo:era5_seamless:-23.5:-46.8,2026-02-12,71.82,4.26,45.28,11,trigger,synthetic,synthetic,synthetic,synth-v1.0.0,42,932480f22477dd00,baseline
SP-021:sul:014000:2026-03-26,SP-021:sul:014000,SP-021,sul,14.25,open-meteo:era5_seamless:-23.5:-46.8,2026-03-26,58.61,7.78,45.28,4,trigger,synthetic,synthetic,synthetic,synth-v1.0.0,42,932480f22477dd00,baseline
SP-021:sul:014000:2026-05-05,SP-021:sul:014000,SP-021,sul,14.25,open-meteo:era5_seamless:-23.5:-46.8,2026-05-05,49.43,6.05,45.28,2,trigger,synthetic,synthetic,synthetic,synth-v1.0.0,42,932480f22477dd00,baseline
SP-021:norte:014500:2023-03-02,SP-021:norte:014500,SP-021,norte,14.75,open-meteo:era5_seamless:-23.5:-46.8,2023-03-02,81.37,4.37,58.54,4,trigger,synthetic,synthetic,synthetic,synth-v1.0.0,42,932480f22477dd00,baseline
SP-021:norte:014500:2023-05-15,SP-021:norte:014500,SP-021,norte,14.75,open-meteo:era5_seamless:-23.5:-46.8,2023-05-15,71.44,7.63,58.54,8,trigger,synthetic,synthetic,synthetic,synth-v1.0.0,42,932480f22477dd00,baseline
SP-021:norte:014500:2023-09-30,SP-021:norte:014500,SP-021,norte,14.75,open-meteo:era5_seamless:-23.5:-46.8,2023-09-30,77.72,6.45,58.54,6,trigger,synthetic,synthetic,synthetic,synth-v1.0.0,42,932480f22477dd00,baseline
SP-021:norte:014500:2023-11-24,SP-021:norte:014500,SP-021,norte,14.75,open-meteo:era5_seamless:-23.5:-46.8,2023-11-24,70.9,7.6,58.54,5,trigger,synthetic,synthetic,synthetic,synth-v1.0.0,42,932480f22477dd00,baseline
SP-021:norte:014500:2024-01-19,SP-021:norte:014500,SP-021,norte,14.75,open-meteo:era5_seamless:-23.5:-46.8,2024-01-19,82.47,3.22,58.54,12,trigger,synthetic,synthetic,synthetic,synth-v1.0.0,42,932480f22477dd00,baseline
SP-021:norte:014500:2024-03-20,SP-021:norte:014500,SP-021,norte,14.75,open-meteo:era5_seamless:-23.5:-46.8,2024-03-20,89.75,3.26,58.54,10,trigger,synthetic,synthetic,synthetic,synth-v1.0.0,42,932480f22477dd00,baseline
SP-021:norte:014500:2024-05-28,SP-021:norte:014500,SP-021,norte,14.75,open-meteo:era5_seamless:-23.5:-46.8,2024-05-28,69.33,7.76,58.54,9,trigger,synthetic,synthetic,synthetic,synth-v1.0.0,42,932480f22477dd00,baseline
SP-021:norte:014500:2024-09-21,SP-021:norte:014500,SP-021,norte,14.75,open-meteo:era5_seamless:-23.5:-46.8,2024-09-21,70.9,6.91,58.54,6,trigger,synthetic,synthetic,synthetic,synth-v1.0.0,42,932480f22477dd00,baseline
SP-021:norte:014500:2024-11-29,SP-021:norte:014500,SP-021,norte,14.75,open-meteo:era5_seamless:-23.5:-46.8,2024-11-29,71.4,5.03,58.54,5,trigger,synthetic,synthetic,synthetic,synth-v1.0.0,42,932480f22477dd00,baseline
SP-021:norte:014500:2025-01-25,SP-021:norte:014500,SP-021,norte,14.75,open-meteo:era5_seamless:-23.5:-46.8,2025-01-25,78.62,4.06,58.54,6,trigger,synthetic,synthetic,synthetic,synth-v1.0.0,42,932480f22477dd00,baseline
SP-021:norte:014500:2025-03-12,SP-021:norte:014500,SP-021,norte,14.75,open-meteo:era5_seamless:-23.5:-46.8,2025-03-12,74.95,5.83,58.54,3,trigger,synthetic,synthetic,synthetic,synth-v1.0.0,42,932480f22477dd00,baseline
SP-021:norte:014500:2025-05-28,SP-021:norte:014500,SP-021,norte,14.75,open-meteo:era5_seamless:-23.5:-46.8,2025-05-28,66.24,5.85,58.54,10,trigger,synthetic,synthetic,synthetic,synth-v1.0.0,42,932480f22477dd00,baseline
SP-021:norte:014500:2025-10-18,SP-021:norte:014500,SP-021,norte,14.75,open-meteo:era5_seamless:-23.5:-46.8,2025-10-18,54.91,4.52,58.54,6,proactive,synthetic,synthetic,synthetic,synth-v1.0.0,42,932480f22477dd00,baseline
SP-021:norte:014500:2026-02-02,SP-021:norte:014500,SP-021,norte,14.75,open-meteo:era5_seamless:-23.5:-46.8,2026-02-02,99.76,4.02,58.54,29,trigger,synthetic,synthetic,synthetic,synth-v1.0.0,42,932480f22477dd00,baseline
SP-021:norte:014500:2026-03-24,SP-021:norte:014500,SP-021,norte,14.75,open-meteo:era5_seamless:-23.5:-46.8,2026-03-24,65.22,4.91,58.54,2,trigger,synthetic,synthetic,synthetic,synth-v1.0.0,42,932480f22477dd00,baseline
SP-021:norte:014500:2026-08-17,SP-021:norte:014500,SP-021,norte,14.75,open-meteo:era5_seamless:-23.5:-46.8,2026-08-17,71.13,6.62,58.54,15,trigger,synthetic,synthetic,synthetic,synth-v1.0.0,42,932480f22477dd00,baseline
SP-021:sul:014500:2023-01-26,SP-021:sul:014500,SP-021,sul,14.75,open-meteo:era5_seamless:-23.5:-46.8,2023-01-26,47.46,3.24,40.52,4,trigger,synthetic,synthetic,synthetic,synth-v1.0.0,42,932480f22477dd00,baseline
SP-021:sul:014500:2023-03-18,SP-021:sul:014500,SP-021,sul,14.75,open-meteo:era5_seamless:-23.5:-46.8,2023-03-18,72.18,3.95,40.52,13,trigger,synthetic,synthetic,synthetic,synth-v1.0.0,42,932480f22477dd00,baseline
SP-021:sul:014500:2023-05-25,SP-021:sul:014500,SP-021,sul,14.75,open-meteo:era5_seamless:-23.5:-46.8,2023-05-25,42.54,7.62,40.52,11,trigger,synthetic,synthetic,synthetic,synth-v1.0.0,42,932480f22477dd00,baseline
SP-021:sul:014500:2023-09-10,SP-021:sul:014500,SP-021,sul,14.75,open-meteo:era5_seamless:-23.5:-46.8,2023-09-10,48.67,7.58,40.52,7,trigger,synthetic,synthetic,synthetic,synth-v1.0.0,42,932480f22477dd00,baseline
SP-021:sul:014500:2023-10-18,SP-021:sul:014500,SP-021,sul,14.75,open-meteo:era5_seamless:-23.5:-46.8,2023-10-18,45.24,4.26,40.52,3,trigger,synthetic,synthetic,synthetic,synth-v1.0.0,42,932480f22477dd00,baseline
SP-021:sul:014500:2023-12-10,SP-021:sul:014500,SP-021,sul,14.75,open-meteo:era5_seamless:-23.5:-46.8,2023-12-10,65.36,7.19,40.52,7,trigger,synthetic,synthetic,synthetic,synth-v1.0.0,42,932480f22477dd00,baseline
SP-021:sul:014500:2024-01-18,SP-021:sul:014500,SP-021,sul,14.75,open-meteo:era5_seamless:-23.5:-46.8,2024-01-18,62.26,4.65,40.52,4,trigger,synthetic,synthetic,synthetic,synth-v1.0.0,42,932480f22477dd00,baseline
SP-021:sul:014500:2024-03-06,SP-021:sul:014500,SP-021,sul,14.75,open-meteo:era5_seamless:-23.5:-46.8,2024-03-06,72.45,7.57,40.52,10,trigger,synthetic,synthetic,synthetic,synth-v1.0.0,42,932480f22477dd00,baseline
SP-021:sul:014500:2024-04-14,SP-021:sul:014500,SP-021,sul,14.75,open-meteo:era5_seamless:-23.5:-46.8,2024-04-14,67.0,5.87,40.52,7,trigger,synthetic,synthetic,synthetic,synth-v1.0.0,42,932480f22477dd00,baseline
SP-021:sul:014500:2024-06-04,SP-021:sul:014500,SP-021,sul,14.75,open-meteo:era5_seamless:-23.5:-46.8,2024-06-04,47.07,5.64,40.52,9,trigger,synthetic,synthetic,synthetic,synth-v1.0.0,42,932480f22477dd00,baseline
SP-021:sul:014500:2024-09-15,SP-021:sul:014500,SP-021,sul,14.75,open-meteo:era5_seamless:-23.5:-46.8,2024-09-15,65.24,4.89,40.52,7,trigger,synthetic,synthetic,synthetic,synth-v1.0.0,42,932480f22477dd00,baseline
SP-021:sul:014500:2024-11-08,SP-021:sul:014500,SP-021,sul,14.75,open-meteo:era5_seamless:-23.5:-46.8,2024-11-08,50.58,5.3,40.52,5,trigger,synthetic,synthetic,synthetic,synth-v1.0.0,42,932480f22477dd00,baseline
SP-021:sul:014500:2024-12-20,SP-021:sul:014500,SP-021,sul,14.75,open-meteo:era5_seamless:-23.5:-46.8,2024-12-20,47.88,4.72,40.52,5,trigger,synthetic,synthetic,synthetic,synth-v1.0.0,42,932480f22477dd00,baseline
SP-021:sul:014500:2025-01-30,SP-021:sul:014500,SP-021,sul,14.75,open-meteo:era5_seamless:-23.5:-46.8,2025-01-30,55.88,4.14,40.52,4,trigger,synthetic,synthetic,synthetic,synth-v1.0.0,42,932480f22477dd00,baseline
SP-021:sul:014500:2025-03-04,SP-021:sul:014500,SP-021,sul,14.75,open-meteo:era5_seamless:-23.5:-46.8,2025-03-04,53.47,4.25,40.52,2,trigger,synthetic,synthetic,synthetic,synth-v1.0.0,42,932480f22477dd00,baseline
SP-021:sul:014500:2025-04-22,SP-021:sul:014500,SP-021,sul,14.75,open-meteo:era5_seamless:-23.5:-46.8,2025-04-22,50.52,6.1,40.52,2,trigger,synthetic,synthetic,synthetic,synth-v1.0.0,42,932480f22477dd00,baseline
SP-021:sul:014500:2025-09-18,SP-021:sul:014500,SP-021,sul,14.75,open-meteo:era5_seamless:-23.5:-46.8,2025-09-18,55.6,4.13,40.52,18,trigger,synthetic,synthetic,synthetic,synth-v1.0.0,42,932480f22477dd00,baseline
SP-021:sul:014500:2025-12-02,SP-021:sul:014500,SP-021,sul,14.75,open-meteo:era5_seamless:-23.5:-46.8,2025-12-02,49.99,6.54,40.52,2,trigger,synthetic,synthetic,synthetic,synth-v1.0.0,42,932480f22477dd00,baseline
SP-021:sul:014500:2026-01-14,SP-021:sul:014500,SP-021,sul,14.75,open-meteo:era5_seamless:-23.5:-46.8,2026-01-14,70.71,3.68,40.52,10,trigger,synthetic,synthetic,synthetic,synth-v1.0.0,42,932480f22477dd00,baseline
SP-021:sul:014500:2026-03-01,SP-021:sul:014500,SP-021,sul,14.75,open-meteo:era5_seamless:-23.5:-46.8,2026-03-01,56.95,4.98,40.52,7,trigger,synthetic,synthetic,synthetic,synth-v1.0.0,42,932480f22477dd00,baseline
SP-021:sul:014500:2026-04-24,SP-021:sul:014500,SP-021,sul,14.75,open-meteo:era5_seamless:-23.5:-46.8,2026-04-24,61.7,3.36,40.52,5,trigger,synthetic,synthetic,synthetic,synth-v1.0.0,42,932480f22477dd00,baseline
SP-021:sul:014500:2026-09-01,SP-021:sul:014500,SP-021,sul,14.75,open-meteo:era5_seamless:-23.5:-46.8,2026-09-01,43.36,3.48,40.52,16,trigger,synthetic,synthetic,synthetic,synth-v1.0.0,42,932480f22477dd00,baseline
SP-021:norte:015000:2023-02-11,SP-021:norte:015000,SP-021,norte,15.25,open-meteo:era5_seamless:-23.5:-46.8,2023-02-11,76.68,6.27,47.29,6,trigger,synthetic,synthetic,synthetic,synth-v1.0.0,42,932480f22477dd00,baseline
SP-021:norte:015000:2023-03-13,SP-021:norte:015000,SP-021,norte,15.25,open-meteo:era5_seamless:-23.5:-46.8,2023-03-13,58.72,6.85,47.29,8,proactive,synthetic,synthetic,synthetic,synth-v1.0.0,42,932480f22477dd00,baseline
SP-021:norte:015000:2023-04-28,SP-021:norte:015000,SP-021,norte,15.25,open-meteo:era5_seamless:-23.5:-46.8,2023-04-28,54.52,7.37,47.29,5,trigger,synthetic,synthetic,synthetic,synth-v1.0.0,42,932480f22477dd00,baseline
SP-021:norte:015000:2023-08-22,SP-021:norte:015000,SP-021,norte,15.25,open-meteo:era5_seamless:-23.5:-46.8,2023-08-22,57.88,5.95,47.29,9,trigger,synthetic,synthetic,synthetic,synth-v1.0.0,42,932480f22477dd00,baseline
SP-021:norte:015000:2023-10-10,SP-021:norte:015000,SP-021,norte,15.25,open-meteo:era5_seamless:-23.5:-46.8,2023-10-10,59.96,5.48,47.29,2,trigger,synthetic,synthetic,synthetic,synth-v1.0.0,42,932480f22477dd00,baseline
SP-021:norte:015000:2023-11-22,SP-021:norte:015000,SP-021,norte,15.25,open-meteo:era5_seamless:-23.5:-46.8,2023-11-22,63.61,4.22,47.29,3,trigger,synthetic,synthetic,synthetic,synth-v1.0.0,42,932480f22477dd00,baseline
SP-021:norte:015000:2024-01-14,SP-021:norte:015000,SP-021,norte,15.25,open-meteo:era5_seamless:-23.5:-46.8,2024-01-14,79.51,6.07,47.29,7,trigger,synthetic,synthetic,synthetic,synth-v1.0.0,42,932480f22477dd00,baseline
SP-021:norte:015000:2024-03-06,SP-021:norte:015000,SP-021,norte,15.25,open-meteo:era5_seamless:-23.5:-46.8,2024-03-06,88.62,4.53,47.29,10,trigger,synthetic,synthetic,synthetic,synth-v1.0.0,42,932480f22477dd00,baseline
SP-021:norte:015000:2024-04-10,SP-021:norte:015000,SP-021,norte,15.25,open-meteo:era5_seamless:-23.5:-46.8,2024-04-10,55.18,7.54,47.29,3,trigger,synthetic,synthetic,synthetic,synth-v1.0.0,42,932480f22477dd00,baseline
SP-021:norte:015000:2024-05-19,SP-021:norte:015000,SP-021,norte,15.25,open-meteo:era5_seamless:-23.5:-46.8,2024-05-19,60.75,5.13,47.29,7,trigger,synthetic,synthetic,synthetic,synth-v1.0.0,42,932480f22477dd00,baseline
SP-021:norte:015000:2024-08-28,SP-021:norte:015000,SP-021,norte,15.25,open-meteo:era5_seamless:-23.5:-46.8,2024-08-28,49.0,6.18,47.29,3,trigger,synthetic,synthetic,synthetic,synth-v1.0.0,42,932480f22477dd00,baseline
SP-021:norte:015000:2024-10-26,SP-021:norte:015000,SP-021,norte,15.25,open-meteo:era5_seamless:-23.5:-46.8,2024-10-26,73.28,4.04,47.29,13,trigger,synthetic,synthetic,synthetic,synth-v1.0.0,42,932480f22477dd00,baseline
SP-021:norte:015000:2024-12-12,SP-021:norte:015000,SP-021,norte,15.25,open-meteo:era5_seamless:-23.5:-46.8,2024-12-12,61.72,7.22,47.29,4,trigger,synthetic,synthetic,synthetic,synth-v1.0.0,42,932480f22477dd00,baseline
SP-021:norte:015000:2025-01-21,SP-021:norte:015000,SP-021,norte,15.25,open-meteo:era5_seamless:-23.5:-46.8,2025-01-21,74.17,3.12,47.29,9,trigger,synthetic,synthetic,synthetic,synth-v1.0.0,42,932480f22477dd00,baseline
SP-021:norte:015000:2025-03-01,SP-021:norte:015000,SP-021,norte,15.25,open-meteo:era5_seamless:-23.5:-46.8,2025-03-01,76.24,3.94,47.29,6,trigger,synthetic,synthetic,synthetic,synth-v1.0.0,42,932480f22477dd00,baseline
SP-021:norte:015000:2025-04-28,SP-021:norte:015000,SP-021,norte,15.25,open-meteo:era5_seamless:-23.5:-46.8,2025-04-28,74.74,5.65,47.29,8,trigger,synthetic,synthetic,synthetic,synth-v1.0.0,42,932480f22477dd00,baseline
SP-021:norte:015000:2025-09-17,SP-021:norte:015000,SP-021,norte,15.25,open-meteo:era5_seamless:-23.5:-46.8,2025-09-17,60.51,6.74,47.29,10,trigger,synthetic,synthetic,synthetic,synth-v1.0.0,42,932480f22477dd00,baseline
SP-021:norte:015000:2025-11-05,SP-021:norte:015000,SP-021,norte,15.25,open-meteo:era5_seamless:-23.5:-46.8,2025-11-05,39.69,6.64,47.29,3,proactive,synthetic,synthetic,synthetic,synth-v1.0.0,42,932480f22477dd00,baseline
SP-021:norte:015000:2026-01-03,SP-021:norte:015000,SP-021,norte,15.25,open-meteo:era5_seamless:-23.5:-46.8,2026-01-03,83.39,6.87,47.29,13,trigger,synthetic,synthetic,synthetic,synth-v1.0.0,42,932480f22477dd00,baseline
SP-021:norte:015000:2026-03-09,SP-021:norte:015000,SP-021,norte,15.25,open-meteo:era5_seamless:-23.5:-46.8,2026-03-09,91.86,3.36,47.29,29,trigger,synthetic,synthetic,synthetic,synth-v1.0.0,42,932480f22477dd00,baseline
SP-021:norte:015000:2026-04-28,SP-021:norte:015000,SP-021,norte,15.25,open-meteo:era5_seamless:-23.5:-46.8,2026-04-28,65.55,6.36,47.29,9,trigger,synthetic,synthetic,synthetic,synth-v1.0.0,42,932480f22477dd00,baseline
SP-021:norte:015000:2026-08-20,SP-021:norte:015000,SP-021,norte,15.25,open-meteo:era5_seamless:-23.5:-46.8,2026-08-20,50.62,6.95,47.29,4,proactive,synthetic,synthetic,synthetic,synth-v1.0.0,42,932480f22477dd00,baseline
SP-021:sul:015000:2023-02-01,SP-021:sul:015000,SP-021,sul,15.25,open-meteo:era5_seamless:-23.5:-46.8,2023-02-01,75.55,3.41,55.47,10,trigger,synthetic,synthetic,synthetic,synth-v1.0.0,42,932480f22477dd00,baseline
SP-021:sul:015000:2023-04-10,SP-021:sul:015000,SP-021,sul,15.25,open-meteo:era5_seamless:-23.5:-46.8,2023-04-10,75.89,5.73,55.47,15,trigger,synthetic,synthetic,synthetic,synth-v1.0.0,42,932480f22477dd00,baseline
SP-021:sul:015000:2023-09-25,SP-021:sul:015000,SP-021,sul,15.25,open-meteo:era5_seamless:-23.5:-46.8,2023-09-25,77.94,4.68,55.47,15,trigger,synthetic,synthetic,synthetic,synth-v1.0.0,42,932480f22477dd00,baseline
SP-021:sul:015000:2023-12-06,SP-021:sul:015000,SP-021,sul,15.25,open-meteo:era5_seamless:-23.5:-46.8,2023-12-06,68.62,3.71,55.47,3,trigger,synthetic,synthetic,synthetic,synth-v1.0.0,42,932480f22477dd00,baseline
SP-021:sul:015000:2024-02-07,SP-021:sul:015000,SP-021,sul,15.25,open-meteo:era5_seamless:-23.5:-46.8,2024-02-07,65.67,4.03,55.47,3,trigger,synthetic,synthetic,synthetic,synth-v1.0.0,42,932480f22477dd00,baseline
SP-021:sul:015000:2024-04-08,SP-021:sul:015000,SP-021,sul,15.25,open-meteo:era5_seamless:-23.5:-46.8,2024-04-08,79.84,7.14,55.47,8,trigger,synthetic,synthetic,synthetic,synth-v1.0.0,42,932480f22477dd00,baseline
SP-021:sul:015000:2024-07-01,SP-021:sul:015000,SP-021,sul,15.25,open-meteo:era5_seamless:-23.5:-46.8,2024-07-01,61.54,7.48,55.47,8,trigger,synthetic,synthetic,synthetic,synth-v1.0.0,42,932480f22477dd00,baseline
SP-021:sul:015000:2024-10-11,SP-021:sul:015000,SP-021,sul,15.25,open-meteo:era5_seamless:-23.5:-46.8,2024-10-11,65.43,6.48,55.47,5,trigger,synthetic,synthetic,synthetic,synth-v1.0.0,42,932480f22477dd00,baseline
SP-021:sul:015000:2024-12-17,SP-021:sul:015000,SP-021,sul,15.25,open-meteo:era5_seamless:-23.5:-46.8,2024-12-17,65.14,7.65,55.47,2,trigger,synthetic,synthetic,synthetic,synth-v1.0.0,42,932480f22477dd00,baseline
SP-021:sul:015000:2025-02-05,SP-021:sul:015000,SP-021,sul,15.25,open-meteo:era5_seamless:-23.5:-46.8,2025-02-05,68.38,5.05,55.47,3,trigger,synthetic,synthetic,synthetic,synth-v1.0.0,42,932480f22477dd00,baseline
SP-021:sul:015000:2025-03-21,SP-021:sul:015000,SP-021,sul,15.25,open-meteo:era5_seamless:-23.5:-46.8,2025-03-21,53.82,3.09,55.47,5,proactive,synthetic,synthetic,synthetic,synth-v1.0.0,42,932480f22477dd00,baseline
SP-021:sul:015000:2025-09-04,SP-021:sul:015000,SP-021,sul,15.25,open-meteo:era5_seamless:-23.5:-46.8,2025-09-04,51.12,3.64,55.47,11,proactive,synthetic,synthetic,synthetic,synth-v1.0.0,42,932480f22477dd00,baseline
SP-021:sul:015000:2025-12-18,SP-021:sul:015000,SP-021,sul,15.25,open-meteo:era5_seamless:-23.5:-46.8,2025-12-18,65.0,3.72,55.47,4,trigger,synthetic,synthetic,synthetic,synth-v1.0.0,42,932480f22477dd00,baseline
SP-021:sul:015000:2026-02-26,SP-021:sul:015000,SP-021,sul,15.25,open-meteo:era5_seamless:-23.5:-46.8,2026-02-26,84.13,3.73,55.47,11,trigger,synthetic,synthetic,synthetic,synth-v1.0.0,42,932480f22477dd00,baseline
SP-021:sul:015000:2026-05-21,SP-021:sul:015000,SP-021,sul,15.25,open-meteo:era5_seamless:-23.5:-46.8,2026-05-21,58.79,5.27,55.47,11,trigger,synthetic,synthetic,synthetic,synth-v1.0.0,42,932480f22477dd00,baseline
SP-021:norte:015500:2023-02-01,SP-021:norte:015500,SP-021,norte,15.75,open-meteo:era5_seamless:-23.5:-46.8,2023-02-01,79.64,4.19,55.17,10,trigger,synthetic,synthetic,synthetic,synth-v1.0.0,42,932480f22477dd00,baseline
SP-021:norte:015500:2023-03-22,SP-021:norte:015500,SP-021,norte,15.75,open-meteo:era5_seamless:-23.5:-46.8,2023-03-22,76.12,4.26,55.17,10,trigger,synthetic,synthetic,synthetic,synth-v1.0.0,42,932480f22477dd00,baseline
SP-021:norte:015500:2023-08-16,SP-021:norte:015500,SP-021,norte,15.75,open-meteo:era5_seamless:-23.5:-46.8,2023-08-16,71.98,6.97,55.17,17,trigger,synthetic,synthetic,synthetic,synth-v1.0.0,42,932480f22477dd00,baseline
SP-021:norte:015500:2023-10-10,SP-021:norte:015500,SP-021,norte,15.75,open-meteo:era5_seamless:-23.5:-46.8,2023-10-10,61.03,6.74,55.17,2,trigger,synthetic,synthetic,synthetic,synth-v1.0.0,42,932480f22477dd00,baseline
SP-021:norte:015500:2023-12-17,SP-021:norte:015500,SP-021,norte,15.75,open-meteo:era5_seamless:-23.5:-46.8,2023-12-17,93.8,7.74,55.17,21,trigger,synthetic,synthetic,synthetic,synth-v1.0.0,42,932480f22477dd00,baseline
SP-021:norte:015500:2024-01-28,SP-021:norte:015500,SP-021,norte,15.75,open-meteo:era5_seamless:-23.5:-46.8,2024-01-28,65.59,4.54,55.17,7,trigger,synthetic,synthetic,synthetic,synth-v1.0.0,42,932480f22477dd00,baseline
SP-021:norte:015500:2024-03-17,SP-021:norte:015500,SP-021,norte,15.75,open-meteo:era5_seamless:-23.5:-46.8,2024-03-17,84.31,4.79,55.17,7,trigger,synthetic,synthetic,synthetic,synth-v1.0.0,42,932480f22477dd00,baseline
SP-021:norte:015500:2024-05-12,SP-021:norte:015500,SP-021,norte,15.75,open-meteo:era5_seamless:-23.5:-46.8,2024-05-12,73.4,7.52,55.17,7,trigger,synthetic,synthetic,synthetic,synth-v1.0.0,42,932480f22477dd00,baseline
SP-021:norte:015500:2024-09-01,SP-021:norte:015500,SP-021,norte,15.75,open-meteo:era5_seamless:-23.5:-46.8,2024-09-01,63.2,7.21,55.17,7,trigger,synthetic,synthetic,synthetic,synth-v1.0.0,42,932480f22477dd00,baseline
SP-021:norte:015500:2024-10-26,SP-021:norte:015500,SP-021,norte,15.75,open-meteo:era5_seamless:-23.5:-46.8,2024-10-26,67.1,6.37,55.17,6,trigger,synthetic,synthetic,synthetic,synth-v1.0.0,42,932480f22477dd00,baseline
SP-021:norte:015500:2024-12-03,SP-021:norte:015500,SP-021,norte,15.75,open-meteo:era5_seamless:-23.5:-46.8,2024-12-03,40.49,3.43,55.17,2,proactive,synthetic,synthetic,synthetic,synth-v1.0.0,42,932480f22477dd00,baseline
SP-021:norte:015500:2025-02-06,SP-021:norte:015500,SP-021,norte,15.75,open-meteo:era5_seamless:-23.5:-46.8,2025-02-06,90.59,3.66,55.17,11,trigger,synthetic,synthetic,synthetic,synth-v1.0.0,42,932480f22477dd00,baseline
SP-021:norte:015500:2025-03-21,SP-021:norte:015500,SP-021,norte,15.75,open-meteo:era5_seamless:-23.5:-46.8,2025-03-21,64.16,4.13,55.17,5,trigger,synthetic,synthetic,synthetic,synth-v1.0.0,42,932480f22477dd00,baseline
SP-021:norte:015500:2025-07-08,SP-021:norte:015500,SP-021,norte,15.75,open-meteo:era5_seamless:-23.5:-46.8,2025-07-08,61.82,4.29,55.17,16,trigger,synthetic,synthetic,synthetic,synth-v1.0.0,42,932480f22477dd00,baseline
SP-021:norte:015500:2025-11-17,SP-021:norte:015500,SP-021,norte,15.75,open-meteo:era5_seamless:-23.5:-46.8,2025-11-17,71.64,4.16,55.17,15,trigger,synthetic,synthetic,synthetic,synth-v1.0.0,42,932480f22477dd00,baseline
SP-021:norte:015500:2026-01-22,SP-021:norte:015500,SP-021,norte,15.75,open-meteo:era5_seamless:-23.5:-46.8,2026-01-22,86.71,7.06,55.17,18,trigger,synthetic,synthetic,synthetic,synth-v1.0.0,42,932480f22477dd00,baseline
SP-021:norte:015500:2026-03-05,SP-021:norte:015500,SP-021,norte,15.75,open-meteo:era5_seamless:-23.5:-46.8,2026-03-05,67.28,3.24,55.17,4,trigger,synthetic,synthetic,synthetic,synth-v1.0.0,42,932480f22477dd00,baseline
SP-021:norte:015500:2026-05-09,SP-021:norte:015500,SP-021,norte,15.75,open-meteo:era5_seamless:-23.5:-46.8,2026-05-09,66.39,6.21,55.17,6,trigger,synthetic,synthetic,synthetic,synth-v1.0.0,42,932480f22477dd00,baseline
SP-021:sul:015500:2023-01-24,SP-021:sul:015500,SP-021,sul,15.75,open-meteo:era5_seamless:-23.5:-46.8,2023-01-24,59.13,5.57,49.19,2,trigger,synthetic,synthetic,synthetic,synth-v1.0.0,42,932480f22477dd00,baseline
SP-021:sul:015500:2023-03-08,SP-021:sul:015500,SP-021,sul,15.75,open-meteo:era5_seamless:-23.5:-46.8,2023-03-08,74.79,6.23,49.19,10,trigger,synthetic,synthetic,synthetic,synth-v1.0.0,42,932480f22477dd00,baseline
SP-021:sul:015500:2023-05-01,SP-021:sul:015500,SP-021,sul,15.75,open-meteo:era5_seamless:-23.5:-46.8,2023-05-01,59.99,5.49,49.19,8,trigger,synthetic,synthetic,synthetic,synth-v1.0.0,42,932480f22477dd00,baseline
SP-021:sul:015500:2023-09-17,SP-021:sul:015500,SP-021,sul,15.75,open-meteo:era5_seamless:-23.5:-46.8,2023-09-17,62.1,7.16,49.19,7,trigger,synthetic,synthetic,synthetic,synth-v1.0.0,42,932480f22477dd00,baseline
SP-021:sul:015500:2023-11-08,SP-021:sul:015500,SP-021,sul,15.75,open-meteo:era5_seamless:-23.5:-46.8,2023-11-08,68.77,7.67,49.19,10,trigger,synthetic,synthetic,synthetic,synth-v1.0.0,42,932480f22477dd00,baseline
SP-021:sul:015500:2023-12-12,SP-021:sul:015500,SP-021,sul,15.75,open-meteo:era5_seamless:-23.5:-46.8,2023-12-12,52.31,4.92,49.19,2,trigger,synthetic,synthetic,synthetic,synth-v1.0.0,42,932480f22477dd00,baseline
SP-021:sul:015500:2024-01-29,SP-021:sul:015500,SP-021,sul,15.75,open-meteo:era5_seamless:-23.5:-46.8,2024-01-29,66.01,7.41,49.19,8,trigger,synthetic,synthetic,synthetic,synth-v1.0.0,42,932480f22477dd00,baseline
SP-021:sul:015500:2024-03-10,SP-021:sul:015500,SP-021,sul,15.75,open-meteo:era5_seamless:-23.5:-46.8,2024-03-10,78.96,6.22,49.19,7,trigger,synthetic,synthetic,synthetic,synth-v1.0.0,42,932480f22477dd00,baseline
SP-021:sul:015500:2024-04-17,SP-021:sul:015500,SP-021,sul,15.75,open-meteo:era5_seamless:-23.5:-46.8,2024-04-17,56.45,5.95,49.19,3,trigger,synthetic,synthetic,synthetic,synth-v1.0.0,42,932480f22477dd00,baseline
SP-021:sul:015500:2024-06-23,SP-021:sul:015500,SP-021,sul,15.75,open-meteo:era5_seamless:-23.5:-46.8,2024-06-23,54.92,4.9,49.19,7,trigger,synthetic,synthetic,synthetic,synth-v1.0.0,42,932480f22477dd00,baseline
SP-021:sul:015500:2024-10-03,SP-021:sul:015500,SP-021,sul,15.75,open-meteo:era5_seamless:-23.5:-46.8,2024-10-03,71.26,3.06,49.19,11,trigger,synthetic,synthetic,synthetic,synth-v1.0.0,42,932480f22477dd00,baseline
SP-021:sul:015500:2024-12-13,SP-021:sul:015500,SP-021,sul,15.75,open-meteo:era5_seamless:-23.5:-46.8,2024-12-13,72.94,7.66,49.19,12,trigger,synthetic,synthetic,synthetic,synth-v1.0.0,42,932480f22477dd00,baseline
SP-021:sul:015500:2025-01-25,SP-021:sul:015500,SP-021,sul,15.75,open-meteo:era5_seamless:-23.5:-46.8,2025-01-25,73.45,5.4,49.19,6,trigger,synthetic,synthetic,synthetic,synth-v1.0.0,42,932480f22477dd00,baseline
SP-021:sul:015500:2025-03-15,SP-021:sul:015500,SP-021,sul,15.75,open-meteo:era5_seamless:-23.5:-46.8,2025-03-15,86.2,7.54,49.19,13,trigger,synthetic,synthetic,synthetic,synth-v1.0.0,42,932480f22477dd00,baseline
SP-021:sul:015500:2025-05-06,SP-021:sul:015500,SP-021,sul,15.75,open-meteo:era5_seamless:-23.5:-46.8,2025-05-06,59.88,6.34,49.19,9,trigger,synthetic,synthetic,synthetic,synth-v1.0.0,42,932480f22477dd00,baseline
SP-021:sul:015500:2025-10-08,SP-021:sul:015500,SP-021,sul,15.75,open-meteo:era5_seamless:-23.5:-46.8,2025-10-08,67.41,5.12,49.19,17,trigger,synthetic,synthetic,synthetic,synth-v1.0.0,42,932480f22477dd00,baseline
SP-021:sul:015500:2025-12-17,SP-021:sul:015500,SP-021,sul,15.75,open-meteo:era5_seamless:-23.5:-46.8,2025-12-17,67.42,7.08,49.19,3,trigger,synthetic,synthetic,synthetic,synth-v1.0.0,42,932480f22477dd00,baseline
SP-021:sul:015500:2026-01-30,SP-021:sul:015500,SP-021,sul,15.75,open-meteo:era5_seamless:-23.5:-46.8,2026-01-30,69.12,6.61,49.19,12,trigger,synthetic,synthetic,synthetic,synth-v1.0.0,42,932480f22477dd00,baseline
SP-021:sul:015500:2026-02-27,SP-021:sul:015500,SP-021,sul,15.75,open-meteo:era5_seamless:-23.5:-46.8,2026-02-27,45.45,5.25,49.19,5,proactive,synthetic,synthetic,synthetic,synth-v1.0.0,42,932480f22477dd00,baseline
SP-021:sul:015500:2026-04-17,SP-021:sul:015500,SP-021,sul,15.75,open-meteo:era5_seamless:-23.5:-46.8,2026-04-17,61.88,6.73,49.19,5,trigger,synthetic,synthetic,synthetic,synth-v1.0.0,42,932480f22477dd00,baseline
SP-021:sul:015500:2026-08-05,SP-021:sul:015500,SP-021,sul,15.75,open-meteo:era5_seamless:-23.5:-46.8,2026-08-05,41.48,3.6,49.19,3,proactive,synthetic,synthetic,synthetic,synth-v1.0.0,42,932480f22477dd00,baseline
SP-021:norte:016000:2023-02-04,SP-021:norte:016000,SP-021,norte,16.25,open-meteo:era5_seamless:-23.5:-46.8,2023-02-04,70.09,5.97,47.53,13,trigger,synthetic,synthetic,synthetic,synth-v1.0.0,42,932480f22477dd00,baseline
SP-021:norte:016000:2023-03-19,SP-021:norte:016000,SP-021,norte,16.25,open-meteo:era5_seamless:-23.5:-46.8,2023-03-19,61.66,4.22,47.53,7,trigger,synthetic,synthetic,synthetic,synth-v1.0.0,42,932480f22477dd00,baseline
SP-021:norte:016000:2023-07-21,SP-021:norte:016000,SP-021,norte,16.25,open-meteo:era5_seamless:-23.5:-46.8,2023-07-21,48.9,5.74,47.53,5,trigger,synthetic,synthetic,synthetic,synth-v1.0.0,42,932480f22477dd00,baseline
SP-021:norte:016000:2023-10-07,SP-021:norte:016000,SP-021,norte,16.25,open-meteo:era5_seamless:-23.5:-46.8,2023-10-07,61.62,4.89,47.53,6,trigger,synthetic,synthetic,synthetic,synth-v1.0.0,42,932480f22477dd00,baseline
SP-021:norte:016000:2023-11-29,SP-021:norte:016000,SP-021,norte,16.25,open-meteo:era5_seamless:-23.5:-46.8,2023-11-29,51.41,6.8,47.53,3,trigger,synthetic,synthetic,synthetic,synth-v1.0.0,42,932480f22477dd00,baseline
SP-021:norte:016000:2024-01-11,SP-021:norte:016000,SP-021,norte,16.25,open-meteo:era5_seamless:-23.5:-46.8,2024-01-11,58.43,7.83,47.53,4,trigger,synthetic,synthetic,synthetic,synth-v1.0.0,42,932480f22477dd00,baseline
SP-021:norte:016000:2024-02-28,SP-021:norte:016000,SP-021,norte,16.25,open-meteo:era5_seamless:-23.5:-46.8,2024-02-28,70.33,7.77,47.53,10,trigger,synthetic,synthetic,synthetic,synth-v1.0.0,42,932480f22477dd00,baseline
SP-021:norte:016000:2024-04-04,SP-021:norte:016000,SP-021,norte,16.25,open-meteo:era5_seamless:-23.5:-46.8,2024-04-04,60.16,4.74,47.53,4,trigger,synthetic,synthetic,synthetic,synth-v1.0.0,42,932480f22477dd00,baseline
SP-021:norte:016000:2024-06-15,SP-021:norte:016000,SP-021,norte,16.25,open-meteo:era5_seamless:-23.5:-46.8,2024-06-15,55.62,6.22,47.53,13,trigger,synthetic,synthetic,synthetic,synth-v1.0.0,42,932480f22477dd00,baseline
SP-021:norte:016000:2024-09-24,SP-021:norte:016000,SP-021,norte,16.25,open-meteo:era5_seamless:-23.5:-46.8,2024-09-24,58.27,5.73,47.53,9,trigger,synthetic,synthetic,synthetic,synth-v1.0.0,42,932480f22477dd00,baseline
SP-021:norte:016000:2024-11-30,SP-021:norte:016000,SP-021,norte,16.25,open-meteo:era5_seamless:-23.5:-46.8,2024-11-30,60.48,7.79,47.53,6,trigger,synthetic,synthetic,synthetic,synth-v1.0.0,42,932480f22477dd00,baseline
SP-021:norte:016000:2025-01-11,SP-021:norte:016000,SP-021,norte,16.25,open-meteo:era5_seamless:-23.5:-46.8,2025-01-11,57.73,4.57,47.53,6,trigger,synthetic,synthetic,synthetic,synth-v1.0.0,42,932480f22477dd00,baseline
SP-021:norte:016000:2025-02-22,SP-021:norte:016000,SP-021,norte,16.25,open-meteo:era5_seamless:-23.5:-46.8,2025-02-22,66.28,5.18,47.53,6,trigger,synthetic,synthetic,synthetic,synth-v1.0.0,42,932480f22477dd00,baseline
SP-021:norte:016000:2025-04-11,SP-021:norte:016000,SP-021,norte,16.25,open-meteo:era5_seamless:-23.5:-46.8,2025-04-11,54.84,6.11,47.53,5,trigger,synthetic,synthetic,synthetic,synth-v1.0.0,42,932480f22477dd00,baseline
SP-021:norte:016000:2025-07-20,SP-021:norte:016000,SP-021,norte,16.25,open-meteo:era5_seamless:-23.5:-46.8,2025-07-20,33.58,7.23,47.53,7,proactive,synthetic,synthetic,synthetic,synth-v1.0.0,42,932480f22477dd00,baseline
SP-021:norte:016000:2025-10-22,SP-021:norte:016000,SP-021,norte,16.25,open-meteo:era5_seamless:-23.5:-46.8,2025-10-22,48.45,4.09,47.53,3,trigger,synthetic,synthetic,synthetic,synth-v1.0.0,42,932480f22477dd00,baseline
SP-021:norte:016000:2026-01-18,SP-021:norte:016000,SP-021,norte,16.25,open-meteo:era5_seamless:-23.5:-46.8,2026-01-18,84.28,5.82,47.53,21,trigger,synthetic,synthetic,synthetic,synth-v1.0.0,42,932480f22477dd00,baseline
SP-021:norte:016000:2026-03-06,SP-021:norte:016000,SP-021,norte,16.25,open-meteo:era5_seamless:-23.5:-46.8,2026-03-06,61.57,6.03,47.53,5,trigger,synthetic,synthetic,synthetic,synth-v1.0.0,42,932480f22477dd00,baseline
SP-021:norte:016000:2026-04-23,SP-021:norte:016000,SP-021,norte,16.25,open-meteo:era5_seamless:-23.5:-46.8,2026-04-23,52.44,6.35,47.53,4,trigger,synthetic,synthetic,synthetic,synth-v1.0.0,42,932480f22477dd00,baseline
SP-021:norte:016000:2026-09-01,SP-021:norte:016000,SP-021,norte,16.25,open-meteo:era5_seamless:-23.5:-46.8,2026-09-01,55.69,3.76,47.53,12,trigger,synthetic,synthetic,synthetic,synth-v1.0.0,42,932480f22477dd00,baseline
SP-021:sul:016000:2023-02-02,SP-021:sul:016000,SP-021,sul,16.25,open-meteo:era5_seamless:-23.5:-46.8,2023-02-02,87.21,6.59,57.39,11,trigger,synthetic,synthetic,synthetic,synth-v1.0.0,42,932480f22477dd00,baseline
SP-021:sul:016000:2023-03-20,SP-021:sul:016000,SP-021,sul,16.25,open-meteo:era5_seamless:-23.5:-46.8,2023-03-20,77.75,6.17,57.39,8,trigger,synthetic,synthetic,synthetic,synth-v1.0.0,42,932480f22477dd00,baseline
SP-021:sul:016000:2023-05-24,SP-021:sul:016000,SP-021,sul,16.25,open-meteo:era5_seamless:-23.5:-46.8,2023-05-24,46.42,6.97,57.39,10,proactive,synthetic,synthetic,synthetic,synth-v1.0.0,42,932480f22477dd00,baseline
SP-021:sul:016000:2023-09-29,SP-021:sul:016000,SP-021,sul,16.25,open-meteo:era5_seamless:-23.5:-46.8,2023-09-29,73.61,7.95,57.39,5,trigger,synthetic,synthetic,synthetic,synth-v1.0.0,42,932480f22477dd00,baseline
SP-021:sul:016000:2023-12-04,SP-021:sul:016000,SP-021,sul,16.25,open-meteo:era5_seamless:-23.5:-46.8,2023-12-04,90.88,7.64,57.39,15,trigger,synthetic,synthetic,synthetic,synth-v1.0.0,42,932480f22477dd00,baseline
SP-021:sul:016000:2024-01-17,SP-021:sul:016000,SP-021,sul,16.25,open-meteo:era5_seamless:-23.5:-46.8,2024-01-17,64.57,7.32,57.39,10,proactive,synthetic,synthetic,synthetic,synth-v1.0.0,42,932480f22477dd00,baseline
SP-021:sul:016000:2024-02-27,SP-021:sul:016000,SP-021,sul,16.25,open-meteo:era5_seamless:-23.5:-46.8,2024-02-27,62.14,3.61,57.39,2,trigger,synthetic,synthetic,synthetic,synth-v1.0.0,42,932480f22477dd00,baseline
SP-021:sul:016000:2024-04-18,SP-021:sul:016000,SP-021,sul,16.25,open-meteo:era5_seamless:-23.5:-46.8,2024-04-18,73.81,4.96,57.39,4,trigger,synthetic,synthetic,synthetic,synth-v1.0.0,42,932480f22477dd00,baseline
SP-021:sul:016000:2024-07-30,SP-021:sul:016000,SP-021,sul,16.25,open-meteo:era5_seamless:-23.5:-46.8,2024-07-30,60.3,5.52,57.39,2,trigger,synthetic,synthetic,synthetic,synth-v1.0.0,42,932480f22477dd00,baseline
SP-021:sul:016000:2024-10-16,SP-021:sul:016000,SP-021,sul,16.25,open-meteo:era5_seamless:-23.5:-46.8,2024-10-16,65.22,5.34,57.39,3,trigger,synthetic,synthetic,synthetic,synth-v1.0.0,42,932480f22477dd00,baseline
SP-021:sul:016000:2024-12-17,SP-021:sul:016000,SP-021,sul,16.25,open-meteo:era5_seamless:-23.5:-46.8,2024-12-17,72.47,3.26,57.39,9,trigger,synthetic,synthetic,synthetic,synth-v1.0.0,42,932480f22477dd00,baseline
SP-021:sul:016000:2025-02-07,SP-021:sul:016000,SP-021,sul,16.25,open-meteo:era5_seamless:-23.5:-46.8,2025-02-07,68.8,6.53,57.39,5,trigger,synthetic,synthetic,synthetic,synth-v1.0.0,42,932480f22477dd00,baseline
SP-021:sul:016000:2025-03-20,SP-021:sul:016000,SP-021,sul,16.25,open-meteo:era5_seamless:-23.5:-46.8,2025-03-20,73.96,5.02,57.39,4,trigger,synthetic,synthetic,synthetic,synth-v1.0.0,42,932480f22477dd00,baseline
SP-021:sul:016000:2025-07-01,SP-021:sul:016000,SP-021,sul,16.25,open-meteo:era5_seamless:-23.5:-46.8,2025-07-01,64.23,6.94,57.39,9,trigger,synthetic,synthetic,synthetic,synth-v1.0.0,42,932480f22477dd00,baseline
SP-021:sul:016000:2025-11-02,SP-021:sul:016000,SP-021,sul,16.25,open-meteo:era5_seamless:-23.5:-46.8,2025-11-02,63.72,6.4,57.39,7,trigger,synthetic,synthetic,synthetic,synth-v1.0.0,42,932480f22477dd00,baseline
SP-021:sul:016000:2025-12-31,SP-021:sul:016000,SP-021,sul,16.25,open-meteo:era5_seamless:-23.5:-46.8,2025-12-31,67.97,3.27,57.39,3,trigger,synthetic,synthetic,synthetic,synth-v1.0.0,42,932480f22477dd00,baseline
SP-021:sul:016000:2026-03-03,SP-021:sul:016000,SP-021,sul,16.25,open-meteo:era5_seamless:-23.5:-46.8,2026-03-03,78.12,5.91,57.39,9,trigger,synthetic,synthetic,synthetic,synth-v1.0.0,42,932480f22477dd00,baseline
SP-021:sul:016000:2026-04-22,SP-021:sul:016000,SP-021,sul,16.25,open-meteo:era5_seamless:-23.5:-46.8,2026-04-22,60.62,7.34,57.39,3,trigger,synthetic,synthetic,synthetic,synth-v1.0.0,42,932480f22477dd00,baseline
SP-021:sul:016000:2026-09-01,SP-021:sul:016000,SP-021,sul,16.25,open-meteo:era5_seamless:-23.5:-46.8,2026-09-01,63.02,6.8,57.39,7,trigger,synthetic,synthetic,synthetic,synth-v1.0.0,42,932480f22477dd00,baseline
SP-021:norte:016500:2023-01-17,SP-021:norte:016500,SP-021,norte,16.75,open-meteo:era5_seamless:-23.5:-46.8,2023-01-17,62.32,4.73,42.96,2,trigger,synthetic,synthetic,synthetic,synth-v1.0.0,42,932480f22477dd00,baseline
SP-021:norte:016500:2023-02-22,SP-021:norte:016500,SP-021,norte,16.75,open-meteo:era5_seamless:-23.5:-46.8,2023-02-22,64.93,5.75,42.96,3,trigger,synthetic,synthetic,synthetic,synth-v1.0.0,42,932480f22477dd00,baseline
SP-021:norte:016500:2023-03-27,SP-021:norte:016500,SP-021,norte,16.75,open-meteo:era5_seamless:-23.5:-46.8,2023-03-27,69.56,7.77,42.96,8,trigger,synthetic,synthetic,synthetic,synth-v1.0.0,42,932480f22477dd00,baseline
SP-021:norte:016500:2023-05-23,SP-021:norte:016500,SP-021,norte,16.75,open-meteo:era5_seamless:-23.5:-46.8,2023-05-23,54.91,3.18,42.96,16,trigger,synthetic,synthetic,synthetic,synth-v1.0.0,42,932480f22477dd00,baseline
SP-021:norte:016500:2023-09-29,SP-021:norte:016500,SP-021,norte,16.75,open-meteo:era5_seamless:-23.5:-46.8,2023-09-29,81.08,6.16,42.96,12,trigger,synthetic,synthetic,synthetic,synth-v1.0.0,42,932480f22477dd00,baseline
SP-021:norte:016500:2023-11-13,SP-021:norte:016500,SP-021,norte,16.75,open-meteo:era5_seamless:-23.5:-46.8,2023-11-13,69.4,5.36,42.96,8,trigger,synthetic,synthetic,synthetic,synth-v1.0.0,42,932480f22477dd00,baseline
SP-021:norte:016500:2023-12-27,SP-021:norte:016500,SP-021,norte,16.75,open-meteo:era5_seamless:-23.5:-46.8,2023-12-27,81.93,4.87,42.96,10,trigger,synthetic,synthetic,synthetic,synth-v1.0.0,42,932480f22477dd00,baseline
SP-021:norte:016500:2024-02-06,SP-021:norte:016500,SP-021,norte,16.75,open-meteo:era5_seamless:-23.5:-46.8,2024-02-06,63.39,6.22,42.96,2,trigger,synthetic,synthetic,synthetic,synth-v1.0.0,42,932480f22477dd00,baseline
SP-021:norte:016500:2024-03-16,SP-021:norte:016500,SP-021,norte,16.75,open-meteo:era5_seamless:-23.5:-46.8,2024-03-16,92.84,4.48,42.96,13,trigger,synthetic,synthetic,synthetic,synth-v1.0.0,42,932480f22477dd00,baseline
SP-021:norte:016500:2024-04-21,SP-021:norte:016500,SP-021,norte,16.75,open-meteo:era5_seamless:-23.5:-46.8,2024-04-21,51.55,4.72,42.96,7,proactive,synthetic,synthetic,synthetic,synth-v1.0.0,42,932480f22477dd00,baseline
SP-021:norte:016500:2024-06-20,SP-021:norte:016500,SP-021,norte,16.75,open-meteo:era5_seamless:-23.5:-46.8,2024-06-20,53.71,6.08,42.96,4,trigger,synthetic,synthetic,synthetic,synth-v1.0.0,42,932480f22477dd00,baseline
SP-021:norte:016500:2024-09-14,SP-021:norte:016500,SP-021,norte,16.75,open-meteo:era5_seamless:-23.5:-46.8,2024-09-14,73.66,5.19,42.96,6,trigger,synthetic,synthetic,synthetic,synth-v1.0.0,42,932480f22477dd00,baseline
SP-021:norte:016500:2024-11-09,SP-021:norte:016500,SP-021,norte,16.75,open-meteo:era5_seamless:-23.5:-46.8,2024-11-09,69.6,7.69,42.96,13,trigger,synthetic,synthetic,synthetic,synth-v1.0.0,42,932480f22477dd00,baseline
SP-021:norte:016500:2024-12-16,SP-021:norte:016500,SP-021,norte,16.75,open-meteo:era5_seamless:-23.5:-46.8,2024-12-16,66.61,3.75,42.96,8,trigger,synthetic,synthetic,synthetic,synth-v1.0.0,42,932480f22477dd00,baseline
SP-021:norte:016500:2025-01-29,SP-021:norte:016500,SP-021,norte,16.75,open-meteo:era5_seamless:-23.5:-46.8,2025-01-29,82.5,3.99,42.96,10,trigger,synthetic,synthetic,synthetic,synth-v1.0.0,42,932480f22477dd00,baseline
SP-021:norte:016500:2025-02-26,SP-021:norte:016500,SP-021,norte,16.75,open-meteo:era5_seamless:-23.5:-46.8,2025-02-26,60.47,5.2,42.96,3,trigger,synthetic,synthetic,synthetic,synth-v1.0.0,42,932480f22477dd00,baseline
SP-021:norte:016500:2025-04-11,SP-021:norte:016500,SP-021,norte,16.75,open-meteo:era5_seamless:-23.5:-46.8,2025-04-11,67.13,4.94,42.96,5,trigger,synthetic,synthetic,synthetic,synth-v1.0.0,42,932480f22477dd00,baseline
SP-021:norte:016500:2025-06-04,SP-021:norte:016500,SP-021,norte,16.75,open-meteo:era5_seamless:-23.5:-46.8,2025-06-04,31.76,6.66,42.96,3,proactive,synthetic,synthetic,synthetic,synth-v1.0.0,42,932480f22477dd00,baseline
SP-021:norte:016500:2025-09-25,SP-021:norte:016500,SP-021,norte,16.75,open-meteo:era5_seamless:-23.5:-46.8,2025-09-25,48.83,5.73,42.96,4,trigger,synthetic,synthetic,synthetic,synth-v1.0.0,42,932480f22477dd00,baseline
SP-021:norte:016500:2025-11-29,SP-021:norte:016500,SP-021,norte,16.75,open-meteo:era5_seamless:-23.5:-46.8,2025-11-29,60.83,5.51,42.96,6,trigger,synthetic,synthetic,synthetic,synth-v1.0.0,42,932480f22477dd00,baseline
SP-021:norte:016500:2026-01-05,SP-021:norte:016500,SP-021,norte,16.75,open-meteo:era5_seamless:-23.5:-46.8,2026-01-05,68.08,4.28,42.96,8,trigger,synthetic,synthetic,synthetic,synth-v1.0.0,42,932480f22477dd00,baseline
SP-021:norte:016500:2026-02-13,SP-021:norte:016500,SP-021,norte,16.75,open-meteo:era5_seamless:-23.5:-46.8,2026-02-13,56.54,3.84,42.96,5,trigger,synthetic,synthetic,synthetic,synth-v1.0.0,42,932480f22477dd00,baseline
SP-021:norte:016500:2026-03-25,SP-021:norte:016500,SP-021,norte,16.75,open-meteo:era5_seamless:-23.5:-46.8,2026-03-25,58.86,3.66,42.96,3,trigger,synthetic,synthetic,synthetic,synth-v1.0.0,42,932480f22477dd00,baseline
SP-021:norte:016500:2026-05-16,SP-021:norte:016500,SP-021,norte,16.75,open-meteo:era5_seamless:-23.5:-46.8,2026-05-16,47.71,3.19,42.96,6,trigger,synthetic,synthetic,synthetic,synth-v1.0.0,42,932480f22477dd00,baseline
SP-021:sul:016500:2023-01-24,SP-021:sul:016500,SP-021,sul,16.75,open-meteo:era5_seamless:-23.5:-46.8,2023-01-24,62.44,4.29,50.82,2,trigger,synthetic,synthetic,synthetic,synth-v1.0.0,42,932480f22477dd00,baseline
SP-021:sul:016500:2023-03-13,SP-021:sul:016500,SP-021,sul,16.75,open-meteo:era5_seamless:-23.5:-46.8,2023-03-13,70.46,3.38,50.82,8,trigger,synthetic,synthetic,synthetic,synth-v1.0.0,42,932480f22477dd00,baseline
SP-021:sul:016500:2023-05-08,SP-021:sul:016500,SP-021,sul,16.75,open-meteo:era5_seamless:-23.5:-46.8,2023-05-08,50.52,5.78,50.82,8,proactive,synthetic,synthetic,synthetic,synth-v1.0.0,42,932480f22477dd00,baseline
SP-021:sul:016500:2023-09-21,SP-021:sul:016500,SP-021,sul,16.75,open-meteo:era5_seamless:-23.5:-46.8,2023-09-21,61.77,5.02,50.82,4,trigger,synthetic,synthetic,synthetic,synth-v1.0.0,42,932480f22477dd00,baseline
SP-021:sul:016500:2023-11-25,SP-021:sul:016500,SP-021,sul,16.75,open-meteo:era5_seamless:-23.5:-46.8,2023-11-25,73.82,6.97,50.82,13,trigger,synthetic,synthetic,synthetic,synth-v1.0.0,42,932480f22477dd00,baseline
SP-021:sul:016500:2024-01-06,SP-021:sul:016500,SP-021,sul,16.75,open-meteo:era5_seamless:-23.5:-46.8,2024-01-06,63.06,7.96,50.82,6,trigger,synthetic,synthetic,synthetic,synth-v1.0.0,42,932480f22477dd00,baseline
SP-021:sul:016500:2024-02-19,SP-021:sul:016500,SP-021,sul,16.75,open-meteo:era5_seamless:-23.5:-46.8,2024-02-19,66.46,4.75,50.82,8,trigger,synthetic,synthetic,synthetic,synth-v1.0.0,42,932480f22477dd00,baseline
SP-021:sul:016500:2024-04-01,SP-021:sul:016500,SP-021,sul,16.75,open-meteo:era5_seamless:-23.5:-46.8,2024-04-01,67.64,5.7,50.82,8,trigger,synthetic,synthetic,synthetic,synth-v1.0.0,42,932480f22477dd00,baseline
SP-021:sul:016500:2024-05-19,SP-021:sul:016500,SP-021,sul,16.75,open-meteo:era5_seamless:-23.5:-46.8,2024-05-19,62.33,5.57,50.82,7,trigger,synthetic,synthetic,synthetic,synth-v1.0.0,42,932480f22477dd00,baseline
SP-021:sul:016500:2024-08-18,SP-021:sul:016500,SP-021,sul,16.75,open-meteo:era5_seamless:-23.5:-46.8,2024-08-18,35.86,4.71,50.82,7,proactive,synthetic,synthetic,synthetic,synth-v1.0.0,42,932480f22477dd00,baseline
SP-021:sul:016500:2024-10-12,SP-021:sul:016500,SP-021,sul,16.75,open-meteo:era5_seamless:-23.5:-46.8,2024-10-12,49.55,7.26,50.82,6,proactive,synthetic,synthetic,synthetic,synth-v1.0.0,42,932480f22477dd00,baseline
SP-021:sul:016500:2024-12-15,SP-021:sul:016500,SP-021,sul,16.75,open-meteo:era5_seamless:-23.5:-46.8,2024-12-15,72.59,3.13,50.82,14,trigger,synthetic,synthetic,synthetic,synth-v1.0.0,42,932480f22477dd00,baseline
SP-021:sul:016500:2025-01-29,SP-021:sul:016500,SP-021,sul,16.75,open-meteo:era5_seamless:-23.5:-46.8,2025-01-29,59.77,7.51,50.82,3,trigger,synthetic,synthetic,synthetic,synth-v1.0.0,42,932480f22477dd00,baseline
SP-021:sul:016500:2025-03-05,SP-021:sul:016500,SP-021,sul,16.75,open-meteo:era5_seamless:-23.5:-46.8,2025-03-05,67.35,6.88,50.82,3,trigger,synthetic,synthetic,synthetic,synth-v1.0.0,42,932480f22477dd00,baseline
SP-021:sul:016500:2025-04-16,SP-021:sul:016500,SP-021,sul,16.75,open-meteo:era5_seamless:-23.5:-46.8,2025-04-16,54.2,3.91,50.82,3,trigger,synthetic,synthetic,synthetic,synth-v1.0.0,42,932480f22477dd00,baseline
SP-021:sul:016500:2025-09-20,SP-021:sul:016500,SP-021,sul,16.75,open-meteo:era5_seamless:-23.5:-46.8,2025-09-20,57.39,5.54,50.82,6,trigger,synthetic,synthetic,synthetic,synth-v1.0.0,42,932480f22477dd00,baseline
SP-021:sul:016500:2025-12-07,SP-021:sul:016500,SP-021,sul,16.75,open-meteo:era5_seamless:-23.5:-46.8,2025-12-07,62.44,4.68,50.82,7,trigger,synthetic,synthetic,synthetic,synth-v1.0.0,42,932480f22477dd00,baseline
SP-021:sul:016500:2026-01-17,SP-021:sul:016500,SP-021,sul,16.75,open-meteo:era5_seamless:-23.5:-46.8,2026-01-17,59.67,4.87,50.82,6,trigger,synthetic,synthetic,synthetic,synth-v1.0.0,42,932480f22477dd00,baseline
SP-021:sul:016500:2026-03-06,SP-021:sul:016500,SP-021,sul,16.75,open-meteo:era5_seamless:-23.5:-46.8,2026-03-06,62.11,4.07,50.82,5,trigger,synthetic,synthetic,synthetic,synth-v1.0.0,42,932480f22477dd00,baseline
SP-021:sul:016500:2026-05-08,SP-021:sul:016500,SP-021,sul,16.75,open-meteo:era5_seamless:-23.5:-46.8,2026-05-08,68.01,4.12,50.82,12,trigger,synthetic,synthetic,synthetic,synth-v1.0.0,42,932480f22477dd00,baseline
SP-021:norte:017000:2023-01-23,SP-021:norte:017000,SP-021,norte,17.25,open-meteo:era5_seamless:-23.5:-46.8,2023-01-23,75.59,3.17,45.52,8,trigger,synthetic,synthetic,synthetic,synth-v1.0.0,42,932480f22477dd00,baseline
SP-021:norte:017000:2023-03-01,SP-021:norte:017000,SP-021,norte,17.25,open-meteo:era5_seamless:-23.5:-46.8,2023-03-01,56.21,6.16,45.52,3,trigger,synthetic,synthetic,synthetic,synth-v1.0.0,42,932480f22477dd00,baseline
SP-021:norte:017000:2023-04-05,SP-021:norte:017000,SP-021,norte,17.25,open-meteo:era5_seamless:-23.5:-46.8,2023-04-05,66.54,7.86,45.52,3,trigger,synthetic,synthetic,synthetic,synth-v1.0.0,42,932480f22477dd00,baseline
SP-021:norte:017000:2023-06-16,SP-021:norte:017000,SP-021,norte,17.25,open-meteo:era5_seamless:-23.5:-46.8,2023-06-16,48.68,7.09,45.52,5,trigger,synthetic,synthetic,synthetic,synth-v1.0.0,42,932480f22477dd00,baseline
SP-021:norte:017000:2023-09-18,SP-021:norte:017000,SP-021,norte,17.25,open-meteo:era5_seamless:-23.5:-46.8,2023-09-18,67.12,3.2,45.52,8,trigger,synthetic,synthetic,synthetic,synth-v1.0.0,42,932480f22477dd00,baseline
SP-021:norte:017000:2023-11-17,SP-021:norte:017000,SP-021,norte,17.25,open-meteo:era5_seamless:-23.5:-46.8,2023-11-17,87.89,4.76,45.52,12,trigger,synthetic,synthetic,synthetic,synth-v1.0.0,42,932480f22477dd00,baseline
SP-021:norte:017000:2023-12-30,SP-021:norte:017000,SP-021,norte,17.25,open-meteo:era5_seamless:-23.5:-46.8,2023-12-30,69.66,4.73,45.52,6,trigger,synthetic,synthetic,synthetic,synth-v1.0.0,42,932480f22477dd00,baseline
SP-021:norte:017000:2024-02-20,SP-021:norte:017000,SP-021,norte,17.25,open-meteo:era5_seamless:-23.5:-46.8,2024-02-20,95.71,7.29,45.52,9,trigger,synthetic,synthetic,synthetic,synth-v1.0.0,42,932480f22477dd00,baseline
SP-021:norte:017000:2024-03-29,SP-021:norte:017000,SP-021,norte,17.25,open-meteo:era5_seamless:-23.5:-46.8,2024-03-29,91.66,7.23,45.52,12,trigger,synthetic,synthetic,synthetic,synth-v1.0.0,42,932480f22477dd00,baseline
SP-021:norte:017000:2024-05-04,SP-021:norte:017000,SP-021,norte,17.25,open-meteo:era5_seamless:-23.5:-46.8,2024-05-04,62.61,6.06,45.52,6,trigger,synthetic,synthetic,synthetic,synth-v1.0.0,42,932480f22477dd00,baseline
SP-021:norte:017000:2024-07-30,SP-021:norte:017000,SP-021,norte,17.25,open-meteo:era5_seamless:-23.5:-46.8,2024-07-30,53.02,4.13,45.52,2,trigger,synthetic,synthetic,synthetic,synth-v1.0.0,42,932480f22477dd00,baseline
SP-021:norte:017000:2024-10-02,SP-021:norte:017000,SP-021,norte,17.25,open-meteo:era5_seamless:-23.5:-46.8,2024-10-02,60.31,6.64,45.52,3,trigger,synthetic,synthetic,synthetic,synth-v1.0.0,42,932480f22477dd00,baseline
SP-021:norte:017000:2024-11-20,SP-021:norte:017000,SP-021,norte,17.25,open-meteo:era5_seamless:-23.5:-46.8,2024-11-20,60.74,5.02,45.52,3,trigger,synthetic,synthetic,synthetic,synth-v1.0.0,42,932480f22477dd00,baseline
SP-021:norte:017000:2025-01-05,SP-021:norte:017000,SP-021,norte,17.25,open-meteo:era5_seamless:-23.5:-46.8,2025-01-05,85.53,3.03,45.52,14,trigger,synthetic,synthetic,synthetic,synth-v1.0.0,42,932480f22477dd00,baseline
SP-021:norte:017000:2025-02-13,SP-021:norte:017000,SP-021,norte,17.25,open-meteo:era5_seamless:-23.5:-46.8,2025-02-13,63.19,6.06,45.52,4,trigger,synthetic,synthetic,synthetic,synth-v1.0.0,42,932480f22477dd00,baseline
SP-021:norte:017000:2025-03-12,SP-021:norte:017000,SP-021,norte,17.25,open-meteo:era5_seamless:-23.5:-46.8,2025-03-12,57.65,6.68,45.52,3,trigger,synthetic,synthetic,synthetic,synth-v1.0.0,42,932480f22477dd00,baseline
SP-021:norte:017000:2025-04-08,SP-021:norte:017000,SP-021,norte,17.25,open-meteo:era5_seamless:-23.5:-46.8,2025-04-08,31.86,3.69,45.52,2,proactive,synthetic,synthetic,synthetic,synth-v1.0.0,42,932480f22477dd00,baseline
SP-021:norte:017000:2025-07-29,SP-021:norte:017000,SP-021,norte,17.25,open-meteo:era5_seamless:-23.5:-46.8,2025-07-29,47.76,6.81,45.52,2,trigger,synthetic,synthetic,synthetic,synth-v1.0.0,42,932480f22477dd00,baseline
SP-021:norte:017000:2025-11-02,SP-021:norte:017000,SP-021,norte,17.25,open-meteo:era5_seamless:-23.5:-46.8,2025-11-02,78.21,4.13,45.52,14,trigger,synthetic,synthetic,synthetic,synth-v1.0.0,42,932480f22477dd00,baseline
SP-021:norte:017000:2025-12-30,SP-021:norte:017000,SP-021,norte,17.25,open-meteo:era5_seamless:-23.5:-46.8,2025-12-30,81.64,6.57,45.52,2,trigger,synthetic,synthetic,synthetic,synth-v1.0.0,42,932480f22477dd00,baseline
SP-021:norte:017000:2026-02-04,SP-021:norte:017000,SP-021,norte,17.25,open-meteo:era5_seamless:-23.5:-46.8,2026-02-04,53.66,7.46,45.52,3,trigger,synthetic,synthetic,synthetic,synth-v1.0.0,42,932480f22477dd00,baseline
SP-021:norte:017000:2026-03-10,SP-021:norte:017000,SP-021,norte,17.25,open-meteo:era5_seamless:-23.5:-46.8,2026-03-10,72.98,5.51,45.52,9,trigger,synthetic,synthetic,synthetic,synth-v1.0.0,42,932480f22477dd00,baseline
SP-021:norte:017000:2026-04-24,SP-021:norte:017000,SP-021,norte,17.25,open-meteo:era5_seamless:-23.5:-46.8,2026-04-24,68.01,5.95,45.52,12,trigger,synthetic,synthetic,synthetic,synth-v1.0.0,42,932480f22477dd00,baseline
SP-021:norte:017000:2026-08-21,SP-021:norte:017000,SP-021,norte,17.25,open-meteo:era5_seamless:-23.5:-46.8,2026-08-21,58.13,6.66,45.52,5,trigger,synthetic,synthetic,synthetic,synth-v1.0.0,42,932480f22477dd00,baseline
SP-021:sul:017000:2023-02-13,SP-021:sul:017000,SP-021,sul,17.25,open-meteo:era5_seamless:-23.5:-46.8,2023-02-13,64.26,3.74,49.22,8,trigger,synthetic,synthetic,synthetic,synth-v1.0.0,42,932480f22477dd00,baseline
SP-021:sul:017000:2023-04-09,SP-021:sul:017000,SP-021,sul,17.25,open-meteo:era5_seamless:-23.5:-46.8,2023-04-09,58.25,4.2,49.22,7,trigger,synthetic,synthetic,synthetic,synth-v1.0.0,42,932480f22477dd00,baseline
SP-021:sul:017000:2023-09-29,SP-021:sul:017000,SP-021,sul,17.25,open-meteo:era5_seamless:-23.5:-46.8,2023-09-29,68.8,7.79,49.22,19,trigger,synthetic,synthetic,synthetic,synth-v1.0.0,42,932480f22477dd00,baseline
SP-021:sul:017000:2023-12-17,SP-021:sul:017000,SP-021,sul,17.25,open-meteo:era5_seamless:-23.5:-46.8,2023-12-17,76.37,6.02,49.22,14,trigger,synthetic,synthetic,synthetic,synth-v1.0.0,42,932480f22477dd00,baseline
SP-021:sul:017000:2024-02-11,SP-021:sul:017000,SP-021,sul,17.25,open-meteo:era5_seamless:-23.5:-46.8,2024-02-11,63.81,5.24,49.22,14,proactive,synthetic,synthetic,synthetic,synth-v1.0.0,42,932480f22477dd00,baseline
SP-021:sul:017000:2024-03-25,SP-021:sul:017000,SP-021,sul,17.25,open-meteo:era5_seamless:-23.5:-46.8,2024-03-25,58.48,7.79,49.22,8,proactive,synthetic,synthetic,synthetic,synth-v1.0.0,42,932480f22477dd00,baseline
SP-021:sul:017000:2024-05-30,SP-021:sul:017000,SP-021,sul,17.25,open-meteo:era5_seamless:-23.5:-46.8,2024-05-30,66.19,6.64,49.22,11,trigger,synthetic,synthetic,synthetic,synth-v1.0.0,42,932480f22477dd00,baseline
SP-021:sul:017000:2024-09-24,SP-021:sul:017000,SP-021,sul,17.25,open-meteo:era5_seamless:-23.5:-46.8,2024-09-24,59.55,5.53,49.22,9,trigger,synthetic,synthetic,synthetic,synth-v1.0.0,42,932480f22477dd00,baseline
SP-021:sul:017000:2024-12-12,SP-021:sul:017000,SP-021,sul,17.25,open-meteo:era5_seamless:-23.5:-46.8,2024-12-12,68.03,3.12,49.22,4,trigger,synthetic,synthetic,synthetic,synth-v1.0.0,42,932480f22477dd00,baseline
SP-021:sul:017000:2025-01-31,SP-021:sul:017000,SP-021,sul,17.25,open-meteo:era5_seamless:-23.5:-46.8,2025-01-31,45.93,6.94,49.22,5,proactive,synthetic,synthetic,synthetic,synth-v1.0.0,42,932480f22477dd00,baseline
SP-021:sul:017000:2025-03-10,SP-021:sul:017000,SP-021,sul,17.25,open-meteo:era5_seamless:-23.5:-46.8,2025-03-10,59.07,4.7,49.22,8,trigger,synthetic,synthetic,synthetic,synth-v1.0.0,42,932480f22477dd00,baseline
SP-021:sul:017000:2025-05-27,SP-021:sul:017000,SP-021,sul,17.25,open-meteo:era5_seamless:-23.5:-46.8,2025-05-27,52.33,4.17,49.22,2,trigger,synthetic,synthetic,synthetic,synth-v1.0.0,42,932480f22477dd00,baseline
SP-021:sul:017000:2025-11-11,SP-021:sul:017000,SP-021,sul,17.25,open-meteo:era5_seamless:-23.5:-46.8,2025-11-11,54.0,4.22,49.22,2,trigger,synthetic,synthetic,synthetic,synth-v1.0.0,42,932480f22477dd00,baseline
SP-021:sul:017000:2026-01-09,SP-021:sul:017000,SP-021,sul,17.25,open-meteo:era5_seamless:-23.5:-46.8,2026-01-09,55.0,5.93,49.22,5,trigger,synthetic,synthetic,synthetic,synth-v1.0.0,42,932480f22477dd00,baseline
SP-021:sul:017000:2026-03-10,SP-021:sul:017000,SP-021,sul,17.25,open-meteo:era5_seamless:-23.5:-46.8,2026-03-10,66.0,4.82,49.22,16,trigger,synthetic,synthetic,synthetic,synth-v1.0.0,42,932480f22477dd00,baseline
SP-021:sul:017000:2026-04-30,SP-021:sul:017000,SP-021,sul,17.25,open-meteo:era5_seamless:-23.5:-46.8,2026-04-30,45.34,4.36,49.22,4,proactive,synthetic,synthetic,synthetic,synth-v1.0.0,42,932480f22477dd00,baseline
SP-021:norte:017500:2023-01-11,SP-021:norte:017500,SP-021,norte,17.75,open-meteo:era5_seamless:-23.5:-46.8,2023-01-11,73.16,6.93,34.18,10,trigger,synthetic,synthetic,synthetic,synth-v1.0.0,42,932480f22477dd00,baseline
SP-021:norte:017500:2023-02-17,SP-021:norte:017500,SP-021,norte,17.75,open-meteo:era5_seamless:-23.5:-46.8,2023-02-17,125.82,3.92,34.18,19,trigger,synthetic,synthetic,synthetic,synth-v1.0.0,42,932480f22477dd00,baseline
SP-021:norte:017500:2023-03-18,SP-021:norte:017500,SP-021,norte,17.75,open-meteo:era5_seamless:-23.5:-46.8,2023-03-18,87.82,5.81,34.18,6,trigger,synthetic,synthetic,synthetic,synth-v1.0.0,42,932480f22477dd00,baseline
SP-021:norte:017500:2023-04-22,SP-021:norte:017500,SP-021,norte,17.75,open-meteo:era5_seamless:-23.5:-46.8,2023-04-22,72.28,4.79,34.18,6,trigger,synthetic,synthetic,synthetic,synth-v1.0.0,42,932480f22477dd00,baseline
SP-021:norte:017500:2023-07-06,SP-021:norte:017500,SP-021,norte,17.75,open-meteo:era5_seamless:-23.5:-46.8,2023-07-06,34.29,5.56,34.18,4,trigger,synthetic,synthetic,synthetic,synth-v1.0.0,42,932480f22477dd00,baseline
SP-021:norte:017500:2023-08-25,SP-021:norte:017500,SP-021,norte,17.75,open-meteo:era5_seamless:-23.5:-46.8,2023-08-25,54.57,7.18,34.18,5,trigger,synthetic,synthetic,synthetic,synth-v1.0.0,42,932480f22477dd00,baseline
SP-021:norte:017500:2023-09-19,SP-021:norte:017500,SP-021,norte,17.75,open-meteo:era5_seamless:-23.5:-46.8,2023-09-19,38.18,6.64,34.18,2,trigger,synthetic,synthetic,synthetic,synth-v1.0.0,42,932480f22477dd00,baseline
SP-021:norte:017500:2023-10-15,SP-021:norte:017500,SP-021,norte,17.75,open-meteo:era5_seamless:-23.5:-46.8,2023-10-15,53.93,4.2,34.18,7,trigger,synthetic,synthetic,synthetic,synth-v1.0.0,42,932480f22477dd00,baseline
SP-021:norte:017500:2023-11-16,SP-021:norte:017500,SP-021,norte,17.75,open-meteo:era5_seamless:-23.5:-46.8,2023-11-16,69.01,4.31,34.18,4,trigger,synthetic,synthetic,synthetic,synth-v1.0.0,42,932480f22477dd00,baseline
SP-021:norte:017500:2023-12-14,SP-021:norte:017500,SP-021,norte,17.75,open-meteo:era5_seamless:-23.5:-46.8,2023-12-14,62.64,3.5,34.18,4,trigger,synthetic,synthetic,synthetic,synth-v1.0.0,42,932480f22477dd00,baseline
SP-021:norte:017500:2024-01-24,SP-021:norte:017500,SP-021,norte,17.75,open-meteo:era5_seamless:-23.5:-46.8,2024-01-24,113.5,7.58,34.18,17,trigger,synthetic,synthetic,synthetic,synth-v1.0.0,42,932480f22477dd00,baseline
SP-021:norte:017500:2024-02-22,SP-021:norte:017500,SP-021,norte,17.75,open-meteo:era5_seamless:-23.5:-46.8,2024-02-22,98.65,3.81,34.18,11,trigger,synthetic,synthetic,synthetic,synth-v1.0.0,42,932480f22477dd00,baseline
SP-021:norte:017500:2024-03-16,SP-021:norte:017500,SP-021,norte,17.75,open-meteo:era5_seamless:-23.5:-46.8,2024-03-16,60.48,7.26,34.18,6,trigger,synthetic,synthetic,synthetic,synth-v1.0.0,42,932480f22477dd00,baseline
SP-021:norte:017500:2024-04-12,SP-021:norte:017500,SP-021,norte,17.75,open-meteo:era5_seamless:-23.5:-46.8,2024-04-12,80.57,3.46,34.18,5,trigger,synthetic,synthetic,synthetic,synth-v1.0.0,42,932480f22477dd00,baseline
SP-021:norte:017500:2024-05-14,SP-021:norte:017500,SP-021,norte,17.75,open-meteo:era5_seamless:-23.5:-46.8,2024-05-14,68.95,3.7,34.18,2,trigger,synthetic,synthetic,synthetic,synth-v1.0.0,42,932480f22477dd00,baseline
SP-021:norte:017500:2024-07-09,SP-021:norte:017500,SP-021,norte,17.75,open-meteo:era5_seamless:-23.5:-46.8,2024-07-09,38.31,3.61,34.18,2,trigger,synthetic,synthetic,synthetic,synth-v1.0.0,42,932480f22477dd00,baseline
SP-021:norte:017500:2024-09-14,SP-021:norte:017500,SP-021,norte,17.75,open-meteo:era5_seamless:-23.5:-46.8,2024-09-14,88.12,6.11,34.18,6,trigger,synthetic,synthetic,synthetic,synth-v1.0.0,42,932480f22477dd00,baseline
SP-021:norte:017500:2024-10-16,SP-021:norte:017500,SP-021,norte,17.75,open-meteo:era5_seamless:-23.5:-46.8,2024-10-16,55.64,7.61,34.18,3,trigger,synthetic,synthetic,synthetic,synth-v1.0.0,42,932480f22477dd00,baseline
SP-021:norte:017500:2024-11-16,SP-021:norte:017500,SP-021,norte,17.75,open-meteo:era5_seamless:-23.5:-46.8,2024-11-16,62.64,3.81,34.18,6,trigger,synthetic,synthetic,synthetic,synth-v1.0.0,42,932480f22477dd00,baseline
SP-021:norte:017500:2024-12-10,SP-021:norte:017500,SP-021,norte,17.75,open-meteo:era5_seamless:-23.5:-46.8,2024-12-10,45.75,3.75,34.18,2,trigger,synthetic,synthetic,synthetic,synth-v1.0.0,42,932480f22477dd00,baseline
SP-021:norte:017500:2025-01-09,SP-021:norte:017500,SP-021,norte,17.75,open-meteo:era5_seamless:-23.5:-46.8,2025-01-09,79.09,7.03,34.18,4,trigger,synthetic,synthetic,synthetic,synth-v1.0.0,42,932480f22477dd00,baseline
SP-021:norte:017500:2025-01-28,SP-021:norte:017500,SP-021,norte,17.75,open-meteo:era5_seamless:-23.5:-46.8,2025-01-28,54.39,6.65,34.18,2,trigger,synthetic,synthetic,synthetic,synth-v1.0.0,42,932480f22477dd00,baseline
SP-021:norte:017500:2025-02-23,SP-021:norte:017500,SP-021,norte,17.75,open-meteo:era5_seamless:-23.5:-46.8,2025-02-23,88.15,4.86,34.18,7,trigger,synthetic,synthetic,synthetic,synth-v1.0.0,42,932480f22477dd00,baseline
SP-021:norte:017500:2025-03-18,SP-021:norte:017500,SP-021,norte,17.75,open-meteo:era5_seamless:-23.5:-46.8,2025-03-18,56.56,6.12,34.18,2,trigger,synthetic,synthetic,synthetic,synth-v1.0.0,42,932480f22477dd00,baseline
SP-021:norte:017500:2025-04-28,SP-021:norte:017500,SP-021,norte,17.75,open-meteo:era5_seamless:-23.5:-46.8,2025-04-28,107.0,5.04,34.18,22,trigger,synthetic,synthetic,synthetic,synth-v1.0.0,42,932480f22477dd00,baseline
SP-021:norte:017500:2025-07-04,SP-021:norte:017500,SP-021,norte,17.75,open-meteo:era5_seamless:-23.5:-46.8,2025-07-04,44.81,7.84,34.18,12,trigger,synthetic,synthetic,synthetic,synth-v1.0.0,42,932480f22477dd00,baseline
SP-021:norte:017500:2025-09-11,SP-021:norte:017500,SP-021,norte,17.75,open-meteo:era5_seamless:-23.5:-46.8,2025-09-11,46.8,3.18,34.18,4,trigger,synthetic,synthetic,synthetic,synth-v1.0.0,42,932480f22477dd00,baseline
SP-021:norte:017500:2025-10-23,SP-021:norte:017500,SP-021,norte,17.75,open-meteo:era5_seamless:-23.5:-46.8,2025-10-23,35.99,3.77,34.18,4,trigger,synthetic,synthetic,synthetic,synth-v1.0.0,42,932480f22477dd00,baseline
SP-021:norte:017500:2025-11-26,SP-021:norte:017500,SP-021,norte,17.75,open-meteo:era5_seamless:-23.5:-46.8,2025-11-26,37.62,3.08,34.18,3,trigger,synthetic,synthetic,synthetic,synth-v1.0.0,42,932480f22477dd00,baseline
SP-021:norte:017500:2025-12-27,SP-021:norte:017500,SP-021,norte,17.75,open-meteo:era5_seamless:-23.5:-46.8,2025-12-27,65.38,6.72,34.18,6,trigger,synthetic,synthetic,synthetic,synth-v1.0.0,42,932480f22477dd00,baseline
SP-021:norte:017500:2026-01-19,SP-021:norte:017500,SP-021,norte,17.75,open-meteo:era5_seamless:-23.5:-46.8,2026-01-19,68.86,7.11,34.18,8,trigger,synthetic,synthetic,synthetic,synth-v1.0.0,42,932480f22477dd00,baseline
SP-021:norte:017500:2026-02-18,SP-021:norte:017500,SP-021,norte,17.75,open-meteo:era5_seamless:-23.5:-46.8,2026-02-18,90.22,4.74,34.18,10,trigger,synthetic,synthetic,synthetic,synth-v1.0.0,42,932480f22477dd00,baseline
SP-021:norte:017500:2026-03-19,SP-021:norte:017500,SP-021,norte,17.75,open-meteo:era5_seamless:-23.5:-46.8,2026-03-19,61.05,4.19,34.18,4,trigger,synthetic,synthetic,synthetic,synth-v1.0.0,42,932480f22477dd00,baseline
SP-021:norte:017500:2026-04-19,SP-021:norte:017500,SP-021,norte,17.75,open-meteo:era5_seamless:-23.5:-46.8,2026-04-19,67.57,7.73,34.18,7,trigger,synthetic,synthetic,synthetic,synth-v1.0.0,42,932480f22477dd00,baseline
SP-021:norte:017500:2026-05-16,SP-021:norte:017500,SP-021,norte,17.75,open-meteo:era5_seamless:-23.5:-46.8,2026-05-16,45.69,4.6,34.18,6,trigger,synthetic,synthetic,synthetic,synth-v1.0.0,42,932480f22477dd00,baseline
SP-021:norte:017500:2026-08-23,SP-021:norte:017500,SP-021,norte,17.75,open-meteo:era5_seamless:-23.5:-46.8,2026-08-23,59.19,7.75,34.18,7,trigger,synthetic,synthetic,synthetic,synth-v1.0.0,42,932480f22477dd00,baseline
SP-021:sul:017500:2023-01-23,SP-021:sul:017500,SP-021,sul,17.75,open-meteo:era5_seamless:-23.5:-46.8,2023-01-23,69.64,4.23,41.71,8,trigger,synthetic,synthetic,synthetic,synth-v1.0.0,42,932480f22477dd00,baseline
SP-021:sul:017500:2023-03-02,SP-021:sul:017500,SP-021,sul,17.75,open-meteo:era5_seamless:-23.5:-46.8,2023-03-02,67.15,6.77,41.71,11,trigger,synthetic,synthetic,synthetic,synth-v1.0.0,42,932480f22477dd00,baseline
SP-021:sul:017500:2023-04-21,SP-021:sul:017500,SP-021,sul,17.75,open-meteo:era5_seamless:-23.5:-46.8,2023-04-21,76.58,4.56,41.71,19,trigger,synthetic,synthetic,synthetic,synth-v1.0.0,42,932480f22477dd00,baseline
SP-021:sul:017500:2023-08-18,SP-021:sul:017500,SP-021,sul,17.75,open-meteo:era5_seamless:-23.5:-46.8,2023-08-18,49.37,3.73,41.71,5,trigger,synthetic,synthetic,synthetic,synth-v1.0.0,42,932480f22477dd00,baseline
SP-021:sul:017500:2023-10-05,SP-021:sul:017500,SP-021,sul,17.75,open-meteo:era5_seamless:-23.5:-46.8,2023-10-05,46.8,7.58,41.71,4,proactive,synthetic,synthetic,synthetic,synth-v1.0.0,42,932480f22477dd00,baseline
SP-021:sul:017500:2023-11-15,SP-021:sul:017500,SP-021,sul,17.75,open-meteo:era5_seamless:-23.5:-46.8,2023-11-15,68.3,6.96,41.71,10,trigger,synthetic,synthetic,synthetic,synth-v1.0.0,42,932480f22477dd00,baseline
SP-021:sul:017500:2023-12-19,SP-021:sul:017500,SP-021,sul,17.75,open-meteo:era5_seamless:-23.5:-46.8,2023-12-19,60.17,7.55,41.71,2,trigger,synthetic,synthetic,synthetic,synth-v1.0.0,42,932480f22477dd00,baseline
SP-021:sul:017500:2024-01-19,SP-021:sul:017500,SP-021,sul,17.75,open-meteo:era5_seamless:-23.5:-46.8,2024-01-19,54.55,5.4,41.71,5,trigger,synthetic,synthetic,synthetic,synth-v1.0.0,42,932480f22477dd00,baseline
SP-021:sul:017500:2024-02-24,SP-021:sul:017500,SP-021,sul,17.75,open-meteo:era5_seamless:-23.5:-46.8,2024-02-24,63.32,5.05,41.71,6,trigger,synthetic,synthetic,synthetic,synth-v1.0.0,42,932480f22477dd00,baseline
SP-021:sul:017500:2024-03-21,SP-021:sul:017500,SP-021,sul,17.75,open-meteo:era5_seamless:-23.5:-46.8,2024-03-21,55.46,5.59,41.71,4,trigger,synthetic,synthetic,synthetic,synth-v1.0.0,42,932480f22477dd00,baseline
SP-021:sul:017500:2024-04-29,SP-021:sul:017500,SP-021,sul,17.75,open-meteo:era5_seamless:-23.5:-46.8,2024-04-29,58.4,5.26,41.71,8,trigger,synthetic,synthetic,synthetic,synth-v1.0.0,42,932480f22477dd00,baseline
SP-021:sul:017500:2024-07-06,SP-021:sul:017500,SP-021,sul,17.75,open-meteo:era5_seamless:-23.5:-46.8,2024-07-06,50.55,6.67,41.71,6,trigger,synthetic,synthetic,synthetic,synth-v1.0.0,42,932480f22477dd00,baseline
SP-021:sul:017500:2024-09-22,SP-021:sul:017500,SP-021,sul,17.75,open-meteo:era5_seamless:-23.5:-46.8,2024-09-22,61.31,4.29,41.71,7,trigger,synthetic,synthetic,synthetic,synth-v1.0.0,42,932480f22477dd00,baseline
SP-021:sul:017500:2024-11-09,SP-021:sul:017500,SP-021,sul,17.75,open-meteo:era5_seamless:-23.5:-46.8,2024-11-09,52.41,7.99,41.71,6,trigger,synthetic,synthetic,synthetic,synth-v1.0.0,42,932480f22477dd00,baseline
SP-021:sul:017500:2024-12-23,SP-021:sul:017500,SP-021,sul,17.75,open-meteo:era5_seamless:-23.5:-46.8,2024-12-23,74.33,5.47,41.71,15,trigger,synthetic,synthetic,synthetic,synth-v1.0.0,42,932480f22477dd00,baseline
SP-021:sul:017500:2025-01-29,SP-021:sul:017500,SP-021,sul,17.75,open-meteo:era5_seamless:-23.5:-46.8,2025-01-29,65.09,4.85,41.71,3,trigger,synthetic,synthetic,synthetic,synth-v1.0.0,42,932480f22477dd00,baseline
SP-021:sul:017500:2025-02-28,SP-021:sul:017500,SP-021,sul,17.75,open-meteo:era5_seamless:-23.5:-46.8,2025-02-28,66.15,4.86,41.71,5,trigger,synthetic,synthetic,synthetic,synth-v1.0.0,42,932480f22477dd00,baseline
SP-021:sul:017500:2025-04-10,SP-021:sul:017500,SP-021,sul,17.75,open-meteo:era5_seamless:-23.5:-46.8,2025-04-10,57.95,5.0,41.71,4,trigger,synthetic,synthetic,synthetic,synth-v1.0.0,42,932480f22477dd00,baseline
SP-021:sul:017500:2025-07-01,SP-021:sul:017500,SP-021,sul,17.75,open-meteo:era5_seamless:-23.5:-46.8,2025-07-01,49.18,6.41,41.71,9,trigger,synthetic,synthetic,synthetic,synth-v1.0.0,42,932480f22477dd00,baseline
SP-021:sul:017500:2025-10-11,SP-021:sul:017500,SP-021,sul,17.75,open-meteo:era5_seamless:-23.5:-46.8,2025-10-11,54.51,4.86,41.71,6,trigger,synthetic,synthetic,synthetic,synth-v1.0.0,42,932480f22477dd00,baseline
SP-021:sul:017500:2025-12-19,SP-021:sul:017500,SP-021,sul,17.75,open-meteo:era5_seamless:-23.5:-46.8,2025-12-19,71.5,5.82,41.71,12,trigger,synthetic,synthetic,synthetic,synth-v1.0.0,42,932480f22477dd00,baseline
SP-021:sul:017500:2026-01-17,SP-021:sul:017500,SP-021,sul,17.75,open-meteo:era5_seamless:-23.5:-46.8,2026-01-17,56.08,4.05,41.71,6,trigger,synthetic,synthetic,synthetic,synth-v1.0.0,42,932480f22477dd00,baseline
SP-021:sul:017500:2026-02-24,SP-021:sul:017500,SP-021,sul,17.75,open-meteo:era5_seamless:-23.5:-46.8,2026-02-24,62.21,3.94,41.71,2,trigger,synthetic,synthetic,synthetic,synth-v1.0.0,42,932480f22477dd00,baseline
SP-021:sul:017500:2026-04-07,SP-021:sul:017500,SP-021,sul,17.75,open-meteo:era5_seamless:-23.5:-46.8,2026-04-07,62.28,5.0,41.71,9,trigger,synthetic,synthetic,synthetic,synth-v1.0.0,42,932480f22477dd00,baseline
SP-021:sul:017500:2026-05-27,SP-021:sul:017500,SP-021,sul,17.75,open-meteo:era5_seamless:-23.5:-46.8,2026-05-27,36.67,3.07,41.71,3,proactive,synthetic,synthetic,synthetic,synth-v1.0.0,42,932480f22477dd00,baseline
SP-021:norte:018000:2023-01-28,SP-021:norte:018000,SP-021,norte,18.25,open-meteo:era5_seamless:-23.5:-46.8,2023-01-28,89.23,7.3,50.58,6,trigger,synthetic,synthetic,synthetic,synth-v1.0.0,42,932480f22477dd00,baseline
SP-021:norte:018000:2023-02-26,SP-021:norte:018000,SP-021,norte,18.25,open-meteo:era5_seamless:-23.5:-46.8,2023-02-26,93.52,6.26,50.58,7,trigger,synthetic,synthetic,synthetic,synth-v1.0.0,42,932480f22477dd00,baseline
SP-021:norte:018000:2023-04-01,SP-021:norte:018000,SP-021,norte,18.25,open-meteo:era5_seamless:-23.5:-46.8,2023-04-01,99.0,4.03,50.58,13,trigger,synthetic,synthetic,synthetic,synth-v1.0.0,42,932480f22477dd00,baseline
SP-021:norte:018000:2023-05-23,SP-021:norte:018000,SP-021,norte,18.25,open-meteo:era5_seamless:-23.5:-46.8,2023-05-23,53.95,4.42,50.58,9,trigger,synthetic,synthetic,synthetic,synth-v1.0.0,42,932480f22477dd00,baseline
SP-021:norte:018000:2023-08-29,SP-021:norte:018000,SP-021,norte,18.25,open-meteo:era5_seamless:-23.5:-46.8,2023-08-29,64.08,6.01,50.58,2,trigger,synthetic,synthetic,synthetic,synth-v1.0.0,42,932480f22477dd00,baseline
SP-021:norte:018000:2023-10-08,SP-021:norte:018000,SP-021,norte,18.25,open-meteo:era5_seamless:-23.5:-46.8,2023-10-08,88.07,4.52,50.58,7,trigger,synthetic,synthetic,synthetic,synth-v1.0.0,42,932480f22477dd00,baseline
SP-021:norte:018000:2023-11-15,SP-021:norte:018000,SP-021,norte,18.25,open-meteo:era5_seamless:-23.5:-46.8,2023-11-15,88.16,5.61,50.58,10,trigger,synthetic,synthetic,synthetic,synth-v1.0.0,42,932480f22477dd00,baseline
SP-021:norte:018000:2023-12-31,SP-021:norte:018000,SP-021,norte,18.25,open-meteo:era5_seamless:-23.5:-46.8,2023-12-31,102.44,3.32,50.58,21,trigger,synthetic,synthetic,synthetic,synth-v1.0.0,42,932480f22477dd00,baseline
SP-021:norte:018000:2024-02-03,SP-021:norte:018000,SP-021,norte,18.25,open-meteo:era5_seamless:-23.5:-46.8,2024-02-03,75.95,6.6,50.58,6,trigger,synthetic,synthetic,synthetic,synth-v1.0.0,42,932480f22477dd00,baseline
SP-021:norte:018000:2024-03-10,SP-021:norte:018000,SP-021,norte,18.25,open-meteo:era5_seamless:-23.5:-46.8,2024-03-10,103.51,3.62,50.58,21,proactive,synthetic,synthetic,synthetic,synth-v1.0.0,42,932480f22477dd00,baseline
SP-021:norte:018000:2024-04-10,SP-021:norte:018000,SP-021,norte,18.25,open-meteo:era5_seamless:-23.5:-46.8,2024-04-10,86.23,3.81,50.58,3,trigger,synthetic,synthetic,synthetic,synth-v1.0.0,42,932480f22477dd00,baseline
SP-021:norte:018000:2024-05-17,SP-021:norte:018000,SP-021,norte,18.25,open-meteo:era5_seamless:-23.5:-46.8,2024-05-17,77.06,5.3,50.58,5,trigger,synthetic,synthetic,synthetic,synth-v1.0.0,42,932480f22477dd00,baseline
SP-021:norte:018000:2024-08-10,SP-021:norte:018000,SP-021,norte,18.25,open-meteo:era5_seamless:-23.5:-46.8,2024-08-10,71.32,6.79,50.58,6,trigger,synthetic,synthetic,synthetic,synth-v1.0.0,42,932480f22477dd00,baseline
SP-021:norte:018000:2024-09-19,SP-021:norte:018000,SP-021,norte,18.25,open-meteo:era5_seamless:-23.5:-46.8,2024-09-19,61.21,3.35,50.58,4,trigger,synthetic,synthetic,synthetic,synth-v1.0.0,42,932480f22477dd00,baseline
SP-021:norte:018000:2024-11-09,SP-021:norte:018000,SP-021,norte,18.25,open-meteo:era5_seamless:-23.5:-46.8,2024-11-09,90.62,4.51,50.58,13,trigger,synthetic,synthetic,synthetic,synth-v1.0.0,42,932480f22477dd00,baseline
SP-021:norte:018000:2024-12-12,SP-021:norte:018000,SP-021,norte,18.25,open-meteo:era5_seamless:-23.5:-46.8,2024-12-12,75.79,4.92,50.58,4,trigger,synthetic,synthetic,synthetic,synth-v1.0.0,42,932480f22477dd00,baseline
SP-021:norte:018000:2025-01-11,SP-021:norte:018000,SP-021,norte,18.25,open-meteo:era5_seamless:-23.5:-46.8,2025-01-11,84.18,3.25,50.58,6,trigger,synthetic,synthetic,synthetic,synth-v1.0.0,42,932480f22477dd00,baseline
SP-021:norte:018000:2025-02-13,SP-021:norte:018000,SP-021,norte,18.25,open-meteo:era5_seamless:-23.5:-46.8,2025-02-13,99.69,7.88,50.58,11,trigger,synthetic,synthetic,synthetic,synth-v1.0.0,42,932480f22477dd00,baseline
SP-021:norte:018000:2025-03-12,SP-021:norte:018000,SP-021,norte,18.25,open-meteo:era5_seamless:-23.5:-46.8,2025-03-12,92.91,6.89,50.58,10,trigger,synthetic,synthetic,synthetic,synth-v1.0.0,42,932480f22477dd00,baseline
SP-021:norte:018000:2025-04-11,SP-021:norte:018000,SP-021,norte,18.25,open-meteo:era5_seamless:-23.5:-46.8,2025-04-11,71.74,7.78,50.58,5,trigger,synthetic,synthetic,synthetic,synth-v1.0.0,42,932480f22477dd00,baseline
SP-021:norte:018000:2025-05-14,SP-021:norte:018000,SP-021,norte,18.25,open-meteo:era5_seamless:-23.5:-46.8,2025-05-14,54.19,7.88,50.58,3,trigger,synthetic,synthetic,synthetic,synth-v1.0.0,42,932480f22477dd00,baseline
SP-021:norte:018000:2025-09-04,SP-021:norte:018000,SP-021,norte,18.25,open-meteo:era5_seamless:-23.5:-46.8,2025-09-04,71.97,7.43,50.58,11,trigger,synthetic,synthetic,synthetic,synth-v1.0.0,42,932480f22477dd00,baseline
SP-021:norte:018000:2025-10-18,SP-021:norte:018000,SP-021,norte,18.25,open-meteo:era5_seamless:-23.5:-46.8,2025-10-18,67.04,4.22,50.58,6,trigger,synthetic,synthetic,synthetic,synth-v1.0.0,42,932480f22477dd00,baseline
SP-021:norte:018000:2025-12-06,SP-021:norte:018000,SP-021,norte,18.25,open-meteo:era5_seamless:-23.5:-46.8,2025-12-06,74.81,4.62,50.58,6,trigger,synthetic,synthetic,synthetic,synth-v1.0.0,42,932480f22477dd00,baseline
SP-021:norte:018000:2026-01-10,SP-021:norte:018000,SP-021,norte,18.25,open-meteo:era5_seamless:-23.5:-46.8,2026-01-10,93.15,4.82,50.58,6,trigger,synthetic,synthetic,synthetic,synth-v1.0.0,42,932480f22477dd00,baseline
SP-021:norte:018000:2026-02-13,SP-021:norte:018000,SP-021,norte,18.25,open-meteo:era5_seamless:-23.5:-46.8,2026-02-13,82.5,3.79,50.58,5,trigger,synthetic,synthetic,synthetic,synth-v1.0.0,42,932480f22477dd00,baseline
SP-021:norte:018000:2026-03-18,SP-021:norte:018000,SP-021,norte,18.25,open-meteo:era5_seamless:-23.5:-46.8,2026-03-18,82.51,6.81,50.58,3,trigger,synthetic,synthetic,synthetic,synth-v1.0.0,42,932480f22477dd00,baseline
SP-021:norte:018000:2026-04-14,SP-021:norte:018000,SP-021,norte,18.25,open-meteo:era5_seamless:-23.5:-46.8,2026-04-14,71.2,7.46,50.58,2,trigger,synthetic,synthetic,synthetic,synth-v1.0.0,42,932480f22477dd00,baseline
SP-021:norte:018000:2026-05-25,SP-021:norte:018000,SP-021,norte,18.25,open-meteo:era5_seamless:-23.5:-46.8,2026-05-25,56.53,5.78,50.58,8,trigger,synthetic,synthetic,synthetic,synth-v1.0.0,42,932480f22477dd00,baseline
SP-021:norte:018000:2026-09-01,SP-021:norte:018000,SP-021,norte,18.25,open-meteo:era5_seamless:-23.5:-46.8,2026-09-01,75.73,6.46,50.58,8,trigger,synthetic,synthetic,synthetic,synth-v1.0.0,42,932480f22477dd00,baseline
SP-021:sul:018000:2023-02-14,SP-021:sul:018000,SP-021,sul,18.25,open-meteo:era5_seamless:-23.5:-46.8,2023-02-14,76.18,6.85,50.5,9,trigger,synthetic,synthetic,synthetic,synth-v1.0.0,42,932480f22477dd00,baseline
SP-021:sul:018000:2023-03-22,SP-021:sul:018000,SP-021,sul,18.25,open-meteo:era5_seamless:-23.5:-46.8,2023-03-22,57.54,7.43,50.5,3,trigger,synthetic,synthetic,synthetic,synth-v1.0.0,42,932480f22477dd00,baseline
SP-021:sul:018000:2023-05-30,SP-021:sul:018000,SP-021,sul,18.25,open-meteo:era5_seamless:-23.5:-46.8,2023-05-30,53.02,7.16,50.5,2,trigger,synthetic,synthetic,synthetic,synth-v1.0.0,42,932480f22477dd00,baseline
SP-021:sul:018000:2023-09-24,SP-021:sul:018000,SP-021,sul,18.25,open-meteo:era5_seamless:-23.5:-46.8,2023-09-24,66.72,7.77,50.5,7,trigger,synthetic,synthetic,synthetic,synth-v1.0.0,42,932480f22477dd00,baseline
SP-021:sul:018000:2023-11-08,SP-021:sul:018000,SP-021,sul,18.25,open-meteo:era5_seamless:-23.5:-46.8,2023-11-08,52.54,4.62,50.5,3,trigger,synthetic,synthetic,synthetic,synth-v1.0.0,42,932480f22477dd00,baseline
SP-021:sul:018000:2024-01-04,SP-021:sul:018000,SP-021,sul,18.25,open-meteo:era5_seamless:-23.5:-46.8,2024-01-04,78.42,5.27,50.5,11,trigger,synthetic,synthetic,synthetic,synth-v1.0.0,42,932480f22477dd00,baseline
SP-021:sul:018000:2024-02-19,SP-021:sul:018000,SP-021,sul,18.25,open-meteo:era5_seamless:-23.5:-46.8,2024-02-19,65.92,7.56,50.5,8,trigger,synthetic,synthetic,synthetic,synth-v1.0.0,42,932480f22477dd00,baseline
SP-021:sul:018000:2024-04-06,SP-021:sul:018000,SP-021,sul,18.25,open-meteo:era5_seamless:-23.5:-46.8,2024-04-06,84.35,7.53,50.5,20,trigger,synthetic,synthetic,synthetic,synth-v1.0.0,42,932480f22477dd00,baseline
SP-021:sul:018000:2024-05-29,SP-021:sul:018000,SP-021,sul,18.25,open-meteo:era5_seamless:-23.5:-46.8,2024-05-29,65.32,7.62,50.5,10,trigger,synthetic,synthetic,synthetic,synth-v1.0.0,42,932480f22477dd00,baseline
SP-021:sul:018000:2024-09-12,SP-021:sul:018000,SP-021,sul,18.25,open-meteo:era5_seamless:-23.5:-46.8,2024-09-12,65.47,3.06,50.5,4,trigger,synthetic,synthetic,synthetic,synth-v1.0.0,42,932480f22477dd00,baseline
SP-021:sul:018000:2024-12-05,SP-021:sul:018000,SP-021,sul,18.25,open-meteo:era5_seamless:-23.5:-46.8,2024-12-05,81.79,5.57,50.5,18,trigger,synthetic,synthetic,synthetic,synth-v1.0.0,42,932480f22477dd00,baseline
SP-021:sul:018000:2025-01-22,SP-021:sul:018000,SP-021,sul,18.25,open-meteo:era5_seamless:-23.5:-46.8,2025-01-22,68.41,7.86,50.5,3,trigger,synthetic,synthetic,synthetic,synth-v1.0.0,42,932480f22477dd00,baseline
SP-021:sul:018000:2025-03-17,SP-021:sul:018000,SP-021,sul,18.25,open-meteo:era5_seamless:-23.5:-46.8,2025-03-17,93.35,6.2,50.5,15,trigger,synthetic,synthetic,synthetic,synth-v1.0.0,42,932480f22477dd00,baseline
SP-021:sul:018000:2025-05-26,SP-021:sul:018000,SP-021,sul,18.25,open-meteo:era5_seamless:-23.5:-46.8,2025-05-26,64.44,6.14,50.5,15,trigger,synthetic,synthetic,synthetic,synth-v1.0.0,42,932480f22477dd00,baseline
SP-021:sul:018000:2025-10-24,SP-021:sul:018000,SP-021,sul,18.25,open-meteo:era5_seamless:-23.5:-46.8,2025-10-24,64.13,5.98,50.5,12,trigger,synthetic,synthetic,synthetic,synth-v1.0.0,42,932480f22477dd00,baseline
SP-021:sul:018000:2025-12-26,SP-021:sul:018000,SP-021,sul,18.25,open-meteo:era5_seamless:-23.5:-46.8,2025-12-26,67.7,3.16,50.5,12,proactive,synthetic,synthetic,synthetic,synth-v1.0.0,42,932480f22477dd00,baseline
SP-021:sul:018000:2026-03-08,SP-021:sul:018000,SP-021,sul,18.25,open-meteo:era5_seamless:-23.5:-46.8,2026-03-08,88.15,6.77,50.5,21,trigger,synthetic,synthetic,synthetic,synth-v1.0.0,42,932480f22477dd00,baseline
SP-021:sul:018000:2026-04-21,SP-021:sul:018000,SP-021,sul,18.25,open-meteo:era5_seamless:-23.5:-46.8,2026-04-21,57.92,5.85,50.5,2,trigger,synthetic,synthetic,synthetic,synth-v1.0.0,42,932480f22477dd00,baseline
SP-021:sul:018000:2026-09-01,SP-021:sul:018000,SP-021,sul,18.25,open-meteo:era5_seamless:-23.5:-46.8,2026-09-01,62.52,7.4,50.5,7,trigger,synthetic,synthetic,synthetic,synth-v1.0.0,42,932480f22477dd00,baseline
SP-021:norte:018500:2023-02-02,SP-021:norte:018500,SP-021,norte,18.75,open-meteo:era5_seamless:-23.5:-46.8,2023-02-02,82.28,5.5,70.0,4,trigger,synthetic,synthetic,synthetic,synth-v1.0.0,42,932480f22477dd00,baseline
SP-021:norte:018500:2023-03-30,SP-021:norte:018500,SP-021,norte,18.75,open-meteo:era5_seamless:-23.5:-46.8,2023-03-30,90.21,7.85,70.0,11,trigger,synthetic,synthetic,synthetic,synth-v1.0.0,42,932480f22477dd00,baseline
SP-021:norte:018500:2023-08-02,SP-021:norte:018500,SP-021,norte,18.75,open-meteo:era5_seamless:-23.5:-46.8,2023-08-02,76.34,6.93,70.0,10,trigger,synthetic,synthetic,synthetic,synth-v1.0.0,42,932480f22477dd00,baseline
SP-021:norte:018500:2023-10-17,SP-021:norte:018500,SP-021,norte,18.75,open-meteo:era5_seamless:-23.5:-46.8,2023-10-17,87.89,4.16,70.0,16,trigger,synthetic,synthetic,synthetic,synth-v1.0.0,42,932480f22477dd00,baseline
SP-021:norte:018500:2023-12-08,SP-021:norte:018500,SP-021,norte,18.75,open-meteo:era5_seamless:-23.5:-46.8,2023-12-08,83.29,3.98,70.0,5,trigger,synthetic,synthetic,synthetic,synth-v1.0.0,42,932480f22477dd00,baseline
SP-021:norte:018500:2024-02-05,SP-021:norte:018500,SP-021,norte,18.75,open-meteo:era5_seamless:-23.5:-46.8,2024-02-05,88.21,4.3,70.0,8,trigger,synthetic,synthetic,synthetic,synth-v1.0.0,42,932480f22477dd00,baseline
SP-021:norte:018500:2024-03-20,SP-021:norte:018500,SP-021,norte,18.75,open-meteo:era5_seamless:-23.5:-46.8,2024-03-20,85.57,5.6,70.0,3,trigger,synthetic,synthetic,synthetic,synth-v1.0.0,42,932480f22477dd00,baseline
SP-021:norte:018500:2024-05-25,SP-021:norte:018500,SP-021,norte,18.75,open-meteo:era5_seamless:-23.5:-46.8,2024-05-25,89.2,4.89,70.0,20,trigger,synthetic,synthetic,synthetic,synth-v1.0.0,42,932480f22477dd00,baseline
SP-021:norte:018500:2024-09-12,SP-021:norte:018500,SP-021,norte,18.75,open-meteo:era5_seamless:-23.5:-46.8,2024-09-12,76.57,4.46,70.0,4,trigger,synthetic,synthetic,synthetic,synth-v1.0.0,42,932480f22477dd00,baseline
SP-021:norte:018500:2024-10-27,SP-021:norte:018500,SP-021,norte,18.75,open-meteo:era5_seamless:-23.5:-46.8,2024-10-27,51.45,7.91,70.0,7,proactive,synthetic,synthetic,synthetic,synth-v1.0.0,42,932480f22477dd00,baseline
SP-021:norte:018500:2024-12-12,SP-021:norte:018500,SP-021,norte,18.75,open-meteo:era5_seamless:-23.5:-46.8,2024-12-12,75.06,7.38,70.0,4,trigger,synthetic,synthetic,synthetic,synth-v1.0.0,42,932480f22477dd00,baseline
SP-021:norte:018500:2025-01-22,SP-021:norte:018500,SP-021,norte,18.75,open-meteo:era5_seamless:-23.5:-46.8,2025-01-22,79.48,7.73,70.0,3,trigger,synthetic,synthetic,synthetic,synth-v1.0.0,42,932480f22477dd00,baseline
SP-021:norte:018500:2025-03-01,SP-021:norte:018500,SP-021,norte,18.75,open-meteo:era5_seamless:-23.5:-46.8,2025-03-01,87.21,7.5,70.0,6,trigger,synthetic,synthetic,synthetic,synth-v1.0.0,42,932480f22477dd00,baseline
SP-021:norte:018500:2025-03-29,SP-021:norte:018500,SP-021,norte,18.75,open-meteo:era5_seamless:-23.5:-46.8,2025-03-29,45.8,3.59,70.0,6,proactive,synthetic,synthetic,synthetic,synth-v1.0.0,42,932480f22477dd00,baseline
SP-021:norte:018500:2025-09-01,SP-021:norte:018500,SP-021,norte,18.75,open-meteo:era5_seamless:-23.5:-46.8,2025-09-01,79.4,7.49,70.0,8,trigger,synthetic,synthetic,synthetic,synth-v1.0.0,42,932480f22477dd00,baseline
SP-021:norte:018500:2025-11-20,SP-021:norte:018500,SP-021,norte,18.75,open-meteo:era5_seamless:-23.5:-46.8,2025-11-20,79.09,3.9,70.0,4,trigger,synthetic,synthetic,synthetic,synth-v1.0.0,42,932480f22477dd00,baseline
SP-021:norte:018500:2026-01-10,SP-021:norte:018500,SP-021,norte,18.75,open-meteo:era5_seamless:-23.5:-46.8,2026-01-10,82.2,4.04,70.0,6,trigger,synthetic,synthetic,synthetic,synth-v1.0.0,42,932480f22477dd00,baseline
SP-021:norte:018500:2026-02-25,SP-021:norte:018500,SP-021,norte,18.75,open-meteo:era5_seamless:-23.5:-46.8,2026-02-25,76.59,5.24,70.0,3,trigger,synthetic,synthetic,synthetic,synth-v1.0.0,42,932480f22477dd00,baseline
SP-021:norte:018500:2026-04-22,SP-021:norte:018500,SP-021,norte,18.75,open-meteo:era5_seamless:-23.5:-46.8,2026-04-22,82.89,6.91,70.0,10,trigger,synthetic,synthetic,synthetic,synth-v1.0.0,42,932480f22477dd00,baseline
SP-021:norte:018500:2026-07-05,SP-021:norte:018500,SP-021,norte,18.75,open-meteo:era5_seamless:-23.5:-46.8,2026-07-05,37.21,6.56,70.0,14,proactive,synthetic,synthetic,synthetic,synth-v1.0.0,42,932480f22477dd00,baseline
SP-021:sul:018500:2023-02-05,SP-021:sul:018500,SP-021,sul,18.75,open-meteo:era5_seamless:-23.5:-46.8,2023-02-05,76.93,3.11,49.56,7,trigger,synthetic,synthetic,synthetic,synth-v1.0.0,42,932480f22477dd00,baseline
SP-021:sul:018500:2023-03-17,SP-021:sul:018500,SP-021,sul,18.75,open-meteo:era5_seamless:-23.5:-46.8,2023-03-17,70.99,7.27,49.56,5,trigger,synthetic,synthetic,synthetic,synth-v1.0.0,42,932480f22477dd00,baseline
SP-021:sul:018500:2023-05-04,SP-021:sul:018500,SP-021,sul,18.75,open-meteo:era5_seamless:-23.5:-46.8,2023-05-04,64.21,7.73,49.56,4,trigger,synthetic,synthetic,synthetic,synth-v1.0.0,42,932480f22477dd00,baseline
SP-021:sul:018500:2023-09-05,SP-021:sul:018500,SP-021,sul,18.75,open-meteo:era5_seamless:-23.5:-46.8,2023-09-05,70.92,3.03,49.56,9,trigger,synthetic,synthetic,synthetic,synth-v1.0.0,42,932480f22477dd00,baseline
SP-021:sul:018500:2023-11-03,SP-021:sul:018500,SP-021,sul,18.75,open-meteo:era5_seamless:-23.5:-46.8,2023-11-03,78.67,4.05,49.56,5,trigger,synthetic,synthetic,synthetic,synth-v1.0.0,42,932480f22477dd00,baseline
SP-021:sul:018500:2023-12-14,SP-021:sul:018500,SP-021,sul,18.75,open-meteo:era5_seamless:-23.5:-46.8,2023-12-14,67.56,7.55,49.56,4,trigger,synthetic,synthetic,synthetic,synth-v1.0.0,42,932480f22477dd00,baseline
SP-021:sul:018500:2024-01-20,SP-021:sul:018500,SP-021,sul,18.75,open-meteo:era5_seamless:-23.5:-46.8,2024-01-20,76.45,4.36,49.56,6,trigger,synthetic,synthetic,synthetic,synth-v1.0.0,42,932480f22477dd00,baseline
SP-021:sul:018500:2024-02-27,SP-021:sul:018500,SP-021,sul,18.75,open-meteo:era5_seamless:-23.5:-46.8,2024-02-27,63.18,7.49,49.56,2,trigger,synthetic,synthetic,synthetic,synth-v1.0.0,42,932480f22477dd00,baseline
SP-021:sul:018500:2024-04-07,SP-021:sul:018500,SP-021,sul,18.75,open-meteo:era5_seamless:-23.5:-46.8,2024-04-07,97.59,4.57,49.56,14,trigger,synthetic,synthetic,synthetic,synth-v1.0.0,42,932480f22477dd00,baseline
SP-021:sul:018500:2024-05-24,SP-021:sul:018500,SP-021,sul,18.75,open-meteo:era5_seamless:-23.5:-46.8,2024-05-24,67.08,5.89,49.56,5,trigger,synthetic,synthetic,synthetic,synth-v1.0.0,42,932480f22477dd00,baseline
SP-021:sul:018500:2024-08-28,SP-021:sul:018500,SP-021,sul,18.75,open-meteo:era5_seamless:-23.5:-46.8,2024-08-28,53.26,3.31,49.56,3,trigger,synthetic,synthetic,synthetic,synth-v1.0.0,42,932480f22477dd00,baseline
SP-021:sul:018500:2024-10-30,SP-021:sul:018500,SP-021,sul,18.75,open-meteo:era5_seamless:-23.5:-46.8,2024-10-30,67.63,7.36,49.56,3,trigger,synthetic,synthetic,synthetic,synth-v1.0.0,42,932480f22477dd00,baseline
SP-021:sul:018500:2024-12-22,SP-021:sul:018500,SP-021,sul,18.75,open-meteo:era5_seamless:-23.5:-46.8,2024-12-22,95.45,7.1,49.56,14,trigger,synthetic,synthetic,synthetic,synth-v1.0.0,42,932480f22477dd00,baseline
SP-021:sul:018500:2025-01-30,SP-021:sul:018500,SP-021,sul,18.75,open-meteo:era5_seamless:-23.5:-46.8,2025-01-30,88.68,4.6,49.56,11,trigger,synthetic,synthetic,synthetic,synth-v1.0.0,42,932480f22477dd00,baseline
SP-021:sul:018500:2025-03-15,SP-021:sul:018500,SP-021,sul,18.75,open-meteo:era5_seamless:-23.5:-46.8,2025-03-15,102.1,7.8,49.56,20,trigger,synthetic,synthetic,synthetic,synth-v1.0.0,42,932480f22477dd00,baseline
SP-021:sul:018500:2025-05-06,SP-021:sul:018500,SP-021,sul,18.75,open-meteo:era5_seamless:-23.5:-46.8,2025-05-06,78.29,5.06,49.56,16,trigger,synthetic,synthetic,synthetic,synth-v1.0.0,42,932480f22477dd00,baseline
SP-021:sul:018500:2025-09-21,SP-021:sul:018500,SP-021,sul,18.75,open-meteo:era5_seamless:-23.5:-46.8,2025-09-21,60.46,6.48,49.56,7,trigger,synthetic,synthetic,synthetic,synth-v1.0.0,42,932480f22477dd00,baseline
SP-021:sul:018500:2025-11-21,SP-021:sul:018500,SP-021,sul,18.75,open-meteo:era5_seamless:-23.5:-46.8,2025-11-21,58.64,5.64,49.56,5,trigger,synthetic,synthetic,synthetic,synth-v1.0.0,42,932480f22477dd00,baseline
SP-021:sul:018500:2026-01-06,SP-021:sul:018500,SP-021,sul,18.75,open-meteo:era5_seamless:-23.5:-46.8,2026-01-06,85.57,5.24,49.56,9,trigger,synthetic,synthetic,synthetic,synth-v1.0.0,42,932480f22477dd00,baseline
SP-021:sul:018500:2026-03-08,SP-021:sul:018500,SP-021,sul,18.75,open-meteo:era5_seamless:-23.5:-46.8,2026-03-08,107.98,3.79,49.56,21,trigger,synthetic,synthetic,synthetic,synth-v1.0.0,42,932480f22477dd00,baseline
SP-021:sul:018500:2026-04-29,SP-021:sul:018500,SP-021,sul,18.75,open-meteo:era5_seamless:-23.5:-46.8,2026-04-29,69.62,6.71,49.56,10,trigger,synthetic,synthetic,synthetic,synth-v1.0.0,42,932480f22477dd00,baseline
SP-021:sul:018500:2026-09-01,SP-021:sul:018500,SP-021,sul,18.75,open-meteo:era5_seamless:-23.5:-46.8,2026-09-01,73.68,6.75,49.56,9,trigger,synthetic,synthetic,synthetic,synth-v1.0.0,42,932480f22477dd00,baseline
SP-021:norte:019000:2023-02-06,SP-021:norte:019000,SP-021,norte,19.25,open-meteo:era5_seamless:-23.5:-46.8,2023-02-06,78.52,3.88,58.3,8,trigger,synthetic,synthetic,synthetic,synth-v1.0.0,42,932480f22477dd00,baseline
SP-021:norte:019000:2023-03-18,SP-021:norte:019000,SP-021,norte,19.25,open-meteo:era5_seamless:-23.5:-46.8,2023-03-18,46.58,3.49,58.3,6,proactive,synthetic,synthetic,synthetic,synth-v1.0.0,42,932480f22477dd00,baseline
SP-021:norte:019000:2023-08-23,SP-021:norte:019000,SP-021,norte,19.25,open-meteo:era5_seamless:-23.5:-46.8,2023-08-23,77.53,4.04,58.3,17,trigger,synthetic,synthetic,synthetic,synth-v1.0.0,42,932480f22477dd00,baseline
SP-021:norte:019000:2023-11-05,SP-021:norte:019000,SP-021,norte,19.25,open-meteo:era5_seamless:-23.5:-46.8,2023-11-05,71.8,3.36,58.3,7,trigger,synthetic,synthetic,synthetic,synth-v1.0.0,42,932480f22477dd00,baseline
SP-021:norte:019000:2024-01-10,SP-021:norte:019000,SP-021,norte,19.25,open-meteo:era5_seamless:-23.5:-46.8,2024-01-10,87.16,5.85,58.3,10,trigger,synthetic,synthetic,synthetic,synth-v1.0.0,42,932480f22477dd00,baseline
SP-021:norte:019000:2024-03-02,SP-021:norte:019000,SP-021,norte,19.25,open-meteo:era5_seamless:-23.5:-46.8,2024-03-02,77.75,7.6,58.3,6,trigger,synthetic,synthetic,synthetic,synth-v1.0.0,42,932480f22477dd00,baseline
SP-021:norte:019000:2024-05-05,SP-021:norte:019000,SP-021,norte,19.25,open-meteo:era5_seamless:-23.5:-46.8,2024-05-05,93.67,6.49,58.3,7,trigger,synthetic,synthetic,synthetic,synth-v1.0.0,42,932480f22477dd00,baseline
SP-021:norte:019000:2024-08-28,SP-021:norte:019000,SP-021,norte,19.25,open-meteo:era5_seamless:-23.5:-46.8,2024-08-28,64.11,6.45,58.3,3,trigger,synthetic,synthetic,synthetic,synth-v1.0.0,42,932480f22477dd00,baseline
SP-021:norte:019000:2024-11-02,SP-021:norte:019000,SP-021,norte,19.25,open-meteo:era5_seamless:-23.5:-46.8,2024-11-02,68.21,6.63,58.3,6,trigger,synthetic,synthetic,synthetic,synth-v1.0.0,42,932480f22477dd00,baseline
SP-021:norte:019000:2025-01-01,SP-021:norte:019000,SP-021,norte,19.25,open-meteo:era5_seamless:-23.5:-46.8,2025-01-01,77.83,7.55,58.3,10,trigger,synthetic,synthetic,synthetic,synth-v1.0.0,42,932480f22477dd00,baseline
SP-021:norte:019000:2025-02-19,SP-021:norte:019000,SP-021,norte,19.25,open-meteo:era5_seamless:-23.5:-46.8,2025-02-19,89.56,5.04,58.3,10,trigger,synthetic,synthetic,synthetic,synth-v1.0.0,42,932480f22477dd00,baseline
SP-021:norte:019000:2025-04-11,SP-021:norte:019000,SP-021,norte,19.25,open-meteo:era5_seamless:-23.5:-46.8,2025-04-11,64.32,5.25,58.3,5,trigger,synthetic,synthetic,synthetic,synth-v1.0.0,42,932480f22477dd00,baseline
SP-021:norte:019000:2025-09-28,SP-021:norte:019000,SP-021,norte,19.25,open-meteo:era5_seamless:-23.5:-46.8,2025-09-28,69.61,7.98,58.3,7,trigger,synthetic,synthetic,synthetic,synth-v1.0.0,42,932480f22477dd00,baseline
SP-021:norte:019000:2025-12-11,SP-021:norte:019000,SP-021,norte,19.25,open-meteo:era5_seamless:-23.5:-46.8,2025-12-11,69.83,6.09,58.3,4,trigger,synthetic,synthetic,synthetic,synth-v1.0.0,42,932480f22477dd00,baseline
SP-021:norte:019000:2026-02-05,SP-021:norte:019000,SP-021,norte,19.25,open-meteo:era5_seamless:-23.5:-46.8,2026-02-05,75.59,7.54,58.3,4,trigger,synthetic,synthetic,synthetic,synth-v1.0.0,42,932480f22477dd00,baseline
SP-021:norte:019000:2026-04-01,SP-021:norte:019000,SP-021,norte,19.25,open-meteo:era5_seamless:-23.5:-46.8,2026-04-01,83.2,3.97,58.3,10,trigger,synthetic,synthetic,synthetic,synth-v1.0.0,42,932480f22477dd00,baseline
SP-021:norte:019000:2026-09-01,SP-021:norte:019000,SP-021,norte,19.25,open-meteo:era5_seamless:-23.5:-46.8,2026-09-01,74.54,3.87,58.3,6,trigger,synthetic,synthetic,synthetic,synth-v1.0.0,42,932480f22477dd00,baseline
SP-021:sul:019000:2023-02-19,SP-021:sul:019000,SP-021,sul,19.25,open-meteo:era5_seamless:-23.5:-46.8,2023-02-19,64.27,5.28,61.66,14,proactive,synthetic,synthetic,synthetic,synth-v1.0.0,42,932480f22477dd00,baseline
SP-021:sul:019000:2023-04-04,SP-021:sul:019000,SP-021,sul,19.25,open-meteo:era5_seamless:-23.5:-46.8,2023-04-04,37.62,4.12,61.66,2,proactive,synthetic,synthetic,synthetic,synth-v1.0.0,42,932480f22477dd00,baseline
SP-021:sul:019000:2023-10-22,SP-021:sul:019000,SP-021,sul,19.25,open-meteo:era5_seamless:-23.5:-46.8,2023-10-22,64.31,3.72,61.66,7,trigger,synthetic,synthetic,synthetic,synth-v1.0.0,42,932480f22477dd00,baseline
SP-021:sul:019000:2024-02-04,SP-021:sul:019000,SP-021,sul,19.25,open-meteo:era5_seamless:-23.5:-46.8,2024-02-04,67.97,7.27,61.66,14,trigger,synthetic,synthetic,synthetic,synth-v1.0.0,42,932480f22477dd00,baseline
SP-021:sul:019000:2024-03-28,SP-021:sul:019000,SP-021,sul,19.25,open-meteo:era5_seamless:-23.5:-46.8,2024-03-28,58.85,6.56,61.66,11,proactive,synthetic,synthetic,synthetic,synth-v1.0.0,42,932480f22477dd00,baseline
SP-021:sul:019000:2024-08-26,SP-021:sul:019000,SP-021,sul,19.25,open-meteo:era5_seamless:-23.5:-46.8,2024-08-26,64.47,5.68,61.66,8,trigger,synthetic,synthetic,synthetic,synth-v1.0.0,42,932480f22477dd00,baseline
SP-021:sul:019000:2024-11-30,SP-021:sul:019000,SP-021,sul,19.25,open-meteo:era5_seamless:-23.5:-46.8,2024-11-30,58.03,5.72,61.66,6,proactive,synthetic,synthetic,synthetic,synth-v1.0.0,42,932480f22477dd00,baseline
SP-021:sul:019000:2025-02-17,SP-021:sul:019000,SP-021,sul,19.25,open-meteo:era5_seamless:-23.5:-46.8,2025-02-17,67.12,6.91,61.66,8,trigger,synthetic,synthetic,synthetic,synth-v1.0.0,42,932480f22477dd00,baseline
SP-021:sul:019000:2025-04-09,SP-021:sul:019000,SP-021,sul,19.25,open-meteo:era5_seamless:-23.5:-46.8,2025-04-09,44.98,5.06,61.66,10,proactive,synthetic,synthetic,synthetic,synth-v1.0.0,42,932480f22477dd00,baseline
SP-021:sul:019000:2025-11-02,SP-021:sul:019000,SP-021,sul,19.25,open-meteo:era5_seamless:-23.5:-46.8,2025-11-02,58.86,6.35,61.66,14,proactive,synthetic,synthetic,synthetic,synth-v1.0.0,42,932480f22477dd00,baseline
SP-021:sul:019000:2026-02-09,SP-021:sul:019000,SP-021,sul,19.25,open-meteo:era5_seamless:-23.5:-46.8,2026-02-09,66.44,6.71,61.66,8,trigger,synthetic,synthetic,synthetic,synth-v1.0.0,42,932480f22477dd00,baseline
SP-021:sul:019000:2026-04-02,SP-021:sul:019000,SP-021,sul,19.25,open-meteo:era5_seamless:-23.5:-46.8,2026-04-02,47.06,6.88,61.66,11,proactive,synthetic,synthetic,synthetic,synth-v1.0.0,42,932480f22477dd00,baseline
SP-021:norte:019500:2023-01-25,SP-021:norte:019500,SP-021,norte,19.75,open-meteo:era5_seamless:-23.5:-46.8,2023-01-25,49.28,5.45,44.85,3,trigger,synthetic,synthetic,synthetic,synth-v1.0.0,42,932480f22477dd00,baseline
SP-021:norte:019500:2023-03-16,SP-021:norte:019500,SP-021,norte,19.75,open-meteo:era5_seamless:-23.5:-46.8,2023-03-16,50.56,5.83,44.85,4,trigger,synthetic,synthetic,synthetic,synth-v1.0.0,42,932480f22477dd00,baseline
SP-021:norte:019500:2023-07-19,SP-021:norte:019500,SP-021,norte,19.75,open-meteo:era5_seamless:-23.5:-46.8,2023-07-19,42.47,3.63,44.85,3,proactive,synthetic,synthetic,synthetic,synth-v1.0.0,42,932480f22477dd00,baseline
SP-021:norte:019500:2023-11-09,SP-021:norte:019500,SP-021,norte,19.75,open-meteo:era5_seamless:-23.5:-46.8,2023-11-09,63.57,7.91,44.85,4,trigger,synthetic,synthetic,synthetic,synth-v1.0.0,42,932480f22477dd00,baseline
SP-021:norte:019500:2024-01-05,SP-021:norte:019500,SP-021,norte,19.75,open-meteo:era5_seamless:-23.5:-46.8,2024-01-05,61.0,3.99,44.85,12,trigger,synthetic,synthetic,synthetic,synth-v1.0.0,42,932480f22477dd00,baseline
SP-021:norte:019500:2024-03-08,SP-021:norte:019500,SP-021,norte,19.75,open-meteo:era5_seamless:-23.5:-46.8,2024-03-08,58.77,5.65,44.85,5,trigger,synthetic,synthetic,synthetic,synth-v1.0.0,42,932480f22477dd00,baseline
SP-021:norte:019500:2024-05-15,SP-021:norte:019500,SP-021,norte,19.75,open-meteo:era5_seamless:-23.5:-46.8,2024-05-15,62.25,4.24,44.85,10,trigger,synthetic,synthetic,synthetic,synth-v1.0.0,42,932480f22477dd00,baseline
SP-021:norte:019500:2024-10-09,SP-021:norte:019500,SP-021,norte,19.75,open-meteo:era5_seamless:-23.5:-46.8,2024-10-09,55.49,5.86,44.85,10,trigger,synthetic,synthetic,synthetic,synth-v1.0.0,42,932480f22477dd00,baseline
SP-021:norte:019500:2024-12-28,SP-021:norte:019500,SP-021,norte,19.75,open-meteo:era5_seamless:-23.5:-46.8,2024-12-28,64.1,6.48,44.85,13,trigger,synthetic,synthetic,synthetic,synth-v1.0.0,42,932480f22477dd00,baseline
SP-021:norte:019500:2025-02-16,SP-021:norte:019500,SP-021,norte,19.75,open-meteo:era5_seamless:-23.5:-46.8,2025-02-16,59.49,5.06,44.85,7,trigger,synthetic,synthetic,synthetic,synth-v1.0.0,42,932480f22477dd00,baseline
SP-021:norte:019500:2025-04-15,SP-021:norte:019500,SP-021,norte,19.75,open-meteo:era5_seamless:-23.5:-46.8,2025-04-15,50.48,5.13,44.85,2,trigger,synthetic,synthetic,synthetic,synth-v1.0.0,42,932480f22477dd00,baseline
SP-021:norte:019500:2025-10-12,SP-021:norte:019500,SP-021,norte,19.75,open-meteo:era5_seamless:-23.5:-46.8,2025-10-12,49.56,6.58,44.85,7,trigger,synthetic,synthetic,synthetic,synth-v1.0.0,42,932480f22477dd00,baseline
SP-021:norte:019500:2025-12-28,SP-021:norte:019500,SP-021,norte,19.75,open-meteo:era5_seamless:-23.5:-46.8,2025-12-28,51.35,5.06,44.85,7,proactive,synthetic,synthetic,synthetic,synth-v1.0.0,42,932480f22477dd00,baseline
SP-021:norte:019500:2026-03-07,SP-021:norte:019500,SP-021,norte,19.75,open-meteo:era5_seamless:-23.5:-46.8,2026-03-07,62.93,4.81,44.85,13,trigger,synthetic,synthetic,synthetic,synth-v1.0.0,42,932480f22477dd00,baseline
SP-021:norte:019500:2026-05-07,SP-021:norte:019500,SP-021,norte,19.75,open-meteo:era5_seamless:-23.5:-46.8,2026-05-07,41.32,7.89,44.85,11,proactive,synthetic,synthetic,synthetic,synth-v1.0.0,42,932480f22477dd00,baseline
SP-021:sul:019500:2023-01-17,SP-021:sul:019500,SP-021,sul,19.75,open-meteo:era5_seamless:-23.5:-46.8,2023-01-17,56.95,7.01,39.23,9,trigger,synthetic,synthetic,synthetic,synth-v1.0.0,42,932480f22477dd00,baseline
SP-021:sul:019500:2023-02-24,SP-021:sul:019500,SP-021,sul,19.75,open-meteo:era5_seamless:-23.5:-46.8,2023-02-24,54.7,4.25,39.23,5,trigger,synthetic,synthetic,synthetic,synth-v1.0.0,42,932480f22477dd00,baseline
SP-021:sul:019500:2023-04-07,SP-021:sul:019500,SP-021,sul,19.75,open-meteo:era5_seamless:-23.5:-46.8,2023-04-07,46.47,4.85,39.23,5,trigger,synthetic,synthetic,synthetic,synth-v1.0.0,42,932480f22477dd00,baseline
SP-021:sul:019500:2023-08-18,SP-021:sul:019500,SP-021,sul,19.75,open-meteo:era5_seamless:-23.5:-46.8,2023-08-18,47.07,4.9,39.23,5,trigger,synthetic,synthetic,synthetic,synth-v1.0.0,42,932480f22477dd00,baseline
SP-021:sul:019500:2023-10-15,SP-021:sul:019500,SP-021,sul,19.75,open-meteo:era5_seamless:-23.5:-46.8,2023-10-15,46.91,4.6,39.23,7,trigger,synthetic,synthetic,synthetic,synth-v1.0.0,42,932480f22477dd00,baseline
SP-021:sul:019500:2023-12-01,SP-021:sul:019500,SP-021,sul,19.75,open-meteo:era5_seamless:-23.5:-46.8,2023-12-01,49.65,4.68,39.23,5,trigger,synthetic,synthetic,synthetic,synth-v1.0.0,42,932480f22477dd00,baseline
SP-021:sul:019500:2024-01-16,SP-021:sul:019500,SP-021,sul,19.75,open-meteo:era5_seamless:-23.5:-46.8,2024-01-16,58.95,4.38,39.23,9,trigger,synthetic,synthetic,synthetic,synth-v1.0.0,42,932480f22477dd00,baseline
SP-021:sul:019500:2024-03-11,SP-021:sul:019500,SP-021,sul,19.75,open-meteo:era5_seamless:-23.5:-46.8,2024-03-11,76.45,7.42,39.23,15,trigger,synthetic,synthetic,synthetic,synth-v1.0.0,42,932480f22477dd00,baseline
SP-021:sul:019500:2024-04-17,SP-021:sul:019500,SP-021,sul,19.75,open-meteo:era5_seamless:-23.5:-46.8,2024-04-17,48.01,6.02,39.23,3,trigger,synthetic,synthetic,synthetic,synth-v1.0.0,42,932480f22477dd00,baseline
SP-021:sul:019500:2024-06-21,SP-021:sul:019500,SP-021,sul,19.75,open-meteo:era5_seamless:-23.5:-46.8,2024-06-21,47.73,6.65,39.23,5,trigger,synthetic,synthetic,synthetic,synth-v1.0.0,42,932480f22477dd00,baseline
SP-021:sul:019500:2024-09-25,SP-021:sul:019500,SP-021,sul,19.75,open-meteo:era5_seamless:-23.5:-46.8,2024-09-25,58.08,7.92,39.23,10,trigger,synthetic,synthetic,synthetic,synth-v1.0.0,42,932480f22477dd00,baseline
SP-021:sul:019500:2024-11-21,SP-021:sul:019500,SP-021,sul,19.75,open-meteo:era5_seamless:-23.5:-46.8,2024-11-21,59.58,4.91,39.23,4,trigger,synthetic,synthetic,synthetic,synth-v1.0.0,42,932480f22477dd00,baseline
SP-021:sul:019500:2024-12-31,SP-021:sul:019500,SP-021,sul,19.75,open-meteo:era5_seamless:-23.5:-46.8,2024-12-31,41.41,5.3,39.23,2,trigger,synthetic,synthetic,synthetic,synth-v1.0.0,42,932480f22477dd00,baseline
SP-021:sul:019500:2025-02-08,SP-021:sul:019500,SP-021,sul,19.75,open-meteo:era5_seamless:-23.5:-46.8,2025-02-08,52.73,7.5,39.23,6,trigger,synthetic,synthetic,synthetic,synth-v1.0.0,42,932480f22477dd00,baseline
SP-021:sul:019500:2025-03-04,SP-021:sul:019500,SP-021,sul,19.75,open-meteo:era5_seamless:-23.5:-46.8,2025-03-04,43.04,3.39,39.23,2,trigger,synthetic,synthetic,synthetic,synth-v1.0.0,42,932480f22477dd00,baseline
SP-021:sul:019500:2025-05-02,SP-021:sul:019500,SP-021,sul,19.75,open-meteo:era5_seamless:-23.5:-46.8,2025-05-02,46.43,3.8,39.23,5,trigger,synthetic,synthetic,synthetic,synth-v1.0.0,42,932480f22477dd00,baseline
SP-021:sul:019500:2025-10-06,SP-021:sul:019500,SP-021,sul,19.75,open-meteo:era5_seamless:-23.5:-46.8,2025-10-06,50.16,6.08,39.23,8,trigger,synthetic,synthetic,synthetic,synth-v1.0.0,42,932480f22477dd00,baseline
SP-021:sul:019500:2025-12-12,SP-021:sul:019500,SP-021,sul,19.75,open-meteo:era5_seamless:-23.5:-46.8,2025-12-12,53.8,4.9,39.23,5,trigger,synthetic,synthetic,synthetic,synth-v1.0.0,42,932480f22477dd00,baseline
SP-021:sul:019500:2026-01-24,SP-021:sul:019500,SP-021,sul,19.75,open-meteo:era5_seamless:-23.5:-46.8,2026-01-24,48.0,4.23,39.23,6,trigger,synthetic,synthetic,synthetic,synth-v1.0.0,42,932480f22477dd00,baseline
SP-021:sul:019500:2026-03-07,SP-021:sul:019500,SP-021,sul,19.75,open-meteo:era5_seamless:-23.5:-46.8,2026-03-07,48.95,3.93,39.23,6,trigger,synthetic,synthetic,synthetic,synth-v1.0.0,42,932480f22477dd00,baseline
SP-021:sul:019500:2026-04-29,SP-021:sul:019500,SP-021,sul,19.75,open-meteo:era5_seamless:-23.5:-46.8,2026-04-29,52.58,5.68,39.23,10,trigger,synthetic,synthetic,synthetic,synth-v1.0.0,42,932480f22477dd00,baseline
SP-021:sul:019500:2026-09-01,SP-021:sul:019500,SP-021,sul,19.75,open-meteo:era5_seamless:-23.5:-46.8,2026-09-01,45.69,4.96,39.23,16,trigger,synthetic,synthetic,synthetic,synth-v1.0.0,42,932480f22477dd00,baseline
SP-021:norte:020000:2023-01-30,SP-021:norte:020000,SP-021,norte,20.25,open-meteo:era5_seamless:-23.5:-46.8,2023-01-30,67.01,7.52,65.62,8,proactive,synthetic,synthetic,synthetic,synth-v1.0.0,42,932480f22477dd00,baseline
SP-021:norte:020000:2023-03-15,SP-021:norte:020000,SP-021,norte,20.25,open-meteo:era5_seamless:-23.5:-46.8,2023-03-15,71.69,6.47,65.62,3,trigger,synthetic,synthetic,synthetic,synth-v1.0.0,42,932480f22477dd00,baseline
SP-021:norte:020000:2023-07-19,SP-021:norte:020000,SP-021,norte,20.25,open-meteo:era5_seamless:-23.5:-46.8,2023-07-19,67.62,4.4,65.62,3,trigger,synthetic,synthetic,synthetic,synth-v1.0.0,42,932480f22477dd00,baseline
SP-021:norte:020000:2023-10-18,SP-021:norte:020000,SP-021,norte,20.25,open-meteo:era5_seamless:-23.5:-46.8,2023-10-18,69.54,4.9,65.62,3,trigger,synthetic,synthetic,synthetic,synth-v1.0.0,42,932480f22477dd00,baseline
SP-021:norte:020000:2023-12-22,SP-021:norte:020000,SP-021,norte,20.25,open-meteo:era5_seamless:-23.5:-46.8,2023-12-22,77.61,6.5,65.62,5,trigger,synthetic,synthetic,synthetic,synth-v1.0.0,42,932480f22477dd00,baseline
SP-021:norte:020000:2024-02-22,SP-021:norte:020000,SP-021,norte,20.25,open-meteo:era5_seamless:-23.5:-46.8,2024-02-22,79.84,6.67,65.62,11,trigger,synthetic,synthetic,synthetic,synth-v1.0.0,42,932480f22477dd00,baseline
SP-021:norte:020000:2024-04-21,SP-021:norte:020000,SP-021,norte,20.25,open-meteo:era5_seamless:-23.5:-46.8,2024-04-21,81.39,7.05,65.62,7,trigger,synthetic,synthetic,synthetic,synth-v1.0.0,42,932480f22477dd00,baseline
SP-021:norte:020000:2024-07-23,SP-021:norte:020000,SP-021,norte,20.25,open-meteo:era5_seamless:-23.5:-46.8,2024-07-23,57.53,6.14,65.62,9,proactive,synthetic,synthetic,synthetic,synth-v1.0.0,42,932480f22477dd00,baseline
SP-021:norte:020000:2024-10-17,SP-021:norte:020000,SP-021,norte,20.25,open-meteo:era5_seamless:-23.5:-46.8,2024-10-17,68.18,6.2,65.62,4,trigger,synthetic,synthetic,synthetic,synth-v1.0.0,42,932480f22477dd00,baseline
SP-021:norte:020000:2024-12-29,SP-021:norte:020000,SP-021,norte,20.25,open-meteo:era5_seamless:-23.5:-46.8,2024-12-29,79.01,6.65,65.62,14,trigger,synthetic,synthetic,synthetic,synth-v1.0.0,42,932480f22477dd00,baseline
SP-021:norte:020000:2025-02-25,SP-021:norte:020000,SP-021,norte,20.25,open-meteo:era5_seamless:-23.5:-46.8,2025-02-25,83.5,7.78,65.62,9,trigger,synthetic,synthetic,synthetic,synth-v1.0.0,42,932480f22477dd00,baseline
SP-021:norte:020000:2025-03-30,SP-021:norte:020000,SP-021,norte,20.25,open-meteo:era5_seamless:-23.5:-46.8,2025-03-30,39.66,7.24,65.62,7,proactive,synthetic,synthetic,synthetic,synth-v1.0.0,42,932480f22477dd00,baseline
SP-021:norte:020000:2025-09-07,SP-021:norte:020000,SP-021,norte,20.25,open-meteo:era5_seamless:-23.5:-46.8,2025-09-07,71.76,6.13,65.62,7,trigger,synthetic,synthetic,synthetic,synth-v1.0.0,42,932480f22477dd00,baseline
SP-021:norte:020000:2025-12-18,SP-021:norte:020000,SP-021,norte,20.25,open-meteo:era5_seamless:-23.5:-46.8,2025-12-18,76.49,4.7,65.62,4,trigger,synthetic,synthetic,synthetic,synth-v1.0.0,42,932480f22477dd00,baseline
SP-021:norte:020000:2026-03-14,SP-021:norte:020000,SP-021,norte,20.25,open-meteo:era5_seamless:-23.5:-46.8,2026-03-14,86.58,4.9,65.62,34,trigger,synthetic,synthetic,synthetic,synth-v1.0.0,42,932480f22477dd00,baseline
SP-021:norte:020000:2026-06-05,SP-021:norte:020000,SP-021,norte,20.25,open-meteo:era5_seamless:-23.5:-46.8,2026-06-05,65.84,7.91,65.62,5,trigger,synthetic,synthetic,synthetic,synth-v1.0.0,42,932480f22477dd00,baseline
SP-021:sul:020000:2023-01-27,SP-021:sul:020000,SP-021,sul,20.25,open-meteo:era5_seamless:-23.5:-46.8,2023-01-27,72.99,5.8,55.47,5,trigger,synthetic,synthetic,synthetic,synth-v1.0.0,42,932480f22477dd00,baseline
SP-021:sul:020000:2023-03-03,SP-021:sul:020000,SP-021,sul,20.25,open-meteo:era5_seamless:-23.5:-46.8,2023-03-03,69.92,3.04,55.47,5,trigger,synthetic,synthetic,synthetic,synth-v1.0.0,42,932480f22477dd00,baseline
SP-021:sul:020000:2023-04-24,SP-021:sul:020000,SP-021,sul,20.25,open-meteo:era5_seamless:-23.5:-46.8,2023-04-24,67.5,4.49,55.47,15,trigger,synthetic,synthetic,synthetic,synth-v1.0.0,42,932480f22477dd00,baseline
SP-021:sul:020000:2023-08-30,SP-021:sul:020000,SP-021,sul,20.25,open-meteo:era5_seamless:-23.5:-46.8,2023-08-30,65.9,4.41,55.47,10,trigger,synthetic,synthetic,synthetic,synth-v1.0.0,42,932480f22477dd00,baseline
SP-021:sul:020000:2023-10-19,SP-021:sul:020000,SP-021,sul,20.25,open-meteo:era5_seamless:-23.5:-46.8,2023-10-19,67.66,6.46,55.47,4,trigger,synthetic,synthetic,synthetic,synth-v1.0.0,42,932480f22477dd00,baseline
SP-021:sul:020000:2023-12-01,SP-021:sul:020000,SP-021,sul,20.25,open-meteo:era5_seamless:-23.5:-46.8,2023-12-01,72.9,6.69,55.47,12,trigger,synthetic,synthetic,synthetic,synth-v1.0.0,42,932480f22477dd00,baseline
SP-021:sul:020000:2024-01-09,SP-021:sul:020000,SP-021,sul,20.25,open-meteo:era5_seamless:-23.5:-46.8,2024-01-09,71.58,5.19,55.47,9,trigger,synthetic,synthetic,synthetic,synth-v1.0.0,42,932480f22477dd00,baseline
SP-021:sul:020000:2024-02-22,SP-021:sul:020000,SP-021,sul,20.25,open-meteo:era5_seamless:-23.5:-46.8,2024-02-22,73.28,5.11,55.47,11,trigger,synthetic,synthetic,synthetic,synth-v1.0.0,42,932480f22477dd00,baseline
SP-021:sul:020000:2024-04-01,SP-021:sul:020000,SP-021,sul,20.25,open-meteo:era5_seamless:-23.5:-46.8,2024-04-01,73.14,5.04,55.47,8,trigger,synthetic,synthetic,synthetic,synth-v1.0.0,42,932480f22477dd00,baseline
SP-021:sul:020000:2024-05-08,SP-021:sul:020000,SP-021,sul,20.25,open-meteo:era5_seamless:-23.5:-46.8,2024-05-08,59.52,4.19,55.47,3,trigger,synthetic,synthetic,synthetic,synth-v1.0.0,42,932480f22477dd00,baseline
SP-021:sul:020000:2024-08-18,SP-021:sul:020000,SP-021,sul,20.25,open-meteo:era5_seamless:-23.5:-46.8,2024-08-18,63.86,4.98,55.47,7,trigger,synthetic,synthetic,synthetic,synth-v1.0.0,42,932480f22477dd00,baseline
SP-021:sul:020000:2024-10-10,SP-021:sul:020000,SP-021,sul,20.25,open-meteo:era5_seamless:-23.5:-46.8,2024-10-10,66.01,3.28,55.47,4,trigger,synthetic,synthetic,synthetic,synth-v1.0.0,42,932480f22477dd00,baseline
SP-021:sul:020000:2024-12-06,SP-021:sul:020000,SP-021,sul,20.25,open-meteo:era5_seamless:-23.5:-46.8,2024-12-06,70.71,7.43,55.47,5,trigger,synthetic,synthetic,synthetic,synth-v1.0.0,42,932480f22477dd00,baseline
SP-021:sul:020000:2025-01-09,SP-021:sul:020000,SP-021,sul,20.25,open-meteo:era5_seamless:-23.5:-46.8,2025-01-09,67.02,3.31,55.47,4,trigger,synthetic,synthetic,synthetic,synth-v1.0.0,42,932480f22477dd00,baseline
SP-021:sul:020000:2025-02-18,SP-021:sul:020000,SP-021,sul,20.25,open-meteo:era5_seamless:-23.5:-46.8,2025-02-18,73.46,5.63,55.47,9,trigger,synthetic,synthetic,synthetic,synth-v1.0.0,42,932480f22477dd00,baseline
SP-021:sul:020000:2025-03-18,SP-021:sul:020000,SP-021,sul,20.25,open-meteo:era5_seamless:-23.5:-46.8,2025-03-18,57.51,3.08,55.47,2,trigger,synthetic,synthetic,synthetic,synth-v1.0.0,42,932480f22477dd00,baseline
SP-021:sul:020000:2025-05-15,SP-021:sul:020000,SP-021,sul,20.25,open-meteo:era5_seamless:-23.5:-46.8,2025-05-15,60.56,5.13,55.47,4,trigger,synthetic,synthetic,synthetic,synth-v1.0.0,42,932480f22477dd00,baseline
SP-021:sul:020000:2025-09-26,SP-021:sul:020000,SP-021,sul,20.25,open-meteo:era5_seamless:-23.5:-46.8,2025-09-26,62.22,3.39,55.47,5,trigger,synthetic,synthetic,synthetic,synth-v1.0.0,42,932480f22477dd00,baseline
SP-021:sul:020000:2025-11-28,SP-021:sul:020000,SP-021,sul,20.25,open-meteo:era5_seamless:-23.5:-46.8,2025-11-28,58.41,3.69,55.47,5,proactive,synthetic,synthetic,synthetic,synth-v1.0.0,42,932480f22477dd00,baseline
SP-021:sul:020000:2026-01-11,SP-021:sul:020000,SP-021,sul,20.25,open-meteo:era5_seamless:-23.5:-46.8,2026-01-11,72.73,5.4,55.47,7,trigger,synthetic,synthetic,synthetic,synth-v1.0.0,42,932480f22477dd00,baseline
SP-021:sul:020000:2026-02-12,SP-021:sul:020000,SP-021,sul,20.25,open-meteo:era5_seamless:-23.5:-46.8,2026-02-12,52.28,6.32,55.47,4,proactive,synthetic,synthetic,synthetic,synth-v1.0.0,42,932480f22477dd00,baseline
SP-021:sul:020000:2026-03-24,SP-021:sul:020000,SP-021,sul,20.25,open-meteo:era5_seamless:-23.5:-46.8,2026-03-24,69.17,4.94,55.47,2,trigger,synthetic,synthetic,synthetic,synth-v1.0.0,42,932480f22477dd00,baseline
SP-021:sul:020000:2026-05-09,SP-021:sul:020000,SP-021,sul,20.25,open-meteo:era5_seamless:-23.5:-46.8,2026-05-09,63.17,6.34,55.47,6,trigger,synthetic,synthetic,synthetic,synth-v1.0.0,42,932480f22477dd00,baseline
SP-021:sul:020000:2026-09-01,SP-021:sul:020000,SP-021,sul,20.25,open-meteo:era5_seamless:-23.5:-46.8,2026-09-01,60.95,4.64,55.47,12,trigger,synthetic,synthetic,synthetic,synth-v1.0.0,42,932480f22477dd00,baseline
SP-021:norte:020500:2023-02-05,SP-021:norte:020500,SP-021,norte,20.75,open-meteo:era5_seamless:-23.5:-46.8,2023-02-05,84.2,3.84,48.26,14,trigger,synthetic,synthetic,synthetic,synth-v1.0.0,42,932480f22477dd00,baseline
SP-021:norte:020500:2023-03-12,SP-021:norte:020500,SP-021,norte,20.75,open-meteo:era5_seamless:-23.5:-46.8,2023-03-12,64.71,6.02,48.26,7,trigger,synthetic,synthetic,synthetic,synth-v1.0.0,42,932480f22477dd00,baseline
SP-021:norte:020500:2023-04-23,SP-021:norte:020500,SP-021,norte,20.75,open-meteo:era5_seamless:-23.5:-46.8,2023-04-23,59.69,7.49,48.26,7,trigger,synthetic,synthetic,synthetic,synth-v1.0.0,42,932480f22477dd00,baseline
SP-021:norte:020500:2023-08-03,SP-021:norte:020500,SP-021,norte,20.75,open-meteo:era5_seamless:-23.5:-46.8,2023-08-03,53.57,3.08,48.26,4,trigger,synthetic,synthetic,synthetic,synth-v1.0.0,42,932480f22477dd00,baseline
SP-021:norte:020500:2023-10-02,SP-021:norte:020500,SP-021,norte,20.75,open-meteo:era5_seamless:-23.5:-46.8,2023-10-02,70.56,5.87,48.26,8,trigger,synthetic,synthetic,synthetic,synth-v1.0.0,42,932480f22477dd00,baseline
SP-021:norte:020500:2023-12-01,SP-021:norte:020500,SP-021,norte,20.75,open-meteo:era5_seamless:-23.5:-46.8,2023-12-01,83.89,4.79,48.26,5,trigger,synthetic,synthetic,synthetic,synth-v1.0.0,42,932480f22477dd00,baseline
SP-021:norte:020500:2024-01-02,SP-021:norte:020500,SP-021,norte,20.75,open-meteo:era5_seamless:-23.5:-46.8,2024-01-02,59.93,5.86,48.26,2,trigger,synthetic,synthetic,synthetic,synth-v1.0.0,42,932480f22477dd00,baseline
SP-021:norte:020500:2024-02-17,SP-021:norte:020500,SP-021,norte,20.75,open-meteo:era5_seamless:-23.5:-46.8,2024-02-17,81.45,5.34,48.26,6,trigger,synthetic,synthetic,synthetic,synth-v1.0.0,42,932480f22477dd00,baseline
SP-021:norte:020500:2024-04-04,SP-021:norte:020500,SP-021,norte,20.75,open-meteo:era5_seamless:-23.5:-46.8,2024-04-04,83.67,5.52,48.26,18,trigger,synthetic,synthetic,synthetic,synth-v1.0.0,42,932480f22477dd00,baseline
SP-021:norte:020500:2024-05-21,SP-021:norte:020500,SP-021,norte,20.75,open-meteo:era5_seamless:-23.5:-46.8,2024-05-21,75.9,4.5,48.26,9,trigger,synthetic,synthetic,synthetic,synth-v1.0.0,42,932480f22477dd00,baseline
SP-021:norte:020500:2024-08-25,SP-021:norte:020500,SP-021,norte,20.75,open-meteo:era5_seamless:-23.5:-46.8,2024-08-25,57.47,5.15,48.26,7,proactive,synthetic,synthetic,synthetic,synth-v1.0.0,42,932480f22477dd00,baseline
SP-021:norte:020500:2024-10-11,SP-021:norte:020500,SP-021,norte,20.75,open-meteo:era5_seamless:-23.5:-46.8,2024-10-11,67.03,7.35,48.26,12,trigger,synthetic,synthetic,synthetic,synth-v1.0.0,42,932480f22477dd00,baseline
SP-021:norte:020500:2024-11-25,SP-021:norte:020500,SP-021,norte,20.75,open-meteo:era5_seamless:-23.5:-46.8,2024-11-25,64.54,4.67,48.26,8,trigger,synthetic,synthetic,synthetic,synth-v1.0.0,42,932480f22477dd00,baseline
SP-021:norte:020500:2025-01-07,SP-021:norte:020500,SP-021,norte,20.75,open-meteo:era5_seamless:-23.5:-46.8,2025-01-07,73.02,7.15,48.26,9,trigger,synthetic,synthetic,synthetic,synth-v1.0.0,42,932480f22477dd00,baseline
SP-021:norte:020500:2025-01-30,SP-021:norte:020500,SP-021,norte,20.75,open-meteo:era5_seamless:-23.5:-46.8,2025-01-30,48.67,5.91,48.26,4,proactive,synthetic,synthetic,synthetic,synth-v1.0.0,42,932480f22477dd00,baseline
SP-021:norte:020500:2025-03-10,SP-021:norte:020500,SP-021,norte,20.75,open-meteo:era5_seamless:-23.5:-46.8,2025-03-10,83.33,5.34,48.26,8,trigger,synthetic,synthetic,synthetic,synth-v1.0.0,42,932480f22477dd00,baseline
SP-021:norte:020500:2025-04-18,SP-021:norte:020500,SP-021,norte,20.75,open-meteo:era5_seamless:-23.5:-46.8,2025-04-18,54.85,5.74,48.26,5,trigger,synthetic,synthetic,synthetic,synth-v1.0.0,42,932480f22477dd00,baseline
SP-021:norte:020500:2025-08-08,SP-021:norte:020500,SP-021,norte,20.75,open-meteo:era5_seamless:-23.5:-46.8,2025-08-08,49.65,6.54,48.26,5,trigger,synthetic,synthetic,synthetic,synth-v1.0.0,42,932480f22477dd00,baseline
SP-021:norte:020500:2025-10-26,SP-021:norte:020500,SP-021,norte,20.75,open-meteo:era5_seamless:-23.5:-46.8,2025-10-26,74.44,6.87,48.26,21,trigger,synthetic,synthetic,synthetic,synth-v1.0.0,42,932480f22477dd00,baseline
SP-021:norte:020500:2025-12-14,SP-021:norte:020500,SP-021,norte,20.75,open-meteo:era5_seamless:-23.5:-46.8,2025-12-14,64.82,3.43,48.26,7,trigger,synthetic,synthetic,synthetic,synth-v1.0.0,42,932480f22477dd00,baseline
SP-021:norte:020500:2026-01-20,SP-021:norte:020500,SP-021,norte,20.75,open-meteo:era5_seamless:-23.5:-46.8,2026-01-20,66.7,5.68,48.26,9,trigger,synthetic,synthetic,synthetic,synth-v1.0.0,42,932480f22477dd00,baseline
SP-021:norte:020500:2026-02-19,SP-021:norte:020500,SP-021,norte,20.75,open-meteo:era5_seamless:-23.5:-46.8,2026-02-19,60.93,4.04,48.26,4,trigger,synthetic,synthetic,synthetic,synth-v1.0.0,42,932480f22477dd00,baseline
SP-021:norte:020500:2026-04-04,SP-021:norte:020500,SP-021,norte,20.75,open-meteo:era5_seamless:-23.5:-46.8,2026-04-04,71.11,3.96,48.26,6,trigger,synthetic,synthetic,synthetic,synth-v1.0.0,42,932480f22477dd00,baseline
SP-021:norte:020500:2026-06-03,SP-021:norte:020500,SP-021,norte,20.75,open-meteo:era5_seamless:-23.5:-46.8,2026-06-03,49.33,7.66,48.26,3,trigger,synthetic,synthetic,synthetic,synth-v1.0.0,42,932480f22477dd00,baseline
SP-021:norte:020500:2026-09-01,SP-021:norte:020500,SP-021,norte,20.75,open-meteo:era5_seamless:-23.5:-46.8,2026-09-01,57.57,7.44,48.26,4,trigger,synthetic,synthetic,synthetic,synth-v1.0.0,42,932480f22477dd00,baseline
SP-021:sul:020500:2023-02-18,SP-021:sul:020500,SP-021,sul,20.75,open-meteo:era5_seamless:-23.5:-46.8,2023-02-18,58.65,3.43,53.19,6,trigger,synthetic,synthetic,synthetic,synth-v1.0.0,42,932480f22477dd00,baseline
SP-021:sul:020500:2023-05-19,SP-021:sul:020500,SP-021,sul,20.75,open-meteo:era5_seamless:-23.5:-46.8,2023-05-19,56.01,4.91,53.19,12,trigger,synthetic,synthetic,synthetic,synth-v1.0.0,42,932480f22477dd00,baseline
SP-021:sul:020500:2023-10-25,SP-021:sul:020500,SP-021,sul,20.75,open-meteo:era5_seamless:-23.5:-46.8,2023-10-25,59.27,6.78,53.19,3,trigger,synthetic,synthetic,synthetic,synth-v1.0.0,42,932480f22477dd00,baseline
SP-021:sul:020500:2024-01-08,SP-021:sul:020500,SP-021,sul,20.75,open-meteo:era5_seamless:-23.5:-46.8,2024-01-08,62.52,7.27,53.19,15,trigger,synthetic,synthetic,synthetic,synth-v1.0.0,42,932480f22477dd00,baseline
SP-021:sul:020500:2024-03-14,SP-021:sul:020500,SP-021,sul,20.75,open-meteo:era5_seamless:-23.5:-46.8,2024-03-14,63.0,7.48,53.19,11,trigger,synthetic,synthetic,synthetic,synth-v1.0.0,42,932480f22477dd00,baseline
SP-021:sul:020500:2024-05-19,SP-021:sul:020500,SP-021,sul,20.75,open-meteo:era5_seamless:-23.5:-46.8,2024-05-19,58.81,7.61,53.19,7,trigger,synthetic,synthetic,synthetic,synth-v1.0.0,42,932480f22477dd00,baseline
SP-021:sul:020500:2024-09-30,SP-021:sul:020500,SP-021,sul,20.75,open-meteo:era5_seamless:-23.5:-46.8,2024-09-30,57.61,6.3,53.19,8,trigger,synthetic,synthetic,synthetic,synth-v1.0.0,42,932480f22477dd00,baseline
SP-021:sul:020500:2024-12-22,SP-021:sul:020500,SP-021,sul,20.75,open-meteo:era5_seamless:-23.5:-46.8,2024-12-22,59.27,5.06,53.19,7,trigger,synthetic,synthetic,synthetic,synth-v1.0.0,42,932480f22477dd00,baseline
SP-021:sul:020500:2025-03-04,SP-021:sul:020500,SP-021,sul,20.75,open-meteo:era5_seamless:-23.5:-46.8,2025-03-04,64.21,6.17,53.19,16,trigger,synthetic,synthetic,synthetic,synth-v1.0.0,42,932480f22477dd00,baseline
SP-021:sul:020500:2025-04-22,SP-021:sul:020500,SP-021,sul,20.75,open-meteo:era5_seamless:-23.5:-46.8,2025-04-22,37.9,6.45,53.19,9,proactive,synthetic,synthetic,synthetic,synth-v1.0.0,42,932480f22477dd00,baseline
SP-021:sul:020500:2025-10-19,SP-021:sul:020500,SP-021,sul,20.75,open-meteo:era5_seamless:-23.5:-46.8,2025-10-19,54.43,4.19,53.19,7,proactive,synthetic,synthetic,synthetic,synth-v1.0.0,42,932480f22477dd00,baseline
SP-021:sul:020500:2026-01-13,SP-021:sul:020500,SP-021,sul,20.75,open-meteo:era5_seamless:-23.5:-46.8,2026-01-13,58.57,7.34,53.19,2,trigger,synthetic,synthetic,synthetic,synth-v1.0.0,42,932480f22477dd00,baseline
SP-021:sul:020500:2026-03-18,SP-021:sul:020500,SP-021,sul,20.75,open-meteo:era5_seamless:-23.5:-46.8,2026-03-18,57.99,4.16,53.19,3,trigger,synthetic,synthetic,synthetic,synth-v1.0.0,42,932480f22477dd00,baseline
SP-021:sul:020500:2026-06-13,SP-021:sul:020500,SP-021,sul,20.75,open-meteo:era5_seamless:-23.5:-46.8,2026-06-13,38.68,5.94,53.19,13,proactive,synthetic,synthetic,synthetic,synth-v1.0.0,42,932480f22477dd00,baseline
SP-021:norte:021000:2023-02-26,SP-021:norte:021000,SP-021,norte,21.25,open-meteo:era5_seamless:-23.6:-46.8,2023-02-26,56.38,7.54,38.62,21,trigger,synthetic,synthetic,synthetic,synth-v1.0.0,42,932480f22477dd00,baseline
SP-021:norte:021000:2023-03-30,SP-021:norte:021000,SP-021,norte,21.25,open-meteo:era5_seamless:-23.6:-46.8,2023-03-30,48.27,5.89,38.62,4,trigger,synthetic,synthetic,synthetic,synth-v1.0.0,42,932480f22477dd00,baseline
SP-021:norte:021000:2023-06-10,SP-021:norte:021000,SP-021,norte,21.25,open-meteo:era5_seamless:-23.6:-46.8,2023-06-10,42.26,6.74,38.62,13,trigger,synthetic,synthetic,synthetic,synth-v1.0.0,42,932480f22477dd00,baseline
SP-021:norte:021000:2023-09-07,SP-021:norte:021000,SP-021,norte,21.25,open-meteo:era5_seamless:-23.6:-46.8,2023-09-07,42.62,7.6,38.62,4,trigger,synthetic,synthetic,synthetic,synth-v1.0.0,42,932480f22477dd00,baseline
SP-021:norte:021000:2023-10-20,SP-021:norte:021000,SP-021,norte,21.25,open-meteo:era5_seamless:-23.6:-46.8,2023-10-20,44.65,4.84,38.62,5,trigger,synthetic,synthetic,synthetic,synth-v1.0.0,42,932480f22477dd00,baseline
SP-021:norte:021000:2023-12-01,SP-021:norte:021000,SP-021,norte,21.25,open-meteo:era5_seamless:-23.6:-46.8,2023-12-01,43.94,6.77,38.62,12,proactive,synthetic,synthetic,synthetic,synth-v1.0.0,42,932480f22477dd00,baseline
SP-021:norte:021000:2024-01-11,SP-021:norte:021000,SP-021,norte,21.25,open-meteo:era5_seamless:-23.6:-46.8,2024-01-11,47.19,3.31,38.62,4,trigger,synthetic,synthetic,synthetic,synth-v1.0.0,42,932480f22477dd00,baseline
SP-021:norte:021000:2024-03-04,SP-021:norte:021000,SP-021,norte,21.25,open-meteo:era5_seamless:-23.6:-46.8,2024-03-04,54.18,5.61,38.62,15,trigger,synthetic,synthetic,synthetic,synth-v1.0.0,42,932480f22477dd00,baseline
SP-021:norte:021000:2024-04-03,SP-021:norte:021000,SP-021,norte,21.25,open-meteo:era5_seamless:-23.6:-46.8,2024-04-03,41.98,5.06,38.62,3,trigger,synthetic,synthetic,synthetic,synth-v1.0.0,42,932480f22477dd00,baseline
SP-021:norte:021000:2024-05-18,SP-021:norte:021000,SP-021,norte,21.25,open-meteo:era5_seamless:-23.6:-46.8,2024-05-18,49.09,3.5,38.62,6,trigger,synthetic,synthetic,synthetic,synth-v1.0.0,42,932480f22477dd00,baseline
SP-021:norte:021000:2024-08-27,SP-021:norte:021000,SP-021,norte,21.25,open-meteo:era5_seamless:-23.6:-46.8,2024-08-27,43.31,5.96,38.62,2,trigger,synthetic,synthetic,synthetic,synth-v1.0.0,42,932480f22477dd00,baseline
SP-021:norte:021000:2024-10-26,SP-021:norte:021000,SP-021,norte,21.25,open-meteo:era5_seamless:-23.6:-46.8,2024-10-26,49.7,7.79,38.62,13,trigger,synthetic,synthetic,synthetic,synth-v1.0.0,42,932480f22477dd00,baseline
SP-021:norte:021000:2024-12-27,SP-021:norte:021000,SP-021,norte,21.25,open-meteo:era5_seamless:-23.6:-46.8,2024-12-27,56.38,7.07,38.62,26,trigger,synthetic,synthetic,synthetic,synth-v1.0.0,42,932480f22477dd00,baseline
SP-021:norte:021000:2025-01-31,SP-021:norte:021000,SP-021,norte,21.25,open-meteo:era5_seamless:-23.6:-46.8,2025-01-31,49.48,6.22,38.62,5,trigger,synthetic,synthetic,synthetic,synth-v1.0.0,42,932480f22477dd00,baseline
SP-021:norte:021000:2025-02-28,SP-021:norte:021000,SP-021,norte,21.25,open-meteo:era5_seamless:-23.6:-46.8,2025-02-28,49.02,5.57,38.62,5,trigger,synthetic,synthetic,synthetic,synth-v1.0.0,42,932480f22477dd00,baseline
SP-021:norte:021000:2025-04-25,SP-021:norte:021000,SP-021,norte,21.25,open-meteo:era5_seamless:-23.6:-46.8,2025-04-25,52.68,3.07,38.62,19,trigger,synthetic,synthetic,synthetic,synth-v1.0.0,42,932480f22477dd00,baseline
SP-021:norte:021000:2025-09-09,SP-021:norte:021000,SP-021,norte,21.25,open-meteo:era5_seamless:-23.6:-46.8,2025-09-09,45.46,4.46,38.62,9,trigger,synthetic,synthetic,synthetic,synth-v1.0.0,42,932480f22477dd00,baseline
SP-021:norte:021000:2025-11-27,SP-021:norte:021000,SP-021,norte,21.25,open-meteo:era5_seamless:-23.6:-46.8,2025-11-27,47.39,7.13,38.62,4,trigger,synthetic,synthetic,synthetic,synth-v1.0.0,42,932480f22477dd00,baseline
SP-021:norte:021000:2025-12-30,SP-021:norte:021000,SP-021,norte,21.25,open-meteo:era5_seamless:-23.6:-46.8,2025-12-30,42.67,3.54,38.62,2,trigger,synthetic,synthetic,synthetic,synth-v1.0.0,42,932480f22477dd00,baseline
SP-021:norte:021000:2026-02-12,SP-021:norte:021000,SP-021,norte,21.25,open-meteo:era5_seamless:-23.6:-46.8,2026-02-12,42.62,6.47,38.62,4,trigger,synthetic,synthetic,synthetic,synth-v1.0.0,42,932480f22477dd00,baseline
SP-021:norte:021000:2026-04-05,SP-021:norte:021000,SP-021,norte,21.25,open-meteo:era5_seamless:-23.6:-46.8,2026-04-05,55.37,7.02,38.62,14,trigger,synthetic,synthetic,synthetic,synth-v1.0.0,42,932480f22477dd00,baseline
SP-021:norte:021000:2026-06-06,SP-021:norte:021000,SP-021,norte,21.25,open-meteo:era5_seamless:-23.6:-46.8,2026-06-06,44.26,6.73,38.62,13,trigger,synthetic,synthetic,synthetic,synth-v1.0.0,42,932480f22477dd00,baseline
SP-021:norte:021000:2026-09-01,SP-021:norte:021000,SP-021,norte,21.25,open-meteo:era5_seamless:-23.6:-46.8,2026-09-01,43.3,5.6,38.62,10,trigger,synthetic,synthetic,synthetic,synth-v1.0.0,42,932480f22477dd00,baseline
SP-021:sul:021000:2023-02-26,SP-021:sul:021000,SP-021,sul,21.25,open-meteo:era5_seamless:-23.6:-46.8,2023-02-26,66.55,7.93,32.11,7,trigger,synthetic,synthetic,synthetic,synth-v1.0.0,42,932480f22477dd00,baseline
SP-021:sul:021000:2023-04-03,SP-021:sul:021000,SP-021,sul,21.25,open-meteo:era5_seamless:-23.6:-46.8,2023-04-03,48.31,6.5,32.11,8,trigger,synthetic,synthetic,synthetic,synth-v1.0.0,42,932480f22477dd00,baseline
SP-021:sul:021000:2023-06-23,SP-021:sul:021000,SP-021,sul,21.25,open-meteo:era5_seamless:-23.6:-46.8,2023-06-23,34.42,7.28,32.11,12,trigger,synthetic,synthetic,synthetic,synth-v1.0.0,42,932480f22477dd00,baseline
SP-021:sul:021000:2023-09-16,SP-021:sul:021000,SP-021,sul,21.25,open-meteo:era5_seamless:-23.6:-46.8,2023-09-16,45.95,4.63,32.11,6,trigger,synthetic,synthetic,synthetic,synth-v1.0.0,42,932480f22477dd00,baseline
SP-021:sul:021000:2023-11-17,SP-021:sul:021000,SP-021,sul,21.25,open-meteo:era5_seamless:-23.6:-46.8,2023-11-17,55.74,4.54,32.11,12,trigger,synthetic,synthetic,synthetic,synth-v1.0.0,42,932480f22477dd00,baseline
SP-021:sul:021000:2024-01-03,SP-021:sul:021000,SP-021,sul,21.25,open-meteo:era5_seamless:-23.6:-46.8,2024-01-03,38.92,4.35,32.11,3,trigger,synthetic,synthetic,synthetic,synth-v1.0.0,42,932480f22477dd00,baseline
SP-021:sul:021000:2024-02-23,SP-021:sul:021000,SP-021,sul,21.25,open-meteo:era5_seamless:-23.6:-46.8,2024-02-23,52.74,6.46,32.11,5,trigger,synthetic,synthetic,synthetic,synth-v1.0.0,42,932480f22477dd00,baseline
SP-021:sul:021000:2024-03-30,SP-021:sul:021000,SP-021,sul,21.25,open-meteo:era5_seamless:-23.6:-46.8,2024-03-30,45.84,7.86,32.11,6,trigger,synthetic,synthetic,synthetic,synth-v1.0.0,42,932480f22477dd00,baseline
SP-021:sul:021000:2024-05-15,SP-021:sul:021000,SP-021,sul,21.25,open-meteo:era5_seamless:-23.6:-46.8,2024-05-15,57.73,6.84,32.11,10,trigger,synthetic,synthetic,synthetic,synth-v1.0.0,42,932480f22477dd00,baseline
SP-021:sul:021000:2024-08-06,SP-021:sul:021000,SP-021,sul,21.25,open-meteo:era5_seamless:-23.6:-46.8,2024-08-06,35.61,4.07,32.11,2,trigger,synthetic,synthetic,synthetic,synth-v1.0.0,42,932480f22477dd00,baseline
SP-021:sul:021000:2024-10-16,SP-021:sul:021000,SP-021,sul,21.25,open-meteo:era5_seamless:-23.6:-46.8,2024-10-16,41.1,3.46,32.11,3,trigger,synthetic,synthetic,synthetic,synth-v1.0.0,42,932480f22477dd00,baseline
SP-021:sul:021000:2024-12-21,SP-021:sul:021000,SP-021,sul,21.25,open-meteo:era5_seamless:-23.6:-46.8,2024-12-21,52.76,5.64,32.11,13,trigger,synthetic,synthetic,synthetic,synth-v1.0.0,42,932480f22477dd00,baseline
SP-021:sul:021000:2025-02-11,SP-021:sul:021000,SP-021,sul,21.25,open-meteo:era5_seamless:-23.6:-46.8,2025-02-11,70.07,4.13,32.11,9,trigger,synthetic,synthetic,synthetic,synth-v1.0.0,42,932480f22477dd00,baseline
SP-021:sul:021000:2025-04-01,SP-021:sul:021000,SP-021,sul,21.25,open-meteo:era5_seamless:-23.6:-46.8,2025-04-01,51.34,4.65,32.11,9,trigger,synthetic,synthetic,synthetic,synth-v1.0.0,42,932480f22477dd00,baseline
SP-021:sul:021000:2025-06-25,SP-021:sul:021000,SP-021,sul,21.25,open-meteo:era5_seamless:-23.6:-46.8,2025-06-25,40.27,4.36,32.11,17,trigger,synthetic,synthetic,synthetic,synth-v1.0.0,42,932480f22477dd00,baseline
SP-021:sul:021000:2025-10-30,SP-021:sul:021000,SP-021,sul,21.25,open-meteo:era5_seamless:-23.6:-46.8,2025-10-30,42.71,7.43,32.11,11,trigger,synthetic,synthetic,synthetic,synth-v1.0.0,42,932480f22477dd00,baseline
SP-021:sul:021000:2025-12-21,SP-021:sul:021000,SP-021,sul,21.25,open-meteo:era5_seamless:-23.6:-46.8,2025-12-21,46.66,5.63,32.11,7,trigger,synthetic,synthetic,synthetic,synth-v1.0.0,42,932480f22477dd00,baseline
SP-021:sul:021000:2026-02-01,SP-021:sul:021000,SP-021,sul,21.25,open-meteo:era5_seamless:-23.6:-46.8,2026-02-01,43.6,7.43,32.11,7,trigger,synthetic,synthetic,synthetic,synth-v1.0.0,42,932480f22477dd00,baseline
SP-021:sul:021000:2026-03-04,SP-021:sul:021000,SP-021,sul,21.25,open-meteo:era5_seamless:-23.6:-46.8,2026-03-04,35.72,5.56,32.11,3,trigger,synthetic,synthetic,synthetic,synth-v1.0.0,42,932480f22477dd00,baseline
SP-021:sul:021000:2026-04-15,SP-021:sul:021000,SP-021,sul,21.25,open-meteo:era5_seamless:-23.6:-46.8,2026-04-15,41.94,5.03,32.11,3,trigger,synthetic,synthetic,synthetic,synth-v1.0.0,42,932480f22477dd00,baseline
SP-021:sul:021000:2026-08-11,SP-021:sul:021000,SP-021,sul,21.25,open-meteo:era5_seamless:-23.6:-46.8,2026-08-11,47.68,4.77,32.11,9,trigger,synthetic,synthetic,synthetic,synth-v1.0.0,42,932480f22477dd00,baseline
SP-021:norte:021500:2023-01-21,SP-021:norte:021500,SP-021,norte,21.75,open-meteo:era5_seamless:-23.6:-46.8,2023-01-21,84.56,3.97,46.87,6,trigger,synthetic,synthetic,synthetic,synth-v1.0.0,42,932480f22477dd00,baseline
SP-021:norte:021500:2023-03-06,SP-021:norte:021500,SP-021,norte,21.75,open-meteo:era5_seamless:-23.6:-46.8,2023-03-06,96.53,4.84,46.87,8,trigger,synthetic,synthetic,synthetic,synth-v1.0.0,42,932480f22477dd00,baseline
SP-021:norte:021500:2023-04-11,SP-021:norte:021500,SP-021,norte,21.75,open-meteo:era5_seamless:-23.6:-46.8,2023-04-11,78.92,5.44,46.87,9,trigger,synthetic,synthetic,synthetic,synth-v1.0.0,42,932480f22477dd00,baseline
SP-021:norte:021500:2023-06-02,SP-021:norte:021500,SP-021,norte,21.75,open-meteo:era5_seamless:-23.6:-46.8,2023-06-02,53.74,5.41,46.87,5,trigger,synthetic,synthetic,synthetic,synth-v1.0.0,42,932480f22477dd00,baseline
SP-021:norte:021500:2023-08-24,SP-021:norte:021500,SP-021,norte,21.75,open-meteo:era5_seamless:-23.6:-46.8,2023-08-24,67.16,4.83,46.87,4,trigger,synthetic,synthetic,synthetic,synth-v1.0.0,42,932480f22477dd00,baseline
SP-021:norte:021500:2023-10-10,SP-021:norte:021500,SP-021,norte,21.75,open-meteo:era5_seamless:-23.6:-46.8,2023-10-10,77.8,6.02,46.87,9,trigger,synthetic,synthetic,synthetic,synth-v1.0.0,42,932480f22477dd00,baseline
SP-021:norte:021500:2023-11-17,SP-021:norte:021500,SP-021,norte,21.75,open-meteo:era5_seamless:-23.6:-46.8,2023-11-17,77.99,3.56,46.87,5,trigger,synthetic,synthetic,synthetic,synth-v1.0.0,42,932480f22477dd00,baseline
SP-021:norte:021500:2023-12-26,SP-021:norte:021500,SP-021,norte,21.75,open-meteo:era5_seamless:-23.6:-46.8,2023-12-26,74.06,3.11,46.87,9,trigger,synthetic,synthetic,synthetic,synth-v1.0.0,42,932480f22477dd00,baseline
SP-021:norte:021500:2024-02-01,SP-021:norte:021500,SP-021,norte,21.75,open-meteo:era5_seamless:-23.6:-46.8,2024-02-01,62.75,5.28,46.87,4,trigger,synthetic,synthetic,synthetic,synth-v1.0.0,42,932480f22477dd00,baseline
SP-021:norte:021500:2024-03-02,SP-021:norte:021500,SP-021,norte,21.75,open-meteo:era5_seamless:-23.6:-46.8,2024-03-02,80.74,3.28,46.87,6,trigger,synthetic,synthetic,synthetic,synth-v1.0.0,42,932480f22477dd00,baseline
SP-021:norte:021500:2024-04-07,SP-021:norte:021500,SP-021,norte,21.75,open-meteo:era5_seamless:-23.6:-46.8,2024-04-07,85.1,6.29,46.87,7,trigger,synthetic,synthetic,synthetic,synth-v1.0.0,42,932480f22477dd00,baseline
SP-021:norte:021500:2024-05-09,SP-021:norte:021500,SP-021,norte,21.75,open-meteo:era5_seamless:-23.6:-46.8,2024-05-09,75.48,7.19,46.87,4,trigger,synthetic,synthetic,synthetic,synth-v1.0.0,42,932480f22477dd00,baseline
SP-021:norte:021500:2024-07-01,SP-021:norte:021500,SP-021,norte,21.75,open-meteo:era5_seamless:-23.6:-46.8,2024-07-01,70.89,6.88,46.87,8,trigger,synthetic,synthetic,synthetic,synth-v1.0.0,42,932480f22477dd00,baseline
SP-021:norte:021500:2024-08-29,SP-021:norte:021500,SP-021,norte,21.75,open-meteo:era5_seamless:-23.6:-46.8,2024-08-29,53.77,6.38,46.87,4,trigger,synthetic,synthetic,synthetic,synth-v1.0.0,42,932480f22477dd00,baseline
SP-021:norte:021500:2024-10-01,SP-021:norte:021500,SP-021,norte,21.75,open-meteo:era5_seamless:-23.6:-46.8,2024-10-01,57.53,6.09,46.87,2,trigger,synthetic,synthetic,synthetic,synth-v1.0.0,42,932480f22477dd00,baseline
SP-021:norte:021500:2024-11-10,SP-021:norte:021500,SP-021,norte,21.75,open-meteo:era5_seamless:-23.6:-46.8,2024-11-10,67.31,7.47,46.87,7,trigger,synthetic,synthetic,synthetic,synth-v1.0.0,42,932480f22477dd00,baseline
SP-021:norte:021500:2024-12-20,SP-021:norte:021500,SP-021,norte,21.75,open-meteo:era5_seamless:-23.6:-46.8,2024-12-20,91.13,3.75,46.87,12,trigger,synthetic,synthetic,synthetic,synth-v1.0.0,42,932480f22477dd00,baseline
SP-021:norte:021500:2025-01-28,SP-021:norte:021500,SP-021,norte,21.75,open-meteo:era5_seamless:-23.6:-46.8,2025-01-28,87.89,5.27,46.87,9,trigger,synthetic,synthetic,synthetic,synth-v1.0.0,42,932480f22477dd00,baseline
SP-021:norte:021500:2025-02-28,SP-021:norte:021500,SP-021,norte,21.75,open-meteo:era5_seamless:-23.6:-46.8,2025-02-28,85.11,5.08,46.87,5,trigger,synthetic,synthetic,synthetic,synth-v1.0.0,42,932480f22477dd00,baseline
SP-021:norte:021500:2025-04-08,SP-021:norte:021500,SP-021,norte,21.75,open-meteo:era5_seamless:-23.6:-46.8,2025-04-08,78.84,5.83,46.87,9,trigger,synthetic,synthetic,synthetic,synth-v1.0.0,42,932480f22477dd00,baseline
SP-021:norte:021500:2025-05-19,SP-021:norte:021500,SP-021,norte,21.75,open-meteo:era5_seamless:-23.6:-46.8,2025-05-19,57.58,7.93,46.87,8,trigger,synthetic,synthetic,synthetic,synth-v1.0.0,42,932480f22477dd00,baseline
SP-021:norte:021500:2025-09-01,SP-021:norte:021500,SP-021,norte,21.75,open-meteo:era5_seamless:-23.6:-46.8,2025-09-01,70.88,7.63,46.87,8,trigger,synthetic,synthetic,synthetic,synth-v1.0.0,42,932480f22477dd00,baseline
SP-021:norte:021500:2025-10-18,SP-021:norte:021500,SP-021,norte,21.75,open-meteo:era5_seamless:-23.6:-46.8,2025-10-18,65.46,4.75,46.87,6,trigger,synthetic,synthetic,synthetic,synth-v1.0.0,42,932480f22477dd00,baseline
SP-021:norte:021500:2025-12-09,SP-021:norte:021500,SP-021,norte,21.75,open-meteo:era5_seamless:-23.6:-46.8,2025-12-09,78.66,5.94,46.87,9,trigger,synthetic,synthetic,synthetic,synth-v1.0.0,42,932480f22477dd00,baseline
SP-021:norte:021500:2026-01-14,SP-021:norte:021500,SP-021,norte,21.75,open-meteo:era5_seamless:-23.6:-46.8,2026-01-14,87.28,7.4,46.87,10,trigger,synthetic,synthetic,synthetic,synth-v1.0.0,42,932480f22477dd00,baseline
SP-021:norte:021500:2026-02-12,SP-021:norte:021500,SP-021,norte,21.75,open-meteo:era5_seamless:-23.6:-46.8,2026-02-12,66.28,7.38,46.87,4,trigger,synthetic,synthetic,synthetic,synth-v1.0.0,42,932480f22477dd00,baseline
SP-021:norte:021500:2026-03-23,SP-021:norte:021500,SP-021,norte,21.75,open-meteo:era5_seamless:-23.6:-46.8,2026-03-23,94.07,7.66,46.87,15,trigger,synthetic,synthetic,synthetic,synth-v1.0.0,42,932480f22477dd00,baseline
SP-021:norte:021500:2026-04-23,SP-021:norte:021500,SP-021,norte,21.75,open-meteo:era5_seamless:-23.6:-46.8,2026-04-23,64.65,3.31,46.87,4,trigger,synthetic,synthetic,synthetic,synth-v1.0.0,42,932480f22477dd00,baseline
SP-021:norte:021500:2026-07-18,SP-021:norte:021500,SP-021,norte,21.75,open-meteo:era5_seamless:-23.6:-46.8,2026-07-18,49.99,5.76,46.87,6,trigger,synthetic,synthetic,synthetic,synth-v1.0.0,42,932480f22477dd00,baseline
SP-021:norte:021500:2026-09-01,SP-021:norte:021500,SP-021,norte,21.75,open-meteo:era5_seamless:-23.6:-46.8,2026-09-01,50.45,4.96,46.87,12,trigger,synthetic,synthetic,synthetic,synth-v1.0.0,42,932480f22477dd00,baseline
SP-021:sul:021500:2023-01-22,SP-021:sul:021500,SP-021,sul,21.75,open-meteo:era5_seamless:-23.6:-46.8,2023-01-22,89.4,7.71,40.71,7,trigger,synthetic,synthetic,synthetic,synth-v1.0.0,42,932480f22477dd00,baseline
SP-021:sul:021500:2023-03-01,SP-021:sul:021500,SP-021,sul,21.75,open-meteo:era5_seamless:-23.6:-46.8,2023-03-01,99.36,6.92,40.71,17,trigger,synthetic,synthetic,synthetic,synth-v1.0.0,42,932480f22477dd00,baseline
SP-021:sul:021500:2023-03-25,SP-021:sul:021500,SP-021,sul,21.75,open-meteo:era5_seamless:-23.6:-46.8,2023-03-25,79.44,7.37,40.71,6,trigger,synthetic,synthetic,synthetic,synth-v1.0.0,42,932480f22477dd00,baseline
SP-021:sul:021500:2023-04-25,SP-021:sul:021500,SP-021,sul,21.75,open-meteo:era5_seamless:-23.6:-46.8,2023-04-25,57.63,4.36,40.71,9,trigger,synthetic,synthetic,synthetic,synth-v1.0.0,42,932480f22477dd00,baseline
SP-021:sul:021500:2023-06-17,SP-021:sul:021500,SP-021,sul,21.75,open-meteo:era5_seamless:-23.6:-46.8,2023-06-17,44.5,5.86,40.71,6,trigger,synthetic,synthetic,synthetic,synth-v1.0.0,42,932480f22477dd00,baseline
SP-021:sul:021500:2023-08-20,SP-021:sul:021500,SP-021,sul,21.75,open-meteo:era5_seamless:-23.6:-46.8,2023-08-20,65.82,6.61,40.71,7,trigger,synthetic,synthetic,synthetic,synth-v1.0.0,42,932480f22477dd00,baseline
SP-021:sul:021500:2023-09-26,SP-021:sul:021500,SP-021,sul,21.75,open-meteo:era5_seamless:-23.6:-46.8,2023-09-26,71.99,6.85,40.71,9,trigger,synthetic,synthetic,synthetic,synth-v1.0.0,42,932480f22477dd00,baseline
SP-021:sul:021500:2023-10-29,SP-021:sul:021500,SP-021,sul,21.75,open-meteo:era5_seamless:-23.6:-46.8,2023-10-29,71.08,5.63,40.71,7,trigger,synthetic,synthetic,synthetic,synth-v1.0.0,42,932480f22477dd00,baseline
SP-021:sul:021500:2023-11-27,SP-021:sul:021500,SP-021,sul,21.75,open-meteo:era5_seamless:-23.6:-46.8,2023-11-27,65.4,5.24,40.71,8,trigger,synthetic,synthetic,synthetic,synth-v1.0.0,42,932480f22477dd00,baseline
SP-021:sul:021500:2023-12-24,SP-021:sul:021500,SP-021,sul,21.75,open-meteo:era5_seamless:-23.6:-46.8,2023-12-24,63.98,3.86,40.71,7,trigger,synthetic,synthetic,synthetic,synth-v1.0.0,42,932480f22477dd00,baseline
SP-021:sul:021500:2024-02-06,SP-021:sul:021500,SP-021,sul,21.75,open-meteo:era5_seamless:-23.6:-46.8,2024-02-06,95.81,5.83,40.71,16,trigger,synthetic,synthetic,synthetic,synth-v1.0.0,42,932480f22477dd00,baseline
SP-021:sul:021500:2024-03-06,SP-021:sul:021500,SP-021,sul,21.75,open-meteo:era5_seamless:-23.6:-46.8,2024-03-06,86.19,5.85,40.71,10,trigger,synthetic,synthetic,synthetic,synth-v1.0.0,42,932480f22477dd00,baseline
SP-021:sul:021500:2024-04-05,SP-021:sul:021500,SP-021,sul,21.75,open-meteo:era5_seamless:-23.6:-46.8,2024-04-05,87.06,7.69,40.71,5,trigger,synthetic,synthetic,synthetic,synth-v1.0.0,42,932480f22477dd00,baseline
SP-021:sul:021500:2024-05-11,SP-021:sul:021500,SP-021,sul,21.75,open-meteo:era5_seamless:-23.6:-46.8,2024-05-11,94.25,5.89,40.71,13,trigger,synthetic,synthetic,synthetic,synth-v1.0.0,42,932480f22477dd00,baseline
SP-021:sul:021500:2024-06-20,SP-021:sul:021500,SP-021,sul,21.75,open-meteo:era5_seamless:-23.6:-46.8,2024-06-20,48.04,5.29,40.71,4,trigger,synthetic,synthetic,synthetic,synth-v1.0.0,42,932480f22477dd00,baseline
SP-021:sul:021500:2024-08-31,SP-021:sul:021500,SP-021,sul,21.75,open-meteo:era5_seamless:-23.6:-46.8,2024-08-31,79.66,4.0,40.71,20,trigger,synthetic,synthetic,synthetic,synth-v1.0.0,42,932480f22477dd00,baseline
SP-021:sul:021500:2024-10-07,SP-021:sul:021500,SP-021,sul,21.75,open-meteo:era5_seamless:-23.6:-46.8,2024-10-07,64.39,5.44,40.71,8,trigger,synthetic,synthetic,synthetic,synth-v1.0.0,42,932480f22477dd00,baseline
SP-021:sul:021500:2024-11-12,SP-021:sul:021500,SP-021,sul,21.75,open-meteo:era5_seamless:-23.6:-46.8,2024-11-12,70.46,3.8,40.71,9,trigger,synthetic,synthetic,synthetic,synth-v1.0.0,42,932480f22477dd00,baseline
SP-021:sul:021500:2024-12-10,SP-021:sul:021500,SP-021,sul,21.75,open-meteo:era5_seamless:-23.6:-46.8,2024-12-10,61.77,6.54,40.71,2,trigger,synthetic,synthetic,synthetic,synth-v1.0.0,42,932480f22477dd00,baseline
SP-021:sul:021500:2025-01-04,SP-021:sul:021500,SP-021,sul,21.75,open-meteo:era5_seamless:-23.6:-46.8,2025-01-04,73.02,3.99,40.71,6,trigger,synthetic,synthetic,synthetic,synth-v1.0.0,42,932480f22477dd00,baseline
SP-021:sul:021500:2025-02-12,SP-021:sul:021500,SP-021,sul,21.75,open-meteo:era5_seamless:-23.6:-46.8,2025-02-12,97.18,7.19,40.71,17,trigger,synthetic,synthetic,synthetic,synth-v1.0.0,42,932480f22477dd00,baseline
SP-021:sul:021500:2025-03-04,SP-021:sul:021500,SP-021,sul,21.75,open-meteo:era5_seamless:-23.6:-46.8,2025-03-04,62.81,7.97,40.71,2,trigger,synthetic,synthetic,synthetic,synth-v1.0.0,42,932480f22477dd00,baseline
SP-021:sul:021500:2025-04-02,SP-021:sul:021500,SP-021,sul,21.75,open-meteo:era5_seamless:-23.6:-46.8,2025-04-02,82.19,4.43,40.71,10,trigger,synthetic,synthetic,synthetic,synth-v1.0.0,42,932480f22477dd00,baseline
SP-021:sul:021500:2025-05-12,SP-021:sul:021500,SP-021,sul,21.75,open-meteo:era5_seamless:-23.6:-46.8,2025-05-12,73.79,6.11,40.71,8,trigger,synthetic,synthetic,synthetic,synth-v1.0.0,42,932480f22477dd00,baseline
SP-021:sul:021500:2025-07-01,SP-021:sul:021500,SP-021,sul,21.75,open-meteo:era5_seamless:-23.6:-46.8,2025-07-01,44.13,5.94,40.71,2,trigger,synthetic,synthetic,synthetic,synth-v1.0.0,42,932480f22477dd00,baseline
SP-021:sul:021500:2025-09-12,SP-021:sul:021500,SP-021,sul,21.75,open-meteo:era5_seamless:-23.6:-46.8,2025-09-12,54.79,6.0,40.71,5,trigger,synthetic,synthetic,synthetic,synth-v1.0.0,42,932480f22477dd00,baseline
SP-021:sul:021500:2025-10-24,SP-021:sul:021500,SP-021,sul,21.75,open-meteo:era5_seamless:-23.6:-46.8,2025-10-24,57.73,3.71,40.71,5,trigger,synthetic,synthetic,synthetic,synth-v1.0.0,42,932480f22477dd00,baseline
SP-021:sul:021500:2025-12-13,SP-021:sul:021500,SP-021,sul,21.75,open-meteo:era5_seamless:-23.6:-46.8,2025-12-13,91.2,7.1,40.71,13,trigger,synthetic,synthetic,synthetic,synth-v1.0.0,42,932480f22477dd00,baseline
SP-021:sul:021500:2026-01-16,SP-021:sul:021500,SP-021,sul,21.75,open-meteo:era5_seamless:-23.6:-46.8,2026-01-16,95.22,5.27,40.71,5,trigger,synthetic,synthetic,synthetic,synth-v1.0.0,42,932480f22477dd00,baseline
SP-021:sul:021500:2026-02-13,SP-021:sul:021500,SP-021,sul,21.75,open-meteo:era5_seamless:-23.6:-46.8,2026-02-13,70.31,3.64,40.71,5,trigger,synthetic,synthetic,synthetic,synth-v1.0.0,42,932480f22477dd00,baseline
SP-021:sul:021500:2026-03-10,SP-021:sul:021500,SP-021,sul,21.75,open-meteo:era5_seamless:-23.6:-46.8,2026-03-10,51.93,4.04,40.71,2,trigger,synthetic,synthetic,synthetic,synth-v1.0.0,42,932480f22477dd00,baseline
SP-021:sul:021500:2026-04-04,SP-021:sul:021500,SP-021,sul,21.75,open-meteo:era5_seamless:-23.6:-46.8,2026-04-04,64.23,7.38,40.71,6,trigger,synthetic,synthetic,synthetic,synth-v1.0.0,42,932480f22477dd00,baseline
SP-021:sul:021500:2026-05-23,SP-021:sul:021500,SP-021,sul,21.75,open-meteo:era5_seamless:-23.6:-46.8,2026-05-23,86.45,3.68,40.71,6,trigger,synthetic,synthetic,synthetic,synth-v1.0.0,42,932480f22477dd00,baseline
SP-021:sul:021500:2026-08-25,SP-021:sul:021500,SP-021,sul,21.75,open-meteo:era5_seamless:-23.6:-46.8,2026-08-25,79.68,7.48,40.71,16,trigger,synthetic,synthetic,synthetic,synth-v1.0.0,42,932480f22477dd00,baseline
SP-021:norte:022000:2023-02-01,SP-021:norte:022000,SP-021,norte,22.25,open-meteo:era5_seamless:-23.6:-46.8,2023-02-01,100.43,3.34,63.42,10,trigger,synthetic,synthetic,synthetic,synth-v1.0.0,42,932480f22477dd00,baseline
SP-021:norte:022000:2023-03-10,SP-021:norte:022000,SP-021,norte,22.25,open-meteo:era5_seamless:-23.6:-46.8,2023-03-10,87.6,5.21,63.42,5,trigger,synthetic,synthetic,synthetic,synth-v1.0.0,42,932480f22477dd00,baseline
SP-021:norte:022000:2023-04-26,SP-021:norte:022000,SP-021,norte,22.25,open-meteo:era5_seamless:-23.6:-46.8,2023-04-26,84.82,6.5,63.42,10,trigger,synthetic,synthetic,synthetic,synth-v1.0.0,42,932480f22477dd00,baseline
SP-021:norte:022000:2023-07-30,SP-021:norte:022000,SP-021,norte,22.25,open-meteo:era5_seamless:-23.6:-46.8,2023-07-30,73.11,3.87,63.42,7,trigger,synthetic,synthetic,synthetic,synth-v1.0.0,42,932480f22477dd00,baseline
SP-021:norte:022000:2023-10-04,SP-021:norte:022000,SP-021,norte,22.25,open-meteo:era5_seamless:-23.6:-46.8,2023-10-04,93.03,4.69,63.42,10,trigger,synthetic,synthetic,synthetic,synth-v1.0.0,42,932480f22477dd00,baseline
SP-021:norte:022000:2023-11-22,SP-021:norte:022000,SP-021,norte,22.25,open-meteo:era5_seamless:-23.6:-46.8,2023-11-22,92.94,7.82,63.42,3,trigger,synthetic,synthetic,synthetic,synth-v1.0.0,42,932480f22477dd00,baseline
SP-021:norte:022000:2023-12-22,SP-021:norte:022000,SP-021,norte,22.25,open-meteo:era5_seamless:-23.6:-46.8,2023-12-22,69.85,6.09,63.42,5,proactive,synthetic,synthetic,synthetic,synth-v1.0.0,42,932480f22477dd00,baseline
SP-021:norte:022000:2024-02-01,SP-021:norte:022000,SP-021,norte,22.25,open-meteo:era5_seamless:-23.6:-46.8,2024-02-01,87.89,4.83,63.42,11,trigger,synthetic,synthetic,synthetic,synth-v1.0.0,42,932480f22477dd00,baseline
SP-021:norte:022000:2024-03-14,SP-021:norte:022000,SP-021,norte,22.25,open-meteo:era5_seamless:-23.6:-46.8,2024-03-14,100.01,5.25,63.42,11,trigger,synthetic,synthetic,synthetic,synth-v1.0.0,42,932480f22477dd00,baseline
SP-021:norte:022000:2024-04-18,SP-021:norte:022000,SP-021,norte,22.25,open-meteo:era5_seamless:-23.6:-46.8,2024-04-18,79.27,6.43,63.42,4,trigger,synthetic,synthetic,synthetic,synth-v1.0.0,42,932480f22477dd00,baseline
SP-021:norte:022000:2024-05-23,SP-021:norte:022000,SP-021,norte,22.25,open-meteo:era5_seamless:-23.6:-46.8,2024-05-23,74.62,6.42,63.42,11,proactive,synthetic,synthetic,synthetic,synth-v1.0.0,42,932480f22477dd00,baseline
SP-021:norte:022000:2024-08-04,SP-021:norte:022000,SP-021,norte,22.25,open-meteo:era5_seamless:-23.6:-46.8,2024-08-04,63.23,4.34,63.42,7,proactive,synthetic,synthetic,synthetic,synth-v1.0.0,42,932480f22477dd00,baseline
SP-021:norte:022000:2024-10-05,SP-021:norte:022000,SP-021,norte,22.25,open-meteo:era5_seamless:-23.6:-46.8,2024-10-05,84.06,3.64,63.42,6,trigger,synthetic,synthetic,synthetic,synth-v1.0.0,42,932480f22477dd00,baseline
SP-021:norte:022000:2024-12-04,SP-021:norte:022000,SP-021,norte,22.25,open-meteo:era5_seamless:-23.6:-46.8,2024-12-04,98.22,3.06,63.42,10,trigger,synthetic,synthetic,synthetic,synth-v1.0.0,42,932480f22477dd00,baseline
SP-021:norte:022000:2025-02-01,SP-021:norte:022000,SP-021,norte,22.25,open-meteo:era5_seamless:-23.6:-46.8,2025-02-01,104.85,4.85,63.42,6,trigger,synthetic,synthetic,synthetic,synth-v1.0.0,42,932480f22477dd00,baseline
SP-021:norte:022000:2025-03-08,SP-021:norte:022000,SP-021,norte,22.25,open-meteo:era5_seamless:-23.6:-46.8,2025-03-08,93.73,3.78,63.42,6,trigger,synthetic,synthetic,synthetic,synth-v1.0.0,42,932480f22477dd00,baseline
SP-021:norte:022000:2025-04-25,SP-021:norte:022000,SP-021,norte,22.25,open-meteo:era5_seamless:-23.6:-46.8,2025-04-25,81.31,7.52,63.42,5,trigger,synthetic,synthetic,synthetic,synth-v1.0.0,42,932480f22477dd00,baseline
SP-021:norte:022000:2025-07-01,SP-021:norte:022000,SP-021,norte,22.25,open-meteo:era5_seamless:-23.6:-46.8,2025-07-01,65.42,7.36,63.42,2,trigger,synthetic,synthetic,synthetic,synth-v1.0.0,42,932480f22477dd00,baseline
SP-021:norte:022000:2025-10-01,SP-021:norte:022000,SP-021,norte,22.25,open-meteo:era5_seamless:-23.6:-46.8,2025-10-01,73.25,6.6,63.42,3,trigger,synthetic,synthetic,synthetic,synth-v1.0.0,42,932480f22477dd00,baseline
SP-021:norte:022000:2025-11-29,SP-021:norte:022000,SP-021,norte,22.25,open-meteo:era5_seamless:-23.6:-46.8,2025-11-29,76.41,3.77,63.42,6,trigger,synthetic,synthetic,synthetic,synth-v1.0.0,42,932480f22477dd00,baseline
SP-021:norte:022000:2026-01-10,SP-021:norte:022000,SP-021,norte,22.25,open-meteo:era5_seamless:-23.6:-46.8,2026-01-10,87.57,7.28,63.42,6,trigger,synthetic,synthetic,synthetic,synth-v1.0.0,42,932480f22477dd00,baseline
SP-021:norte:022000:2026-02-24,SP-021:norte:022000,SP-021,norte,22.25,open-meteo:era5_seamless:-23.6:-46.8,2026-02-24,101.11,4.5,63.42,9,trigger,synthetic,synthetic,synthetic,synth-v1.0.0,42,932480f22477dd00,baseline
SP-021:norte:022000:2026-04-10,SP-021:norte:022000,SP-021,norte,22.25,open-meteo:era5_seamless:-23.6:-46.8,2026-04-10,95.25,4.07,63.42,12,trigger,synthetic,synthetic,synthetic,synth-v1.0.0,42,932480f22477dd00,baseline
SP-021:norte:022000:2026-07-02,SP-021:norte:022000,SP-021,norte,22.25,open-meteo:era5_seamless:-23.6:-46.8,2026-07-02,71.76,5.26,63.42,4,trigger,synthetic,synthetic,synthetic,synth-v1.0.0,42,932480f22477dd00,baseline
SP-021:sul:022000:2023-01-31,SP-021:sul:022000,SP-021,sul,22.25,open-meteo:era5_seamless:-23.6:-46.8,2023-01-31,84.17,3.99,58.92,9,trigger,synthetic,synthetic,synthetic,synth-v1.0.0,42,932480f22477dd00,baseline
SP-021:sul:022000:2023-03-08,SP-021:sul:022000,SP-021,sul,22.25,open-meteo:era5_seamless:-23.6:-46.8,2023-03-08,74.27,7.87,58.92,3,trigger,synthetic,synthetic,synthetic,synth-v1.0.0,42,932480f22477dd00,baseline
SP-021:sul:022000:2023-04-14,SP-021:sul:022000,SP-021,sul,22.25,open-meteo:era5_seamless:-23.6:-46.8,2023-04-14,74.01,6.71,58.92,5,trigger,synthetic,synthetic,synthetic,synth-v1.0.0,42,932480f22477dd00,baseline
SP-021:sul:022000:2023-07-14,SP-021:sul:022000,SP-021,sul,22.25,open-meteo:era5_seamless:-23.6:-46.8,2023-07-14,65.57,3.83,58.92,5,trigger,synthetic,synthetic,synthetic,synth-v1.0.0,42,932480f22477dd00,baseline
SP-021:sul:022000:2023-09-27,SP-021:sul:022000,SP-021,sul,22.25,open-meteo:era5_seamless:-23.6:-46.8,2023-09-27,76.99,3.4,58.92,10,trigger,synthetic,synthetic,synthetic,synth-v1.0.0,42,932480f22477dd00,baseline
SP-021:sul:022000:2023-11-20,SP-021:sul:022000,SP-021,sul,22.25,open-meteo:era5_seamless:-23.6:-46.8,2023-11-20,80.8,6.26,58.92,8,trigger,synthetic,synthetic,synthetic,synth-v1.0.0,42,932480f22477dd00,baseline
SP-021:sul:022000:2023-12-29,SP-021:sul:022000,SP-021,sul,22.25,open-meteo:era5_seamless:-23.6:-46.8,2023-12-29,73.53,7.82,58.92,5,trigger,synthetic,synthetic,synthetic,synth-v1.0.0,42,932480f22477dd00,baseline
SP-021:sul:022000:2024-01-30,SP-021:sul:022000,SP-021,sul,22.25,open-meteo:era5_seamless:-23.6:-46.8,2024-01-30,62.05,4.95,58.92,2,trigger,synthetic,synthetic,synthetic,synth-v1.0.0,42,932480f22477dd00,baseline
SP-021:sul:022000:2024-03-07,SP-021:sul:022000,SP-021,sul,22.25,open-meteo:era5_seamless:-23.6:-46.8,2024-03-07,82.09,7.46,58.92,11,proactive,synthetic,synthetic,synthetic,synth-v1.0.0,42,932480f22477dd00,baseline
SP-021:sul:022000:2024-04-10,SP-021:sul:022000,SP-021,sul,22.25,open-meteo:era5_seamless:-23.6:-46.8,2024-04-10,77.18,4.9,58.92,3,trigger,synthetic,synthetic,synthetic,synth-v1.0.0,42,932480f22477dd00,baseline
SP-021:sul:022000:2024-05-28,SP-021:sul:022000,SP-021,sul,22.25,open-meteo:era5_seamless:-23.6:-46.8,2024-05-28,73.3,6.51,58.92,9,trigger,synthetic,synthetic,synthetic,synth-v1.0.0,42,932480f22477dd00,baseline
SP-021:sul:022000:2024-08-17,SP-021:sul:022000,SP-021,sul,22.25,open-meteo:era5_seamless:-23.6:-46.8,2024-08-17,61.57,5.82,58.92,6,trigger,synthetic,synthetic,synthetic,synth-v1.0.0,42,932480f22477dd00,baseline
SP-021:sul:022000:2024-10-15,SP-021:sul:022000,SP-021,sul,22.25,open-meteo:era5_seamless:-23.6:-46.8,2024-10-15,72.83,7.92,58.92,9,trigger,synthetic,synthetic,synthetic,synth-v1.0.0,42,932480f22477dd00,baseline
SP-021:sul:022000:2024-12-12,SP-021:sul:022000,SP-021,sul,22.25,open-meteo:era5_seamless:-23.6:-46.8,2024-12-12,87.13,6.4,58.92,18,trigger,synthetic,synthetic,synthetic,synth-v1.0.0,42,932480f22477dd00,baseline
SP-021:sul:022000:2025-01-19,SP-021:sul:022000,SP-021,sul,22.25,open-meteo:era5_seamless:-23.6:-46.8,2025-01-19,74.56,4.4,58.92,7,trigger,synthetic,synthetic,synthetic,synth-v1.0.0,42,932480f22477dd00,baseline
SP-021:sul:022000:2025-02-26,SP-021:sul:022000,SP-021,sul,22.25,open-meteo:era5_seamless:-23.6:-46.8,2025-02-26,83.53,5.11,58.92,10,trigger,synthetic,synthetic,synthetic,synth-v1.0.0,42,932480f22477dd00,baseline
SP-021:sul:022000:2025-04-13,SP-021:sul:022000,SP-021,sul,22.25,open-meteo:era5_seamless:-23.6:-46.8,2025-04-13,76.14,5.24,58.92,7,trigger,synthetic,synthetic,synthetic,synth-v1.0.0,42,932480f22477dd00,baseline
SP-021:sul:022000:2025-06-24,SP-021:sul:022000,SP-021,sul,22.25,open-meteo:era5_seamless:-23.6:-46.8,2025-06-24,61.86,5.33,58.92,2,trigger,synthetic,synthetic,synthetic,synth-v1.0.0,42,932480f22477dd00,baseline
SP-021:sul:022000:2025-10-14,SP-021:sul:022000,SP-021,sul,22.25,open-meteo:era5_seamless:-23.6:-46.8,2025-10-14,73.65,3.53,58.92,9,trigger,synthetic,synthetic,synthetic,synth-v1.0.0,42,932480f22477dd00,baseline
SP-021:sul:022000:2025-12-30,SP-021:sul:022000,SP-021,sul,22.25,open-meteo:era5_seamless:-23.6:-46.8,2025-12-30,86.45,5.17,58.92,2,trigger,synthetic,synthetic,synthetic,synth-v1.0.0,42,932480f22477dd00,baseline
SP-021:sul:022000:2026-02-14,SP-021:sul:022000,SP-021,sul,22.25,open-meteo:era5_seamless:-23.6:-46.8,2026-02-14,80.96,3.52,58.92,6,trigger,synthetic,synthetic,synthetic,synth-v1.0.0,42,932480f22477dd00,baseline
SP-021:sul:022000:2026-03-27,SP-021:sul:022000,SP-021,sul,22.25,open-meteo:era5_seamless:-23.6:-46.8,2026-03-27,74.61,4.15,58.92,5,trigger,synthetic,synthetic,synthetic,synth-v1.0.0,42,932480f22477dd00,baseline
SP-021:sul:022000:2026-05-12,SP-021:sul:022000,SP-021,sul,22.25,open-meteo:era5_seamless:-23.6:-46.8,2026-05-12,61.37,6.63,58.92,2,trigger,synthetic,synthetic,synthetic,synth-v1.0.0,42,932480f22477dd00,baseline
SP-021:sul:022000:2026-08-18,SP-021:sul:022000,SP-021,sul,22.25,open-meteo:era5_seamless:-23.6:-46.8,2026-08-18,61.03,3.38,58.92,2,trigger,synthetic,synthetic,synthetic,synth-v1.0.0,42,932480f22477dd00,baseline
SP-021:norte:022500:2023-01-30,SP-021:norte:022500,SP-021,norte,22.75,open-meteo:era5_seamless:-23.6:-46.8,2023-01-30,89.66,7.9,62.75,8,trigger,synthetic,synthetic,synthetic,synth-v1.0.0,42,932480f22477dd00,baseline
SP-021:norte:022500:2023-02-28,SP-021:norte:022500,SP-021,norte,22.75,open-meteo:era5_seamless:-23.6:-46.8,2023-02-28,72.33,7.53,62.75,2,trigger,synthetic,synthetic,synthetic,synth-v1.0.0,42,932480f22477dd00,baseline
SP-021:norte:022500:2023-04-06,SP-021:norte:022500,SP-021,norte,22.75,open-meteo:era5_seamless:-23.6:-46.8,2023-04-06,85.07,3.37,62.75,11,trigger,synthetic,synthetic,synthetic,synth-v1.0.0,42,932480f22477dd00,baseline
SP-021:norte:022500:2023-07-31,SP-021:norte:022500,SP-021,norte,22.75,open-meteo:era5_seamless:-23.6:-46.8,2023-07-31,71.35,4.85,62.75,8,trigger,synthetic,synthetic,synthetic,synth-v1.0.0,42,932480f22477dd00,baseline
SP-021:norte:022500:2023-09-30,SP-021:norte:022500,SP-021,norte,22.75,open-meteo:era5_seamless:-23.6:-46.8,2023-09-30,67.2,5.75,62.75,6,proactive,synthetic,synthetic,synthetic,synth-v1.0.0,42,932480f22477dd00,baseline
SP-021:norte:022500:2023-11-16,SP-021:norte:022500,SP-021,norte,22.75,open-meteo:era5_seamless:-23.6:-46.8,2023-11-16,81.94,4.21,62.75,4,trigger,synthetic,synthetic,synthetic,synth-v1.0.0,42,932480f22477dd00,baseline
SP-021:norte:022500:2024-01-12,SP-021:norte:022500,SP-021,norte,22.75,open-meteo:era5_seamless:-23.6:-46.8,2024-01-12,90.77,7.38,62.75,12,trigger,synthetic,synthetic,synthetic,synth-v1.0.0,42,932480f22477dd00,baseline
SP-021:norte:022500:2024-02-18,SP-021:norte:022500,SP-021,norte,22.75,open-meteo:era5_seamless:-23.6:-46.8,2024-02-18,80.89,4.12,62.75,7,trigger,synthetic,synthetic,synthetic,synth-v1.0.0,42,932480f22477dd00,baseline
SP-021:norte:022500:2024-03-19,SP-021:norte:022500,SP-021,norte,22.75,open-meteo:era5_seamless:-23.6:-46.8,2024-03-19,63.45,3.91,62.75,9,proactive,synthetic,synthetic,synthetic,synth-v1.0.0,42,932480f22477dd00,baseline
SP-021:norte:022500:2024-05-02,SP-021:norte:022500,SP-021,norte,22.75,open-meteo:era5_seamless:-23.6:-46.8,2024-05-02,73.22,4.72,62.75,4,trigger,synthetic,synthetic,synthetic,synth-v1.0.0,42,932480f22477dd00,baseline
SP-021:norte:022500:2024-07-27,SP-021:norte:022500,SP-021,norte,22.75,open-meteo:era5_seamless:-23.6:-46.8,2024-07-27,69.57,3.52,62.75,13,trigger,synthetic,synthetic,synthetic,synth-v1.0.0,42,932480f22477dd00,baseline
SP-021:norte:022500:2024-10-21,SP-021:norte:022500,SP-021,norte,22.75,open-meteo:era5_seamless:-23.6:-46.8,2024-10-21,88.41,3.32,62.75,15,trigger,synthetic,synthetic,synthetic,synth-v1.0.0,42,932480f22477dd00,baseline
SP-021:norte:022500:2024-12-15,SP-021:norte:022500,SP-021,norte,22.75,open-meteo:era5_seamless:-23.6:-46.8,2024-12-15,85.43,3.81,62.75,7,trigger,synthetic,synthetic,synthetic,synth-v1.0.0,42,932480f22477dd00,baseline
SP-021:norte:022500:2025-02-07,SP-021:norte:022500,SP-021,norte,22.75,open-meteo:era5_seamless:-23.6:-46.8,2025-02-07,96.72,4.7,62.75,12,trigger,synthetic,synthetic,synthetic,synth-v1.0.0,42,932480f22477dd00,baseline
SP-021:norte:022500:2025-03-14,SP-021:norte:022500,SP-021,norte,22.75,open-meteo:era5_seamless:-23.6:-46.8,2025-03-14,73.17,7.65,62.75,5,trigger,synthetic,synthetic,synthetic,synth-v1.0.0,42,932480f22477dd00,baseline
SP-021:norte:022500:2025-05-04,SP-021:norte:022500,SP-021,norte,22.75,open-meteo:era5_seamless:-23.6:-46.8,2025-05-04,86.64,5.91,62.75,14,trigger,synthetic,synthetic,synthetic,synth-v1.0.0,42,932480f22477dd00,baseline
SP-021:norte:022500:2025-09-09,SP-021:norte:022500,SP-021,norte,22.75,open-meteo:era5_seamless:-23.6:-46.8,2025-09-09,73.66,3.73,62.75,2,trigger,synthetic,synthetic,synthetic,synth-v1.0.0,42,932480f22477dd00,baseline
SP-021:norte:022500:2025-11-15,SP-021:norte:022500,SP-021,norte,22.75,open-meteo:era5_seamless:-23.6:-46.8,2025-11-15,53.42,5.83,62.75,6,proactive,synthetic,synthetic,synthetic,synth-v1.0.0,42,932480f22477dd00,baseline
SP-021:norte:022500:2026-01-11,SP-021:norte:022500,SP-021,norte,22.75,open-meteo:era5_seamless:-23.6:-46.8,2026-01-11,97.04,3.97,62.75,14,trigger,synthetic,synthetic,synthetic,synth-v1.0.0,42,932480f22477dd00,baseline
SP-021:norte:022500:2026-03-02,SP-021:norte:022500,SP-021,norte,22.75,open-meteo:era5_seamless:-23.6:-46.8,2026-03-02,93.34,7.06,62.75,8,trigger,synthetic,synthetic,synthetic,synth-v1.0.0,42,932480f22477dd00,baseline
SP-021:norte:022500:2026-04-15,SP-021:norte:022500,SP-021,norte,22.75,open-meteo:era5_seamless:-23.6:-46.8,2026-04-15,87.01,6.47,62.75,10,trigger,synthetic,synthetic,synthetic,synth-v1.0.0,42,932480f22477dd00,baseline
SP-021:norte:022500:2026-07-07,SP-021:norte:022500,SP-021,norte,22.75,open-meteo:era5_seamless:-23.6:-46.8,2026-07-07,64.78,4.71,62.75,2,trigger,synthetic,synthetic,synthetic,synth-v1.0.0,42,932480f22477dd00,baseline
SP-021:sul:022500:2023-01-27,SP-021:sul:022500,SP-021,sul,22.75,open-meteo:era5_seamless:-23.6:-46.8,2023-01-27,70.15,6.91,58.97,5,trigger,synthetic,synthetic,synthetic,synth-v1.0.0,42,932480f22477dd00,baseline
SP-021:sul:022500:2023-03-09,SP-021:sul:022500,SP-021,sul,22.75,open-meteo:era5_seamless:-23.6:-46.8,2023-03-09,69.22,5.87,58.97,4,trigger,synthetic,synthetic,synthetic,synth-v1.0.0,42,932480f22477dd00,baseline
SP-021:sul:022500:2023-05-16,SP-021:sul:022500,SP-021,sul,22.75,open-meteo:era5_seamless:-23.6:-46.8,2023-05-16,71.26,5.96,58.97,2,trigger,synthetic,synthetic,synthetic,synth-v1.0.0,42,932480f22477dd00,baseline
SP-021:sul:022500:2023-09-27,SP-021:sul:022500,SP-021,sul,22.75,open-meteo:era5_seamless:-23.6:-46.8,2023-09-27,77.25,6.26,58.97,10,trigger,synthetic,synthetic,synthetic,synth-v1.0.0,42,932480f22477dd00,baseline
SP-021:sul:022500:2023-11-23,SP-021:sul:022500,SP-021,sul,22.75,open-meteo:era5_seamless:-23.6:-46.8,2023-11-23,69.97,6.73,58.97,4,trigger,synthetic,synthetic,synthetic,synth-v1.0.0,42,932480f22477dd00,baseline
SP-021:sul:022500:2024-01-24,SP-021:sul:022500,SP-021,sul,22.75,open-meteo:era5_seamless:-23.6:-46.8,2024-01-24,80.84,3.72,58.97,10,trigger,synthetic,synthetic,synthetic,synth-v1.0.0,42,932480f22477dd00,baseline
SP-021:sul:022500:2024-03-08,SP-021:sul:022500,SP-021,sul,22.75,open-meteo:era5_seamless:-23.6:-46.8,2024-03-08,62.83,5.94,58.97,12,proactive,synthetic,synthetic,synthetic,synth-v1.0.0,42,932480f22477dd00,baseline
SP-021:sul:022500:2024-04-25,SP-021:sul:022500,SP-021,sul,22.75,open-meteo:era5_seamless:-23.6:-46.8,2024-04-25,66.82,6.08,58.97,4,trigger,synthetic,synthetic,synthetic,synth-v1.0.0,42,932480f22477dd00,baseline
SP-021:sul:022500:2024-07-16,SP-021:sul:022500,SP-021,sul,22.75,open-meteo:era5_seamless:-23.6:-46.8,2024-07-16,59.62,5.39,58.97,2,trigger,synthetic,synthetic,synthetic,synth-v1.0.0,42,932480f22477dd00,baseline
SP-021:sul:022500:2024-10-24,SP-021:sul:022500,SP-021,sul,22.75,open-meteo:era5_seamless:-23.6:-46.8,2024-10-24,74.33,4.09,58.97,11,trigger,synthetic,synthetic,synthetic,synth-v1.0.0,42,932480f22477dd00,baseline
SP-021:sul:022500:2024-12-27,SP-021:sul:022500,SP-021,sul,22.75,open-meteo:era5_seamless:-23.6:-46.8,2024-12-27,74.16,4.78,58.97,5,trigger,synthetic,synthetic,synthetic,synth-v1.0.0,42,932480f22477dd00,baseline
SP-021:sul:022500:2025-02-21,SP-021:sul:022500,SP-021,sul,22.75,open-meteo:era5_seamless:-23.6:-46.8,2025-02-21,88.63,4.18,58.97,12,trigger,synthetic,synthetic,synthetic,synth-v1.0.0,42,932480f22477dd00,baseline
SP-021:sul:022500:2025-04-24,SP-021:sul:022500,SP-021,sul,22.75,open-meteo:era5_seamless:-23.6:-46.8,2025-04-24,68.36,4.84,58.97,4,trigger,synthetic,synthetic,synthetic,synth-v1.0.0,42,932480f22477dd00,baseline
SP-021:sul:022500:2025-10-09,SP-021:sul:022500,SP-021,sul,22.75,open-meteo:era5_seamless:-23.6:-46.8,2025-10-09,76.84,7.99,58.97,11,trigger,synthetic,synthetic,synthetic,synth-v1.0.0,42,932480f22477dd00,baseline
SP-021:sul:022500:2025-12-16,SP-021:sul:022500,SP-021,sul,22.75,open-meteo:era5_seamless:-23.6:-46.8,2025-12-16,66.52,3.49,58.97,2,trigger,synthetic,synthetic,synthetic,synth-v1.0.0,42,932480f22477dd00,baseline
SP-021:sul:022500:2026-02-10,SP-021:sul:022500,SP-021,sul,22.75,open-meteo:era5_seamless:-23.6:-46.8,2026-02-10,66.6,7.92,58.97,2,trigger,synthetic,synthetic,synthetic,synth-v1.0.0,42,932480f22477dd00,baseline
SP-021:sul:022500:2026-04-02,SP-021:sul:022500,SP-021,sul,22.75,open-meteo:era5_seamless:-23.6:-46.8,2026-04-02,82.34,7.6,58.97,11,trigger,synthetic,synthetic,synthetic,synth-v1.0.0,42,932480f22477dd00,baseline
SP-021:sul:022500:2026-07-20,SP-021:sul:022500,SP-021,sul,22.75,open-meteo:era5_seamless:-23.6:-46.8,2026-07-20,66.04,7.47,58.97,15,trigger,synthetic,synthetic,synthetic,synth-v1.0.0,42,932480f22477dd00,baseline
SP-021:norte:023000:2023-02-07,SP-021:norte:023000,SP-021,norte,23.25,open-meteo:era5_seamless:-23.6:-46.8,2023-02-07,77.37,5.51,51.99,9,trigger,synthetic,synthetic,synthetic,synth-v1.0.0,42,932480f22477dd00,baseline
SP-021:norte:023000:2023-04-11,SP-021:norte:023000,SP-021,norte,23.25,open-meteo:era5_seamless:-23.6:-46.8,2023-04-11,94.75,4.95,51.99,30,trigger,synthetic,synthetic,synthetic,synth-v1.0.0,42,932480f22477dd00,baseline
SP-021:norte:023000:2023-07-31,SP-021:norte:023000,SP-021,norte,23.25,open-meteo:era5_seamless:-23.6:-46.8,2023-07-31,60.08,5.44,51.99,8,trigger,synthetic,synthetic,synthetic,synth-v1.0.0,42,932480f22477dd00,baseline
SP-021:norte:023000:2023-10-16,SP-021:norte:023000,SP-021,norte,23.25,open-meteo:era5_seamless:-23.6:-46.8,2023-10-16,83.66,6.38,51.99,22,trigger,synthetic,synthetic,synthetic,synth-v1.0.0,42,932480f22477dd00,baseline
SP-021:norte:023000:2023-12-02,SP-021:norte:023000,SP-021,norte,23.25,open-meteo:era5_seamless:-23.6:-46.8,2023-12-02,70.24,6.19,51.99,6,trigger,synthetic,synthetic,synthetic,synth-v1.0.0,42,932480f22477dd00,baseline
SP-021:norte:023000:2024-01-16,SP-021:norte:023000,SP-021,norte,23.25,open-meteo:era5_seamless:-23.6:-46.8,2024-01-16,69.31,6.61,51.99,9,trigger,synthetic,synthetic,synthetic,synth-v1.0.0,42,932480f22477dd00,baseline
SP-021:norte:023000:2024-03-03,SP-021:norte:023000,SP-021,norte,23.25,open-meteo:era5_seamless:-23.6:-46.8,2024-03-03,80.1,3.16,51.99,7,trigger,synthetic,synthetic,synthetic,synth-v1.0.0,42,932480f22477dd00,baseline
SP-021:norte:023000:2024-05-05,SP-021:norte:023000,SP-021,norte,23.25,open-meteo:era5_seamless:-23.6:-46.8,2024-05-05,88.7,3.14,51.99,7,trigger,synthetic,synthetic,synthetic,synth-v1.0.0,42,932480f22477dd00,baseline
SP-021:norte:023000:2024-08-18,SP-021:norte:023000,SP-021,norte,23.25,open-meteo:era5_seamless:-23.6:-46.8,2024-08-18,62.88,7.18,51.99,7,trigger,synthetic,synthetic,synthetic,synth-v1.0.0,42,932480f22477dd00,baseline
SP-021:norte:023000:2024-10-11,SP-021:norte:023000,SP-021,norte,23.25,open-meteo:era5_seamless:-23.6:-46.8,2024-10-11,59.27,5.58,51.99,5,trigger,synthetic,synthetic,synthetic,synth-v1.0.0,42,932480f22477dd00,baseline
SP-021:norte:023000:2024-12-09,SP-021:norte:023000,SP-021,norte,23.25,open-meteo:era5_seamless:-23.6:-46.8,2024-12-09,75.64,3.49,51.99,8,trigger,synthetic,synthetic,synthetic,synth-v1.0.0,42,932480f22477dd00,baseline
SP-021:norte:023000:2025-01-23,SP-021:norte:023000,SP-021,norte,23.25,open-meteo:era5_seamless:-23.6:-46.8,2025-01-23,63.57,4.17,51.99,4,trigger,synthetic,synthetic,synthetic,synth-v1.0.0,42,932480f22477dd00,baseline
SP-021:norte:023000:2025-02-25,SP-021:norte:023000,SP-021,norte,23.25,open-meteo:era5_seamless:-23.6:-46.8,2025-02-25,57.16,5.82,51.99,2,trigger,synthetic,synthetic,synthetic,synth-v1.0.0,42,932480f22477dd00,baseline
SP-021:norte:023000:2025-04-25,SP-021:norte:023000,SP-021,norte,23.25,open-meteo:era5_seamless:-23.6:-46.8,2025-04-25,82.04,4.5,51.99,19,trigger,synthetic,synthetic,synthetic,synth-v1.0.0,42,932480f22477dd00,baseline
SP-021:norte:023000:2025-08-14,SP-021:norte:023000,SP-021,norte,23.25,open-meteo:era5_seamless:-23.6:-46.8,2025-08-14,40.04,4.79,51.99,4,proactive,synthetic,synthetic,synthetic,synth-v1.0.0,42,932480f22477dd00,baseline
SP-021:norte:023000:2025-10-24,SP-021:norte:023000,SP-021,norte,23.25,open-meteo:era5_seamless:-23.6:-46.8,2025-10-24,49.06,4.18,51.99,5,proactive,synthetic,synthetic,synthetic,synth-v1.0.0,42,932480f22477dd00,baseline
SP-021:norte:023000:2026-01-04,SP-021:norte:023000,SP-021,norte,23.25,open-meteo:era5_seamless:-23.6:-46.8,2026-01-04,88.61,7.76,51.99,7,trigger,synthetic,synthetic,synthetic,synth-v1.0.0,42,932480f22477dd00,baseline
SP-021:norte:023000:2026-02-18,SP-021:norte:023000,SP-021,norte,23.25,open-meteo:era5_seamless:-23.6:-46.8,2026-02-18,78.91,7.75,51.99,10,trigger,synthetic,synthetic,synthetic,synth-v1.0.0,42,932480f22477dd00,baseline
SP-021:norte:023000:2026-04-11,SP-021:norte:023000,SP-021,norte,23.25,open-meteo:era5_seamless:-23.6:-46.8,2026-04-11,84.4,5.35,51.99,13,trigger,synthetic,synthetic,synthetic,synth-v1.0.0,42,932480f22477dd00,baseline
SP-021:norte:023000:2026-07-12,SP-021:norte:023000,SP-021,norte,23.25,open-meteo:era5_seamless:-23.6:-46.8,2026-07-12,55.73,4.17,51.99,7,trigger,synthetic,synthetic,synthetic,synth-v1.0.0,42,932480f22477dd00,baseline
SP-021:sul:023000:2023-01-24,SP-021:sul:023000,SP-021,sul,23.25,open-meteo:era5_seamless:-23.6:-46.8,2023-01-24,86.07,6.4,41.85,2,trigger,synthetic,synthetic,synthetic,synth-v1.0.0,42,932480f22477dd00,baseline
SP-021:sul:023000:2023-02-15,SP-021:sul:023000,SP-021,sul,23.25,open-meteo:era5_seamless:-23.6:-46.8,2023-02-15,59.14,7.44,41.85,3,trigger,synthetic,synthetic,synthetic,synth-v1.0.0,42,932480f22477dd00,baseline
SP-021:sul:023000:2023-03-15,SP-021:sul:023000,SP-021,sul,23.25,open-meteo:era5_seamless:-23.6:-46.8,2023-03-15,85.57,4.01,41.85,10,trigger,synthetic,synthetic,synthetic,synth-v1.0.0,42,932480f22477dd00,baseline
SP-021:sul:023000:2023-04-28,SP-021:sul:023000,SP-021,sul,23.25,open-meteo:era5_seamless:-23.6:-46.8,2023-04-28,77.03,7.82,41.85,12,trigger,synthetic,synthetic,synthetic,synth-v1.0.0,42,932480f22477dd00,baseline
SP-021:sul:023000:2023-06-21,SP-021:sul:023000,SP-021,sul,23.25,open-meteo:era5_seamless:-23.6:-46.8,2023-06-21,44.24,6.16,41.85,3,trigger,synthetic,synthetic,synthetic,synth-v1.0.0,42,932480f22477dd00,baseline
SP-021:sul:023000:2023-08-31,SP-021:sul:023000,SP-021,sul,23.25,open-meteo:era5_seamless:-23.6:-46.8,2023-08-31,72.97,4.38,41.85,11,trigger,synthetic,synthetic,synthetic,synth-v1.0.0,42,932480f22477dd00,baseline
SP-021:sul:023000:2023-10-07,SP-021:sul:023000,SP-021,sul,23.25,open-meteo:era5_seamless:-23.6:-46.8,2023-10-07,63.01,5.2,41.85,6,trigger,synthetic,synthetic,synthetic,synth-v1.0.0,42,932480f22477dd00,baseline
SP-021:sul:023000:2023-11-08,SP-021:sul:023000,SP-021,sul,23.25,open-meteo:era5_seamless:-23.6:-46.8,2023-11-08,51.73,5.14,41.85,3,trigger,synthetic,synthetic,synthetic,synth-v1.0.0,42,932480f22477dd00,baseline
SP-021:sul:023000:2023-12-12,SP-021:sul:023000,SP-021,sul,23.25,open-meteo:era5_seamless:-23.6:-46.8,2023-12-12,79.71,4.34,41.85,9,trigger,synthetic,synthetic,synthetic,synth-v1.0.0,42,932480f22477dd00,baseline
SP-021:sul:023000:2024-01-23,SP-021:sul:023000,SP-021,sul,23.25,open-meteo:era5_seamless:-23.6:-46.8,2024-01-23,93.61,6.65,41.85,9,trigger,synthetic,synthetic,synthetic,synth-v1.0.0,42,932480f22477dd00,baseline
SP-021:sul:023000:2024-02-27,SP-021:sul:023000,SP-021,sul,23.25,open-meteo:era5_seamless:-23.6:-46.8,2024-02-27,97.52,3.96,41.85,9,trigger,synthetic,synthetic,synthetic,synth-v1.0.0,42,932480f22477dd00,baseline
SP-021:sul:023000:2024-03-26,SP-021:sul:023000,SP-021,sul,23.25,open-meteo:era5_seamless:-23.6:-46.8,2024-03-26,75.44,7.87,41.85,9,trigger,synthetic,synthetic,synthetic,synth-v1.0.0,42,932480f22477dd00,baseline
SP-021:sul:023000:2024-04-21,SP-021:sul:023000,SP-021,sul,23.25,open-meteo:era5_seamless:-23.6:-46.8,2024-04-21,70.91,4.44,41.85,7,trigger,synthetic,synthetic,synthetic,synth-v1.0.0,42,932480f22477dd00,baseline
SP-021:sul:023000:2024-05-28,SP-021:sul:023000,SP-021,sul,23.25,open-meteo:era5_seamless:-23.6:-46.8,2024-05-28,67.49,5.17,41.85,9,trigger,synthetic,synthetic,synthetic,synth-v1.0.0,42,932480f22477dd00,baseline
SP-021:sul:023000:2024-08-01,SP-021:sul:023000,SP-021,sul,23.25,open-meteo:era5_seamless:-23.6:-46.8,2024-08-01,56.36,4.73,41.85,11,trigger,synthetic,synthetic,synthetic,synth-v1.0.0,42,932480f22477dd00,baseline
SP-021:sul:023000:2024-09-24,SP-021:sul:023000,SP-021,sul,23.25,open-meteo:era5_seamless:-23.6:-46.8,2024-09-24,80.44,6.77,41.85,9,trigger,synthetic,synthetic,synthetic,synth-v1.0.0,42,932480f22477dd00,baseline
SP-021:sul:023000:2024-11-11,SP-021:sul:023000,SP-021,sul,23.25,open-meteo:era5_seamless:-23.6:-46.8,2024-11-11,87.69,6.17,41.85,15,trigger,synthetic,synthetic,synthetic,synth-v1.0.0,42,932480f22477dd00,baseline
SP-021:sul:023000:2024-12-20,SP-021:sul:023000,SP-021,sul,23.25,open-meteo:era5_seamless:-23.6:-46.8,2024-12-20,94.4,5.06,41.85,12,trigger,synthetic,synthetic,synthetic,synth-v1.0.0,42,932480f22477dd00,baseline
SP-021:sul:023000:2025-01-15,SP-021:sul:023000,SP-021,sul,23.25,open-meteo:era5_seamless:-23.6:-46.8,2025-01-15,54.98,7.17,41.85,3,trigger,synthetic,synthetic,synthetic,synth-v1.0.0,42,932480f22477dd00,baseline
SP-021:sul:023000:2025-02-04,SP-021:sul:023000,SP-021,sul,23.25,open-meteo:era5_seamless:-23.6:-46.8,2025-02-04,55.44,7.09,41.85,2,trigger,synthetic,synthetic,synthetic,synth-v1.0.0,42,932480f22477dd00,baseline
SP-021:sul:023000:2025-02-26,SP-021:sul:023000,SP-021,sul,23.25,open-meteo:era5_seamless:-23.6:-46.8,2025-02-26,73.18,5.33,41.85,3,trigger,synthetic,synthetic,synthetic,synth-v1.0.0,42,932480f22477dd00,baseline
SP-021:sul:023000:2025-04-02,SP-021:sul:023000,SP-021,sul,23.25,open-meteo:era5_seamless:-23.6:-46.8,2025-04-02,82.26,7.5,41.85,10,trigger,synthetic,synthetic,synthetic,synth-v1.0.0,42,932480f22477dd00,baseline
SP-021:sul:023000:2025-05-14,SP-021:sul:023000,SP-021,sul,23.25,open-meteo:era5_seamless:-23.6:-46.8,2025-05-14,81.33,7.78,41.85,10,trigger,synthetic,synthetic,synthetic,synth-v1.0.0,42,932480f22477dd00,baseline
SP-021:sul:023000:2025-07-01,SP-021:sul:023000,SP-021,sul,23.25,open-meteo:era5_seamless:-23.6:-46.8,2025-07-01,39.01,7.52,41.85,2,proactive,synthetic,synthetic,synthetic,synth-v1.0.0,42,932480f22477dd00,baseline
SP-021:sul:023000:2025-09-16,SP-021:sul:023000,SP-021,sul,23.25,open-meteo:era5_seamless:-23.6:-46.8,2025-09-16,58.58,3.02,41.85,9,trigger,synthetic,synthetic,synthetic,synth-v1.0.0,42,932480f22477dd00,baseline
SP-021:sul:023000:2025-11-06,SP-021:sul:023000,SP-021,sul,23.25,open-meteo:era5_seamless:-23.6:-46.8,2025-11-06,52.71,3.7,41.85,4,trigger,synthetic,synthetic,synthetic,synth-v1.0.0,42,932480f22477dd00,baseline
SP-021:sul:023000:2025-12-28,SP-021:sul:023000,SP-021,sul,23.25,open-meteo:era5_seamless:-23.6:-46.8,2025-12-28,95.96,4.6,41.85,14,trigger,synthetic,synthetic,synthetic,synth-v1.0.0,42,932480f22477dd00,baseline
SP-021:sul:023000:2026-01-28,SP-021:sul:023000,SP-021,sul,23.25,open-meteo:era5_seamless:-23.6:-46.8,2026-01-28,54.26,5.97,41.85,3,trigger,synthetic,synthetic,synthetic,synth-v1.0.0,42,932480f22477dd00,baseline
SP-021:sul:023000:2026-02-24,SP-021:sul:023000,SP-021,sul,23.25,open-meteo:era5_seamless:-23.6:-46.8,2026-02-24,81.98,6.64,41.85,9,trigger,synthetic,synthetic,synthetic,synth-v1.0.0,42,932480f22477dd00,baseline
SP-021:sul:023000:2026-04-11,SP-021:sul:023000,SP-021,sul,23.25,open-meteo:era5_seamless:-23.6:-46.8,2026-04-11,103.17,7.63,41.85,20,trigger,synthetic,synthetic,synthetic,synth-v1.0.0,42,932480f22477dd00,baseline
SP-021:sul:023000:2026-05-19,SP-021:sul:023000,SP-021,sul,23.25,open-meteo:era5_seamless:-23.6:-46.8,2026-05-19,64.69,6.16,41.85,9,trigger,synthetic,synthetic,synthetic,synth-v1.0.0,42,932480f22477dd00,baseline
SP-021:sul:023000:2026-08-05,SP-021:sul:023000,SP-021,sul,23.25,open-meteo:era5_seamless:-23.6:-46.8,2026-08-05,45.79,4.99,41.85,3,trigger,synthetic,synthetic,synthetic,synth-v1.0.0,42,932480f22477dd00,baseline
SP-021:norte:023500:2023-01-19,SP-021:norte:023500,SP-021,norte,23.75,open-meteo:era5_seamless:-23.6:-46.8,2023-01-19,70.69,7.41,53.77,4,trigger,synthetic,synthetic,synthetic,synth-v1.0.0,42,932480f22477dd00,baseline
SP-021:norte:023500:2023-02-20,SP-021:norte:023500,SP-021,norte,23.75,open-meteo:era5_seamless:-23.6:-46.8,2023-02-20,77.19,6.97,53.77,8,trigger,synthetic,synthetic,synthetic,synth-v1.0.0,42,932480f22477dd00,baseline
SP-021:norte:023500:2023-03-30,SP-021:norte:023500,SP-021,norte,23.75,open-meteo:era5_seamless:-23.6:-46.8,2023-03-30,91.7,6.43,53.77,11,trigger,synthetic,synthetic,synthetic,synth-v1.0.0,42,932480f22477dd00,baseline
SP-021:norte:023500:2023-05-19,SP-021:norte:023500,SP-021,norte,23.75,open-meteo:era5_seamless:-23.6:-46.8,2023-05-19,55.59,6.62,53.77,5,trigger,synthetic,synthetic,synthetic,synth-v1.0.0,42,932480f22477dd00,baseline
SP-021:norte:023500:2023-08-26,SP-021:norte:023500,SP-021,norte,23.75,open-meteo:era5_seamless:-23.6:-46.8,2023-08-26,73.38,7.4,53.77,6,trigger,synthetic,synthetic,synthetic,synth-v1.0.0,42,932480f22477dd00,baseline
SP-021:norte:023500:2023-10-13,SP-021:norte:023500,SP-021,norte,23.75,open-meteo:era5_seamless:-23.6:-46.8,2023-10-13,81.41,5.9,53.77,12,trigger,synthetic,synthetic,synthetic,synth-v1.0.0,42,932480f22477dd00,baseline
SP-021:norte:023500:2023-12-06,SP-021:norte:023500,SP-021,norte,23.75,open-meteo:era5_seamless:-23.6:-46.8,2023-12-06,90.28,6.61,53.77,17,trigger,synthetic,synthetic,synthetic,synth-v1.0.0,42,932480f22477dd00,baseline
SP-021:norte:023500:2024-01-09,SP-021:norte:023500,SP-021,norte,23.75,open-meteo:era5_seamless:-23.6:-46.8,2024-01-09,62.36,5.98,53.77,2,trigger,synthetic,synthetic,synthetic,synth-v1.0.0,42,932480f22477dd00,baseline
SP-021:norte:023500:2024-02-15,SP-021:norte:023500,SP-021,norte,23.75,open-meteo:era5_seamless:-23.6:-46.8,2024-02-15,75.48,6.46,53.77,4,trigger,synthetic,synthetic,synthetic,synth-v1.0.0,42,932480f22477dd00,baseline
SP-021:norte:023500:2024-03-20,SP-021:norte:023500,SP-021,norte,23.75,open-meteo:era5_seamless:-23.6:-46.8,2024-03-20,83.65,3.28,53.77,3,trigger,synthetic,synthetic,synthetic,synth-v1.0.0,42,932480f22477dd00,baseline
SP-021:norte:023500:2024-05-11,SP-021:norte:023500,SP-021,norte,23.75,open-meteo:era5_seamless:-23.6:-46.8,2024-05-11,88.91,5.37,53.77,13,trigger,synthetic,synthetic,synthetic,synth-v1.0.0,42,932480f22477dd00,baseline
SP-021:norte:023500:2024-08-01,SP-021:norte:023500,SP-021,norte,23.75,open-meteo:era5_seamless:-23.6:-46.8,2024-08-01,61.48,7.51,53.77,4,trigger,synthetic,synthetic,synthetic,synth-v1.0.0,42,932480f22477dd00,baseline
SP-021:norte:023500:2024-09-24,SP-021:norte:023500,SP-021,norte,23.75,open-meteo:era5_seamless:-23.6:-46.8,2024-09-24,68.6,6.41,53.77,9,trigger,synthetic,synthetic,synthetic,synth-v1.0.0,42,932480f22477dd00,baseline
SP-021:norte:023500:2024-11-23,SP-021:norte:023500,SP-021,norte,23.75,open-meteo:era5_seamless:-23.6:-46.8,2024-11-23,87.8,4.59,53.77,13,trigger,synthetic,synthetic,synthetic,synth-v1.0.0,42,932480f22477dd00,baseline
SP-021:norte:023500:2025-01-09,SP-021:norte:023500,SP-021,norte,23.75,open-meteo:era5_seamless:-23.6:-46.8,2025-01-09,91.19,6.14,53.77,11,trigger,synthetic,synthetic,synthetic,synth-v1.0.0,42,932480f22477dd00,baseline
SP-021:norte:023500:2025-02-16,SP-021:norte:023500,SP-021,norte,23.75,open-meteo:era5_seamless:-23.6:-46.8,2025-02-16,87.69,4.77,53.77,7,trigger,synthetic,synthetic,synthetic,synth-v1.0.0,42,932480f22477dd00,baseline
SP-021:norte:023500:2025-03-29,SP-021:norte:023500,SP-021,norte,23.75,open-meteo:era5_seamless:-23.6:-46.8,2025-03-29,80.42,6.16,53.77,13,trigger,synthetic,synthetic,synthetic,synth-v1.0.0,42,932480f22477dd00,baseline
SP-021:norte:023500:2025-05-15,SP-021:norte:023500,SP-021,norte,23.75,open-meteo:era5_seamless:-23.6:-46.8,2025-05-15,64.85,5.5,53.77,4,trigger,synthetic,synthetic,synthetic,synth-v1.0.0,42,932480f22477dd00,baseline
SP-021:norte:023500:2025-09-17,SP-021:norte:023500,SP-021,norte,23.75,open-meteo:era5_seamless:-23.6:-46.8,2025-09-17,70.36,4.92,53.77,10,trigger,synthetic,synthetic,synthetic,synth-v1.0.0,42,932480f22477dd00,baseline
SP-021:norte:023500:2025-11-28,SP-021:norte:023500,SP-021,norte,23.75,open-meteo:era5_seamless:-23.6:-46.8,2025-11-28,75.98,5.49,53.77,12,trigger,synthetic,synthetic,synthetic,synth-v1.0.0,42,932480f22477dd00,baseline
SP-021:norte:023500:2026-01-11,SP-021:norte:023500,SP-021,norte,23.75,open-meteo:era5_seamless:-23.6:-46.8,2026-01-11,85.29,6.01,53.77,7,trigger,synthetic,synthetic,synthetic,synth-v1.0.0,42,932480f22477dd00,baseline
SP-021:norte:023500:2026-02-23,SP-021:norte:023500,SP-021,norte,23.75,open-meteo:era5_seamless:-23.6:-46.8,2026-02-23,86.4,7.35,53.77,8,trigger,synthetic,synthetic,synthetic,synth-v1.0.0,42,932480f22477dd00,baseline
SP-021:norte:023500:2026-04-07,SP-021:norte:023500,SP-021,norte,23.75,open-meteo:era5_seamless:-23.6:-46.8,2026-04-07,86.11,4.83,53.77,9,trigger,synthetic,synthetic,synthetic,synth-v1.0.0,42,932480f22477dd00,baseline
SP-021:norte:023500:2026-06-20,SP-021:norte:023500,SP-021,norte,23.75,open-meteo:era5_seamless:-23.6:-46.8,2026-06-20,61.02,6.96,53.77,13,trigger,synthetic,synthetic,synthetic,synth-v1.0.0,42,932480f22477dd00,baseline
SP-021:norte:023500:2026-09-01,SP-021:norte:023500,SP-021,norte,23.75,open-meteo:era5_seamless:-23.6:-46.8,2026-09-01,63.05,7.0,53.77,7,trigger,synthetic,synthetic,synthetic,synth-v1.0.0,42,932480f22477dd00,baseline
SP-021:sul:023500:2023-01-28,SP-021:sul:023500,SP-021,sul,23.75,open-meteo:era5_seamless:-23.6:-46.8,2023-01-28,77.58,6.18,54.66,6,trigger,synthetic,synthetic,synthetic,synth-v1.0.0,42,932480f22477dd00,baseline
SP-021:sul:023500:2023-03-05,SP-021:sul:023500,SP-021,sul,23.75,open-meteo:era5_seamless:-23.6:-46.8,2023-03-05,69.45,4.63,54.66,14,proactive,synthetic,synthetic,synthetic,synth-v1.0.0,42,932480f22477dd00,baseline
SP-021:sul:023500:2023-04-26,SP-021:sul:023500,SP-021,sul,23.75,open-meteo:era5_seamless:-23.6:-46.8,2023-04-26,69.52,5.29,54.66,10,trigger,synthetic,synthetic,synthetic,synth-v1.0.0,42,932480f22477dd00,baseline
SP-021:sul:023500:2023-07-29,SP-021:sul:023500,SP-021,sul,23.75,open-meteo:era5_seamless:-23.6:-46.8,2023-07-29,40.84,5.82,54.66,6,proactive,synthetic,synthetic,synthetic,synth-v1.0.0,42,932480f22477dd00,baseline
SP-021:sul:023500:2023-10-12,SP-021:sul:023500,SP-021,sul,23.75,open-meteo:era5_seamless:-23.6:-46.8,2023-10-12,76.39,6.49,54.66,4,trigger,synthetic,synthetic,synthetic,synth-v1.0.0,42,932480f22477dd00,baseline
SP-021:sul:023500:2023-12-07,SP-021:sul:023500,SP-021,sul,23.75,open-meteo:era5_seamless:-23.6:-46.8,2023-12-07,82.16,7.98,54.66,18,trigger,synthetic,synthetic,synthetic,synth-v1.0.0,42,932480f22477dd00,baseline
SP-021:sul:023500:2024-01-20,SP-021:sul:023500,SP-021,sul,23.75,open-meteo:era5_seamless:-23.6:-46.8,2024-01-20,70.53,4.83,54.66,6,trigger,synthetic,synthetic,synthetic,synth-v1.0.0,42,932480f22477dd00,baseline
SP-021:sul:023500:2024-03-03,SP-021:sul:023500,SP-021,sul,23.75,open-meteo:era5_seamless:-23.6:-46.8,2024-03-03,75.47,5.14,54.66,7,trigger,synthetic,synthetic,synthetic,synth-v1.0.0,42,932480f22477dd00,baseline
SP-021:sul:023500:2024-04-09,SP-021:sul:023500,SP-021,sul,23.75,open-meteo:era5_seamless:-23.6:-46.8,2024-04-09,67.77,6.69,54.66,2,trigger,synthetic,synthetic,synthetic,synth-v1.0.0,42,932480f22477dd00,baseline
SP-021:sul:023500:2024-05-28,SP-021:sul:023500,SP-021,sul,23.75,open-meteo:era5_seamless:-23.6:-46.8,2024-05-28,66.02,5.29,54.66,9,trigger,synthetic,synthetic,synthetic,synth-v1.0.0,42,932480f22477dd00,baseline
SP-021:sul:023500:2024-09-02,SP-021:sul:023500,SP-021,sul,23.75,open-meteo:era5_seamless:-23.6:-46.8,2024-09-02,59.85,6.61,54.66,8,trigger,synthetic,synthetic,synthetic,synth-v1.0.0,42,932480f22477dd00,baseline
SP-021:sul:023500:2024-11-10,SP-021:sul:023500,SP-021,sul,23.75,open-meteo:era5_seamless:-23.6:-46.8,2024-11-10,80.18,3.69,54.66,14,trigger,synthetic,synthetic,synthetic,synth-v1.0.0,42,932480f22477dd00,baseline
SP-021:sul:023500:2024-12-27,SP-021:sul:023500,SP-021,sul,23.75,open-meteo:era5_seamless:-23.6:-46.8,2024-12-27,66.57,4.92,54.66,5,trigger,synthetic,synthetic,synthetic,synth-v1.0.0,42,932480f22477dd00,baseline
SP-021:sul:023500:2025-02-12,SP-021:sul:023500,SP-021,sul,23.75,open-meteo:era5_seamless:-23.6:-46.8,2025-02-12,82.7,6.87,54.66,10,trigger,synthetic,synthetic,synthetic,synth-v1.0.0,42,932480f22477dd00,baseline
SP-021:sul:023500:2025-03-30,SP-021:sul:023500,SP-021,sul,23.75,open-meteo:era5_seamless:-23.6:-46.8,2025-03-30,79.19,7.95,54.66,7,trigger,synthetic,synthetic,synthetic,synth-v1.0.0,42,932480f22477dd00,baseline
SP-021:sul:023500:2025-06-01,SP-021:sul:023500,SP-021,sul,23.75,open-meteo:era5_seamless:-23.6:-46.8,2025-06-01,68.79,3.1,54.66,14,trigger,synthetic,synthetic,synthetic,synth-v1.0.0,42,932480f22477dd00,baseline
SP-021:sul:023500:2025-11-06,SP-021:sul:023500,SP-021,sul,23.75,open-meteo:era5_seamless:-23.6:-46.8,2025-11-06,76.2,7.49,54.66,18,trigger,synthetic,synthetic,synthetic,synth-v1.0.0,42,932480f22477dd00,baseline
SP-021:sul:023500:2025-12-25,SP-021:sul:023500,SP-021,sul,23.75,open-meteo:era5_seamless:-23.6:-46.8,2025-12-25,64.49,6.22,54.66,4,trigger,synthetic,synthetic,synthetic,synth-v1.0.0,42,932480f22477dd00,baseline
SP-021:sul:023500:2026-02-03,SP-021:sul:023500,SP-021,sul,23.75,open-meteo:era5_seamless:-23.6:-46.8,2026-02-03,60.72,6.68,54.66,2,trigger,synthetic,synthetic,synthetic,synth-v1.0.0,42,932480f22477dd00,baseline
SP-021:sul:023500:2026-03-03,SP-021:sul:023500,SP-021,sul,23.75,open-meteo:era5_seamless:-23.6:-46.8,2026-03-03,45.51,4.85,54.66,2,proactive,synthetic,synthetic,synthetic,synth-v1.0.0,42,932480f22477dd00,baseline
SP-021:sul:023500:2026-04-16,SP-021:sul:023500,SP-021,sul,23.75,open-meteo:era5_seamless:-23.6:-46.8,2026-04-16,65.18,7.29,54.66,4,trigger,synthetic,synthetic,synthetic,synth-v1.0.0,42,932480f22477dd00,baseline
SP-021:sul:023500:2026-08-05,SP-021:sul:023500,SP-021,sul,23.75,open-meteo:era5_seamless:-23.6:-46.8,2026-08-05,68.27,4.99,54.66,10,trigger,synthetic,synthetic,synthetic,synth-v1.0.0,42,932480f22477dd00,baseline
SP-021:norte:024000:2023-02-11,SP-021:norte:024000,SP-021,norte,24.25,open-meteo:era5_seamless:-23.6:-46.8,2023-02-11,50.52,3.11,44.51,6,trigger,synthetic,synthetic,synthetic,synth-v1.0.0,42,932480f22477dd00,baseline
SP-021:norte:024000:2023-06-28,SP-021:norte:024000,SP-021,norte,24.25,open-meteo:era5_seamless:-23.6:-46.8,2023-06-28,45.44,4.95,44.51,3,trigger,synthetic,synthetic,synthetic,synth-v1.0.0,42,932480f22477dd00,baseline
SP-021:norte:024000:2023-11-09,SP-021:norte:024000,SP-021,norte,24.25,open-meteo:era5_seamless:-23.6:-46.8,2023-11-09,46.86,5.34,44.51,4,trigger,synthetic,synthetic,synthetic,synth-v1.0.0,42,932480f22477dd00,baseline
SP-021:norte:024000:2024-01-19,SP-021:norte:024000,SP-021,norte,24.25,open-meteo:era5_seamless:-23.6:-46.8,2024-01-19,37.92,3.5,44.51,5,proactive,synthetic,synthetic,synthetic,synth-v1.0.0,42,932480f22477dd00,baseline
SP-021:norte:024000:2024-04-13,SP-021:norte:024000,SP-021,norte,24.25,open-meteo:era5_seamless:-23.6:-46.8,2024-04-13,49.09,3.26,44.51,6,trigger,synthetic,synthetic,synthetic,synth-v1.0.0,42,932480f22477dd00,baseline
SP-021:norte:024000:2024-10-04,SP-021:norte:024000,SP-021,norte,24.25,open-meteo:era5_seamless:-23.6:-46.8,2024-10-04,49.34,6.28,44.51,5,trigger,synthetic,synthetic,synthetic,synth-v1.0.0,42,932480f22477dd00,baseline
SP-021:norte:024000:2025-01-04,SP-021:norte:024000,SP-021,norte,24.25,open-meteo:era5_seamless:-23.6:-46.8,2025-01-04,47.99,5.57,44.51,6,trigger,synthetic,synthetic,synthetic,synth-v1.0.0,42,932480f22477dd00,baseline
SP-021:norte:024000:2025-03-15,SP-021:norte:024000,SP-021,norte,24.25,open-meteo:era5_seamless:-23.6:-46.8,2025-03-15,48.76,4.85,44.51,6,trigger,synthetic,synthetic,synthetic,synth-v1.0.0,42,932480f22477dd00,baseline
SP-021:norte:024000:2025-09-20,SP-021:norte:024000,SP-021,norte,24.25,open-meteo:era5_seamless:-23.6:-46.8,2025-09-20,46.59,3.12,44.51,6,trigger,synthetic,synthetic,synthetic,synth-v1.0.0,42,932480f22477dd00,baseline
SP-021:norte:024000:2026-01-30,SP-021:norte:024000,SP-021,norte,24.25,open-meteo:era5_seamless:-23.6:-46.8,2026-01-30,47.55,3.7,44.51,5,trigger,synthetic,synthetic,synthetic,synth-v1.0.0,42,932480f22477dd00,baseline
SP-021:norte:024000:2026-04-29,SP-021:norte:024000,SP-021,norte,24.25,open-meteo:era5_seamless:-23.6:-46.8,2026-04-29,46.09,6.36,44.51,3,trigger,synthetic,synthetic,synthetic,synth-v1.0.0,42,932480f22477dd00,baseline
SP-021:sul:024000:2023-01-17,SP-021:sul:024000,SP-021,sul,24.25,open-meteo:era5_seamless:-23.6:-46.8,2023-01-17,82.31,3.13,47.76,2,trigger,synthetic,synthetic,synthetic,synth-v1.0.0,42,932480f22477dd00,baseline
SP-021:sul:024000:2023-03-03,SP-021:sul:024000,SP-021,sul,24.25,open-meteo:era5_seamless:-23.6:-46.8,2023-03-03,96.1,5.06,47.76,5,trigger,synthetic,synthetic,synthetic,synth-v1.0.0,42,932480f22477dd00,baseline
SP-021:sul:024000:2023-04-12,SP-021:sul:024000,SP-021,sul,24.25,open-meteo:era5_seamless:-23.6:-46.8,2023-04-12,88.57,4.72,47.76,10,trigger,synthetic,synthetic,synthetic,synth-v1.0.0,42,932480f22477dd00,baseline
SP-021:sul:024000:2023-07-13,SP-021:sul:024000,SP-021,sul,24.25,open-meteo:era5_seamless:-23.6:-46.8,2023-07-13,75.34,3.16,47.76,32,trigger,synthetic,synthetic,synthetic,synth-v1.0.0,42,932480f22477dd00,baseline
SP-021:sul:024000:2023-09-21,SP-021:sul:024000,SP-021,sul,24.25,open-meteo:era5_seamless:-23.6:-46.8,2023-09-21,80.27,3.58,47.76,11,trigger,synthetic,synthetic,synthetic,synth-v1.0.0,42,932480f22477dd00,baseline
SP-021:sul:024000:2023-11-04,SP-021:sul:024000,SP-021,sul,24.25,open-meteo:era5_seamless:-23.6:-46.8,2023-11-04,79.93,7.75,47.76,6,trigger,synthetic,synthetic,synthetic,synth-v1.0.0,42,932480f22477dd00,baseline
SP-021:sul:024000:2023-12-08,SP-021:sul:024000,SP-021,sul,24.25,open-meteo:era5_seamless:-23.6:-46.8,2023-12-08,77.61,3.2,47.76,5,trigger,synthetic,synthetic,synthetic,synth-v1.0.0,42,932480f22477dd00,baseline
SP-021:sul:024000:2024-01-11,SP-021:sul:024000,SP-021,sul,24.25,open-meteo:era5_seamless:-23.6:-46.8,2024-01-11,61.37,4.37,47.76,4,trigger,synthetic,synthetic,synthetic,synth-v1.0.0,42,932480f22477dd00,baseline
SP-021:sul:024000:2024-02-26,SP-021:sul:024000,SP-021,sul,24.25,open-meteo:era5_seamless:-23.6:-46.8,2024-02-26,96.3,4.95,47.76,15,trigger,synthetic,synthetic,synthetic,synth-v1.0.0,42,932480f22477dd00,baseline
SP-021:sul:024000:2024-03-20,SP-021:sul:024000,SP-021,sul,24.25,open-meteo:era5_seamless:-23.6:-46.8,2024-03-20,63.69,4.93,47.76,3,trigger,synthetic,synthetic,synthetic,synth-v1.0.0,42,932480f22477dd00,baseline
SP-021:sul:024000:2024-04-23,SP-021:sul:024000,SP-021,sul,24.25,open-meteo:era5_seamless:-23.6:-46.8,2024-04-23,75.14,5.63,47.76,9,trigger,synthetic,synthetic,synthetic,synth-v1.0.0,42,932480f22477dd00,baseline
SP-021:sul:024000:2024-05-22,SP-021:sul:024000,SP-021,sul,24.25,open-meteo:era5_seamless:-23.6:-46.8,2024-05-22,55.99,6.04,47.76,3,trigger,synthetic,synthetic,synthetic,synth-v1.0.0,42,932480f22477dd00,baseline
SP-021:sul:024000:2024-07-29,SP-021:sul:024000,SP-021,sul,24.25,open-meteo:era5_seamless:-23.6:-46.8,2024-07-29,56.75,7.81,47.76,8,trigger,synthetic,synthetic,synthetic,synth-v1.0.0,42,932480f22477dd00,baseline
SP-021:sul:024000:2024-09-11,SP-021:sul:024000,SP-021,sul,24.25,open-meteo:era5_seamless:-23.6:-46.8,2024-09-11,61.21,5.68,47.76,3,trigger,synthetic,synthetic,synthetic,synth-v1.0.0,42,932480f22477dd00,baseline
SP-021:sul:024000:2024-11-01,SP-021:sul:024000,SP-021,sul,24.25,open-meteo:era5_seamless:-23.6:-46.8,2024-11-01,78.35,4.14,47.76,12,trigger,synthetic,synthetic,synthetic,synth-v1.0.0,42,932480f22477dd00,baseline
SP-021:sul:024000:2024-12-10,SP-021:sul:024000,SP-021,sul,24.25,open-meteo:era5_seamless:-23.6:-46.8,2024-12-10,79.45,6.26,47.76,9,trigger,synthetic,synthetic,synthetic,synth-v1.0.0,42,932480f22477dd00,baseline
SP-021:sul:024000:2025-01-12,SP-021:sul:024000,SP-021,sul,24.25,open-meteo:era5_seamless:-23.6:-46.8,2025-01-12,84.3,5.69,47.76,7,trigger,synthetic,synthetic,synthetic,synth-v1.0.0,42,932480f22477dd00,baseline
SP-021:sul:024000:2025-02-07,SP-021:sul:024000,SP-021,sul,24.25,open-meteo:era5_seamless:-23.6:-46.8,2025-02-07,71.05,4.62,47.76,5,trigger,synthetic,synthetic,synthetic,synth-v1.0.0,42,932480f22477dd00,baseline
SP-021:sul:024000:2025-03-07,SP-021:sul:024000,SP-021,sul,24.25,open-meteo:era5_seamless:-23.6:-46.8,2025-03-07,79.55,7.09,47.76,12,proactive,synthetic,synthetic,synthetic,synth-v1.0.0,42,932480f22477dd00,baseline
SP-021:sul:024000:2025-04-08,SP-021:sul:024000,SP-021,sul,24.25,open-meteo:era5_seamless:-23.6:-46.8,2025-04-08,67.0,4.23,47.76,2,trigger,synthetic,synthetic,synthetic,synth-v1.0.0,42,932480f22477dd00,baseline
SP-021:sul:024000:2025-05-21,SP-021:sul:024000,SP-021,sul,24.25,open-meteo:era5_seamless:-23.6:-46.8,2025-05-21,59.27,4.97,47.76,3,trigger,synthetic,synthetic,synthetic,synth-v1.0.0,42,932480f22477dd00,baseline
SP-021:sul:024000:2025-09-20,SP-021:sul:024000,SP-021,sul,24.25,open-meteo:era5_seamless:-23.6:-46.8,2025-09-20,79.87,4.91,47.76,13,trigger,synthetic,synthetic,synthetic,synth-v1.0.0,42,932480f22477dd00,baseline
SP-021:sul:024000:2025-11-19,SP-021:sul:024000,SP-021,sul,24.25,open-meteo:era5_seamless:-23.6:-46.8,2025-11-19,77.09,6.73,47.76,10,trigger,synthetic,synthetic,synthetic,synth-v1.0.0,42,932480f22477dd00,baseline
SP-021:sul:024000:2026-01-10,SP-021:sul:024000,SP-021,sul,24.25,open-meteo:era5_seamless:-23.6:-46.8,2026-01-10,96.82,4.81,47.76,20,trigger,synthetic,synthetic,synthetic,synth-v1.0.0,42,932480f22477dd00,baseline
SP-021:sul:024000:2026-03-02,SP-021:sul:024000,SP-021,sul,24.25,open-meteo:era5_seamless:-23.6:-46.8,2026-03-02,98.02,6.77,47.76,15,trigger,synthetic,synthetic,synthetic,synth-v1.0.0,42,932480f22477dd00,baseline
SP-021:sul:024000:2026-04-24,SP-021:sul:024000,SP-021,sul,24.25,open-meteo:era5_seamless:-23.6:-46.8,2026-04-24,97.67,5.18,47.76,19,trigger,synthetic,synthetic,synthetic,synth-v1.0.0,42,932480f22477dd00,baseline
SP-021:sul:024000:2026-07-12,SP-021:sul:024000,SP-021,sul,24.25,open-meteo:era5_seamless:-23.6:-46.8,2026-07-12,57.13,6.56,47.76,7,trigger,synthetic,synthetic,synthetic,synth-v1.0.0,42,932480f22477dd00,baseline
SP-021:sul:024000:2026-09-01,SP-021:sul:024000,SP-021,sul,24.25,open-meteo:era5_seamless:-23.6:-46.8,2026-09-01,59.75,4.45,47.76,7,trigger,synthetic,synthetic,synthetic,synth-v1.0.0,42,932480f22477dd00,baseline
SP-021:norte:024500:2023-01-14,SP-021:norte:024500,SP-021,norte,24.75,open-meteo:era5_seamless:-23.6:-46.8,2023-01-14,57.65,7.01,36.62,6,trigger,synthetic,synthetic,synthetic,synth-v1.0.0,42,932480f22477dd00,baseline
SP-021:norte:024500:2023-02-17,SP-021:norte:024500,SP-021,norte,24.75,open-meteo:era5_seamless:-23.6:-46.8,2023-02-17,72.97,3.32,36.62,12,trigger,synthetic,synthetic,synthetic,synth-v1.0.0,42,932480f22477dd00,baseline
SP-021:norte:024500:2023-03-17,SP-021:norte:024500,SP-021,norte,24.75,open-meteo:era5_seamless:-23.6:-46.8,2023-03-17,49.61,5.4,36.62,5,trigger,synthetic,synthetic,synthetic,synth-v1.0.0,42,932480f22477dd00,baseline
SP-021:norte:024500:2023-04-21,SP-021:norte:024500,SP-021,norte,24.75,open-meteo:era5_seamless:-23.6:-46.8,2023-04-21,50.45,5.93,36.62,5,trigger,synthetic,synthetic,synthetic,synth-v1.0.0,42,932480f22477dd00,baseline
SP-021:norte:024500:2023-07-10,SP-021:norte:024500,SP-021,norte,24.75,open-meteo:era5_seamless:-23.6:-46.8,2023-07-10,45.75,3.91,36.62,15,trigger,synthetic,synthetic,synthetic,synth-v1.0.0,42,932480f22477dd00,baseline
SP-021:norte:024500:2023-09-13,SP-021:norte:024500,SP-021,norte,24.75,open-meteo:era5_seamless:-23.6:-46.8,2023-09-13,48.28,4.17,36.62,3,trigger,synthetic,synthetic,synthetic,synth-v1.0.0,42,932480f22477dd00,baseline
SP-021:norte:024500:2023-11-01,SP-021:norte:024500,SP-021,norte,24.75,open-meteo:era5_seamless:-23.6:-46.8,2023-11-01,67.57,6.36,36.62,10,trigger,synthetic,synthetic,synthetic,synth-v1.0.0,42,932480f22477dd00,baseline
SP-021:norte:024500:2023-12-03,SP-021:norte:024500,SP-021,norte,24.75,open-meteo:era5_seamless:-23.6:-46.8,2023-12-03,55.08,6.0,36.62,7,trigger,synthetic,synthetic,synthetic,synth-v1.0.0,42,932480f22477dd00,baseline
SP-021:norte:024500:2024-01-09,SP-021:norte:024500,SP-021,norte,24.75,open-meteo:era5_seamless:-23.6:-46.8,2024-01-09,60.12,6.98,36.62,9,trigger,synthetic,synthetic,synthetic,synth-v1.0.0,42,932480f22477dd00,baseline
SP-021:norte:024500:2024-02-15,SP-021:norte:024500,SP-021,norte,24.75,open-meteo:era5_seamless:-23.6:-46.8,2024-02-15,73.29,4.81,36.62,11,trigger,synthetic,synthetic,synthetic,synth-v1.0.0,42,932480f22477dd00,baseline
SP-021:norte:024500:2024-03-12,SP-021:norte:024500,SP-021,norte,24.75,open-meteo:era5_seamless:-23.6:-46.8,2024-03-12,54.59,3.29,36.62,2,trigger,synthetic,synthetic,synthetic,synth-v1.0.0,42,932480f22477dd00,baseline
SP-021:norte:024500:2024-04-18,SP-021:norte:024500,SP-021,norte,24.75,open-meteo:era5_seamless:-23.6:-46.8,2024-04-18,66.67,3.32,36.62,11,trigger,synthetic,synthetic,synthetic,synth-v1.0.0,42,932480f22477dd00,baseline
SP-021:norte:024500:2024-05-29,SP-021:norte:024500,SP-021,norte,24.75,open-meteo:era5_seamless:-23.6:-46.8,2024-05-29,44.58,7.49,36.62,3,trigger,synthetic,synthetic,synthetic,synth-v1.0.0,42,932480f22477dd00,baseline
SP-021:norte:024500:2024-07-27,SP-021:norte:024500,SP-021,norte,24.75,open-meteo:era5_seamless:-23.6:-46.8,2024-07-27,41.24,4.09,36.62,6,trigger,synthetic,synthetic,synthetic,synth-v1.0.0,42,932480f22477dd00,baseline
SP-021:norte:024500:2024-09-18,SP-021:norte:024500,SP-021,norte,24.75,open-meteo:era5_seamless:-23.6:-46.8,2024-09-18,43.18,7.78,36.62,3,trigger,synthetic,synthetic,synthetic,synth-v1.0.0,42,932480f22477dd00,baseline
SP-021:norte:024500:2024-10-30,SP-021:norte:024500,SP-021,norte,24.75,open-meteo:era5_seamless:-23.6:-46.8,2024-10-30,54.43,6.04,36.62,10,trigger,synthetic,synthetic,synthetic,synth-v1.0.0,42,932480f22477dd00,baseline
SP-021:norte:024500:2024-12-08,SP-021:norte:024500,SP-021,norte,24.75,open-meteo:era5_seamless:-23.6:-46.8,2024-12-08,68.15,5.69,36.62,7,trigger,synthetic,synthetic,synthetic,synth-v1.0.0,42,932480f22477dd00,baseline
SP-021:norte:024500:2025-01-15,SP-021:norte:024500,SP-021,norte,24.75,open-meteo:era5_seamless:-23.6:-46.8,2025-01-15,68.36,6.34,36.62,10,trigger,synthetic,synthetic,synthetic,synth-v1.0.0,42,932480f22477dd00,baseline
SP-021:norte:024500:2025-02-16,SP-021:norte:024500,SP-021,norte,24.75,open-meteo:era5_seamless:-23.6:-46.8,2025-02-16,73.2,4.75,36.62,14,trigger,synthetic,synthetic,synthetic,synth-v1.0.0,42,932480f22477dd00,baseline
SP-021:norte:024500:2025-03-18,SP-021:norte:024500,SP-021,norte,24.75,open-meteo:era5_seamless:-23.6:-46.8,2025-03-18,51.8,4.04,36.62,2,trigger,synthetic,synthetic,synthetic,synth-v1.0.0,42,932480f22477dd00,baseline
SP-021:norte:024500:2025-05-05,SP-021:norte:024500,SP-021,norte,24.75,open-meteo:era5_seamless:-23.6:-46.8,2025-05-05,64.37,5.54,36.62,15,trigger,synthetic,synthetic,synthetic,synth-v1.0.0,42,932480f22477dd00,baseline
SP-021:norte:024500:2025-08-19,SP-021:norte:024500,SP-021,norte,24.75,open-meteo:era5_seamless:-23.6:-46.8,2025-08-19,41.66,5.77,36.62,2,trigger,synthetic,synthetic,synthetic,synth-v1.0.0,42,932480f22477dd00,baseline
SP-021:norte:024500:2025-10-10,SP-021:norte:024500,SP-021,norte,24.75,open-meteo:era5_seamless:-23.6:-46.8,2025-10-10,41.64,5.24,36.62,5,trigger,synthetic,synthetic,synthetic,synth-v1.0.0,42,932480f22477dd00,baseline
SP-021:norte:024500:2025-12-13,SP-021:norte:024500,SP-021,norte,24.75,open-meteo:era5_seamless:-23.6:-46.8,2025-12-13,72.95,4.84,36.62,6,trigger,synthetic,synthetic,synthetic,synth-v1.0.0,42,932480f22477dd00,baseline
SP-021:norte:024500:2026-01-07,SP-021:norte:024500,SP-021,norte,24.75,open-meteo:era5_seamless:-23.6:-46.8,2026-01-07,42.32,3.94,36.62,3,trigger,synthetic,synthetic,synthetic,synth-v1.0.0,42,932480f22477dd00,baseline
SP-021:norte:024500:2026-02-18,SP-021:norte:024500,SP-021,norte,24.75,open-meteo:era5_seamless:-23.6:-46.8,2026-02-18,71.11,4.44,36.62,10,trigger,synthetic,synthetic,synthetic,synth-v1.0.0,42,932480f22477dd00,baseline
SP-021:norte:024500:2026-04-02,SP-021:norte:024500,SP-021,norte,24.75,open-meteo:era5_seamless:-23.6:-46.8,2026-04-02,74.35,5.03,36.62,4,trigger,synthetic,synthetic,synthetic,synth-v1.0.0,42,932480f22477dd00,baseline
SP-021:norte:024500:2026-05-16,SP-021:norte:024500,SP-021,norte,24.75,open-meteo:era5_seamless:-23.6:-46.8,2026-05-16,49.06,4.92,36.62,6,trigger,synthetic,synthetic,synthetic,synth-v1.0.0,42,932480f22477dd00,baseline
SP-021:norte:024500:2026-09-01,SP-021:norte:024500,SP-021,norte,24.75,open-meteo:era5_seamless:-23.6:-46.8,2026-09-01,63.47,3.48,36.62,18,trigger,synthetic,synthetic,synthetic,synth-v1.0.0,42,932480f22477dd00,baseline
SP-021:sul:024500:2023-02-05,SP-021:sul:024500,SP-021,sul,24.75,open-meteo:era5_seamless:-23.6:-46.8,2023-02-05,98.72,5.22,48.05,14,trigger,synthetic,synthetic,synthetic,synth-v1.0.0,42,932480f22477dd00,baseline
SP-021:sul:024500:2023-03-06,SP-021:sul:024500,SP-021,sul,24.75,open-meteo:era5_seamless:-23.6:-46.8,2023-03-06,81.55,7.79,48.05,8,trigger,synthetic,synthetic,synthetic,synth-v1.0.0,42,932480f22477dd00,baseline
SP-021:sul:024500:2023-04-05,SP-021:sul:024500,SP-021,sul,24.75,open-meteo:era5_seamless:-23.6:-46.8,2023-04-05,80.56,3.64,48.05,10,trigger,synthetic,synthetic,synthetic,synth-v1.0.0,42,932480f22477dd00,baseline
SP-021:sul:024500:2023-06-10,SP-021:sul:024500,SP-021,sul,24.75,open-meteo:era5_seamless:-23.6:-46.8,2023-06-10,63.37,7.38,48.05,13,trigger,synthetic,synthetic,synthetic,synth-v1.0.0,42,932480f22477dd00,baseline
SP-021:sul:024500:2023-08-15,SP-021:sul:024500,SP-021,sul,24.75,open-meteo:era5_seamless:-23.6:-46.8,2023-08-15,54.61,4.46,48.05,2,trigger,synthetic,synthetic,synthetic,synth-v1.0.0,42,932480f22477dd00,baseline
SP-021:sul:024500:2023-10-02,SP-021:sul:024500,SP-021,sul,24.75,open-meteo:era5_seamless:-23.6:-46.8,2023-10-02,79.54,3.96,48.05,8,trigger,synthetic,synthetic,synthetic,synth-v1.0.0,42,932480f22477dd00,baseline
SP-021:sul:024500:2023-11-13,SP-021:sul:024500,SP-021,sul,24.75,open-meteo:era5_seamless:-23.6:-46.8,2023-11-13,80.36,6.86,48.05,8,trigger,synthetic,synthetic,synthetic,synth-v1.0.0,42,932480f22477dd00,baseline
SP-021:sul:024500:2023-12-23,SP-021:sul:024500,SP-021,sul,24.75,open-meteo:era5_seamless:-23.6:-46.8,2023-12-23,91.24,5.6,48.05,6,trigger,synthetic,synthetic,synthetic,synth-v1.0.0,42,932480f22477dd00,baseline
SP-021:sul:024500:2024-01-29,SP-021:sul:024500,SP-021,sul,24.75,open-meteo:era5_seamless:-23.6:-46.8,2024-01-29,81.87,4.54,48.05,8,trigger,synthetic,synthetic,synthetic,synth-v1.0.0,42,932480f22477dd00,baseline
SP-021:sul:024500:2024-03-08,SP-021:sul:024500,SP-021,sul,24.75,open-meteo:era5_seamless:-23.6:-46.8,2024-03-08,96.12,3.25,48.05,12,trigger,synthetic,synthetic,synthetic,synth-v1.0.0,42,932480f22477dd00,baseline
SP-021:sul:024500:2024-05-04,SP-021:sul:024500,SP-021,sul,24.75,open-meteo:era5_seamless:-23.6:-46.8,2024-05-04,101.46,6.47,48.05,20,trigger,synthetic,synthetic,synthetic,synth-v1.0.0,42,932480f22477dd00,baseline
SP-021:sul:024500:2024-07-06,SP-021:sul:024500,SP-021,sul,24.75,open-meteo:era5_seamless:-23.6:-46.8,2024-07-06,86.03,5.13,48.05,20,trigger,synthetic,synthetic,synthetic,synth-v1.0.0,42,932480f22477dd00,baseline
SP-021:sul:024500:2024-09-08,SP-021:sul:024500,SP-021,sul,24.75,open-meteo:era5_seamless:-23.6:-46.8,2024-09-08,70.82,5.72,48.05,7,trigger,synthetic,synthetic,synthetic,synth-v1.0.0,42,932480f22477dd00,baseline
SP-021:sul:024500:2024-10-28,SP-021:sul:024500,SP-021,sul,24.75,open-meteo:era5_seamless:-23.6:-46.8,2024-10-28,87.17,4.44,48.05,15,trigger,synthetic,synthetic,synthetic,synth-v1.0.0,42,932480f22477dd00,baseline
SP-021:sul:024500:2024-12-25,SP-021:sul:024500,SP-021,sul,24.75,open-meteo:era5_seamless:-23.6:-46.8,2024-12-25,100.14,5.09,48.05,17,trigger,synthetic,synthetic,synthetic,synth-v1.0.0,42,932480f22477dd00,baseline
SP-021:sul:024500:2025-02-11,SP-021:sul:024500,SP-021,sul,24.75,open-meteo:era5_seamless:-23.6:-46.8,2025-02-11,101.53,6.86,48.05,23,trigger,synthetic,synthetic,synthetic,synth-v1.0.0,42,932480f22477dd00,baseline
SP-021:sul:024500:2025-03-07,SP-021:sul:024500,SP-021,sul,24.75,open-meteo:era5_seamless:-23.6:-46.8,2025-03-07,74.56,5.58,48.05,5,trigger,synthetic,synthetic,synthetic,synth-v1.0.0,42,932480f22477dd00,baseline
SP-021:sul:024500:2025-04-11,SP-021:sul:024500,SP-021,sul,24.75,open-meteo:era5_seamless:-23.6:-46.8,2025-04-11,76.71,5.83,48.05,5,trigger,synthetic,synthetic,synthetic,synth-v1.0.0,42,932480f22477dd00,baseline
SP-021:sul:024500:2025-05-29,SP-021:sul:024500,SP-021,sul,24.75,open-meteo:era5_seamless:-23.6:-46.8,2025-05-29,71.05,3.98,48.05,11,trigger,synthetic,synthetic,synthetic,synth-v1.0.0,42,932480f22477dd00,baseline
SP-021:sul:024500:2025-09-17,SP-021:sul:024500,SP-021,sul,24.75,open-meteo:era5_seamless:-23.6:-46.8,2025-09-17,73.19,6.94,48.05,10,trigger,synthetic,synthetic,synthetic,synth-v1.0.0,42,932480f22477dd00,baseline
SP-021:sul:024500:2025-11-11,SP-021:sul:024500,SP-021,sul,24.75,open-meteo:era5_seamless:-23.6:-46.8,2025-11-11,80.59,5.51,48.05,16,trigger,synthetic,synthetic,synthetic,synth-v1.0.0,42,932480f22477dd00,baseline
SP-021:sul:024500:2025-12-09,SP-021:sul:024500,SP-021,sul,24.75,open-meteo:era5_seamless:-23.6:-46.8,2025-12-09,43.1,6.32,48.05,2,proactive,synthetic,synthetic,synthetic,synth-v1.0.0,42,932480f22477dd00,baseline
SP-021:sul:024500:2026-01-09,SP-021:sul:024500,SP-021,sul,24.75,open-meteo:era5_seamless:-23.6:-46.8,2026-01-09,79.53,4.96,48.05,5,trigger,synthetic,synthetic,synthetic,synth-v1.0.0,42,932480f22477dd00,baseline
SP-021:sul:024500:2026-02-13,SP-021:sul:024500,SP-021,sul,24.75,open-meteo:era5_seamless:-23.6:-46.8,2026-02-13,75.81,5.54,48.05,5,trigger,synthetic,synthetic,synthetic,synth-v1.0.0,42,932480f22477dd00,baseline
SP-021:sul:024500:2026-03-20,SP-021:sul:024500,SP-021,sul,24.75,open-meteo:era5_seamless:-23.6:-46.8,2026-03-20,86.25,5.11,48.05,12,trigger,synthetic,synthetic,synthetic,synth-v1.0.0,42,932480f22477dd00,baseline
SP-021:sul:024500:2026-04-28,SP-021:sul:024500,SP-021,sul,24.75,open-meteo:era5_seamless:-23.6:-46.8,2026-04-28,77.78,5.29,48.05,9,trigger,synthetic,synthetic,synthetic,synth-v1.0.0,42,932480f22477dd00,baseline
SP-021:sul:024500:2026-07-14,SP-021:sul:024500,SP-021,sul,24.75,open-meteo:era5_seamless:-23.6:-46.8,2026-07-14,49.87,3.4,48.05,2,trigger,synthetic,synthetic,synthetic,synth-v1.0.0,42,932480f22477dd00,baseline
SP-021:sul:024500:2026-09-01,SP-021:sul:024500,SP-021,sul,24.75,open-meteo:era5_seamless:-23.6:-46.8,2026-09-01,52.16,4.79,48.05,3,trigger,synthetic,synthetic,synthetic,synth-v1.0.0,42,932480f22477dd00,baseline
SP-021:norte:025000:2023-01-27,SP-021:norte:025000,SP-021,norte,25.25,open-meteo:era5_seamless:-23.6:-46.8,2023-01-27,66.22,6.14,46.97,5,trigger,synthetic,synthetic,synthetic,synth-v1.0.0,42,932480f22477dd00,baseline
SP-021:norte:025000:2023-03-20,SP-021:norte:025000,SP-021,norte,25.25,open-meteo:era5_seamless:-23.6:-46.8,2023-03-20,91.43,4.11,46.97,8,trigger,synthetic,synthetic,synthetic,synth-v1.0.0,42,932480f22477dd00,baseline
SP-021:norte:025000:2023-05-31,SP-021:norte:025000,SP-021,norte,25.25,open-meteo:era5_seamless:-23.6:-46.8,2023-05-31,49.1,6.18,46.97,3,trigger,synthetic,synthetic,synthetic,synth-v1.0.0,42,932480f22477dd00,baseline
SP-021:norte:025000:2023-09-27,SP-021:norte:025000,SP-021,norte,25.25,open-meteo:era5_seamless:-23.6:-46.8,2023-09-27,81.65,3.78,46.97,17,trigger,synthetic,synthetic,synthetic,synth-v1.0.0,42,932480f22477dd00,baseline
SP-021:norte:025000:2023-11-23,SP-021:norte:025000,SP-021,norte,25.25,open-meteo:era5_seamless:-23.6:-46.8,2023-11-23,62.61,3.12,46.97,4,trigger,synthetic,synthetic,synthetic,synth-v1.0.0,42,932480f22477dd00,baseline
SP-021:norte:025000:2024-01-10,SP-021:norte:025000,SP-021,norte,25.25,open-meteo:era5_seamless:-23.6:-46.8,2024-01-10,45.91,7.55,46.97,3,proactive,synthetic,synthetic,synthetic,synth-v1.0.0,42,932480f22477dd00,baseline
SP-021:norte:025000:2024-02-29,SP-021:norte:025000,SP-021,norte,25.25,open-meteo:era5_seamless:-23.6:-46.8,2024-02-29,82.31,6.77,46.97,11,trigger,synthetic,synthetic,synthetic,synth-v1.0.0,42,932480f22477dd00,baseline
SP-021:norte:025000:2024-04-14,SP-021:norte:025000,SP-021,norte,25.25,open-meteo:era5_seamless:-23.6:-46.8,2024-04-14,77.68,6.73,46.97,14,trigger,synthetic,synthetic,synthetic,synth-v1.0.0,42,932480f22477dd00,baseline
SP-021:norte:025000:2024-06-12,SP-021:norte:025000,SP-021,norte,25.25,open-meteo:era5_seamless:-23.6:-46.8,2024-06-12,55.58,4.0,46.97,10,trigger,synthetic,synthetic,synthetic,synth-v1.0.0,42,932480f22477dd00,baseline
SP-021:norte:025000:2024-09-23,SP-021:norte:025000,SP-021,norte,25.25,open-meteo:era5_seamless:-23.6:-46.8,2024-09-23,65.89,7.87,46.97,8,trigger,synthetic,synthetic,synthetic,synth-v1.0.0,42,932480f22477dd00,baseline
SP-021:norte:025000:2024-11-17,SP-021:norte:025000,SP-021,norte,25.25,open-meteo:era5_seamless:-23.6:-46.8,2024-11-17,58.61,4.21,46.97,7,trigger,synthetic,synthetic,synthetic,synth-v1.0.0,42,932480f22477dd00,baseline
SP-021:norte:025000:2025-01-14,SP-021:norte:025000,SP-021,norte,25.25,open-meteo:era5_seamless:-23.6:-46.8,2025-01-14,72.35,7.47,46.97,9,trigger,synthetic,synthetic,synthetic,synth-v1.0.0,42,932480f22477dd00,baseline
SP-021:norte:025000:2025-02-20,SP-021:norte:025000,SP-021,norte,25.25,open-meteo:era5_seamless:-23.6:-46.8,2025-02-20,72.2,7.32,46.97,4,trigger,synthetic,synthetic,synthetic,synth-v1.0.0,42,932480f22477dd00,baseline
SP-021:norte:025000:2025-04-19,SP-021:norte:025000,SP-021,norte,25.25,open-meteo:era5_seamless:-23.6:-46.8,2025-04-19,85.27,6.75,46.97,13,trigger,synthetic,synthetic,synthetic,synth-v1.0.0,42,932480f22477dd00,baseline
SP-021:norte:025000:2025-06-20,SP-021:norte:025000,SP-021,norte,25.25,open-meteo:era5_seamless:-23.6:-46.8,2025-06-20,35.39,6.16,46.97,5,proactive,synthetic,synthetic,synthetic,synth-v1.0.0,42,932480f22477dd00,baseline
SP-021:norte:025000:2025-10-07,SP-021:norte:025000,SP-021,norte,25.25,open-meteo:era5_seamless:-23.6:-46.8,2025-10-07,49.72,6.69,46.97,2,trigger,synthetic,synthetic,synthetic,synth-v1.0.0,42,932480f22477dd00,baseline
SP-021:norte:025000:2025-12-12,SP-021:norte:025000,SP-021,norte,25.25,open-meteo:era5_seamless:-23.6:-46.8,2025-12-12,61.0,4.86,46.97,5,trigger,synthetic,synthetic,synthetic,synth-v1.0.0,42,932480f22477dd00,baseline
SP-021:norte:025000:2026-02-05,SP-021:norte:025000,SP-021,norte,25.25,open-meteo:era5_seamless:-23.6:-46.8,2026-02-05,73.5,4.75,46.97,11,trigger,synthetic,synthetic,synthetic,synth-v1.0.0,42,932480f22477dd00,baseline
SP-021:norte:025000:2026-03-18,SP-021:norte:025000,SP-021,norte,25.25,open-meteo:era5_seamless:-23.6:-46.8,2026-03-18,54.3,6.99,46.97,3,trigger,synthetic,synthetic,synthetic,synth-v1.0.0,42,932480f22477dd00,baseline
SP-021:norte:025000:2026-05-07,SP-021:norte:025000,SP-021,norte,25.25,open-meteo:era5_seamless:-23.6:-46.8,2026-05-07,65.12,3.66,46.97,11,trigger,synthetic,synthetic,synthetic,synth-v1.0.0,42,932480f22477dd00,baseline
SP-021:sul:025000:2023-01-18,SP-021:sul:025000,SP-021,sul,25.25,open-meteo:era5_seamless:-23.6:-46.8,2023-01-18,65.51,5.45,53.16,3,trigger,synthetic,synthetic,synthetic,synth-v1.0.0,42,932480f22477dd00,baseline
SP-021:sul:025000:2023-02-26,SP-021:sul:025000,SP-021,sul,25.25,open-meteo:era5_seamless:-23.6:-46.8,2023-02-26,100.66,6.82,53.16,14,trigger,synthetic,synthetic,synthetic,synth-v1.0.0,42,932480f22477dd00,baseline
SP-021:sul:025000:2023-03-22,SP-021:sul:025000,SP-021,sul,25.25,open-meteo:era5_seamless:-23.6:-46.8,2023-03-22,79.36,5.91,53.16,3,trigger,synthetic,synthetic,synthetic,synth-v1.0.0,42,932480f22477dd00,baseline
SP-021:sul:025000:2023-04-18,SP-021:sul:025000,SP-021,sul,25.25,open-meteo:era5_seamless:-23.6:-46.8,2023-04-18,58.63,6.12,53.16,2,trigger,synthetic,synthetic,synthetic,synth-v1.0.0,42,932480f22477dd00,baseline
SP-021:sul:025000:2023-06-11,SP-021:sul:025000,SP-021,sul,25.25,open-meteo:era5_seamless:-23.6:-46.8,2023-06-11,67.55,7.46,53.16,14,trigger,synthetic,synthetic,synthetic,synth-v1.0.0,42,932480f22477dd00,baseline
SP-021:sul:025000:2023-08-18,SP-021:sul:025000,SP-021,sul,25.25,open-meteo:era5_seamless:-23.6:-46.8,2023-08-18,78.28,7.33,53.16,5,trigger,synthetic,synthetic,synthetic,synth-v1.0.0,42,932480f22477dd00,baseline
SP-021:sul:025000:2023-09-21,SP-021:sul:025000,SP-021,sul,25.25,open-meteo:era5_seamless:-23.6:-46.8,2023-09-21,71.07,6.97,53.16,4,trigger,synthetic,synthetic,synthetic,synth-v1.0.0,42,932480f22477dd00,baseline
SP-021:sul:025000:2023-11-18,SP-021:sul:025000,SP-021,sul,25.25,open-meteo:era5_seamless:-23.6:-46.8,2023-11-18,102.17,6.83,53.16,27,trigger,synthetic,synthetic,synthetic,synth-v1.0.0,42,932480f22477dd00,baseline
SP-021:sul:025000:2023-12-25,SP-021:sul:025000,SP-021,sul,25.25,open-meteo:era5_seamless:-23.6:-46.8,2023-12-25,96.8,4.09,53.16,8,trigger,synthetic,synthetic,synthetic,synth-v1.0.0,42,932480f22477dd00,baseline
SP-021:sul:025000:2024-01-29,SP-021:sul:025000,SP-021,sul,25.25,open-meteo:era5_seamless:-23.6:-46.8,2024-01-29,83.78,3.82,53.16,8,trigger,synthetic,synthetic,synthetic,synth-v1.0.0,42,932480f22477dd00,baseline
SP-021:sul:025000:2024-03-19,SP-021:sul:025000,SP-021,sul,25.25,open-meteo:era5_seamless:-23.6:-46.8,2024-03-19,102.37,5.77,53.16,23,trigger,synthetic,synthetic,synthetic,synth-v1.0.0,42,932480f22477dd00,baseline
SP-021:sul:025000:2024-04-19,SP-021:sul:025000,SP-021,sul,25.25,open-meteo:era5_seamless:-23.6:-46.8,2024-04-19,87.31,5.69,53.16,5,trigger,synthetic,synthetic,synthetic,synth-v1.0.0,42,932480f22477dd00,baseline
SP-021:sul:025000:2024-05-15,SP-021:sul:025000,SP-021,sul,25.25,open-meteo:era5_seamless:-23.6:-46.8,2024-05-15,75.68,6.06,53.16,3,trigger,synthetic,synthetic,synthetic,synth-v1.0.0,42,932480f22477dd00,baseline
SP-021:sul:025000:2024-07-10,SP-021:sul:025000,SP-021,sul,25.25,open-meteo:era5_seamless:-23.6:-46.8,2024-07-10,76.43,7.88,53.16,3,trigger,synthetic,synthetic,synthetic,synth-v1.0.0,42,932480f22477dd00,baseline
SP-021:sul:025000:2024-09-03,SP-021:sul:025000,SP-021,sul,25.25,open-meteo:era5_seamless:-23.6:-46.8,2024-09-03,80.53,4.39,53.16,9,trigger,synthetic,synthetic,synthetic,synth-v1.0.0,42,932480f22477dd00,baseline
SP-021:sul:025000:2024-10-18,SP-021:sul:025000,SP-021,sul,25.25,open-meteo:era5_seamless:-23.6:-46.8,2024-10-18,86.98,7.18,53.16,12,trigger,synthetic,synthetic,synthetic,synth-v1.0.0,42,932480f22477dd00,baseline
SP-021:sul:025000:2024-11-20,SP-021:sul:025000,SP-021,sul,25.25,open-meteo:era5_seamless:-23.6:-46.8,2024-11-20,81.87,5.61,53.16,3,trigger,synthetic,synthetic,synthetic,synth-v1.0.0,42,932480f22477dd00,baseline
SP-021:sul:025000:2024-12-24,SP-021:sul:025000,SP-021,sul,25.25,open-meteo:era5_seamless:-23.6:-46.8,2024-12-24,93.37,3.9,53.16,9,trigger,synthetic,synthetic,synthetic,synth-v1.0.0,42,932480f22477dd00,baseline
SP-021:sul:025000:2025-01-23,SP-021:sul:025000,SP-021,sul,25.25,open-meteo:era5_seamless:-23.6:-46.8,2025-01-23,78.7,5.83,53.16,4,trigger,synthetic,synthetic,synthetic,synth-v1.0.0,42,932480f22477dd00,baseline
SP-021:sul:025000:2025-02-20,SP-021:sul:025000,SP-021,sul,25.25,open-meteo:era5_seamless:-23.6:-46.8,2025-02-20,94.97,5.02,53.16,4,trigger,synthetic,synthetic,synthetic,synth-v1.0.0,42,932480f22477dd00,baseline
SP-021:sul:025000:2025-04-04,SP-021:sul:025000,SP-021,sul,25.25,open-meteo:era5_seamless:-23.6:-46.8,2025-04-04,101.24,4.3,53.16,19,trigger,synthetic,synthetic,synthetic,synth-v1.0.0,42,932480f22477dd00,baseline
SP-021:sul:025000:2025-05-27,SP-021:sul:025000,SP-021,sul,25.25,open-meteo:era5_seamless:-23.6:-46.8,2025-05-27,90.55,4.14,53.16,16,trigger,synthetic,synthetic,synthetic,synth-v1.0.0,42,932480f22477dd00,baseline
SP-021:sul:025000:2025-08-29,SP-021:sul:025000,SP-021,sul,25.25,open-meteo:era5_seamless:-23.6:-46.8,2025-08-29,63.71,5.65,53.16,5,trigger,synthetic,synthetic,synthetic,synth-v1.0.0,42,932480f22477dd00,baseline
SP-021:sul:025000:2025-10-07,SP-021:sul:025000,SP-021,sul,25.25,open-meteo:era5_seamless:-23.6:-46.8,2025-10-07,63.94,7.91,53.16,2,trigger,synthetic,synthetic,synthetic,synth-v1.0.0,42,932480f22477dd00,baseline
SP-021:sul:025000:2025-11-13,SP-021:sul:025000,SP-021,sul,25.25,open-meteo:era5_seamless:-23.6:-46.8,2025-11-13,64.33,5.35,53.16,4,trigger,synthetic,synthetic,synthetic,synth-v1.0.0,42,932480f22477dd00,baseline
SP-021:sul:025000:2025-12-26,SP-021:sul:025000,SP-021,sul,25.25,open-meteo:era5_seamless:-23.6:-46.8,2025-12-26,97.72,4.2,53.16,12,trigger,synthetic,synthetic,synthetic,synth-v1.0.0,42,932480f22477dd00,baseline
SP-021:sul:025000:2026-01-20,SP-021:sul:025000,SP-021,sul,25.25,open-meteo:era5_seamless:-23.6:-46.8,2026-01-20,65.08,6.26,53.16,2,trigger,synthetic,synthetic,synthetic,synth-v1.0.0,42,932480f22477dd00,baseline
SP-021:sul:025000:2026-02-26,SP-021:sul:025000,SP-021,sul,25.25,open-meteo:era5_seamless:-23.6:-46.8,2026-02-26,100.64,6.67,53.16,11,trigger,synthetic,synthetic,synthetic,synth-v1.0.0,42,932480f22477dd00,baseline
SP-021:sul:025000:2026-04-03,SP-021:sul:025000,SP-021,sul,25.25,open-meteo:era5_seamless:-23.6:-46.8,2026-04-03,97.5,7.26,53.16,12,trigger,synthetic,synthetic,synthetic,synth-v1.0.0,42,932480f22477dd00,baseline
SP-021:sul:025000:2026-05-13,SP-021:sul:025000,SP-021,sul,25.25,open-meteo:era5_seamless:-23.6:-46.8,2026-05-13,88.06,7.45,53.16,10,trigger,synthetic,synthetic,synthetic,synth-v1.0.0,42,932480f22477dd00,baseline
SP-021:sul:025000:2026-08-01,SP-021:sul:025000,SP-021,sul,25.25,open-meteo:era5_seamless:-23.6:-46.8,2026-08-01,68.82,4.52,53.16,6,trigger,synthetic,synthetic,synthetic,synth-v1.0.0,42,932480f22477dd00,baseline
SP-021:norte:025500:2023-01-14,SP-021:norte:025500,SP-021,norte,25.75,open-meteo:era5_seamless:-23.6:-46.8,2023-01-14,67.31,6.14,36.68,6,trigger,synthetic,synthetic,synthetic,synth-v1.0.0,42,932480f22477dd00,baseline
SP-021:norte:025500:2023-02-07,SP-021:norte:025500,SP-021,norte,25.75,open-meteo:era5_seamless:-23.6:-46.8,2023-02-07,66.77,6.01,36.68,2,trigger,synthetic,synthetic,synthetic,synth-v1.0.0,42,932480f22477dd00,baseline
SP-021:norte:025500:2023-03-06,SP-021:norte:025500,SP-021,norte,25.75,open-meteo:era5_seamless:-23.6:-46.8,2023-03-06,86.5,6.06,36.68,8,trigger,synthetic,synthetic,synthetic,synth-v1.0.0,42,932480f22477dd00,baseline
SP-021:norte:025500:2023-04-11,SP-021:norte:025500,SP-021,norte,25.75,open-meteo:era5_seamless:-23.6:-46.8,2023-04-11,93.03,3.18,36.68,16,trigger,synthetic,synthetic,synthetic,synth-v1.0.0,42,932480f22477dd00,baseline
SP-021:norte:025500:2023-06-06,SP-021:norte:025500,SP-021,norte,25.75,open-meteo:era5_seamless:-23.6:-46.8,2023-06-06,52.35,5.2,36.68,9,trigger,synthetic,synthetic,synthetic,synth-v1.0.0,42,932480f22477dd00,baseline
SP-021:norte:025500:2023-08-18,SP-021:norte:025500,SP-021,norte,25.75,open-meteo:era5_seamless:-23.6:-46.8,2023-08-18,59.14,7.48,36.68,5,trigger,synthetic,synthetic,synthetic,synth-v1.0.0,42,932480f22477dd00,baseline
SP-021:norte:025500:2023-09-22,SP-021:norte:025500,SP-021,norte,25.75,open-meteo:era5_seamless:-23.6:-46.8,2023-09-22,65.59,4.23,36.68,5,trigger,synthetic,synthetic,synthetic,synth-v1.0.0,42,932480f22477dd00,baseline
SP-021:norte:025500:2023-11-08,SP-021:norte:025500,SP-021,norte,25.75,open-meteo:era5_seamless:-23.6:-46.8,2023-11-08,96.74,5.51,36.68,10,trigger,synthetic,synthetic,synthetic,synth-v1.0.0,42,932480f22477dd00,baseline
SP-021:norte:025500:2023-12-14,SP-021:norte:025500,SP-021,norte,25.75,open-meteo:era5_seamless:-23.6:-46.8,2023-12-14,89.35,6.41,36.68,11,trigger,synthetic,synthetic,synthetic,synth-v1.0.0,42,932480f22477dd00,baseline
SP-021:norte:025500:2024-01-10,SP-021:norte:025500,SP-021,norte,25.75,open-meteo:era5_seamless:-23.6:-46.8,2024-01-10,64.22,4.89,36.68,3,trigger,synthetic,synthetic,synthetic,synth-v1.0.0,42,932480f22477dd00,baseline
SP-021:norte:025500:2024-02-12,SP-021:norte:025500,SP-021,norte,25.75,open-meteo:era5_seamless:-23.6:-46.8,2024-02-12,84.25,7.57,36.68,8,trigger,synthetic,synthetic,synthetic,synth-v1.0.0,42,932480f22477dd00,baseline
SP-021:norte:025500:2024-03-18,SP-021:norte:025500,SP-021,norte,25.75,open-meteo:era5_seamless:-23.6:-46.8,2024-03-18,106.25,4.44,36.68,15,trigger,synthetic,synthetic,synthetic,synth-v1.0.0,42,932480f22477dd00,baseline
SP-021:norte:025500:2024-04-09,SP-021:norte:025500,SP-021,norte,25.75,open-meteo:era5_seamless:-23.6:-46.8,2024-04-09,40.05,7.11,36.68,2,trigger,synthetic,synthetic,synthetic,synth-v1.0.0,42,932480f22477dd00,baseline
SP-021:norte:025500:2024-05-04,SP-021:norte:025500,SP-021,norte,25.75,open-meteo:era5_seamless:-23.6:-46.8,2024-05-04,60.98,3.85,36.68,6,trigger,synthetic,synthetic,synthetic,synth-v1.0.0,42,932480f22477dd00,baseline
SP-021:norte:025500:2024-06-18,SP-021:norte:025500,SP-021,norte,25.75,open-meteo:era5_seamless:-23.6:-46.8,2024-06-18,52.68,6.65,36.68,2,trigger,synthetic,synthetic,synthetic,synth-v1.0.0,42,932480f22477dd00,baseline
SP-021:norte:025500:2024-08-08,SP-021:norte:025500,SP-021,norte,25.75,open-meteo:era5_seamless:-23.6:-46.8,2024-08-08,50.8,4.69,36.68,4,trigger,synthetic,synthetic,synthetic,synth-v1.0.0,42,932480f22477dd00,baseline
SP-021:norte:025500:2024-09-20,SP-021:norte:025500,SP-021,norte,25.75,open-meteo:era5_seamless:-23.6:-46.8,2024-09-20,62.13,7.13,36.68,5,trigger,synthetic,synthetic,synthetic,synth-v1.0.0,42,932480f22477dd00,baseline
SP-021:norte:025500:2024-10-19,SP-021:norte:025500,SP-021,norte,25.75,open-meteo:era5_seamless:-23.6:-46.8,2024-10-19,51.12,6.26,36.68,6,trigger,synthetic,synthetic,synthetic,synth-v1.0.0,42,932480f22477dd00,baseline
SP-021:norte:025500:2024-11-15,SP-021:norte:025500,SP-021,norte,25.75,open-meteo:era5_seamless:-23.6:-46.8,2024-11-15,46.87,6.55,36.68,5,trigger,synthetic,synthetic,synthetic,synth-v1.0.0,42,932480f22477dd00,baseline
SP-021:norte:025500:2024-12-11,SP-021:norte:025500,SP-021,norte,25.75,open-meteo:era5_seamless:-23.6:-46.8,2024-12-11,64.82,7.96,36.68,3,trigger,synthetic,synthetic,synthetic,synth-v1.0.0,42,932480f22477dd00,baseline
SP-021:norte:025500:2025-01-25,SP-021:norte:025500,SP-021,norte,25.75,open-meteo:era5_seamless:-23.6:-46.8,2025-01-25,108.45,5.85,36.68,27,trigger,synthetic,synthetic,synthetic,synth-v1.0.0,42,932480f22477dd00,baseline
SP-021:norte:025500:2025-02-18,SP-021:norte:025500,SP-021,norte,25.75,open-meteo:era5_seamless:-23.6:-46.8,2025-02-18,73.91,7.62,36.68,2,trigger,synthetic,synthetic,synthetic,synth-v1.0.0,42,932480f22477dd00,baseline
SP-021:norte:025500:2025-03-08,SP-021:norte:025500,SP-021,norte,25.75,open-meteo:era5_seamless:-23.6:-46.8,2025-03-08,52.92,7.77,36.68,6,proactive,synthetic,synthetic,synthetic,synth-v1.0.0,42,932480f22477dd00,baseline
SP-021:norte:025500:2025-04-13,SP-021:norte:025500,SP-021,norte,25.75,open-meteo:era5_seamless:-23.6:-46.8,2025-04-13,91.31,7.35,36.68,14,trigger,synthetic,synthetic,synthetic,synth-v1.0.0,42,932480f22477dd00,baseline
SP-021:norte:025500:2025-05-18,SP-021:norte:025500,SP-021,norte,25.75,open-meteo:era5_seamless:-23.6:-46.8,2025-05-18,58.34,5.5,36.68,7,trigger,synthetic,synthetic,synthetic,synth-v1.0.0,42,932480f22477dd00,baseline
SP-021:norte:025500:2025-08-17,SP-021:norte:025500,SP-021,norte,25.75,open-meteo:era5_seamless:-23.6:-46.8,2025-08-17,42.47,3.75,36.68,14,trigger,synthetic,synthetic,synthetic,synth-v1.0.0,42,932480f22477dd00,baseline
SP-021:norte:025500:2025-10-02,SP-021:norte:025500,SP-021,norte,25.75,open-meteo:era5_seamless:-23.6:-46.8,2025-10-02,46.57,4.33,36.68,4,trigger,synthetic,synthetic,synthetic,synth-v1.0.0,42,932480f22477dd00,baseline
SP-021:norte:025500:2025-11-13,SP-021:norte:025500,SP-021,norte,25.75,open-meteo:era5_seamless:-23.6:-46.8,2025-11-13,45.83,7.63,36.68,4,trigger,synthetic,synthetic,synthetic,synth-v1.0.0,42,932480f22477dd00,baseline
SP-021:norte:025500:2025-12-14,SP-021:norte:025500,SP-021,norte,25.75,open-meteo:era5_seamless:-23.6:-46.8,2025-12-14,68.1,6.8,36.68,7,trigger,synthetic,synthetic,synthetic,synth-v1.0.0,42,932480f22477dd00,baseline
SP-021:norte:025500:2026-01-17,SP-021:norte:025500,SP-021,norte,25.75,open-meteo:era5_seamless:-23.6:-46.8,2026-01-17,99.52,3.88,36.68,13,trigger,synthetic,synthetic,synthetic,synth-v1.0.0,42,932480f22477dd00,baseline
SP-021:norte:025500:2026-02-27,SP-021:norte:025500,SP-021,norte,25.75,open-meteo:era5_seamless:-23.6:-46.8,2026-02-27,103.82,7.26,36.68,12,trigger,synthetic,synthetic,synthetic,synth-v1.0.0,42,932480f22477dd00,baseline
SP-021:norte:025500:2026-03-26,SP-021:norte:025500,SP-021,norte,25.75,open-meteo:era5_seamless:-23.6:-46.8,2026-03-26,71.52,3.63,36.68,4,trigger,synthetic,synthetic,synthetic,synth-v1.0.0,42,932480f22477dd00,baseline
SP-021:norte:025500:2026-05-01,SP-021:norte:025500,SP-021,norte,25.75,open-meteo:era5_seamless:-23.6:-46.8,2026-05-01,66.78,4.43,36.68,5,trigger,synthetic,synthetic,synthetic,synth-v1.0.0,42,932480f22477dd00,baseline
SP-021:norte:025500:2026-07-12,SP-021:norte:025500,SP-021,norte,25.75,open-meteo:era5_seamless:-23.6:-46.8,2026-07-12,42.89,5.86,36.68,7,trigger,synthetic,synthetic,synthetic,synth-v1.0.0,42,932480f22477dd00,baseline
SP-021:norte:025500:2026-08-28,SP-021:norte:025500,SP-021,norte,25.75,open-meteo:era5_seamless:-23.6:-46.8,2026-08-28,54.29,7.4,36.68,5,trigger,synthetic,synthetic,synthetic,synth-v1.0.0,42,932480f22477dd00,baseline
SP-021:sul:025500:2023-02-03,SP-021:sul:025500,SP-021,sul,25.75,open-meteo:era5_seamless:-23.6:-46.8,2023-02-03,93.66,6.05,58.57,12,trigger,synthetic,synthetic,synthetic,synth-v1.0.0,42,932480f22477dd00,baseline
SP-021:sul:025500:2023-03-16,SP-021:sul:025500,SP-021,sul,25.75,open-meteo:era5_seamless:-23.6:-46.8,2023-03-16,69.89,3.05,58.57,4,trigger,synthetic,synthetic,synthetic,synth-v1.0.0,42,932480f22477dd00,baseline
SP-021:sul:025500:2023-07-06,SP-021:sul:025500,SP-021,sul,25.75,open-meteo:era5_seamless:-23.6:-46.8,2023-07-06,64.48,6.88,58.57,11,trigger,synthetic,synthetic,synthetic,synth-v1.0.0,42,932480f22477dd00,baseline
SP-021:sul:025500:2023-09-29,SP-021:sul:025500,SP-021,sul,25.75,open-meteo:era5_seamless:-23.6:-46.8,2023-09-29,71.88,3.91,58.57,5,trigger,synthetic,synthetic,synthetic,synth-v1.0.0,42,932480f22477dd00,baseline
SP-021:sul:025500:2023-12-24,SP-021:sul:025500,SP-021,sul,25.75,open-meteo:era5_seamless:-23.6:-46.8,2023-12-24,99.62,3.84,58.57,28,trigger,synthetic,synthetic,synthetic,synth-v1.0.0,42,932480f22477dd00,baseline
SP-021:sul:025500:2024-02-21,SP-021:sul:025500,SP-021,sul,25.75,open-meteo:era5_seamless:-23.6:-46.8,2024-02-21,78.65,7.36,58.57,10,trigger,synthetic,synthetic,synthetic,synth-v1.0.0,42,932480f22477dd00,baseline
SP-021:sul:025500:2024-03-27,SP-021:sul:025500,SP-021,sul,25.75,open-meteo:era5_seamless:-23.6:-46.8,2024-03-27,64.73,3.54,58.57,3,trigger,synthetic,synthetic,synthetic,synth-v1.0.0,42,932480f22477dd00,baseline
SP-021:sul:025500:2024-06-15,SP-021:sul:025500,SP-021,sul,25.75,open-meteo:era5_seamless:-23.6:-46.8,2024-06-15,82.79,3.39,58.57,27,trigger,synthetic,synthetic,synthetic,synth-v1.0.0,42,932480f22477dd00,baseline
SP-021:sul:025500:2024-10-18,SP-021:sul:025500,SP-021,sul,25.75,open-meteo:era5_seamless:-23.6:-46.8,2024-10-18,82.62,6.1,58.57,19,trigger,synthetic,synthetic,synthetic,synth-v1.0.0,42,932480f22477dd00,baseline
SP-021:sul:025500:2025-01-03,SP-021:sul:025500,SP-021,sul,25.75,open-meteo:era5_seamless:-23.6:-46.8,2025-01-03,98.16,7.18,58.57,26,trigger,synthetic,synthetic,synthetic,synth-v1.0.0,42,932480f22477dd00,baseline
SP-021:sul:025500:2025-02-06,SP-021:sul:025500,SP-021,sul,25.75,open-meteo:era5_seamless:-23.6:-46.8,2025-02-06,53.27,3.38,58.57,4,proactive,synthetic,synthetic,synthetic,synth-v1.0.0,42,932480f22477dd00,baseline
SP-021:sul:025500:2025-03-28,SP-021:sul:025500,SP-021,sul,25.75,open-meteo:era5_seamless:-23.6:-46.8,2025-03-28,69.81,3.08,58.57,5,trigger,synthetic,synthetic,synthetic,synth-v1.0.0,42,932480f22477dd00,baseline
SP-021:sul:025500:2025-07-03,SP-021:sul:025500,SP-021,sul,25.75,open-meteo:era5_seamless:-23.6:-46.8,2025-07-03,59.77,3.07,58.57,4,trigger,synthetic,synthetic,synthetic,synth-v1.0.0,42,932480f22477dd00,baseline
SP-021:sul:025500:2025-10-20,SP-021:sul:025500,SP-021,sul,25.75,open-meteo:era5_seamless:-23.6:-46.8,2025-10-20,37.64,5.47,58.57,8,proactive,synthetic,synthetic,synthetic,synth-v1.0.0,42,932480f22477dd00,baseline
SP-021:sul:025500:2025-12-27,SP-021:sul:025500,SP-021,sul,25.75,open-meteo:era5_seamless:-23.6:-46.8,2025-12-27,75.78,7.25,58.57,6,trigger,synthetic,synthetic,synthetic,synth-v1.0.0,42,932480f22477dd00,baseline
SP-021:sul:025500:2026-02-21,SP-021:sul:025500,SP-021,sul,25.75,open-meteo:era5_seamless:-23.6:-46.8,2026-02-21,90.53,6.99,58.57,13,trigger,synthetic,synthetic,synthetic,synth-v1.0.0,42,932480f22477dd00,baseline
SP-021:sul:025500:2026-04-08,SP-021:sul:025500,SP-021,sul,25.75,open-meteo:era5_seamless:-23.6:-46.8,2026-04-08,71.9,7.84,58.57,3,trigger,synthetic,synthetic,synthetic,synth-v1.0.0,42,932480f22477dd00,baseline
SP-021:sul:025500:2026-07-09,SP-021:sul:025500,SP-021,sul,25.75,open-meteo:era5_seamless:-23.6:-46.8,2026-07-09,59.31,3.88,58.57,4,trigger,synthetic,synthetic,synthetic,synth-v1.0.0,42,932480f22477dd00,baseline
SP-021:norte:026000:2023-01-25,SP-021:norte:026000,SP-021,norte,26.25,open-meteo:era5_seamless:-23.6:-46.8,2023-01-25,46.46,7.61,54.63,3,proactive,synthetic,synthetic,synthetic,synth-v1.0.0,42,932480f22477dd00,baseline
SP-021:norte:026000:2023-02-24,SP-021:norte:026000,SP-021,norte,26.25,open-meteo:era5_seamless:-23.6:-46.8,2023-02-24,81.99,6.09,54.63,5,trigger,synthetic,synthetic,synthetic,synth-v1.0.0,42,932480f22477dd00,baseline
SP-021:norte:026000:2023-04-02,SP-021:norte:026000,SP-021,norte,26.25,open-meteo:era5_seamless:-23.6:-46.8,2023-04-02,91.59,3.15,54.63,14,trigger,synthetic,synthetic,synthetic,synth-v1.0.0,42,932480f22477dd00,baseline
SP-021:norte:026000:2023-06-07,SP-021:norte:026000,SP-021,norte,26.25,open-meteo:era5_seamless:-23.6:-46.8,2023-06-07,63.9,6.26,54.63,3,trigger,synthetic,synthetic,synthetic,synth-v1.0.0,42,932480f22477dd00,baseline
SP-021:norte:026000:2023-09-10,SP-021:norte:026000,SP-021,norte,26.25,open-meteo:era5_seamless:-23.6:-46.8,2023-09-10,86.18,5.9,54.63,14,trigger,synthetic,synthetic,synthetic,synth-v1.0.0,42,932480f22477dd00,baseline
SP-021:norte:026000:2023-10-03,SP-021:norte:026000,SP-021,norte,26.25,open-meteo:era5_seamless:-23.6:-46.8,2023-10-03,32.37,7.72,54.63,2,proactive,synthetic,synthetic,synthetic,synth-v1.0.0,42,932480f22477dd00,baseline
SP-021:norte:026000:2023-11-20,SP-021:norte:026000,SP-021,norte,26.25,open-meteo:era5_seamless:-23.6:-46.8,2023-11-20,93.69,5.0,54.63,15,trigger,synthetic,synthetic,synthetic,synth-v1.0.0,42,932480f22477dd00,baseline
SP-021:norte:026000:2024-01-01,SP-021:norte:026000,SP-021,norte,26.25,open-meteo:era5_seamless:-23.6:-46.8,2024-01-01,87.63,4.22,54.63,8,trigger,synthetic,synthetic,synthetic,synth-v1.0.0,42,932480f22477dd00,baseline
SP-021:norte:026000:2024-02-14,SP-021:norte:026000,SP-021,norte,26.25,open-meteo:era5_seamless:-23.6:-46.8,2024-02-14,92.11,3.46,54.63,10,trigger,synthetic,synthetic,synthetic,synth-v1.0.0,42,932480f22477dd00,baseline
SP-021:norte:026000:2024-03-13,SP-021:norte:026000,SP-021,norte,26.25,open-meteo:era5_seamless:-23.6:-46.8,2024-03-13,65.42,7.25,54.63,3,trigger,synthetic,synthetic,synthetic,synth-v1.0.0,42,932480f22477dd00,baseline
SP-021:norte:026000:2024-04-18,SP-021:norte:026000,SP-021,norte,26.25,open-meteo:era5_seamless:-23.6:-46.8,2024-04-18,88.54,3.66,54.63,11,trigger,synthetic,synthetic,synthetic,synth-v1.0.0,42,932480f22477dd00,baseline
SP-021:norte:026000:2024-06-01,SP-021:norte:026000,SP-021,norte,26.25,open-meteo:era5_seamless:-23.6:-46.8,2024-06-01,74.0,7.58,54.63,13,trigger,synthetic,synthetic,synthetic,synth-v1.0.0,42,932480f22477dd00,baseline
SP-021:norte:026000:2024-07-31,SP-021:norte:026000,SP-021,norte,26.25,open-meteo:era5_seamless:-23.6:-46.8,2024-07-31,57.54,4.07,54.63,3,trigger,synthetic,synthetic,synthetic,synth-v1.0.0,42,932480f22477dd00,baseline
SP-021:norte:026000:2024-09-29,SP-021:norte:026000,SP-021,norte,26.25,open-meteo:era5_seamless:-23.6:-46.8,2024-09-29,77.17,6.76,54.63,7,trigger,synthetic,synthetic,synthetic,synth-v1.0.0,42,932480f22477dd00,baseline
SP-021:norte:026000:2024-11-10,SP-021:norte:026000,SP-021,norte,26.25,open-meteo:era5_seamless:-23.6:-46.8,2024-11-10,72.44,6.48,54.63,7,trigger,synthetic,synthetic,synthetic,synth-v1.0.0,42,932480f22477dd00,baseline
SP-021:norte:026000:2024-12-23,SP-021:norte:026000,SP-021,norte,26.25,open-meteo:era5_seamless:-23.6:-46.8,2024-12-23,92.22,5.87,54.63,15,trigger,synthetic,synthetic,synthetic,synth-v1.0.0,42,932480f22477dd00,baseline
SP-021:norte:026000:2025-01-28,SP-021:norte:026000,SP-021,norte,26.25,open-meteo:era5_seamless:-23.6:-46.8,2025-01-28,90.45,5.5,54.63,2,trigger,synthetic,synthetic,synthetic,synth-v1.0.0,42,932480f22477dd00,baseline
SP-021:norte:026000:2025-03-10,SP-021:norte:026000,SP-021,norte,26.25,open-meteo:era5_seamless:-23.6:-46.8,2025-03-10,96.74,4.4,54.63,22,proactive,synthetic,synthetic,synthetic,synth-v1.0.0,42,932480f22477dd00,baseline
SP-021:norte:026000:2025-05-01,SP-021:norte:026000,SP-021,norte,26.25,open-meteo:era5_seamless:-23.6:-46.8,2025-05-01,88.47,5.55,54.63,18,trigger,synthetic,synthetic,synthetic,synth-v1.0.0,42,932480f22477dd00,baseline
SP-021:norte:026000:2025-07-31,SP-021:norte:026000,SP-021,norte,26.25,open-meteo:era5_seamless:-23.6:-46.8,2025-07-31,61.91,3.99,54.63,11,trigger,synthetic,synthetic,synthetic,synth-v1.0.0,42,932480f22477dd00,baseline
SP-021:norte:026000:2025-10-10,SP-021:norte:026000,SP-021,norte,26.25,open-meteo:era5_seamless:-23.6:-46.8,2025-10-10,65.16,7.42,54.63,5,trigger,synthetic,synthetic,synthetic,synth-v1.0.0,42,932480f22477dd00,baseline
SP-021:norte:026000:2025-11-28,SP-021:norte:026000,SP-021,norte,26.25,open-meteo:era5_seamless:-23.6:-46.8,2025-11-28,71.39,7.08,54.63,5,trigger,synthetic,synthetic,synthetic,synth-v1.0.0,42,932480f22477dd00,baseline
SP-021:norte:026000:2026-01-04,SP-021:norte:026000,SP-021,norte,26.25,open-meteo:era5_seamless:-23.6:-46.8,2026-01-04,87.02,4.83,54.63,7,trigger,synthetic,synthetic,synthetic,synth-v1.0.0,42,932480f22477dd00,baseline
SP-021:norte:026000:2026-02-12,SP-021:norte:026000,SP-021,norte,26.25,open-meteo:era5_seamless:-23.6:-46.8,2026-02-12,80.95,4.98,54.63,4,trigger,synthetic,synthetic,synthetic,synth-v1.0.0,42,932480f22477dd00,baseline
SP-021:norte:026000:2026-04-06,SP-021:norte:026000,SP-021,norte,26.25,open-meteo:era5_seamless:-23.6:-46.8,2026-04-06,97.53,7.42,54.63,22,trigger,synthetic,synthetic,synthetic,synth-v1.0.0,42,932480f22477dd00,baseline
SP-021:norte:026000:2026-05-30,SP-021:norte:026000,SP-021,norte,26.25,open-meteo:era5_seamless:-23.6:-46.8,2026-05-30,77.76,4.41,54.63,20,trigger,synthetic,synthetic,synthetic,synth-v1.0.0,42,932480f22477dd00,baseline
SP-021:norte:026000:2026-09-01,SP-021:norte:026000,SP-021,norte,26.25,open-meteo:era5_seamless:-23.6:-46.8,2026-09-01,77.89,7.94,54.63,12,trigger,synthetic,synthetic,synthetic,synth-v1.0.0,42,932480f22477dd00,baseline
SP-021:sul:026000:2023-01-29,SP-021:sul:026000,SP-021,sul,26.25,open-meteo:era5_seamless:-23.6:-46.8,2023-01-29,74.05,4.93,36.49,7,trigger,synthetic,synthetic,synthetic,synth-v1.0.0,42,932480f22477dd00,baseline
SP-021:sul:026000:2023-03-02,SP-021:sul:026000,SP-021,sul,26.25,open-meteo:era5_seamless:-23.6:-46.8,2023-03-02,50.68,4.7,36.49,4,trigger,synthetic,synthetic,synthetic,synth-v1.0.0,42,932480f22477dd00,baseline
SP-021:sul:026000:2023-04-15,SP-021:sul:026000,SP-021,sul,26.25,open-meteo:era5_seamless:-23.6:-46.8,2023-04-15,68.5,7.69,36.49,6,trigger,synthetic,synthetic,synthetic,synth-v1.0.0,42,932480f22477dd00,baseline
SP-021:sul:026000:2023-06-17,SP-021:sul:026000,SP-021,sul,26.25,open-meteo:era5_seamless:-23.6:-46.8,2023-06-17,41.03,6.13,36.49,6,trigger,synthetic,synthetic,synthetic,synth-v1.0.0,42,932480f22477dd00,baseline
SP-021:sul:026000:2023-09-03,SP-021:sul:026000,SP-021,sul,26.25,open-meteo:era5_seamless:-23.6:-46.8,2023-09-03,48.09,7.42,36.49,7,trigger,synthetic,synthetic,synthetic,synth-v1.0.0,42,932480f22477dd00,baseline
SP-021:sul:026000:2023-10-22,SP-021:sul:026000,SP-021,sul,26.25,open-meteo:era5_seamless:-23.6:-46.8,2023-10-22,72.34,5.12,36.49,14,trigger,synthetic,synthetic,synthetic,synth-v1.0.0,42,932480f22477dd00,baseline
SP-021:sul:026000:2023-12-12,SP-021:sul:026000,SP-021,sul,26.25,open-meteo:era5_seamless:-23.6:-46.8,2023-12-12,81.39,6.54,36.49,16,trigger,synthetic,synthetic,synthetic,synth-v1.0.0,42,932480f22477dd00,baseline
SP-021:sul:026000:2024-01-22,SP-021:sul:026000,SP-021,sul,26.25,open-meteo:era5_seamless:-23.6:-46.8,2024-01-22,74.66,3.28,36.49,8,trigger,synthetic,synthetic,synthetic,synth-v1.0.0,42,932480f22477dd00,baseline
SP-021:sul:026000:2024-03-02,SP-021:sul:026000,SP-021,sul,26.25,open-meteo:era5_seamless:-23.6:-46.8,2024-03-02,63.96,5.52,36.49,6,trigger,synthetic,synthetic,synthetic,synth-v1.0.0,42,932480f22477dd00,baseline
SP-021:sul:026000:2024-04-14,SP-021:sul:026000,SP-021,sul,26.25,open-meteo:era5_seamless:-23.6:-46.8,2024-04-14,80.39,5.72,36.49,14,trigger,synthetic,synthetic,synthetic,synth-v1.0.0,42,932480f22477dd00,baseline
SP-021:sul:026000:2024-05-23,SP-021:sul:026000,SP-021,sul,26.25,open-meteo:era5_seamless:-23.6:-46.8,2024-05-23,55.07,5.19,36.49,11,trigger,synthetic,synthetic,synthetic,synth-v1.0.0,42,932480f22477dd00,baseline
SP-021:sul:026000:2024-08-23,SP-021:sul:026000,SP-021,sul,26.25,open-meteo:era5_seamless:-23.6:-46.8,2024-08-23,61.44,7.02,36.49,19,trigger,synthetic,synthetic,synthetic,synth-v1.0.0,42,932480f22477dd00,baseline
SP-021:sul:026000:2024-10-03,SP-021:sul:026000,SP-021,sul,26.25,open-meteo:era5_seamless:-23.6:-46.8,2024-10-03,49.82,3.36,36.49,4,trigger,synthetic,synthetic,synthetic,synth-v1.0.0,42,932480f22477dd00,baseline
SP-021:sul:026000:2024-11-28,SP-021:sul:026000,SP-021,sul,26.25,open-meteo:era5_seamless:-23.6:-46.8,2024-11-28,60.8,6.36,36.49,11,trigger,synthetic,synthetic,synthetic,synth-v1.0.0,42,932480f22477dd00,baseline
SP-021:sul:026000:2025-01-11,SP-021:sul:026000,SP-021,sul,26.25,open-meteo:era5_seamless:-23.6:-46.8,2025-01-11,79.46,7.83,36.49,6,trigger,synthetic,synthetic,synthetic,synth-v1.0.0,42,932480f22477dd00,baseline
SP-021:sul:026000:2025-02-10,SP-021:sul:026000,SP-021,sul,26.25,open-meteo:era5_seamless:-23.6:-46.8,2025-02-10,61.18,6.36,36.49,8,trigger,synthetic,synthetic,synthetic,synth-v1.0.0,42,932480f22477dd00,baseline
SP-021:sul:026000:2025-03-21,SP-021:sul:026000,SP-021,sul,26.25,open-meteo:era5_seamless:-23.6:-46.8,2025-03-21,77.64,5.24,36.49,12,trigger,synthetic,synthetic,synthetic,synth-v1.0.0,42,932480f22477dd00,baseline
SP-021:sul:026000:2025-05-10,SP-021:sul:026000,SP-021,sul,26.25,open-meteo:era5_seamless:-23.6:-46.8,2025-05-10,63.78,5.55,36.49,6,trigger,synthetic,synthetic,synthetic,synth-v1.0.0,42,932480f22477dd00,baseline
SP-021:sul:026000:2025-08-29,SP-021:sul:026000,SP-021,sul,26.25,open-meteo:era5_seamless:-23.6:-46.8,2025-08-29,43.38,7.34,36.49,5,trigger,synthetic,synthetic,synthetic,synth-v1.0.0,42,932480f22477dd00,baseline
SP-021:sul:026000:2025-10-16,SP-021:sul:026000,SP-021,sul,26.25,open-meteo:era5_seamless:-23.6:-46.8,2025-10-16,41.79,5.21,36.49,4,trigger,synthetic,synthetic,synthetic,synth-v1.0.0,42,932480f22477dd00,baseline
SP-021:sul:026000:2025-12-13,SP-021:sul:026000,SP-021,sul,26.25,open-meteo:era5_seamless:-23.6:-46.8,2025-12-13,62.82,6.88,36.49,6,trigger,synthetic,synthetic,synthetic,synth-v1.0.0,42,932480f22477dd00,baseline
SP-021:sul:026000:2026-02-02,SP-021:sul:026000,SP-021,sul,26.25,open-meteo:era5_seamless:-23.6:-46.8,2026-02-02,91.78,5.93,36.49,22,trigger,synthetic,synthetic,synthetic,synth-v1.0.0,42,932480f22477dd00,baseline
SP-021:sul:026000:2026-03-24,SP-021:sul:026000,SP-021,sul,26.25,open-meteo:era5_seamless:-23.6:-46.8,2026-03-24,92.0,6.07,36.49,23,trigger,synthetic,synthetic,synthetic,synth-v1.0.0,42,932480f22477dd00,baseline
SP-021:sul:026000:2026-05-02,SP-021:sul:026000,SP-021,sul,26.25,open-meteo:era5_seamless:-23.6:-46.8,2026-05-02,51.24,6.64,36.49,6,trigger,synthetic,synthetic,synthetic,synth-v1.0.0,42,932480f22477dd00,baseline
SP-021:sul:026000:2026-08-05,SP-021:sul:026000,SP-021,sul,26.25,open-meteo:era5_seamless:-23.6:-46.8,2026-08-05,44.1,5.56,36.49,3,trigger,synthetic,synthetic,synthetic,synth-v1.0.0,42,932480f22477dd00,baseline
SP-021:norte:026500:2023-01-19,SP-021:norte:026500,SP-021,norte,26.75,open-meteo:era5_seamless:-23.6:-46.8,2023-01-19,59.47,4.51,50.48,4,trigger,synthetic,synthetic,synthetic,synth-v1.0.0,42,932480f22477dd00,baseline
SP-021:norte:026500:2023-02-21,SP-021:norte:026500,SP-021,norte,26.75,open-meteo:era5_seamless:-23.6:-46.8,2023-02-21,36.43,6.36,50.48,2,proactive,synthetic,synthetic,synthetic,synth-v1.0.0,42,932480f22477dd00,baseline
SP-021:norte:026500:2023-04-12,SP-021:norte:026500,SP-021,norte,26.75,open-meteo:era5_seamless:-23.6:-46.8,2023-04-12,65.69,5.81,50.48,10,trigger,synthetic,synthetic,synthetic,synth-v1.0.0,42,932480f22477dd00,baseline
SP-021:norte:026500:2023-08-15,SP-021:norte:026500,SP-021,norte,26.75,open-meteo:era5_seamless:-23.6:-46.8,2023-08-15,55.76,5.27,50.48,2,trigger,synthetic,synthetic,synthetic,synth-v1.0.0,42,932480f22477dd00,baseline
SP-021:norte:026500:2023-10-21,SP-021:norte:026500,SP-021,norte,26.75,open-meteo:era5_seamless:-23.6:-46.8,2023-10-21,57.92,3.81,50.48,6,trigger,synthetic,synthetic,synthetic,synth-v1.0.0,42,932480f22477dd00,baseline
SP-021:norte:026500:2023-12-15,SP-021:norte:026500,SP-021,norte,26.75,open-meteo:era5_seamless:-23.6:-46.8,2023-12-15,57.3,4.43,50.48,5,trigger,synthetic,synthetic,synthetic,synth-v1.0.0,42,932480f22477dd00,baseline
SP-021:norte:026500:2024-02-08,SP-021:norte:026500,SP-021,norte,26.75,open-meteo:era5_seamless:-23.6:-46.8,2024-02-08,59.49,3.96,50.48,4,trigger,synthetic,synthetic,synthetic,synth-v1.0.0,42,932480f22477dd00,baseline
SP-021:norte:026500:2024-04-09,SP-021:norte:026500,SP-021,norte,26.75,open-meteo:era5_seamless:-23.6:-46.8,2024-04-09,74.63,4.51,50.48,16,trigger,synthetic,synthetic,synthetic,synth-v1.0.0,42,932480f22477dd00,baseline
SP-021:norte:026500:2024-06-26,SP-021:norte:026500,SP-021,norte,26.75,open-meteo:era5_seamless:-23.6:-46.8,2024-06-26,57.51,4.08,50.48,10,trigger,synthetic,synthetic,synthetic,synth-v1.0.0,42,932480f22477dd00,baseline
SP-021:norte:026500:2024-10-11,SP-021:norte:026500,SP-021,norte,26.75,open-meteo:era5_seamless:-23.6:-46.8,2024-10-11,60.12,4.79,50.48,5,trigger,synthetic,synthetic,synthetic,synth-v1.0.0,42,932480f22477dd00,baseline
SP-021:norte:026500:2024-12-16,SP-021:norte:026500,SP-021,norte,26.75,open-meteo:era5_seamless:-23.6:-46.8,2024-12-16,65.47,5.27,50.48,8,trigger,synthetic,synthetic,synthetic,synth-v1.0.0,42,932480f22477dd00,baseline
SP-021:norte:026500:2025-01-31,SP-021:norte:026500,SP-021,norte,26.75,open-meteo:era5_seamless:-23.6:-46.8,2025-01-31,61.42,4.63,50.48,12,proactive,synthetic,synthetic,synthetic,synth-v1.0.0,42,932480f22477dd00,baseline
SP-021:norte:026500:2025-03-06,SP-021:norte:026500,SP-021,norte,26.75,open-meteo:era5_seamless:-23.6:-46.8,2025-03-06,46.94,6.37,50.48,4,proactive,synthetic,synthetic,synthetic,synth-v1.0.0,42,932480f22477dd00,baseline
SP-021:norte:026500:2025-05-05,SP-021:norte:026500,SP-021,norte,26.75,open-meteo:era5_seamless:-23.6:-46.8,2025-05-05,61.66,6.28,50.48,8,trigger,synthetic,synthetic,synthetic,synth-v1.0.0,42,932480f22477dd00,baseline
SP-021:norte:026500:2025-09-25,SP-021:norte:026500,SP-021,norte,26.75,open-meteo:era5_seamless:-23.6:-46.8,2025-09-25,54.27,7.2,50.48,4,trigger,synthetic,synthetic,synthetic,synth-v1.0.0,42,932480f22477dd00,baseline
SP-021:norte:026500:2025-12-09,SP-021:norte:026500,SP-021,norte,26.75,open-meteo:era5_seamless:-23.6:-46.8,2025-12-09,59.27,7.67,50.48,2,trigger,synthetic,synthetic,synthetic,synth-v1.0.0,42,932480f22477dd00,baseline
SP-021:norte:026500:2026-01-30,SP-021:norte:026500,SP-021,norte,26.75,open-meteo:era5_seamless:-23.6:-46.8,2026-01-30,65.4,5.35,50.48,5,trigger,synthetic,synthetic,synthetic,synth-v1.0.0,42,932480f22477dd00,baseline
SP-021:norte:026500:2026-04-05,SP-021:norte:026500,SP-021,norte,26.75,open-meteo:era5_seamless:-23.6:-46.8,2026-04-05,77.29,3.87,50.48,21,trigger,synthetic,synthetic,synthetic,synth-v1.0.0,42,932480f22477dd00,baseline
SP-021:norte:026500:2026-08-18,SP-021:norte:026500,SP-021,norte,26.75,open-meteo:era5_seamless:-23.6:-46.8,2026-08-18,58.84,7.99,50.48,9,trigger,synthetic,synthetic,synthetic,synth-v1.0.0,42,932480f22477dd00,baseline
SP-021:sul:026500:2023-01-25,SP-021:sul:026500,SP-021,sul,26.75,open-meteo:era5_seamless:-23.6:-46.8,2023-01-25,61.01,5.87,54.13,3,proactive,synthetic,synthetic,synthetic,synth-v1.0.0,42,932480f22477dd00,baseline
SP-021:sul:026500:2023-02-28,SP-021:sul:026500,SP-021,sul,26.75,open-meteo:era5_seamless:-23.6:-46.8,2023-02-28,74.5,7.21,54.13,2,trigger,synthetic,synthetic,synthetic,synth-v1.0.0,42,932480f22477dd00,baseline
SP-021:sul:026500:2023-04-03,SP-021:sul:026500,SP-021,sul,26.75,open-meteo:era5_seamless:-23.6:-46.8,2023-04-03,77.63,6.46,54.13,8,trigger,synthetic,synthetic,synthetic,synth-v1.0.0,42,932480f22477dd00,baseline
SP-021:sul:026500:2023-06-13,SP-021:sul:026500,SP-021,sul,26.75,open-meteo:era5_seamless:-23.6:-46.8,2023-06-13,60.5,4.98,54.13,2,trigger,synthetic,synthetic,synthetic,synth-v1.0.0,42,932480f22477dd00,baseline
SP-021:sul:026500:2023-09-16,SP-021:sul:026500,SP-021,sul,26.75,open-meteo:era5_seamless:-23.6:-46.8,2023-09-16,68.99,3.11,54.13,6,trigger,synthetic,synthetic,synthetic,synth-v1.0.0,42,932480f22477dd00,baseline
SP-021:sul:026500:2023-11-12,SP-021:sul:026500,SP-021,sul,26.75,open-meteo:era5_seamless:-23.6:-46.8,2023-11-12,79.63,5.14,54.13,7,trigger,synthetic,synthetic,synthetic,synth-v1.0.0,42,932480f22477dd00,baseline
SP-021:sul:026500:2023-12-31,SP-021:sul:026500,SP-021,sul,26.75,open-meteo:era5_seamless:-23.6:-46.8,2023-12-31,88.5,5.58,54.13,14,trigger,synthetic,synthetic,synthetic,synth-v1.0.0,42,932480f22477dd00,baseline
SP-021:sul:026500:2024-02-15,SP-021:sul:026500,SP-021,sul,26.75,open-meteo:era5_seamless:-23.6:-46.8,2024-02-15,85.92,5.94,54.13,4,trigger,synthetic,synthetic,synthetic,synth-v1.0.0,42,932480f22477dd00,baseline
SP-021:sul:026500:2024-03-29,SP-021:sul:026500,SP-021,sul,26.75,open-meteo:era5_seamless:-23.6:-46.8,2024-03-29,96.99,4.78,54.13,12,trigger,synthetic,synthetic,synthetic,synth-v1.0.0,42,932480f22477dd00,baseline
SP-021:sul:026500:2024-05-09,SP-021:sul:026500,SP-021,sul,26.75,open-meteo:era5_seamless:-23.6:-46.8,2024-05-09,73.33,7.99,54.13,4,trigger,synthetic,synthetic,synthetic,synth-v1.0.0,42,932480f22477dd00,baseline
SP-021:sul:026500:2024-07-12,SP-021:sul:026500,SP-021,sul,26.75,open-meteo:era5_seamless:-23.6:-46.8,2024-07-12,57.51,3.09,54.13,5,trigger,synthetic,synthetic,synthetic,synth-v1.0.0,42,932480f22477dd00,baseline
SP-021:sul:026500:2024-10-05,SP-021:sul:026500,SP-021,sul,26.75,open-meteo:era5_seamless:-23.6:-46.8,2024-10-05,74.64,5.64,54.13,6,trigger,synthetic,synthetic,synthetic,synth-v1.0.0,42,932480f22477dd00,baseline
SP-021:sul:026500:2024-11-29,SP-021:sul:026500,SP-021,sul,26.75,open-meteo:era5_seamless:-23.6:-46.8,2024-11-29,81.82,3.17,54.13,5,trigger,synthetic,synthetic,synthetic,synth-v1.0.0,42,932480f22477dd00,baseline
SP-021:sul:026500:2025-01-22,SP-021:sul:026500,SP-021,sul,26.75,open-meteo:era5_seamless:-23.6:-46.8,2025-01-22,93.15,7.49,54.13,10,trigger,synthetic,synthetic,synthetic,synth-v1.0.0,42,932480f22477dd00,baseline
SP-021:sul:026500:2025-02-20,SP-021:sul:026500,SP-021,sul,26.75,open-meteo:era5_seamless:-23.6:-46.8,2025-02-20,72.7,7.99,54.13,4,trigger,synthetic,synthetic,synthetic,synth-v1.0.0,42,932480f22477dd00,baseline
SP-021:sul:026500:2025-03-29,SP-021:sul:026500,SP-021,sul,26.75,open-meteo:era5_seamless:-23.6:-46.8,2025-03-29,76.8,5.05,54.13,6,trigger,synthetic,synthetic,synthetic,synth-v1.0.0,42,932480f22477dd00,baseline
SP-021:sul:026500:2025-05-29,SP-021:sul:026500,SP-021,sul,26.75,open-meteo:era5_seamless:-23.6:-46.8,2025-05-29,68.28,5.32,54.13,11,trigger,synthetic,synthetic,synthetic,synth-v1.0.0,42,932480f22477dd00,baseline
SP-021:sul:026500:2025-09-27,SP-021:sul:026500,SP-021,sul,26.75,open-meteo:era5_seamless:-23.6:-46.8,2025-09-27,62.15,6.02,54.13,6,trigger,synthetic,synthetic,synthetic,synth-v1.0.0,42,932480f22477dd00,baseline
SP-021:sul:026500:2025-12-06,SP-021:sul:026500,SP-021,sul,26.75,open-meteo:era5_seamless:-23.6:-46.8,2025-12-06,80.82,4.78,54.13,6,trigger,synthetic,synthetic,synthetic,synth-v1.0.0,42,932480f22477dd00,baseline
SP-021:sul:026500:2026-01-15,SP-021:sul:026500,SP-021,sul,26.75,open-meteo:era5_seamless:-23.6:-46.8,2026-01-15,72.14,5.51,54.13,4,trigger,synthetic,synthetic,synthetic,synth-v1.0.0,42,932480f22477dd00,baseline
SP-021:sul:026500:2026-03-07,SP-021:sul:026500,SP-021,sul,26.75,open-meteo:era5_seamless:-23.6:-46.8,2026-03-07,94.22,7.96,54.13,13,trigger,synthetic,synthetic,synthetic,synth-v1.0.0,42,932480f22477dd00,baseline
SP-021:sul:026500:2026-05-04,SP-021:sul:026500,SP-021,sul,26.75,open-meteo:era5_seamless:-23.6:-46.8,2026-05-04,104.46,5.57,54.13,29,trigger,synthetic,synthetic,synthetic,synth-v1.0.0,42,932480f22477dd00,baseline
SP-021:sul:026500:2026-08-28,SP-021:sul:026500,SP-021,sul,26.75,open-meteo:era5_seamless:-23.6:-46.8,2026-08-28,70.49,7.65,54.13,12,trigger,synthetic,synthetic,synthetic,synth-v1.0.0,42,932480f22477dd00,baseline
SP-021:norte:027000:2023-01-16,SP-021:norte:027000,SP-021,norte,27.25,open-meteo:era5_seamless:-23.6:-46.8,2023-01-16,74.67,5.16,45.05,8,trigger,synthetic,synthetic,synthetic,synth-v1.0.0,42,932480f22477dd00,baseline
SP-021:norte:027000:2023-02-14,SP-021:norte:027000,SP-021,norte,27.25,open-meteo:era5_seamless:-23.6:-46.8,2023-02-14,70.5,6.12,45.05,9,trigger,synthetic,synthetic,synthetic,synth-v1.0.0,42,932480f22477dd00,baseline
SP-021:norte:027000:2023-03-20,SP-021:norte:027000,SP-021,norte,27.25,open-meteo:era5_seamless:-23.6:-46.8,2023-03-20,83.34,6.16,45.05,8,trigger,synthetic,synthetic,synthetic,synth-v1.0.0,42,932480f22477dd00,baseline
SP-021:norte:027000:2023-04-30,SP-021:norte:027000,SP-021,norte,27.25,open-meteo:era5_seamless:-23.6:-46.8,2023-04-30,61.73,4.52,45.05,7,trigger,synthetic,synthetic,synthetic,synth-v1.0.0,42,932480f22477dd00,baseline
SP-021:norte:027000:2023-07-06,SP-021:norte:027000,SP-021,norte,27.25,open-meteo:era5_seamless:-23.6:-46.8,2023-07-06,30.8,7.29,45.05,4,proactive,synthetic,synthetic,synthetic,synth-v1.0.0,42,932480f22477dd00,baseline
SP-021:norte:027000:2023-08-29,SP-021:norte:027000,SP-021,norte,27.25,open-meteo:era5_seamless:-23.6:-46.8,2023-08-29,55.04,7.88,45.05,2,trigger,synthetic,synthetic,synthetic,synth-v1.0.0,42,932480f22477dd00,baseline
SP-021:norte:027000:2023-10-03,SP-021:norte:027000,SP-021,norte,27.25,open-meteo:era5_seamless:-23.6:-46.8,2023-10-03,59.3,4.81,45.05,2,trigger,synthetic,synthetic,synthetic,synth-v1.0.0,42,932480f22477dd00,baseline
SP-021:norte:027000:2023-11-13,SP-021:norte:027000,SP-021,norte,27.25,open-meteo:era5_seamless:-23.6:-46.8,2023-11-13,65.24,5.79,45.05,8,trigger,synthetic,synthetic,synthetic,synth-v1.0.0,42,932480f22477dd00,baseline
SP-021:norte:027000:2023-12-26,SP-021:norte:027000,SP-021,norte,27.25,open-meteo:era5_seamless:-23.6:-46.8,2023-12-26,82.94,5.69,45.05,16,trigger,synthetic,synthetic,synthetic,synth-v1.0.0,42,932480f22477dd00,baseline
SP-021:norte:027000:2024-02-01,SP-021:norte:027000,SP-021,norte,27.25,open-meteo:era5_seamless:-23.6:-46.8,2024-02-01,69.66,3.15,45.05,11,trigger,synthetic,synthetic,synthetic,synth-v1.0.0,42,932480f22477dd00,baseline
SP-021:norte:027000:2024-03-05,SP-021:norte:027000,SP-021,norte,27.25,open-meteo:era5_seamless:-23.6:-46.8,2024-03-05,71.86,7.45,45.05,2,trigger,synthetic,synthetic,synthetic,synth-v1.0.0,42,932480f22477dd00,baseline
SP-021:norte:027000:2024-04-05,SP-021:norte:027000,SP-021,norte,27.25,open-meteo:era5_seamless:-23.6:-46.8,2024-04-05,77.67,6.11,45.05,12,trigger,synthetic,synthetic,synthetic,synth-v1.0.0,42,932480f22477dd00,baseline
SP-021:norte:027000:2024-05-13,SP-021:norte:027000,SP-021,norte,27.25,open-meteo:era5_seamless:-23.6:-46.8,2024-05-13,77.41,3.18,45.05,8,trigger,synthetic,synthetic,synthetic,synth-v1.0.0,42,932480f22477dd00,baseline
SP-021:norte:027000:2024-07-24,SP-021:norte:027000,SP-021,norte,27.25,open-meteo:era5_seamless:-23.6:-46.8,2024-07-24,46.65,6.71,45.05,3,trigger,synthetic,synthetic,synthetic,synth-v1.0.0,42,932480f22477dd00,baseline
SP-021:norte:027000:2024-09-13,SP-021:norte:027000,SP-021,norte,27.25,open-meteo:era5_seamless:-23.6:-46.8,2024-09-13,63.74,5.83,45.05,5,trigger,synthetic,synthetic,synthetic,synth-v1.0.0,42,932480f22477dd00,baseline
SP-021:norte:027000:2024-10-22,SP-021:norte:027000,SP-021,norte,27.25,open-meteo:era5_seamless:-23.6:-46.8,2024-10-22,49.28,4.66,45.05,2,trigger,synthetic,synthetic,synthetic,synth-v1.0.0,42,932480f22477dd00,baseline
SP-021:norte:027000:2024-12-03,SP-021:norte:027000,SP-021,norte,27.25,open-meteo:era5_seamless:-23.6:-46.8,2024-12-03,73.99,4.74,45.05,9,trigger,synthetic,synthetic,synthetic,synth-v1.0.0,42,932480f22477dd00,baseline
SP-021:norte:027000:2025-01-07,SP-021:norte:027000,SP-021,norte,27.25,open-meteo:era5_seamless:-23.6:-46.8,2025-01-07,74.26,3.19,45.05,9,trigger,synthetic,synthetic,synthetic,synth-v1.0.0,42,932480f22477dd00,baseline
SP-021:norte:027000:2025-02-15,SP-021:norte:027000,SP-021,norte,27.25,open-meteo:era5_seamless:-23.6:-46.8,2025-02-15,84.35,3.24,45.05,13,trigger,synthetic,synthetic,synthetic,synth-v1.0.0,42,932480f22477dd00,baseline
SP-021:norte:027000:2025-03-29,SP-021:norte:027000,SP-021,norte,27.25,open-meteo:era5_seamless:-23.6:-46.8,2025-03-29,78.88,7.52,45.05,6,trigger,synthetic,synthetic,synthetic,synth-v1.0.0,42,932480f22477dd00,baseline
SP-021:norte:027000:2025-04-29,SP-021:norte:027000,SP-021,norte,27.25,open-meteo:era5_seamless:-23.6:-46.8,2025-04-29,53.13,3.59,45.05,2,trigger,synthetic,synthetic,synthetic,synth-v1.0.0,42,932480f22477dd00,baseline
SP-021:norte:027000:2025-08-08,SP-021:norte:027000,SP-021,norte,27.25,open-meteo:era5_seamless:-23.6:-46.8,2025-08-08,49.3,3.98,45.05,5,trigger,synthetic,synthetic,synthetic,synth-v1.0.0,42,932480f22477dd00,baseline
SP-021:norte:027000:2025-10-12,SP-021:norte:027000,SP-021,norte,27.25,open-meteo:era5_seamless:-23.6:-46.8,2025-10-12,56.42,3.33,45.05,7,trigger,synthetic,synthetic,synthetic,synth-v1.0.0,42,932480f22477dd00,baseline
SP-021:norte:027000:2025-12-13,SP-021:norte:027000,SP-021,norte,27.25,open-meteo:era5_seamless:-23.6:-46.8,2025-12-13,76.81,5.25,45.05,13,trigger,synthetic,synthetic,synthetic,synth-v1.0.0,42,932480f22477dd00,baseline
SP-021:norte:027000:2026-01-10,SP-021:norte:027000,SP-021,norte,27.25,open-meteo:era5_seamless:-23.6:-46.8,2026-01-10,60.64,4.96,45.05,6,proactive,synthetic,synthetic,synthetic,synth-v1.0.0,42,932480f22477dd00,baseline
SP-021:norte:027000:2026-03-03,SP-021:norte:027000,SP-021,norte,27.25,open-meteo:era5_seamless:-23.6:-46.8,2026-03-03,90.29,7.39,45.05,23,trigger,synthetic,synthetic,synthetic,synth-v1.0.0,42,932480f22477dd00,baseline
SP-021:norte:027000:2026-04-11,SP-021:norte:027000,SP-021,norte,27.25,open-meteo:era5_seamless:-23.6:-46.8,2026-04-11,86.66,3.37,45.05,13,trigger,synthetic,synthetic,synthetic,synth-v1.0.0,42,932480f22477dd00,baseline
SP-021:norte:027000:2026-06-19,SP-021:norte:027000,SP-021,norte,27.25,open-meteo:era5_seamless:-23.6:-46.8,2026-06-19,55.06,4.77,45.05,19,trigger,synthetic,synthetic,synthetic,synth-v1.0.0,42,932480f22477dd00,baseline
SP-021:norte:027000:2026-08-31,SP-021:norte:027000,SP-021,norte,27.25,open-meteo:era5_seamless:-23.6:-46.8,2026-08-31,58.02,4.31,45.05,8,trigger,synthetic,synthetic,synthetic,synth-v1.0.0,42,932480f22477dd00,baseline
SP-021:sul:027000:2023-01-20,SP-021:sul:027000,SP-021,sul,27.25,open-meteo:era5_seamless:-23.6:-46.8,2023-01-20,62.96,4.66,67.37,19,proactive,synthetic,synthetic,synthetic,synth-v1.0.0,42,932480f22477dd00,baseline
SP-021:sul:027000:2023-03-14,SP-021:sul:027000,SP-021,sul,27.25,open-meteo:era5_seamless:-23.6:-46.8,2023-03-14,82.16,6.6,67.37,9,trigger,synthetic,synthetic,synthetic,synth-v1.0.0,42,932480f22477dd00,baseline
SP-021:sul:027000:2023-05-17,SP-021:sul:027000,SP-021,sul,27.25,open-meteo:era5_seamless:-23.6:-46.8,2023-05-17,71.41,4.17,67.37,3,trigger,synthetic,synthetic,synthetic,synth-v1.0.0,42,932480f22477dd00,baseline
SP-021:sul:027000:2023-08-19,SP-021:sul:027000,SP-021,sul,27.25,open-meteo:era5_seamless:-23.6:-46.8,2023-08-19,36.67,3.23,67.37,6,proactive,synthetic,synthetic,synthetic,synth-v1.0.0,42,932480f22477dd00,baseline
SP-021:sul:027000:2023-11-04,SP-021:sul:027000,SP-021,sul,27.25,open-meteo:era5_seamless:-23.6:-46.8,2023-11-04,76.58,6.32,67.37,6,trigger,synthetic,synthetic,synthetic,synth-v1.0.0,42,932480f22477dd00,baseline
SP-021:sul:027000:2023-12-28,SP-021:sul:027000,SP-021,sul,27.25,open-meteo:era5_seamless:-23.6:-46.8,2023-12-28,79.38,4.89,67.37,4,trigger,synthetic,synthetic,synthetic,synth-v1.0.0,42,932480f22477dd00,baseline
SP-021:sul:027000:2024-02-20,SP-021:sul:027000,SP-021,sul,27.25,open-meteo:era5_seamless:-23.6:-46.8,2024-02-20,76.96,4.26,67.37,2,trigger,synthetic,synthetic,synthetic,synth-v1.0.0,42,932480f22477dd00,baseline
SP-021:sul:027000:2024-04-27,SP-021:sul:027000,SP-021,sul,27.25,open-meteo:era5_seamless:-23.6:-46.8,2024-04-27,84.75,3.09,67.37,20,trigger,synthetic,synthetic,synthetic,synth-v1.0.0,42,932480f22477dd00,baseline
SP-021:sul:027000:2024-08-20,SP-021:sul:027000,SP-021,sul,27.25,open-meteo:era5_seamless:-23.6:-46.8,2024-08-20,74.26,6.62,67.37,9,trigger,synthetic,synthetic,synthetic,synth-v1.0.0,42,932480f22477dd00,baseline
SP-021:sul:027000:2024-10-08,SP-021:sul:027000,SP-021,sul,27.25,open-meteo:era5_seamless:-23.6:-46.8,2024-10-08,50.0,5.97,67.37,2,proactive,synthetic,synthetic,synthetic,synth-v1.0.0,42,932480f22477dd00,baseline
SP-021:sul:027000:2024-12-13,SP-021:sul:027000,SP-021,sul,27.25,open-meteo:era5_seamless:-23.6:-46.8,2024-12-13,77.74,4.34,67.37,12,proactive,synthetic,synthetic,synthetic,synth-v1.0.0,42,932480f22477dd00,baseline
SP-021:sul:027000:2025-01-30,SP-021:sul:027000,SP-021,sul,27.25,open-meteo:era5_seamless:-23.6:-46.8,2025-01-30,73.13,7.99,67.37,4,trigger,synthetic,synthetic,synthetic,synth-v1.0.0,42,932480f22477dd00,baseline
SP-021:sul:027000:2025-03-23,SP-021:sul:027000,SP-021,sul,27.25,open-meteo:era5_seamless:-23.6:-46.8,2025-03-23,84.12,6.59,67.37,21,trigger,synthetic,synthetic,synthetic,synth-v1.0.0,42,932480f22477dd00,baseline
SP-021:sul:027000:2025-04-30,SP-021:sul:027000,SP-021,sul,27.25,open-meteo:era5_seamless:-23.6:-46.8,2025-04-30,43.07,4.22,67.37,10,proactive,synthetic,synthetic,synthetic,synth-v1.0.0,42,932480f22477dd00,baseline
SP-021:sul:027000:2025-10-08,SP-021:sul:027000,SP-021,sul,27.25,open-meteo:era5_seamless:-23.6:-46.8,2025-10-08,74.83,7.33,67.37,3,trigger,synthetic,synthetic,synthetic,synth-v1.0.0,42,932480f22477dd00,baseline
SP-021:sul:027000:2025-12-19,SP-021:sul:027000,SP-021,sul,27.25,open-meteo:era5_seamless:-23.6:-46.8,2025-12-19,76.98,4.55,67.37,5,trigger,synthetic,synthetic,synthetic,synth-v1.0.0,42,932480f22477dd00,baseline
SP-021:sul:027000:2026-02-17,SP-021:sul:027000,SP-021,sul,27.25,open-meteo:era5_seamless:-23.6:-46.8,2026-02-17,81.1,6.49,67.37,9,trigger,synthetic,synthetic,synthetic,synth-v1.0.0,42,932480f22477dd00,baseline
SP-021:sul:027000:2026-04-26,SP-021:sul:027000,SP-021,sul,27.25,open-meteo:era5_seamless:-23.6:-46.8,2026-04-26,84.1,6.07,67.37,7,trigger,synthetic,synthetic,synthetic,synth-v1.0.0,42,932480f22477dd00,baseline
SP-021:sul:027000:2026-09-01,SP-021:sul:027000,SP-021,sul,27.25,open-meteo:era5_seamless:-23.6:-46.8,2026-09-01,73.35,7.05,67.37,8,trigger,synthetic,synthetic,synthetic,synth-v1.0.0,42,932480f22477dd00,baseline
SP-021:norte:027500:2023-01-24,SP-021:norte:027500,SP-021,norte,27.75,open-meteo:era5_seamless:-23.6:-46.8,2023-01-24,71.71,6.51,36.57,9,trigger,synthetic,synthetic,synthetic,synth-v1.0.0,42,932480f22477dd00,baseline
SP-021:norte:027500:2023-02-23,SP-021:norte:027500,SP-021,norte,27.75,open-meteo:era5_seamless:-23.6:-46.8,2023-02-23,50.61,7.91,36.57,4,trigger,synthetic,synthetic,synthetic,synth-v1.0.0,42,932480f22477dd00,baseline
SP-021:norte:027500:2023-04-01,SP-021:norte:027500,SP-021,norte,27.75,open-meteo:era5_seamless:-23.6:-46.8,2023-04-01,79.13,3.72,36.57,6,trigger,synthetic,synthetic,synthetic,synth-v1.0.0,42,932480f22477dd00,baseline
SP-021:norte:027500:2023-06-21,SP-021:norte:027500,SP-021,norte,27.75,open-meteo:era5_seamless:-23.6:-46.8,2023-06-21,40.54,4.2,36.57,10,trigger,synthetic,synthetic,synthetic,synth-v1.0.0,42,932480f22477dd00,baseline
SP-021:norte:027500:2023-09-12,SP-021:norte:027500,SP-021,norte,27.75,open-meteo:era5_seamless:-23.6:-46.8,2023-09-12,50.24,6.09,36.57,9,trigger,synthetic,synthetic,synthetic,synth-v1.0.0,42,932480f22477dd00,baseline
SP-021:norte:027500:2023-11-17,SP-021:norte:027500,SP-021,norte,27.75,open-meteo:era5_seamless:-23.6:-46.8,2023-11-17,96.23,4.82,36.57,12,trigger,synthetic,synthetic,synthetic,synth-v1.0.0,42,932480f22477dd00,baseline
SP-021:norte:027500:2023-12-22,SP-021:norte:027500,SP-021,norte,27.75,open-meteo:era5_seamless:-23.6:-46.8,2023-12-22,41.63,4.14,36.57,5,proactive,synthetic,synthetic,synthetic,synth-v1.0.0,42,932480f22477dd00,baseline
SP-021:norte:027500:2024-02-04,SP-021:norte:027500,SP-021,norte,27.75,open-meteo:era5_seamless:-23.6:-46.8,2024-02-04,54.84,3.22,36.57,7,trigger,synthetic,synthetic,synthetic,synth-v1.0.0,42,932480f22477dd00,baseline
SP-021:norte:027500:2024-03-23,SP-021:norte:027500,SP-021,norte,27.75,open-meteo:era5_seamless:-23.6:-46.8,2024-03-23,85.15,7.55,36.57,13,trigger,synthetic,synthetic,synthetic,synth-v1.0.0,42,932480f22477dd00,baseline
SP-021:norte:027500:2024-05-11,SP-021:norte:027500,SP-021,norte,27.75,open-meteo:era5_seamless:-23.6:-46.8,2024-05-11,87.99,4.42,36.57,13,trigger,synthetic,synthetic,synthetic,synth-v1.0.0,42,932480f22477dd00,baseline
SP-021:norte:027500:2024-08-18,SP-021:norte:027500,SP-021,norte,27.75,open-meteo:era5_seamless:-23.6:-46.8,2024-08-18,61.36,3.42,36.57,21,trigger,synthetic,synthetic,synthetic,synth-v1.0.0,42,932480f22477dd00,baseline
SP-021:norte:027500:2024-10-11,SP-021:norte:027500,SP-021,norte,27.75,open-meteo:era5_seamless:-23.6:-46.8,2024-10-11,41.22,5.5,36.57,5,proactive,synthetic,synthetic,synthetic,synth-v1.0.0,42,932480f22477dd00,baseline
SP-021:norte:027500:2024-12-02,SP-021:norte:027500,SP-021,norte,27.75,open-meteo:era5_seamless:-23.6:-46.8,2024-12-02,64.94,6.73,36.57,8,trigger,synthetic,synthetic,synthetic,synth-v1.0.0,42,932480f22477dd00,baseline
SP-021:norte:027500:2025-01-19,SP-021:norte:027500,SP-021,norte,27.75,open-meteo:era5_seamless:-23.6:-46.8,2025-01-19,80.81,7.86,36.57,14,trigger,synthetic,synthetic,synthetic,synth-v1.0.0,42,932480f22477dd00,baseline
SP-021:norte:027500:2025-02-14,SP-021:norte:027500,SP-021,norte,27.75,open-meteo:era5_seamless:-23.6:-46.8,2025-02-14,49.55,6.48,36.57,5,trigger,synthetic,synthetic,synthetic,synth-v1.0.0,42,932480f22477dd00,baseline
SP-021:norte:027500:2025-03-14,SP-021:norte:027500,SP-021,norte,27.75,open-meteo:era5_seamless:-23.6:-46.8,2025-03-14,53.27,3.63,36.57,5,trigger,synthetic,synthetic,synthetic,synth-v1.0.0,42,932480f22477dd00,baseline
SP-021:norte:027500:2025-05-08,SP-021:norte:027500,SP-021,norte,27.75,open-meteo:era5_seamless:-23.6:-46.8,2025-05-08,54.78,4.4,36.57,11,trigger,synthetic,synthetic,synthetic,synth-v1.0.0,42,932480f22477dd00,baseline
SP-021:norte:027500:2025-09-11,SP-021:norte:027500,SP-021,norte,27.75,open-meteo:era5_seamless:-23.6:-46.8,2025-09-11,51.38,6.88,36.57,11,trigger,synthetic,synthetic,synthetic,synth-v1.0.0,42,932480f22477dd00,baseline
SP-021:norte:027500:2025-11-11,SP-021:norte:027500,SP-021,norte,27.75,open-meteo:era5_seamless:-23.6:-46.8,2025-11-11,53.73,4.36,36.57,9,trigger,synthetic,synthetic,synthetic,synth-v1.0.0,42,932480f22477dd00,baseline
SP-021:norte:027500:2025-12-25,SP-021:norte:027500,SP-021,norte,27.75,open-meteo:era5_seamless:-23.6:-46.8,2025-12-25,48.3,7.74,36.57,4,trigger,synthetic,synthetic,synthetic,synth-v1.0.0,42,932480f22477dd00,baseline
SP-021:norte:027500:2026-02-09,SP-021:norte:027500,SP-021,norte,27.75,open-meteo:era5_seamless:-23.6:-46.8,2026-02-09,77.89,4.06,36.57,15,trigger,synthetic,synthetic,synthetic,synth-v1.0.0,42,932480f22477dd00,baseline
SP-021:norte:027500:2026-03-28,SP-021:norte:027500,SP-021,norte,27.75,open-meteo:era5_seamless:-23.6:-46.8,2026-03-28,76.04,4.66,36.57,6,trigger,synthetic,synthetic,synthetic,synth-v1.0.0,42,932480f22477dd00,baseline
SP-021:norte:027500:2026-05-22,SP-021:norte:027500,SP-021,norte,27.75,open-meteo:era5_seamless:-23.6:-46.8,2026-05-22,51.75,7.49,36.57,12,trigger,synthetic,synthetic,synthetic,synth-v1.0.0,42,932480f22477dd00,baseline
SP-021:norte:027500:2026-08-18,SP-021:norte:027500,SP-021,norte,27.75,open-meteo:era5_seamless:-23.6:-46.8,2026-08-18,42.33,6.64,36.57,2,trigger,synthetic,synthetic,synthetic,synth-v1.0.0,42,932480f22477dd00,baseline
SP-021:sul:027500:2023-01-22,SP-021:sul:027500,SP-021,sul,27.75,open-meteo:era5_seamless:-23.6:-46.8,2023-01-22,91.7,6.97,52.89,14,trigger,synthetic,synthetic,synthetic,synth-v1.0.0,42,932480f22477dd00,baseline
SP-021:sul:027500:2023-02-27,SP-021:sul:027500,SP-021,sul,27.75,open-meteo:era5_seamless:-23.6:-46.8,2023-02-27,76.08,3.0,52.89,8,trigger,synthetic,synthetic,synthetic,synth-v1.0.0,42,932480f22477dd00,baseline
SP-021:sul:027500:2023-05-08,SP-021:sul:027500,SP-021,sul,27.75,open-meteo:era5_seamless:-23.6:-46.8,2023-05-08,95.78,5.05,52.89,8,trigger,synthetic,synthetic,synthetic,synth-v1.0.0,42,932480f22477dd00,baseline
SP-021:sul:027500:2023-09-11,SP-021:sul:027500,SP-021,sul,27.75,open-meteo:era5_seamless:-23.6:-46.8,2023-09-11,70.53,7.91,52.89,8,trigger,synthetic,synthetic,synthetic,synth-v1.0.0,42,932480f22477dd00,baseline
SP-021:sul:027500:2023-10-28,SP-021:sul:027500,SP-021,sul,27.75,open-meteo:era5_seamless:-23.6:-46.8,2023-10-28,68.65,7.25,52.89,6,trigger,synthetic,synthetic,synthetic,synth-v1.0.0,42,932480f22477dd00,baseline
SP-021:sul:027500:2023-12-09,SP-021:sul:027500,SP-021,sul,27.75,open-meteo:era5_seamless:-23.6:-46.8,2023-12-09,66.72,7.49,52.89,6,trigger,synthetic,synthetic,synthetic,synth-v1.0.0,42,932480f22477dd00,baseline
SP-021:sul:027500:2024-01-09,SP-021:sul:027500,SP-021,sul,27.75,open-meteo:era5_seamless:-23.6:-46.8,2024-01-09,40.76,6.5,52.89,2,proactive,synthetic,synthetic,synthetic,synth-v1.0.0,42,932480f22477dd00,baseline
SP-021:sul:027500:2024-02-15,SP-021:sul:027500,SP-021,sul,27.75,open-meteo:era5_seamless:-23.6:-46.8,2024-02-15,55.73,4.49,52.89,4,proactive,synthetic,synthetic,synthetic,synth-v1.0.0,42,932480f22477dd00,baseline
SP-021:sul:027500:2024-04-04,SP-021:sul:027500,SP-021,sul,27.75,open-meteo:era5_seamless:-23.6:-46.8,2024-04-04,96.38,5.97,52.89,11,trigger,synthetic,synthetic,synthetic,synth-v1.0.0,42,932480f22477dd00,baseline
SP-021:sul:027500:2024-05-25,SP-021:sul:027500,SP-021,sul,27.75,open-meteo:era5_seamless:-23.6:-46.8,2024-05-25,79.59,5.77,52.89,13,trigger,synthetic,synthetic,synthetic,synth-v1.0.0,42,932480f22477dd00,baseline
SP-021:sul:027500:2024-09-05,SP-021:sul:027500,SP-021,sul,27.75,open-meteo:era5_seamless:-23.6:-46.8,2024-09-05,68.65,6.36,52.89,11,trigger,synthetic,synthetic,synthetic,synth-v1.0.0,42,932480f22477dd00,baseline
SP-021:sul:027500:2024-10-26,SP-021:sul:027500,SP-021,sul,27.75,open-meteo:era5_seamless:-23.6:-46.8,2024-10-26,54.4,3.42,52.89,6,proactive,synthetic,synthetic,synthetic,synth-v1.0.0,42,932480f22477dd00,baseline
SP-021:sul:027500:2024-12-18,SP-021:sul:027500,SP-021,sul,27.75,open-meteo:era5_seamless:-23.6:-46.8,2024-12-18,62.96,7.83,52.89,3,trigger,synthetic,synthetic,synthetic,synth-v1.0.0,42,932480f22477dd00,baseline
SP-021:sul:027500:2025-01-27,SP-021:sul:027500,SP-021,sul,27.75,open-meteo:era5_seamless:-23.6:-46.8,2025-01-27,83.77,4.56,52.89,8,trigger,synthetic,synthetic,synthetic,synth-v1.0.0,42,932480f22477dd00,baseline
SP-021:sul:027500:2025-03-09,SP-021:sul:027500,SP-021,sul,27.75,open-meteo:era5_seamless:-23.6:-46.8,2025-03-09,81.25,3.51,52.89,7,trigger,synthetic,synthetic,synthetic,synth-v1.0.0,42,932480f22477dd00,baseline
SP-021:sul:027500:2025-05-07,SP-021:sul:027500,SP-021,sul,27.75,open-meteo:era5_seamless:-23.6:-46.8,2025-05-07,63.25,4.9,52.89,3,trigger,synthetic,synthetic,synthetic,synth-v1.0.0,42,932480f22477dd00,baseline
SP-021:sul:027500:2025-09-21,SP-021:sul:027500,SP-021,sul,27.75,open-meteo:era5_seamless:-23.6:-46.8,2025-09-21,61.93,3.57,52.89,7,trigger,synthetic,synthetic,synthetic,synth-v1.0.0,42,932480f22477dd00,baseline
SP-021:sul:027500:2025-12-21,SP-021:sul:027500,SP-021,sul,27.75,open-meteo:era5_seamless:-23.6:-46.8,2025-12-21,89.93,3.13,52.89,14,trigger,synthetic,synthetic,synthetic,synth-v1.0.0,42,932480f22477dd00,baseline
SP-021:sul:027500:2026-02-10,SP-021:sul:027500,SP-021,sul,27.75,open-meteo:era5_seamless:-23.6:-46.8,2026-02-10,72.31,5.98,52.89,2,trigger,synthetic,synthetic,synthetic,synth-v1.0.0,42,932480f22477dd00,baseline
SP-021:sul:027500:2026-03-26,SP-021:sul:027500,SP-021,sul,27.75,open-meteo:era5_seamless:-23.6:-46.8,2026-03-26,80.82,7.64,52.89,4,trigger,synthetic,synthetic,synthetic,synth-v1.0.0,42,932480f22477dd00,baseline
SP-021:sul:027500:2026-05-25,SP-021:sul:027500,SP-021,sul,27.75,open-meteo:era5_seamless:-23.6:-46.8,2026-05-25,74.27,4.59,52.89,15,trigger,synthetic,synthetic,synthetic,synth-v1.0.0,42,932480f22477dd00,baseline
SP-021:norte:028000:2023-01-19,SP-021:norte:028000,SP-021,norte,28.25,open-meteo:era5_seamless:-23.6:-46.8,2023-01-19,71.57,3.29,49.13,4,trigger,synthetic,synthetic,synthetic,synth-v1.0.0,42,932480f22477dd00,baseline
SP-021:norte:028000:2023-03-03,SP-021:norte:028000,SP-021,norte,28.25,open-meteo:era5_seamless:-23.6:-46.8,2023-03-03,88.37,5.23,49.13,5,trigger,synthetic,synthetic,synthetic,synth-v1.0.0,42,932480f22477dd00,baseline
SP-021:norte:028000:2023-04-14,SP-021:norte:028000,SP-021,norte,28.25,open-meteo:era5_seamless:-23.6:-46.8,2023-04-14,78.71,5.25,49.13,12,trigger,synthetic,synthetic,synthetic,synth-v1.0.0,42,932480f22477dd00,baseline
SP-021:norte:028000:2023-07-01,SP-021:norte:028000,SP-021,norte,28.25,open-meteo:era5_seamless:-23.6:-46.8,2023-07-01,42.21,5.72,49.13,13,proactive,synthetic,synthetic,synthetic,synth-v1.0.0,42,932480f22477dd00,baseline
SP-021:norte:028000:2023-09-12,SP-021:norte:028000,SP-021,norte,28.25,open-meteo:era5_seamless:-23.6:-46.8,2023-09-12,58.62,3.66,49.13,2,trigger,synthetic,synthetic,synthetic,synth-v1.0.0,42,932480f22477dd00,baseline
SP-021:norte:028000:2023-11-10,SP-021:norte:028000,SP-021,norte,28.25,open-meteo:era5_seamless:-23.6:-46.8,2023-11-10,87.91,7.87,49.13,5,trigger,synthetic,synthetic,synthetic,synth-v1.0.0,42,932480f22477dd00,baseline
SP-021:norte:028000:2023-12-18,SP-021:norte:028000,SP-021,norte,28.25,open-meteo:era5_seamless:-23.6:-46.8,2023-12-18,77.78,4.98,49.13,8,trigger,synthetic,synthetic,synthetic,synth-v1.0.0,42,932480f22477dd00,baseline
SP-021:norte:028000:2024-02-08,SP-021:norte:028000,SP-021,norte,28.25,open-meteo:era5_seamless:-23.6:-46.8,2024-02-08,94.59,5.01,49.13,11,trigger,synthetic,synthetic,synthetic,synth-v1.0.0,42,932480f22477dd00,baseline
SP-021:norte:028000:2024-03-22,SP-021:norte:028000,SP-021,norte,28.25,open-meteo:era5_seamless:-23.6:-46.8,2024-03-22,106.88,4.8,49.13,12,trigger,synthetic,synthetic,synthetic,synth-v1.0.0,42,932480f22477dd00,baseline
SP-021:norte:028000:2024-05-03,SP-021:norte:028000,SP-021,norte,28.25,open-meteo:era5_seamless:-23.6:-46.8,2024-05-03,79.04,6.57,49.13,5,trigger,synthetic,synthetic,synthetic,synth-v1.0.0,42,932480f22477dd00,baseline
SP-021:norte:028000:2024-07-01,SP-021:norte:028000,SP-021,norte,28.25,open-meteo:era5_seamless:-23.6:-46.8,2024-07-01,57.97,5.27,49.13,8,trigger,synthetic,synthetic,synthetic,synth-v1.0.0,42,932480f22477dd00,baseline
SP-021:norte:028000:2024-10-07,SP-021:norte:028000,SP-021,norte,28.25,open-meteo:era5_seamless:-23.6:-46.8,2024-10-07,96.6,7.78,49.13,15,trigger,synthetic,synthetic,synthetic,synth-v1.0.0,42,932480f22477dd00,baseline
SP-021:norte:028000:2024-11-28,SP-021:norte:028000,SP-021,norte,28.25,open-meteo:era5_seamless:-23.6:-46.8,2024-11-28,81.86,5.25,49.13,11,trigger,synthetic,synthetic,synthetic,synth-v1.0.0,42,932480f22477dd00,baseline
SP-021:norte:028000:2025-01-02,SP-021:norte:028000,SP-021,norte,28.25,open-meteo:era5_seamless:-23.6:-46.8,2025-01-02,60.88,5.79,49.13,4,trigger,synthetic,synthetic,synthetic,synth-v1.0.0,42,932480f22477dd00,baseline
SP-021:norte:028000:2025-02-04,SP-021:norte:028000,SP-021,norte,28.25,open-meteo:era5_seamless:-23.6:-46.8,2025-02-04,67.05,5.08,49.13,2,trigger,synthetic,synthetic,synthetic,synth-v1.0.0,42,932480f22477dd00,baseline
SP-021:norte:028000:2025-03-06,SP-021:norte:028000,SP-021,norte,28.25,open-meteo:era5_seamless:-23.6:-46.8,2025-03-06,66.63,4.08,49.13,4,trigger,synthetic,synthetic,synthetic,synth-v1.0.0,42,932480f22477dd00,baseline
SP-021:norte:028000:2025-04-18,SP-021:norte:028000,SP-021,norte,28.25,open-meteo:era5_seamless:-23.6:-46.8,2025-04-18,61.95,6.96,49.13,5,trigger,synthetic,synthetic,synthetic,synth-v1.0.0,42,932480f22477dd00,baseline
SP-021:norte:028000:2025-06-24,SP-021:norte:028000,SP-021,norte,28.25,open-meteo:era5_seamless:-23.6:-46.8,2025-06-24,57.29,5.03,49.13,9,proactive,synthetic,synthetic,synthetic,synth-v1.0.0,42,932480f22477dd00,baseline
SP-021:norte:028000:2025-10-09,SP-021:norte:028000,SP-021,norte,28.25,open-meteo:era5_seamless:-23.6:-46.8,2025-10-09,59.03,4.17,49.13,4,trigger,synthetic,synthetic,synthetic,synth-v1.0.0,42,932480f22477dd00,baseline
SP-021:norte:028000:2025-12-18,SP-021:norte:028000,SP-021,norte,28.25,open-meteo:era5_seamless:-23.6:-46.8,2025-12-18,87.15,5.99,49.13,11,trigger,synthetic,synthetic,synthetic,synth-v1.0.0,42,932480f22477dd00,baseline
SP-021:norte:028000:2026-02-20,SP-021:norte:028000,SP-021,norte,28.25,open-meteo:era5_seamless:-23.6:-46.8,2026-02-20,119.22,4.67,49.13,33,trigger,synthetic,synthetic,synthetic,synth-v1.0.0,42,932480f22477dd00,baseline
SP-021:norte:028000:2026-04-07,SP-021:norte:028000,SP-021,norte,28.25,open-meteo:era5_seamless:-23.6:-46.8,2026-04-07,90.26,4.76,49.13,9,trigger,synthetic,synthetic,synthetic,synth-v1.0.0,42,932480f22477dd00,baseline
SP-021:norte:028000:2026-06-24,SP-021:norte:028000,SP-021,norte,28.25,open-meteo:era5_seamless:-23.6:-46.8,2026-06-24,50.64,5.42,49.13,3,trigger,synthetic,synthetic,synthetic,synth-v1.0.0,42,932480f22477dd00,baseline
SP-021:sul:028000:2023-01-11,SP-021:sul:028000,SP-021,sul,28.25,open-meteo:era5_seamless:-23.6:-46.8,2023-01-11,54.68,3.28,39.47,10,trigger,synthetic,synthetic,synthetic,synth-v1.0.0,42,932480f22477dd00,baseline
SP-021:sul:028000:2023-02-25,SP-021:sul:028000,SP-021,sul,28.25,open-meteo:era5_seamless:-23.6:-46.8,2023-02-25,81.65,4.44,39.47,6,trigger,synthetic,synthetic,synthetic,synth-v1.0.0,42,932480f22477dd00,baseline
SP-021:sul:028000:2023-04-04,SP-021:sul:028000,SP-021,sul,28.25,open-meteo:era5_seamless:-23.6:-46.8,2023-04-04,72.44,3.65,39.47,9,trigger,synthetic,synthetic,synthetic,synth-v1.0.0,42,932480f22477dd00,baseline
SP-021:sul:028000:2023-06-02,SP-021:sul:028000,SP-021,sul,28.25,open-meteo:era5_seamless:-23.6:-46.8,2023-06-02,42.94,6.89,39.47,5,trigger,synthetic,synthetic,synthetic,synth-v1.0.0,42,932480f22477dd00,baseline
SP-021:sul:028000:2023-08-26,SP-021:sul:028000,SP-021,sul,28.25,open-meteo:era5_seamless:-23.6:-46.8,2023-08-26,63.2,6.87,39.47,13,trigger,synthetic,synthetic,synthetic,synth-v1.0.0,42,932480f22477dd00,baseline
SP-021:sul:028000:2023-10-09,SP-021:sul:028000,SP-021,sul,28.25,open-meteo:era5_seamless:-23.6:-46.8,2023-10-09,68.18,7.0,39.47,8,trigger,synthetic,synthetic,synthetic,synth-v1.0.0,42,932480f22477dd00,baseline
SP-021:sul:028000:2023-11-18,SP-021:sul:028000,SP-021,sul,28.25,open-meteo:era5_seamless:-23.6:-46.8,2023-11-18,69.54,4.75,39.47,6,trigger,synthetic,synthetic,synthetic,synth-v1.0.0,42,932480f22477dd00,baseline
SP-021:sul:028000:2023-12-24,SP-021:sul:028000,SP-021,sul,28.25,open-meteo:era5_seamless:-23.6:-46.8,2023-12-24,59.39,6.02,39.47,7,trigger,synthetic,synthetic,synthetic,synth-v1.0.0,42,932480f22477dd00,baseline
SP-021:sul:028000:2024-02-06,SP-021:sul:028000,SP-021,sul,28.25,open-meteo:era5_seamless:-23.6:-46.8,2024-02-06,75.76,7.78,39.47,16,trigger,synthetic,synthetic,synthetic,synth-v1.0.0,42,932480f22477dd00,baseline
SP-021:sul:028000:2024-03-10,SP-021:sul:028000,SP-021,sul,28.25,open-meteo:era5_seamless:-23.6:-46.8,2024-03-10,75.23,4.23,39.47,7,trigger,synthetic,synthetic,synthetic,synth-v1.0.0,42,932480f22477dd00,baseline
SP-021:sul:028000:2024-04-18,SP-021:sul:028000,SP-021,sul,28.25,open-meteo:era5_seamless:-23.6:-46.8,2024-04-18,70.49,6.26,39.47,11,trigger,synthetic,synthetic,synthetic,synth-v1.0.0,42,932480f22477dd00,baseline
SP-021:sul:028000:2024-05-22,SP-021:sul:028000,SP-021,sul,28.25,open-meteo:era5_seamless:-23.6:-46.8,2024-05-22,55.15,7.0,39.47,3,trigger,synthetic,synthetic,synthetic,synth-v1.0.0,42,932480f22477dd00,baseline
SP-021:sul:028000:2024-08-06,SP-021:sul:028000,SP-021,sul,28.25,open-meteo:era5_seamless:-23.6:-46.8,2024-08-06,58.58,6.29,39.47,16,trigger,synthetic,synthetic,synthetic,synth-v1.0.0,42,932480f22477dd00,baseline
SP-021:sul:028000:2024-09-20,SP-021:sul:028000,SP-021,sul,28.25,open-meteo:era5_seamless:-23.6:-46.8,2024-09-20,53.52,6.63,39.47,5,trigger,synthetic,synthetic,synthetic,synth-v1.0.0,42,932480f22477dd00,baseline
SP-021:sul:028000:2024-11-08,SP-021:sul:028000,SP-021,sul,28.25,open-meteo:era5_seamless:-23.6:-46.8,2024-11-08,68.53,7.61,39.47,12,trigger,synthetic,synthetic,synthetic,synth-v1.0.0,42,932480f22477dd00,baseline
SP-021:sul:028000:2024-12-19,SP-021:sul:028000,SP-021,sul,28.25,open-meteo:era5_seamless:-23.6:-46.8,2024-12-19,74.07,6.16,39.47,4,trigger,synthetic,synthetic,synthetic,synth-v1.0.0,42,932480f22477dd00,baseline
SP-021:sul:028000:2025-01-14,SP-021:sul:028000,SP-021,sul,28.25,open-meteo:era5_seamless:-23.6:-46.8,2025-01-14,44.68,7.4,39.47,2,trigger,synthetic,synthetic,synthetic,synth-v1.0.0,42,932480f22477dd00,baseline
SP-021:sul:028000:2025-02-05,SP-021:sul:028000,SP-021,sul,28.25,open-meteo:era5_seamless:-23.6:-46.8,2025-02-05,51.88,4.42,39.47,3,trigger,synthetic,synthetic,synthetic,synth-v1.0.0,42,932480f22477dd00,baseline
SP-021:sul:028000:2025-03-06,SP-021:sul:028000,SP-021,sul,28.25,open-meteo:era5_seamless:-23.6:-46.8,2025-03-06,64.54,7.87,39.47,4,trigger,synthetic,synthetic,synthetic,synth-v1.0.0,42,932480f22477dd00,baseline
SP-021:sul:028000:2025-04-07,SP-021:sul:028000,SP-021,sul,28.25,open-meteo:era5_seamless:-23.6:-46.8,2025-04-07,60.23,4.7,39.47,8,trigger,synthetic,synthetic,synthetic,synth-v1.0.0,42,932480f22477dd00,baseline
SP-021:sul:028000:2025-06-02,SP-021:sul:028000,SP-021,sul,28.25,open-meteo:era5_seamless:-23.6:-46.8,2025-06-02,55.57,7.36,39.47,8,trigger,synthetic,synthetic,synthetic,synth-v1.0.0,42,932480f22477dd00,baseline
SP-021:sul:028000:2025-09-23,SP-021:sul:028000,SP-021,sul,28.25,open-meteo:era5_seamless:-23.6:-46.8,2025-09-23,72.81,3.82,39.47,23,trigger,synthetic,synthetic,synthetic,synth-v1.0.0,42,932480f22477dd00,baseline
SP-021:sul:028000:2025-11-23,SP-021:sul:028000,SP-021,sul,28.25,open-meteo:era5_seamless:-23.6:-46.8,2025-11-23,59.0,3.09,39.47,7,trigger,synthetic,synthetic,synthetic,synth-v1.0.0,42,932480f22477dd00,baseline
SP-021:sul:028000:2026-01-15,SP-021:sul:028000,SP-021,sul,28.25,open-meteo:era5_seamless:-23.6:-46.8,2026-01-15,81.56,6.99,39.47,18,trigger,synthetic,synthetic,synthetic,synth-v1.0.0,42,932480f22477dd00,baseline
SP-021:sul:028000:2026-03-06,SP-021:sul:028000,SP-021,sul,28.25,open-meteo:era5_seamless:-23.6:-46.8,2026-03-06,84.12,7.31,39.47,19,trigger,synthetic,synthetic,synthetic,synth-v1.0.0,42,932480f22477dd00,baseline
SP-021:sul:028000:2026-04-02,SP-021:sul:028000,SP-021,sul,28.25,open-meteo:era5_seamless:-23.6:-46.8,2026-04-02,51.56,4.62,39.47,4,trigger,synthetic,synthetic,synthetic,synth-v1.0.0,42,932480f22477dd00,baseline
SP-021:sul:028000:2026-05-17,SP-021:sul:028000,SP-021,sul,28.25,open-meteo:era5_seamless:-23.6:-46.8,2026-05-17,47.92,4.12,39.47,7,trigger,synthetic,synthetic,synthetic,synth-v1.0.0,42,932480f22477dd00,baseline
SP-021:sul:028000:2026-08-22,SP-021:sul:028000,SP-021,sul,28.25,open-meteo:era5_seamless:-23.6:-46.8,2026-08-22,50.7,6.37,39.47,6,trigger,synthetic,synthetic,synthetic,synth-v1.0.0,42,932480f22477dd00,baseline
SP-021:norte:028500:2023-01-24,SP-021:norte:028500,SP-021,norte,28.75,open-meteo:era5_seamless:-23.6:-46.8,2023-01-24,93.25,7.96,48.74,9,trigger,synthetic,synthetic,synthetic,synth-v1.0.0,42,932480f22477dd00,baseline
SP-021:norte:028500:2023-02-28,SP-021:norte:028500,SP-021,norte,28.75,open-meteo:era5_seamless:-23.6:-46.8,2023-02-28,83.72,7.79,48.74,9,trigger,synthetic,synthetic,synthetic,synth-v1.0.0,42,932480f22477dd00,baseline
SP-021:norte:028500:2023-04-11,SP-021:norte:028500,SP-021,norte,28.75,open-meteo:era5_seamless:-23.6:-46.8,2023-04-11,83.98,7.53,48.74,16,trigger,synthetic,synthetic,synthetic,synth-v1.0.0,42,932480f22477dd00,baseline
SP-021:norte:028500:2023-06-21,SP-021:norte:028500,SP-021,norte,28.75,open-meteo:era5_seamless:-23.6:-46.8,2023-06-21,49.14,6.43,48.74,3,trigger,synthetic,synthetic,synthetic,synth-v1.0.0,42,932480f22477dd00,baseline
SP-021:norte:028500:2023-09-07,SP-021:norte:028500,SP-021,norte,28.75,open-meteo:era5_seamless:-23.6:-46.8,2023-09-07,54.61,5.62,48.74,4,trigger,synthetic,synthetic,synthetic,synth-v1.0.0,42,932480f22477dd00,baseline
SP-021:norte:028500:2023-10-27,SP-021:norte:028500,SP-021,norte,28.75,open-meteo:era5_seamless:-23.6:-46.8,2023-10-27,71.15,7.87,48.74,5,trigger,synthetic,synthetic,synthetic,synth-v1.0.0,42,932480f22477dd00,baseline
SP-021:norte:028500:2023-12-11,SP-021:norte:028500,SP-021,norte,28.75,open-meteo:era5_seamless:-23.6:-46.8,2023-12-11,81.5,7.09,48.74,8,trigger,synthetic,synthetic,synthetic,synth-v1.0.0,42,932480f22477dd00,baseline
SP-021:norte:028500:2024-01-28,SP-021:norte:028500,SP-021,norte,28.75,open-meteo:era5_seamless:-23.6:-46.8,2024-01-28,84.28,6.83,48.74,7,trigger,synthetic,synthetic,synthetic,synth-v1.0.0,42,932480f22477dd00,baseline
SP-021:norte:028500:2024-03-01,SP-021:norte:028500,SP-021,norte,28.75,open-meteo:era5_seamless:-23.6:-46.8,2024-03-01,67.45,5.1,48.74,5,trigger,synthetic,synthetic,synthetic,synth-v1.0.0,42,932480f22477dd00,baseline
SP-021:norte:028500:2024-04-11,SP-021:norte:028500,SP-021,norte,28.75,open-meteo:era5_seamless:-23.6:-46.8,2024-04-11,80.56,4.63,48.74,11,trigger,synthetic,synthetic,synthetic,synth-v1.0.0,42,932480f22477dd00,baseline
SP-021:norte:028500:2024-05-23,SP-021:norte:028500,SP-021,norte,28.75,open-meteo:era5_seamless:-23.6:-46.8,2024-05-23,57.46,5.01,48.74,4,trigger,synthetic,synthetic,synthetic,synth-v1.0.0,42,932480f22477dd00,baseline
SP-021:norte:028500:2024-08-26,SP-021:norte:028500,SP-021,norte,28.75,open-meteo:era5_seamless:-23.6:-46.8,2024-08-26,62.46,3.63,48.74,8,trigger,synthetic,synthetic,synthetic,synth-v1.0.0,42,932480f22477dd00,baseline
SP-021:norte:028500:2024-10-27,SP-021:norte:028500,SP-021,norte,28.75,open-meteo:era5_seamless:-23.6:-46.8,2024-10-27,69.19,5.43,48.74,7,trigger,synthetic,synthetic,synthetic,synth-v1.0.0,42,932480f22477dd00,baseline
SP-021:norte:028500:2024-12-23,SP-021:norte:028500,SP-021,norte,28.75,open-meteo:era5_seamless:-23.6:-46.8,2024-12-23,94.82,3.82,48.74,15,trigger,synthetic,synthetic,synthetic,synth-v1.0.0,42,932480f22477dd00,baseline
SP-021:norte:028500:2025-02-07,SP-021:norte:028500,SP-021,norte,28.75,open-meteo:era5_seamless:-23.6:-46.8,2025-02-07,85.22,3.05,48.74,12,trigger,synthetic,synthetic,synthetic,synth-v1.0.0,42,932480f22477dd00,baseline
SP-021:norte:028500:2025-03-19,SP-021:norte:028500,SP-021,norte,28.75,open-meteo:era5_seamless:-23.6:-46.8,2025-03-19,66.89,4.16,48.74,3,trigger,synthetic,synthetic,synthetic,synth-v1.0.0,42,932480f22477dd00,baseline
SP-021:norte:028500:2025-05-16,SP-021:norte:028500,SP-021,norte,28.75,open-meteo:era5_seamless:-23.6:-46.8,2025-05-16,65.79,6.59,48.74,5,trigger,synthetic,synthetic,synthetic,synth-v1.0.0,42,932480f22477dd00,baseline
SP-021:norte:028500:2025-09-24,SP-021:norte:028500,SP-021,norte,28.75,open-meteo:era5_seamless:-23.6:-46.8,2025-09-24,75.16,5.29,48.74,17,trigger,synthetic,synthetic,synthetic,synth-v1.0.0,42,932480f22477dd00,baseline
SP-021:norte:028500:2025-11-29,SP-021:norte:028500,SP-021,norte,28.75,open-meteo:era5_seamless:-23.6:-46.8,2025-11-29,63.14,3.07,48.74,6,trigger,synthetic,synthetic,synthetic,synth-v1.0.0,42,932480f22477dd00,baseline
SP-021:norte:028500:2026-01-18,SP-021:norte:028500,SP-021,norte,28.75,open-meteo:era5_seamless:-23.6:-46.8,2026-01-18,82.22,3.48,48.74,7,trigger,synthetic,synthetic,synthetic,synth-v1.0.0,42,932480f22477dd00,baseline
SP-021:norte:028500:2026-03-14,SP-021:norte:028500,SP-021,norte,28.75,open-meteo:era5_seamless:-23.6:-46.8,2026-03-14,92.71,6.1,48.74,20,trigger,synthetic,synthetic,synthetic,synth-v1.0.0,42,932480f22477dd00,baseline
SP-021:norte:028500:2026-04-23,SP-021:norte:028500,SP-021,norte,28.75,open-meteo:era5_seamless:-23.6:-46.8,2026-04-23,62.29,4.71,48.74,4,trigger,synthetic,synthetic,synthetic,synth-v1.0.0,42,932480f22477dd00,baseline
SP-021:norte:028500:2026-08-17,SP-021:norte:028500,SP-021,norte,28.75,open-meteo:era5_seamless:-23.6:-46.8,2026-08-17,66.98,4.07,48.74,8,trigger,synthetic,synthetic,synthetic,synth-v1.0.0,42,932480f22477dd00,baseline
SP-021:sul:028500:2023-01-31,SP-021:sul:028500,SP-021,sul,28.75,open-meteo:era5_seamless:-23.6:-46.8,2023-01-31,71.85,6.0,53.49,9,trigger,synthetic,synthetic,synthetic,synth-v1.0.0,42,932480f22477dd00,baseline
SP-021:sul:028500:2023-04-02,SP-021:sul:028500,SP-021,sul,28.75,open-meteo:era5_seamless:-23.6:-46.8,2023-04-02,79.51,7.95,53.49,21,trigger,synthetic,synthetic,synthetic,synth-v1.0.0,42,932480f22477dd00,baseline
SP-021:sul:028500:2023-06-19,SP-021:sul:028500,SP-021,sul,28.75,open-meteo:era5_seamless:-23.6:-46.8,2023-06-19,50.99,4.62,53.49,8,proactive,synthetic,synthetic,synthetic,synth-v1.0.0,42,932480f22477dd00,baseline
SP-021:sul:028500:2023-10-07,SP-021:sul:028500,SP-021,sul,28.75,open-meteo:era5_seamless:-23.6:-46.8,2023-10-07,70.79,3.91,53.49,13,trigger,synthetic,synthetic,synthetic,synth-v1.0.0,42,932480f22477dd00,baseline
SP-021:sul:028500:2023-12-05,SP-021:sul:028500,SP-021,sul,28.75,open-meteo:era5_seamless:-23.6:-46.8,2023-12-05,61.98,7.91,53.49,2,trigger,synthetic,synthetic,synthetic,synth-v1.0.0,42,932480f22477dd00,baseline
SP-021:sul:028500:2024-01-24,SP-021:sul:028500,SP-021,sul,28.75,open-meteo:era5_seamless:-23.6:-46.8,2024-01-24,66.92,3.68,53.49,3,trigger,synthetic,synthetic,synthetic,synth-v1.0.0,42,932480f22477dd00,baseline
SP-021:sul:028500:2024-03-12,SP-021:sul:028500,SP-021,sul,28.75,open-meteo:era5_seamless:-23.6:-46.8,2024-03-12,66.11,7.83,53.49,2,trigger,synthetic,synthetic,synthetic,synth-v1.0.0,42,932480f22477dd00,baseline
SP-021:sul:028500:2024-04-27,SP-021:sul:028500,SP-021,sul,28.75,open-meteo:era5_seamless:-23.6:-46.8,2024-04-27,66.04,5.93,53.49,6,trigger,synthetic,synthetic,synthetic,synth-v1.0.0,42,932480f22477dd00,baseline
SP-021:sul:028500:2024-07-11,SP-021:sul:028500,SP-021,sul,28.75,open-meteo:era5_seamless:-23.6:-46.8,2024-07-11,54.77,3.12,53.49,4,trigger,synthetic,synthetic,synthetic,synth-v1.0.0,42,932480f22477dd00,baseline
SP-021:sul:028500:2024-10-24,SP-021:sul:028500,SP-021,sul,28.75,open-meteo:era5_seamless:-23.6:-46.8,2024-10-24,66.58,7.13,53.49,11,trigger,synthetic,synthetic,synthetic,synth-v1.0.0,42,932480f22477dd00,baseline
SP-021:sul:028500:2024-12-12,SP-021:sul:028500,SP-021,sul,28.75,open-meteo:era5_seamless:-23.6:-46.8,2024-12-12,60.58,7.68,53.49,4,trigger,synthetic,synthetic,synthetic,synth-v1.0.0,42,932480f22477dd00,baseline
SP-021:sul:028500:2025-01-22,SP-021:sul:028500,SP-021,sul,28.75,open-meteo:era5_seamless:-23.6:-46.8,2025-01-22,62.89,6.74,53.49,3,trigger,synthetic,synthetic,synthetic,synth-v1.0.0,42,932480f22477dd00,baseline
SP-021:sul:028500:2025-03-06,SP-021:sul:028500,SP-021,sul,28.75,open-meteo:era5_seamless:-23.6:-46.8,2025-03-06,71.53,6.78,53.49,11,trigger,synthetic,synthetic,synthetic,synth-v1.0.0,42,932480f22477dd00,baseline
SP-021:sul:028500:2025-05-14,SP-021:sul:028500,SP-021,sul,28.75,open-meteo:era5_seamless:-23.6:-46.8,2025-05-14,71.62,6.31,53.49,17,trigger,synthetic,synthetic,synthetic,synth-v1.0.0,42,932480f22477dd00,baseline
SP-021:sul:028500:2025-09-23,SP-021:sul:028500,SP-021,sul,28.75,open-meteo:era5_seamless:-23.6:-46.8,2025-09-23,57.55,6.65,53.49,2,trigger,synthetic,synthetic,synthetic,synth-v1.0.0,42,932480f22477dd00,baseline
SP-021:sul:028500:2025-12-10,SP-021:sul:028500,SP-021,sul,28.75,open-meteo:era5_seamless:-23.6:-46.8,2025-12-10,67.26,3.2,53.49,10,trigger,synthetic,synthetic,synthetic,synth-v1.0.0,42,932480f22477dd00,baseline
SP-021:sul:028500:2026-02-07,SP-021:sul:028500,SP-021,sul,28.75,open-meteo:era5_seamless:-23.6:-46.8,2026-02-07,66.28,7.82,53.49,6,trigger,synthetic,synthetic,synthetic,synth-v1.0.0,42,932480f22477dd00,baseline
SP-021:sul:028500:2026-03-18,SP-021:sul:028500,SP-021,sul,28.75,open-meteo:era5_seamless:-23.6:-46.8,2026-03-18,62.75,7.21,53.49,3,trigger,synthetic,synthetic,synthetic,synth-v1.0.0,42,932480f22477dd00,baseline
SP-021:sul:028500:2026-05-16,SP-021:sul:028500,SP-021,sul,28.75,open-meteo:era5_seamless:-23.6:-46.8,2026-05-16,65.42,6.2,53.49,13,trigger,synthetic,synthetic,synthetic,synth-v1.0.0,42,932480f22477dd00,baseline
SP-021:norte:029000:2023-01-20,SP-021:norte:029000,SP-021,norte,29.15,open-meteo:era5_seamless:-23.6:-46.8,2023-01-20,85.44,4.09,55.74,5,trigger,synthetic,synthetic,synthetic,synth-v1.0.0,42,932480f22477dd00,baseline
SP-021:norte:029000:2023-03-01,SP-021:norte:029000,SP-021,norte,29.15,open-meteo:era5_seamless:-23.6:-46.8,2023-03-01,98.03,6.8,55.74,3,trigger,synthetic,synthetic,synthetic,synth-v1.0.0,42,932480f22477dd00,baseline
SP-021:norte:029000:2023-04-08,SP-021:norte:029000,SP-021,norte,29.15,open-meteo:era5_seamless:-23.6:-46.8,2023-04-08,95.98,3.95,55.74,13,trigger,synthetic,synthetic,synthetic,synth-v1.0.0,42,932480f22477dd00,baseline
SP-021:norte:029000:2023-06-18,SP-021:norte:029000,SP-021,norte,29.15,open-meteo:era5_seamless:-23.6:-46.8,2023-06-18,63.0,5.54,55.74,7,trigger,synthetic,synthetic,synthetic,synth-v1.0.0,42,932480f22477dd00,baseline
SP-021:norte:029000:2023-09-17,SP-021:norte:029000,SP-021,norte,29.15,open-meteo:era5_seamless:-23.6:-46.8,2023-09-17,98.38,7.53,55.74,21,trigger,synthetic,synthetic,synthetic,synth-v1.0.0,42,932480f22477dd00,baseline
SP-021:norte:029000:2023-10-28,SP-021:norte:029000,SP-021,norte,29.15,open-meteo:era5_seamless:-23.6:-46.8,2023-10-28,87.03,6.91,55.74,13,trigger,synthetic,synthetic,synthetic,synth-v1.0.0,42,932480f22477dd00,baseline
SP-021:norte:029000:2023-12-06,SP-021:norte:029000,SP-021,norte,29.15,open-meteo:era5_seamless:-23.6:-46.8,2023-12-06,89.45,4.55,55.74,3,trigger,synthetic,synthetic,synthetic,synth-v1.0.0,42,932480f22477dd00,baseline
SP-021:norte:029000:2024-01-19,SP-021:norte:029000,SP-021,norte,29.15,open-meteo:era5_seamless:-23.6:-46.8,2024-01-19,96.3,3.81,55.74,12,trigger,synthetic,synthetic,synthetic,synth-v1.0.0,42,932480f22477dd00,baseline
SP-021:norte:029000:2024-02-23,SP-021:norte:029000,SP-021,norte,29.15,open-meteo:era5_seamless:-23.6:-46.8,2024-02-23,74.71,7.99,55.74,5,trigger,synthetic,synthetic,synthetic,synth-v1.0.0,42,932480f22477dd00,baseline
SP-021:norte:029000:2024-03-22,SP-021:norte:029000,SP-021,norte,29.15,open-meteo:era5_seamless:-23.6:-46.8,2024-03-22,89.58,4.71,55.74,5,trigger,synthetic,synthetic,synthetic,synth-v1.0.0,42,932480f22477dd00,baseline
SP-021:norte:029000:2024-04-26,SP-021:norte:029000,SP-021,norte,29.15,open-meteo:era5_seamless:-23.6:-46.8,2024-04-26,76.78,7.46,55.74,5,trigger,synthetic,synthetic,synthetic,synth-v1.0.0,42,932480f22477dd00,baseline
SP-021:norte:029000:2024-06-10,SP-021:norte:029000,SP-021,norte,29.15,open-meteo:era5_seamless:-23.6:-46.8,2024-06-10,78.43,4.6,55.74,15,trigger,synthetic,synthetic,synthetic,synth-v1.0.0,42,932480f22477dd00,baseline
SP-021:norte:029000:2024-09-05,SP-021:norte:029000,SP-021,norte,29.15,open-meteo:era5_seamless:-23.6:-46.8,2024-09-05,88.68,5.31,55.74,18,trigger,synthetic,synthetic,synthetic,synth-v1.0.0,42,932480f22477dd00,baseline
SP-021:norte:029000:2024-10-23,SP-021:norte:029000,SP-021,norte,29.15,open-meteo:era5_seamless:-23.6:-46.8,2024-10-23,82.52,6.38,55.74,10,trigger,synthetic,synthetic,synthetic,synth-v1.0.0,42,932480f22477dd00,baseline
SP-021:norte:029000:2024-12-07,SP-021:norte:029000,SP-021,norte,29.15,open-meteo:era5_seamless:-23.6:-46.8,2024-12-07,94.39,4.11,55.74,13,trigger,synthetic,synthetic,synthetic,synth-v1.0.0,42,932480f22477dd00,baseline
SP-021:norte:029000:2025-01-08,SP-021:norte:029000,SP-021,norte,29.15,open-meteo:era5_seamless:-23.6:-46.8,2025-01-08,73.51,3.23,55.74,3,trigger,synthetic,synthetic,synthetic,synth-v1.0.0,42,932480f22477dd00,baseline
SP-021:norte:029000:2025-02-17,SP-021:norte:029000,SP-021,norte,29.15,open-meteo:era5_seamless:-23.6:-46.8,2025-02-17,97.86,4.05,55.74,8,trigger,synthetic,synthetic,synthetic,synth-v1.0.0,42,932480f22477dd00,baseline
SP-021:norte:029000:2025-03-19,SP-021:norte:029000,SP-021,norte,29.15,open-meteo:era5_seamless:-23.6:-46.8,2025-03-19,72.14,4.76,55.74,3,trigger,synthetic,synthetic,synthetic,synth-v1.0.0,42,932480f22477dd00,baseline
SP-021:norte:029000:2025-04-29,SP-021:norte:029000,SP-021,norte,29.15,open-meteo:era5_seamless:-23.6:-46.8,2025-04-29,79.51,6.85,55.74,9,trigger,synthetic,synthetic,synthetic,synth-v1.0.0,42,932480f22477dd00,baseline
SP-021:norte:029000:2025-07-04,SP-021:norte:029000,SP-021,norte,29.15,open-meteo:era5_seamless:-23.6:-46.8,2025-07-04,60.76,7.13,55.74,5,trigger,synthetic,synthetic,synthetic,synth-v1.0.0,42,932480f22477dd00,baseline
SP-021:norte:029000:2025-09-28,SP-021:norte:029000,SP-021,norte,29.15,open-meteo:era5_seamless:-23.6:-46.8,2025-09-28,74.08,7.77,55.74,7,trigger,synthetic,synthetic,synthetic,synth-v1.0.0,42,932480f22477dd00,baseline
SP-021:norte:029000:2025-11-21,SP-021:norte:029000,SP-021,norte,29.15,open-meteo:era5_seamless:-23.6:-46.8,2025-11-21,83.99,5.17,55.74,12,trigger,synthetic,synthetic,synthetic,synth-v1.0.0,42,932480f22477dd00,baseline
SP-021:norte:029000:2026-01-02,SP-021:norte:029000,SP-021,norte,29.15,open-meteo:era5_seamless:-23.6:-46.8,2026-01-02,94.94,6.03,55.74,12,trigger,synthetic,synthetic,synthetic,synth-v1.0.0,42,932480f22477dd00,baseline
SP-021:norte:029000:2026-02-11,SP-021:norte:029000,SP-021,norte,29.15,open-meteo:era5_seamless:-23.6:-46.8,2026-02-11,92.76,3.09,55.74,10,trigger,synthetic,synthetic,synthetic,synth-v1.0.0,42,932480f22477dd00,baseline
SP-021:norte:029000:2026-03-21,SP-021:norte:029000,SP-021,norte,29.15,open-meteo:era5_seamless:-23.6:-46.8,2026-03-21,80.52,4.15,55.74,6,trigger,synthetic,synthetic,synthetic,synth-v1.0.0,42,932480f22477dd00,baseline
SP-021:norte:029000:2026-05-04,SP-021:norte:029000,SP-021,norte,29.15,open-meteo:era5_seamless:-23.6:-46.8,2026-05-04,88.83,4.47,55.74,8,trigger,synthetic,synthetic,synthetic,synth-v1.0.0,42,932480f22477dd00,baseline
SP-021:norte:029000:2026-08-12,SP-021:norte:029000,SP-021,norte,29.15,open-meteo:era5_seamless:-23.6:-46.8,2026-08-12,66.36,4.05,55.74,3,trigger,synthetic,synthetic,synthetic,synth-v1.0.0,42,932480f22477dd00,baseline
SP-021:sul:029000:2023-01-18,SP-021:sul:029000,SP-021,sul,29.15,open-meteo:era5_seamless:-23.6:-46.8,2023-01-18,61.86,4.65,49.26,3,trigger,synthetic,synthetic,synthetic,synth-v1.0.0,42,932480f22477dd00,baseline
SP-021:sul:029000:2023-02-21,SP-021:sul:029000,SP-021,sul,29.15,open-meteo:era5_seamless:-23.6:-46.8,2023-02-21,63.94,4.13,49.26,2,trigger,synthetic,synthetic,synthetic,synth-v1.0.0,42,932480f22477dd00,baseline
SP-021:sul:029000:2023-04-02,SP-021:sul:029000,SP-021,sul,29.15,open-meteo:era5_seamless:-23.6:-46.8,2023-04-02,71.72,7.38,49.26,7,trigger,synthetic,synthetic,synthetic,synth-v1.0.0,42,932480f22477dd00,baseline
SP-021:sul:029000:2023-06-08,SP-021:sul:029000,SP-021,sul,29.15,open-meteo:era5_seamless:-23.6:-46.8,2023-06-08,59.03,4.45,49.26,11,trigger,synthetic,synthetic,synthetic,synth-v1.0.0,42,932480f22477dd00,baseline
SP-021:sul:029000:2023-09-07,SP-021:sul:029000,SP-021,sul,29.15,open-meteo:era5_seamless:-23.6:-46.8,2023-09-07,51.81,5.85,49.26,4,proactive,synthetic,synthetic,synthetic,synth-v1.0.0,42,932480f22477dd00,baseline
SP-021:sul:029000:2023-10-27,SP-021:sul:029000,SP-021,sul,29.15,open-meteo:era5_seamless:-23.6:-46.8,2023-10-27,65.62,5.61,49.26,5,trigger,synthetic,synthetic,synthetic,synth-v1.0.0,42,932480f22477dd00,baseline
SP-021:sul:029000:2023-12-12,SP-021:sul:029000,SP-021,sul,29.15,open-meteo:era5_seamless:-23.6:-46.8,2023-12-12,70.09,4.65,49.26,9,trigger,synthetic,synthetic,synthetic,synth-v1.0.0,42,932480f22477dd00,baseline
SP-021:sul:029000:2024-01-30,SP-021:sul:029000,SP-021,sul,29.15,open-meteo:era5_seamless:-23.6:-46.8,2024-01-30,72.55,5.04,49.26,9,trigger,synthetic,synthetic,synthetic,synth-v1.0.0,42,932480f22477dd00,baseline
SP-021:sul:029000:2024-03-17,SP-021:sul:029000,SP-021,sul,29.15,open-meteo:era5_seamless:-23.6:-46.8,2024-03-17,82.18,6.65,49.26,14,trigger,synthetic,synthetic,synthetic,synth-v1.0.0,42,932480f22477dd00,baseline
SP-021:sul:029000:2024-04-26,SP-021:sul:029000,SP-021,sul,29.15,open-meteo:era5_seamless:-23.6:-46.8,2024-04-26,68.61,4.83,49.26,5,trigger,synthetic,synthetic,synthetic,synth-v1.0.0,42,932480f22477dd00,baseline
SP-021:sul:029000:2024-06-21,SP-021:sul:029000,SP-021,sul,29.15,open-meteo:era5_seamless:-23.6:-46.8,2024-06-21,54.45,7.53,49.26,5,trigger,synthetic,synthetic,synthetic,synth-v1.0.0,42,932480f22477dd00,baseline
SP-021:sul:029000:2024-09-10,SP-021:sul:029000,SP-021,sul,29.15,open-meteo:era5_seamless:-23.6:-46.8,2024-09-10,65.68,6.06,49.26,9,trigger,synthetic,synthetic,synthetic,synth-v1.0.0,42,932480f22477dd00,baseline
SP-021:sul:029000:2024-10-29,SP-021:sul:029000,SP-021,sul,29.15,open-meteo:era5_seamless:-23.6:-46.8,2024-10-29,52.99,4.23,49.26,2,trigger,synthetic,synthetic,synthetic,synth-v1.0.0,42,932480f22477dd00,baseline
SP-021:sul:029000:2024-12-13,SP-021:sul:029000,SP-021,sul,29.15,open-meteo:era5_seamless:-23.6:-46.8,2024-12-13,63.28,6.56,49.26,5,trigger,synthetic,synthetic,synthetic,synth-v1.0.0,42,932480f22477dd00,baseline
SP-021:sul:029000:2025-01-19,SP-021:sul:029000,SP-021,sul,29.15,open-meteo:era5_seamless:-23.6:-46.8,2025-01-19,67.79,5.87,49.26,7,trigger,synthetic,synthetic,synthetic,synth-v1.0.0,42,932480f22477dd00,baseline
SP-021:sul:029000:2025-02-22,SP-021:sul:029000,SP-021,sul,29.15,open-meteo:era5_seamless:-23.6:-46.8,2025-02-22,74.49,4.21,49.26,6,trigger,synthetic,synthetic,synthetic,synth-v1.0.0,42,932480f22477dd00,baseline
SP-021:sul:029000:2025-04-06,SP-021:sul:029000,SP-021,sul,29.15,open-meteo:era5_seamless:-23.6:-46.8,2025-04-06,63.91,7.47,49.26,7,trigger,synthetic,synthetic,synthetic,synth-v1.0.0,42,932480f22477dd00,baseline
SP-021:sul:029000:2025-05-22,SP-021:sul:029000,SP-021,sul,29.15,open-meteo:era5_seamless:-23.6:-46.8,2025-05-22,56.02,4.25,49.26,4,trigger,synthetic,synthetic,synthetic,synth-v1.0.0,42,932480f22477dd00,baseline
SP-021:sul:029000:2025-09-23,SP-021:sul:029000,SP-021,sul,29.15,open-meteo:era5_seamless:-23.6:-46.8,2025-09-23,58.32,7.85,49.26,2,trigger,synthetic,synthetic,synthetic,synth-v1.0.0,42,932480f22477dd00,baseline
SP-021:sul:029000:2025-11-19,SP-021:sul:029000,SP-021,sul,29.15,open-meteo:era5_seamless:-23.6:-46.8,2025-11-19,60.81,6.01,49.26,3,trigger,synthetic,synthetic,synthetic,synth-v1.0.0,42,932480f22477dd00,baseline
SP-021:sul:029000:2025-12-30,SP-021:sul:029000,SP-021,sul,29.15,open-meteo:era5_seamless:-23.6:-46.8,2025-12-30,64.5,7.84,49.26,2,trigger,synthetic,synthetic,synthetic,synth-v1.0.0,42,932480f22477dd00,baseline
SP-021:sul:029000:2026-02-06,SP-021:sul:029000,SP-021,sul,29.15,open-meteo:era5_seamless:-23.6:-46.8,2026-02-06,67.04,4.43,49.26,5,trigger,synthetic,synthetic,synthetic,synth-v1.0.0,42,932480f22477dd00,baseline
SP-021:sul:029000:2026-03-10,SP-021:sul:029000,SP-021,sul,29.15,open-meteo:era5_seamless:-23.6:-46.8,2026-03-10,53.58,7.3,49.26,2,trigger,synthetic,synthetic,synthetic,synth-v1.0.0,42,932480f22477dd00,baseline
SP-021:sul:029000:2026-04-08,SP-021:sul:029000,SP-021,sul,29.15,open-meteo:era5_seamless:-23.6:-46.8,2026-04-08,58.34,5.56,49.26,3,trigger,synthetic,synthetic,synthetic,synth-v1.0.0,42,932480f22477dd00,baseline
SP-021:sul:029000:2026-06-25,SP-021:sul:029000,SP-021,sul,29.15,open-meteo:era5_seamless:-23.6:-46.8,2026-06-25,55.66,6.13,49.26,18,trigger,synthetic,synthetic,synthetic,synth-v1.0.0,42,932480f22477dd00,baseline
