grid_cell_id,iso_year,iso_week,as_of_date,week_days_present,month,week_of_year,day_of_year,season_sin,season_cos,dry_season_flag,tmin_week_c,tmean_week_c,tmax_week_c,tmin_week_abs_c,tmax_week_abs_c,rh_week_pct,gdd_week_tb10_c,gdd_week_tb15_c,gdd_week_tb17_c,rain_7d_mm,rain_14d_mm,rain_30d_mm,precip_7d_mm,precip_30d_mm,shortwave_7d_mj_m2,et0_7d_mm,et0_30d_mm,water_deficit_7d,water_deficit_30d,tmin_7d_c,tmean_7d_c,gdd_week_c,gdd_base_temp_c_ref,provenance
open-meteo:era5_seamless:-23.4:-46.7,2022,52,2023-01-01,1,1,52,1,0.017201575418260506,0.9998520419557735,0,17.6,21.3,26.0,17.6,26.0,86.0,11.8,6.800000000000001,4.800000000000001,8.2,8.2,8.2,8.2,8.2,22.54,4.27,4.27,3.9299999999999997,3.9299999999999997,17.6,21.3,6.800000000000001,15.0,weather_real
open-meteo:era5_seamless:-23.4:-46.7,2023,1,2023-01-08,7,1,1,8,0.13718540405660057,0.9905453876091833,0,16.414285714285715,19.085714285714285,22.342857142857145,14.8,26.9,85.85714285714286,65.65,30.650000000000006,16.700000000000003,74.9,83.1,83.1,74.9,83.1,96.89999999999999,18.980000000000004,23.25,55.92,59.849999999999994,16.414285714285715,19.085714285714285,30.650000000000006,15.0,weather_real
open-meteo:era5_seamless:-23.4:-46.7,2023,2,2023-01-15,7,1,2,15,0.2551824131233728,0.9668929289391521,0,18.542857142857144,21.385714285714283,25.142857142857142,17.1,28.6,84.71428571428571,82.89999999999999,47.900000000000006,33.900000000000006,37.099999999999994,112.00000000000001,120.2,37.099999999999994,120.2,125.61999999999999,23.97,47.22,13.129999999999995,72.98,18.542857142857144,21.385714285714283,47.900000000000006,15.0,weather_real
open-meteo:era5_seamless:-23.4:-46.7,2023,3,2023-01-22,7,1,3,22,0.3694836834473831,0.9292372181882051,0,18.428571428571427,21.842857142857145,26.52857142857143,16.4,28.0,85.14285714285714,87.35,52.35000000000001,38.35,44.800000000000004,81.89999999999999,164.99999999999997,44.800000000000004,164.99999999999997,151.48,29.270000000000007,76.49000000000001,15.529999999999998,88.50999999999996,18.428571428571427,21.842857142857145,52.35000000000001,15.0,weather_real
open-meteo:era5_seamless:-23.4:-46.7,2023,4,2023-01-29,7,1,4,29,0.4784338202547012,0.8781236129591848,0,18.2,21.77142857142857,26.48571428571429,16.2,27.4,81.71428571428571,86.4,51.400000000000006,37.400000000000006,30.1,74.89999999999999,195.09999999999997,30.1,195.09999999999997,164.22,31.8,108.29,-1.6999999999999993,86.80999999999996,18.2,21.77142857142857,51.400000000000006,15.0,weather_real
open-meteo:era5_seamless:-23.4:-46.7,2023,5,2023-02-05,7,2,5,36,0.580454927809098,0.8142923779467267,0,19.428571428571427,21.942857142857143,25.74285714285714,18.6,26.7,84.42857142857143,88.1,53.099999999999994,39.099999999999994,35.39999999999999,65.5,148.5,35.39999999999999,148.5,105.86999999999999,21.26,110.98999999999998,14.13999999999999,37.51000000000002,19.428571428571427,21.942857142857143,53.099999999999994,15.0,weather_real
open-meteo:era5_seamless:-23.4:-46.7,2023,6,2023-02-12,7,2,6,43,0.6740694616546161,0.7386679638813748,0,18.114285714285717,21.357142857142858,25.72857142857143,16.6,27.5,86.85714285714286,83.45,48.45,34.45,88.50000000000001,123.89999999999999,210.00000000000003,88.50000000000001,210.00000000000003,127.57,24.72,116.14999999999999,63.780000000000015,93.85000000000004,18.114285714285717,21.357142857142858,48.45,15.0,weather_real
open-meteo:era5_seamless:-23.4:-46.7,2023,7,2023-02-19,7,2,7,50,0.7579216274973472,0.6523456189565257,0,18.842857142857145,21.814285714285717,25.342857142857145,16.6,28.4,83.71428571428571,84.65,49.65,35.65,93.5,182.0,250.8,93.5,250.8,110.55,22.849999999999998,109.72000000000001,70.65,141.07999999999998,18.842857142857145,21.814285714285717,49.65,15.0,weather_real
open-meteo:era5_seamless:-23.4:-46.7,2023,8,2023-02-26,7,2,8,57,0.8307970168121247,0.5565755266413303,0,18.38571428571429,22.071428571428566,26.999999999999996,17.5,27.7,83.85714285714286,88.85000000000002,53.85,39.85,47.0,140.49999999999997,278.7,47.0,278.7,150.99,29.01,106.14,17.99,172.56,18.38571428571429,22.071428571428566,53.85,15.0,weather_real
open-meteo:era5_seamless:-23.4:-46.7,2023,9,2023-03-05,7,3,9,64,0.8916401947968874,0.45274469960737107,0,18.885714285714283,22.285714285714285,26.871428571428574,17.7,27.7,83.42857142857143,90.15,55.15,41.15,34.900000000000006,81.9,277.09999999999997,34.900000000000006,277.09999999999997,140.94,27.4,110.30000000000001,7.500000000000007,166.79999999999995,18.885714285714283,22.285714285714285,55.15,15.0,weather_real
open-meteo:era5_seamless:-23.4:-46.7,2023,10,2023-03-12,7,3,10,71,0.9395699859530622,0.342356891994542,0,18.385714285714283,21.67142857142857,26.228571428571428,18.1,27.9,83.71428571428571,86.15,51.150000000000006,37.150000000000006,61.099999999999994,96.00000000000001,262.9,61.099999999999994,262.9,124.96,24.62,108.17999999999999,36.47999999999999,154.71999999999997,18.385714285714283,21.67142857142857,51.150000000000006,15.0,weather_real
open-meteo:era5_seamless:-23.4:-46.7,2023,11,2023-03-19,7,3,11,78,0.9738922359149924,0.22701082094141847,0,17.685714285714287,21.028571428571432,25.78571428571429,16.1,27.3,84.14285714285714,82.14999999999999,47.14999999999999,33.15,27.1,88.2,250.39999999999998,27.1,250.39999999999998,134.62,26.2,109.91,0.9000000000000021,140.48999999999998,17.685714285714287,21.028571428571432,47.14999999999999,15.0,weather_real
open-meteo:era5_seamless:-23.4:-46.7,2023,12,2023-03-26,7,3,12,85,0.9941098647022418,0.10837701279187609,0,17.771428571428572,22.58571428571429,27.985714285714284,16.1,29.2,78.28571428571429,90.15,55.15,41.15,4.4,31.500000000000004,131.7,4.4,131.7,158.78000000000003,32.09,119.55000000000001,-27.690000000000005,12.149999999999977,17.771428571428572,22.58571428571429,55.15,15.0,weather_real
open-meteo:era5_seamless:-23.4:-46.7,2023,13,2023-04-02,7,4,13,92,0.9999300657962057,-0.011826390691832589,1,17.67142857142857,21.057142857142853,25.442857142857143,16.2,27.9,83.85714285714286,80.89999999999999,45.89999999999999,31.89999999999999,25.4,29.799999999999997,125.4,25.4,125.4,113.83,22.62,113.33,2.7799999999999976,12.070000000000007,17.67142857142857,21.057142857142853,45.89999999999999,15.0,weather_real
open-meteo:era5_seamless:-23.4:-46.7,2023,14,2023-04-09,7,4,14,99,0.9912685467787256,-0.13185851571739118,1,16.114285714285714,19.3,23.41428571428571,14.7,26.4,85.0,68.35,33.349999999999994,19.349999999999998,17.799999999999997,43.2,108.30000000000001,17.799999999999997,108.30000000000001,106.24,20.47,104.86999999999998,-2.6700000000000017,3.4300000000000352,16.114285714285714,19.3,33.349999999999994,15.0,weather_real
open-meteo:era5_seamless:-23.4:-46.7,2023,15,2023-04-16,7,4,15,106,0.9682507501166718,-0.2499809690726521,1,16.17142857142857,19.814285714285713,24.457142857142856,13.1,26.7,82.71428571428571,72.2,37.2,23.200000000000003,11.299999999999999,29.099999999999998,59.5,11.299999999999999,59.5,118.19,22.119999999999997,105.91000000000001,-10.819999999999999,-46.41000000000001,16.17142857142857,19.814285714285713,37.2,15.0,weather_real
open-meteo:era5_seamless:-23.4:-46.7,2023,16,2023-04-23,7,4,16,113,0.9312100364121947,-0.3644830148102912,1,14.5,18.114285714285714,22.542857142857144,10.3,25.9,79.42857142857143,59.64999999999999,24.65,13.45,45.0,56.3,102.19999999999999,45.0,102.19999999999999,116.89999999999998,22.200000000000003,96.91,22.799999999999997,5.289999999999992,14.5,18.114285714285714,24.65,15.0,weather_real
open-meteo:era5_seamless:-23.4:-46.7,2023,17,2023-04-30,7,4,17,120,0.8806828564301475,-0.47370635037968,1,15.185714285714285,18.342857142857145,22.871428571428567,12.3,24.2,82.85714285714286,63.2,28.200000000000003,14.200000000000003,4.2,49.2,79.30000000000001,4.2,79.30000000000001,94.59999999999998,17.91,88.90999999999998,-13.71,-9.609999999999971,15.185714285714285,18.342857142857145,28.200000000000003,15.0,weather_real
open-meteo:era5_seamless:-23.4:-46.7,2023,18,2023-05-07,7,5,18,127,0.8174009818249189,-0.5760691233798758,1,16.87142857142857,20.285714285714285,24.985714285714284,15.8,25.8,81.57142857142857,76.5,41.49999999999999,27.499999999999996,1.6,5.800000000000001,65.6,1.6,65.6,108.88,20.89,87.4,-19.29,-21.80000000000001,16.87142857142857,20.285714285714285,41.49999999999999,15.0,weather_real
open-meteo:era5_seamless:-23.4:-46.7,2023,19,2023-05-14,7,5,19,134,0.742280907086982,-0.6700888411055113,1,14.5,17.785714285714285,22.214285714285715,11.3,26.3,80.14285714285714,58.5,23.5,12.75,5.1,6.699999999999999,59.5,5.1,59.5,99.61,18.55,85.11999999999999,-13.450000000000001,-25.61999999999999,14.5,17.785714285714285,23.5,15.0,weather_real
open-meteo:era5_seamless:-23.4:-46.7,2023,20,2023-05-21,7,5,20,141,0.6564105761979381,-0.7544038410927472,1,9.985714285714284,15.2,21.62857142857143,9.1,23.3,76.14285714285714,40.650000000000006,5.649999999999997,0.0,0.0,5.1,10.899999999999999,0.0,10.899999999999999,118.61,20.42,84.21999999999998,-20.42,-73.32,9.985714285714284,15.2,5.649999999999997,15.0,weather_real
open-meteo:era5_seamless:-23.4:-46.7,2023,21,2023-05-28,7,5,21,148,0.5610336262283677,-0.8277930117131022,1,12.628571428571428,17.928571428571427,23.72857142857143,10.7,24.8,73.14285714285714,57.25,22.249999999999996,8.749999999999996,4.1,4.1,11.3,4.1,11.3,97.92999999999999,19.71,84.86999999999999,-15.610000000000001,-73.57,12.628571428571428,17.928571428571427,22.249999999999996,15.0,weather_real
open-meteo:era5_seamless:-23.4:-46.7,2023,22,2023-06-04,7,6,22,155,0.4575313760742512,-0.8891934772070711,1,12.985714285714286,15.957142857142856,20.0,8.7,22.6,84.14285714285714,45.45,10.450000000000001,0.5,22.5,26.6,31.699999999999996,22.5,31.699999999999996,73.86999999999999,13.690000000000001,78.23000000000002,8.809999999999999,-46.53000000000002,12.985714285714286,15.957142857142856,10.450000000000001,15.0,weather_real
open-meteo:era5_seamless:-23.4:-46.7,2023,23,2023-06-11,7,6,23,162,0.3474028211842774,-0.9377159910299093,1,11.457142857142857,16.485714285714284,22.414285714285715,9.6,24.4,69.57142857142857,48.55,13.549999999999997,1.9999999999999964,0.0,22.5,26.6,0.0,26.6,109.66000000000001,21.509999999999998,80.53,-21.509999999999998,-53.93,11.457142857142857,16.485714285714284,13.549999999999997,15.0,weather_real
open-meteo:era5_seamless:-23.4:-46.7,2023,24,2023-06-18,7,6,24,169,0.23224292400907015,-0.9726578145718654,1,11.9,14.642857142857142,17.8,7.9,25.5,86.71428571428571,33.95,5.150000000000002,1.6000000000000014,34.8,34.8,61.4,34.8,61.4,55.86,10.100000000000001,70.80999999999999,24.699999999999996,-9.40999999999999,11.9,14.642857142857142,5.150000000000002,15.0,weather_real
open-meteo:era5_seamless:-23.4:-46.7,2023,25,2023-06-25,7,6,25,176,0.11371951458594969,-0.9935128947338007,1,10.4,15.528571428571428,21.514285714285712,7.0,23.6,74.14285714285714,41.7,8.100000000000001,0.5,0.0,34.800000000000004,61.4,0.0,61.4,102.69,19.04,69.36,-19.04,-7.960000000000001,10.4,15.528571428571428,8.100000000000001,15.0,weather_real
open-meteo:era5_seamless:-23.4:-46.7,2023,26,2023-07-02,7,7,26,183,-0.00645086419810515,-0.9999791929590823,1,12.1,16.514285714285712,21.757142857142856,10.5,23.6,77.0,48.5,13.499999999999998,2.3500000000000014,1.2,1.2,35.99999999999999,1.2,35.99999999999999,97.63,18.44,74.64,-17.240000000000002,-38.64000000000001,12.1,16.514285714285712,13.499999999999998,15.0,weather_real
open-meteo:era5_seamless:-23.4:-46.7,2023,27,2023-07-09,7,7,27,190,-0.12652781683868314,-0.9919630595773397,1,10.014285714285714,14.957142857142857,20.82857142857143,7.4,23.8,71.85714285714286,37.949999999999996,5.649999999999997,1.0499999999999972,12.5,13.7,48.5,12.5,48.5,95.33999999999999,18.880000000000003,73.61,-6.380000000000003,-25.11,10.014285714285714,14.957142857142857,5.649999999999997,15.0,weather_real
open-meteo:era5_seamless:-23.4:-46.7,2023,28,2023-07-16,7,7,28,197,-0.24477230089725957,-0.9695805901076308,1,11.842857142857143,16.785714285714285,22.314285714285713,8.5,25.9,69.28571428571429,49.550000000000004,18.4,9.7,1.7,14.2,15.399999999999999,1.7,15.399999999999999,102.34,22.4,82.88,-20.7,-67.47999999999999,11.842857142857143,16.785714285714285,18.4,15.0,weather_real
open-meteo:era5_seamless:-23.4:-46.7,2023,29,2023-07-23,7,7,29,204,-0.3594718130884232,-0.9331559438780432,1,12.814285714285715,16.45714285714286,21.214285714285715,11.0,23.9,79.42857142857143,49.099999999999994,14.1,3.099999999999998,1.5,3.2,16.900000000000002,1.5,16.900000000000002,85.74000000000001,16.05,81.62,-14.55,-64.72,12.814285714285715,16.45714285714286,14.1,15.0,weather_real
open-meteo:era5_seamless:-23.4:-46.7,2023,30,2023-07-30,7,7,30,211,-0.46896519100763184,-0.8832166493127127,1,13.27142857142857,17.671428571428574,22.97142857142857,11.8,26.0,72.85714285714286,56.850000000000016,22.050000000000008,11.450000000000006,3.9,5.4,19.900000000000002,3.9,19.900000000000002,91.25999999999999,19.04,81.27000000000001,-15.139999999999999,-61.370000000000005,13.27142857142857,17.671428571428574,22.050000000000008,15.0,weather_real
open-meteo:era5_seamless:-23.4:-46.7,2023,31,2023-08-06,7,8,31,218,-0.5716666713027052,-0.8204859638785327,1,11.9,17.914285714285715,25.714285714285715,10.7,28.1,72.42857142857143,61.650000000000006,26.65,12.649999999999999,0.0,3.9,19.6,0.0,19.6,121.11000000000001,23.89,86.68,-23.89,-67.08000000000001,11.9,17.914285714285715,26.65,15.0,weather_real
open-meteo:era5_seamless:-23.4:-46.7,2023,32,2023-08-13,7,8,32,225,-0.666088855860977,-0.7458723993404063,1,15.057142857142855,18.942857142857147,24.999999999999996,13.6,29.2,72.85714285714286,70.20000000000002,35.199999999999996,22.8,9.9,9.9,15.3,9.9,15.3,96.18999999999998,22.37,86.45999999999998,-12.47,-71.15999999999998,15.057142857142855,18.942857142857147,35.199999999999996,15.0,weather_real
open-meteo:era5_seamless:-23.4:-46.7,2023,33,2023-08-20,7,8,33,232,-0.7508642533989489,-0.6604565640279754,1,15.428571428571429,19.385714285714283,24.414285714285715,13.4,27.2,71.57142857142857,69.45,34.449999999999996,20.799999999999997,0.8999999999999999,10.799999999999999,14.7,0.8999999999999999,14.7,100.21,22.830000000000002,94.07000000000001,-21.930000000000003,-79.37,15.428571428571429,19.385714285714283,34.449999999999996,15.0,weather_real
open-meteo:era5_seamless:-23.4:-46.7,2023,34,2023-08-27,7,8,34,239,-0.8247650844733614,-0.5654755126737576,1,15.057142857142859,19.028571428571432,24.11428571428571,10.9,31.0,65.85714285714286,67.10000000000001,36.35000000000001,26.350000000000005,28.5,29.400000000000002,40.800000000000004,28.5,40.800000000000004,97.18,26.549999999999997,98.88,1.9500000000000028,-58.07999999999999,15.057142857142859,19.028571428571432,36.35000000000001,15.0,weather_real
open-meteo:era5_seamless:-23.4:-46.7,2023,35,2023-09-03,7,9,35,246,-0.886721063082993,-0.46230483047981086,1,13.200000000000001,17.957142857142856,24.2,10.9,28.9,79.57142857142857,60.900000000000006,27.800000000000004,16.200000000000003,5.8999999999999995,34.39999999999999,45.19999999999999,5.8999999999999995,45.19999999999999,119.81,23.619999999999997,102.78,-17.72,-57.58000000000001,13.200000000000001,17.957142857142856,27.800000000000004,15.0,weather_real
open-meteo:era5_seamless:-23.4:-46.7,2023,36,2023-09-10,7,9,36,253,-0.9358348973349941,-0.35243871088460327,1,15.971428571428572,20.285714285714285,25.95714285714286,14.0,30.9,73.14285714285714,76.75,41.75,27.75,8.4,14.300000000000002,45.400000000000006,8.4,45.400000000000006,118.52000000000002,26.5,104.61999999999999,-18.1,-59.219999999999985,15.971428571428572,20.285714285714285,41.75,15.0,weather_real
open-meteo:era5_seamless:-23.4:-46.7,2023,37,2023-09-17,7,9,37,260,-0.97139528468375,-0.23746831555846842,1,14.757142857142858,20.842857142857145,27.357142857142858,11.5,31.1,65.28571428571429,77.4,42.400000000000006,28.400000000000002,15.899999999999999,24.3,58.900000000000006,15.899999999999999,58.900000000000006,142.68,31.669999999999998,115.91,-15.77,-57.00999999999999,14.757142857142858,20.842857142857145,42.400000000000006,15.0,weather_real
open-meteo:era5_seamless:-23.4:-46.7,2023,38,2023-09-24,7,9,38,267,-0.9928872135356962,-0.11905873003404988,1,17.17142857142857,23.67142857142857,30.942857142857147,16.2,34.8,66.57142857142857,98.4,63.400000000000006,49.400000000000006,1.0,16.9,50.0,1.0,50.0,148.9,33.88,117.71,-32.88,-67.71,17.17142857142857,23.67142857142857,63.400000000000006,15.0,weather_real
open-meteo:era5_seamless:-23.4:-46.7,2023,39,2023-10-01,7,10,39,274,-0.9999994220246925,0.001075151282798226,0,17.04285714285714,21.571428571428573,27.414285714285715,14.3,34.9,77.0,85.60000000000001,50.6,37.550000000000004,54.7,55.699999999999996,82.7,54.7,82.7,114.71000000000001,26.580000000000002,126.76999999999997,28.12,-44.069999999999965,17.04285714285714,21.571428571428573,50.6,15.0,weather_real
open-meteo:era5_seamless:-23.4:-46.7,2023,40,2023-10-08,7,10,40,281,-0.9926289059345095,0.121193461470736,0,18.5,22.614285714285717,27.942857142857143,16.0,30.6,82.14285714285714,92.55,57.55,43.55,43.4,98.10000000000002,115.30000000000001,43.4,115.30000000000001,121.83000000000001,25.770000000000003,125.58999999999999,17.629999999999995,-10.289999999999978,18.5,22.614285714285717,57.55,15.0,weather_real
open-meteo:era5_seamless:-23.4:-46.7,2023,41,2023-10-15,7,10,41,288,-0.9708824104813836,0.23955655912092708,0,16.071428571428573,19.571428571428573,23.771428571428572,14.4,30.2,82.57142857142857,69.45,34.45,21.6,38.1,81.49999999999999,137.2,38.1,137.2,105.49000000000002,21.98,118.14000000000001,16.12,19.059999999999974,16.071428571428573,19.571428571428573,34.45,15.0,weather_real
open-meteo:era5_seamless:-23.4:-46.7,2023,42,2023-10-22,7,10,42,295,-0.9350748843515574,0.3544502230989869,0,16.500000000000004,19.585714285714285,24.157142857142855,14.5,29.3,84.42857142857143,72.30000000000001,37.30000000000001,23.300000000000008,7.699999999999999,45.79999999999999,143.9,7.699999999999999,143.9,112.49,22.449999999999996,107.89,-14.749999999999996,36.010000000000005,16.500000000000004,19.585714285714285,37.30000000000001,15.0,weather_real
open-meteo:era5_seamless:-23.4:-46.7,2023,43,2023-10-29,7,10,43,302,-0.8857249183835637,0.4642104791518923,0,18.242857142857144,22.099999999999998,27.285714285714285,16.3,31.5,82.28571428571429,89.35000000000001,54.35000000000001,40.35,60.20000000000001,67.89999999999999,185.8,60.20000000000001,185.8,131.20999999999998,27.19,103.61999999999998,33.010000000000005,82.18000000000004,18.242857142857144,22.099999999999998,54.35000000000001,15.0,weather_real
open-meteo:era5_seamless:-23.4:-46.7,2023,44,2023-11-05,7,11,44,309,-0.8235472349556007,0.5672476988027229,0,17.314285714285713,20.74285714285714,24.957142857142856,13.6,29.1,81.0,77.95000000000002,42.95000000000001,28.950000000000006,25.7,85.9,156.0,25.7,156.0,135.36,26.16,104.91,-0.46000000000000085,51.09,17.314285714285713,20.74285714285714,42.95000000000001,15.0,weather_real
open-meteo:era5_seamless:-23.4:-46.7,2023,45,2023-11-12,7,11,45,316,-0.7494423368521954,0.6620696215153815,0,16.74285714285714,22.52857142857143,28.900000000000002,11.9,33.4,69.42857142857143,89.75,54.75,40.75,7.9,33.599999999999994,104.7,7.9,104.7,201.21,40.96,120.92,-33.06,-16.22,16.74285714285714,22.52857142857143,54.75,15.0,weather_real
open-meteo:era5_seamless:-23.4:-46.7,2023,46,2023-11-19,7,11,46,323,-0.6644834655228552,0.7473029667054296,0,21.24285714285714,26.62857142857143,32.885714285714286,18.5,34.7,65.71428571428571,119.45000000000002,84.44999999999999,70.44999999999999,17.8,25.7,111.9,17.8,111.9,173.3,42.30000000000001,144.0,-24.50000000000001,-32.099999999999994,21.24285714285714,26.62857142857143,84.44999999999999,15.0,weather_real
open-meteo:era5_seamless:-23.4:-46.7,2023,47,2023-11-26,7,11,47,330,-0.5699010576127624,0.8217133225960589,0,17.357142857142858,20.514285714285712,24.342857142857145,14.0,28.9,83.57142857142857,75.95,40.95,27.75,28.9,46.7,100.2,28.9,100.2,103.83000000000001,21.7,138.34999999999997,7.199999999999999,-38.14999999999996,17.357142857142858,20.514285714285712,40.95,15.0,weather_real
open-meteo:era5_seamless:-23.4:-46.7,2023,48,2023-12-03,7,12,48,337,-0.46706492487743034,0.8842230238742036,0,18.685714285714287,23.157142857142855,28.314285714285713,17.5,31.5,82.14285714285714,94.5,59.5,45.5,37.400000000000006,66.3,92.8,37.400000000000006,92.8,163.66000000000003,32.85,147.86,4.550000000000004,-55.06000000000002,18.685714285714287,23.157142857142855,59.5,15.0,weather_real
open-meteo:era5_seamless:-23.4:-46.7,2023,49,2023-12-10,7,12,49,344,-0.3574644155648614,0.9339267592294762,0,18.871428571428574,22.585714285714285,27.41428571428571,16.8,30.9,80.71428571428571,92.0,57.0,43.0,19.800000000000004,57.199999999999996,103.89999999999998,19.800000000000004,103.89999999999998,147.25,30.5,140.85000000000002,-10.699999999999996,-36.950000000000045,18.871428571428574,22.585714285714285,57.0,15.0,weather_real
open-meteo:era5_seamless:-23.4:-46.7,2023,50,2023-12-17,7,12,50,351,-0.2426868445825954,0.9701046827361175,0,18.5,23.285714285714285,29.0,15.5,31.5,76.71428571428571,96.25,61.25000000000001,47.25000000000001,14.1,33.9,116.40000000000002,14.1,116.40000000000002,179.83,36.61,131.41,-22.509999999999998,-15.009999999999977,18.5,23.285714285714285,61.25000000000001,15.0,weather_real
open-meteo:era5_seamless:-23.4:-46.7,2023,51,2023-12-24,7,12,51,358,-0.12439450483979998,0.9922328391893008,0,18.928571428571427,23.171428571428574,29.057142857142857,17.0,30.2,75.71428571428571,97.95,62.95,48.95,15.1,29.2,96.29999999999998,15.1,96.29999999999998,180.76000000000002,37.49,141.87,-22.39,-45.57000000000002,18.928571428571427,23.171428571428574,62.95,15.0,weather_real
open-meteo:era5_seamless:-23.4:-46.7,2023,52,2023-12-31,7,12,52,365,-0.004300592702981974,0.9999907524084426,0,18.099999999999998,23.3,28.9,15.9,33.3,69.28571428571429,94.5,59.5,45.5,5.3999999999999995,20.5,54.400000000000006,5.3999999999999995,54.400000000000006,175.26999999999998,38.760000000000005,155.28999999999996,-33.36000000000001,-100.88999999999996,18.099999999999998,23.3,59.5,15.0,weather_real
open-meteo:era5_seamless:-23.4:-46.7,2024,1,2024-01-07,7,1,1,7,0.1201261651823505,0.9927586335250793,0,18.357142857142858,22.142857142857142,26.88571428571429,17.2,29.5,78.57142857142857,88.35000000000001,53.35000000000001,39.35000000000001,29.299999999999997,34.699999999999996,65.10000000000001,29.299999999999997,65.10000000000001,162.17999999999998,32.64,151.42,-3.3400000000000034,-86.31999999999998,18.357142857142858,22.142857142857142,53.35000000000001,15.0,weather_real
open-meteo:era5_seamless:-23.4:-46.7,2024,2,2024-01-14,7,1,2,14,0.23851257519407648,0.9711394088771653,0,19.599999999999998,23.599999999999998,28.02857142857143,17.6,31.5,78.85714285714286,96.69999999999999,61.699999999999996,47.699999999999996,56.300000000000004,85.59999999999998,108.49999999999999,56.300000000000004,108.49999999999999,141.88,29.8,148.83999999999997,26.500000000000004,-40.33999999999999,19.599999999999998,23.599999999999998,61.699999999999996,15.0,weather_real
open-meteo:era5_seamless:-23.4:-46.7,2024,3,2024-01-21,7,1,3,21,0.3534446712740877,0.9354554315134164,0,20.799999999999994,24.27142857142857,28.58571428571429,19.5,31.5,80.0,102.85,67.85,53.849999999999994,33.6,89.90000000000002,134.5,33.6,134.5,151.94000000000003,31.74,141.82999999999998,1.860000000000003,-7.329999999999984,20.799999999999994,24.27142857142857,67.85,15.0,weather_real
open-meteo:era5_seamless:-23.4:-46.7,2024,4,2024-01-28,7,1,4,28,0.4632579225674917,0.88622350294858,0,16.32857142857143,19.25714285714286,22.8,15.1,26.8,86.14285714285714,66.95,31.949999999999996,17.949999999999996,52.00000000000001,85.60000000000001,172.49999999999994,52.00000000000001,172.49999999999994,114.28999999999999,21.53,124.16000000000003,30.470000000000006,48.33999999999992,16.32857142857143,19.25714285714286,31.949999999999996,15.0,weather_real
open-meteo:era5_seamless:-23.4:-46.7,2024,5,2024-02-04,7,2,5,35,0.5663619330814524,0.8241566360566663,0,17.67142857142857,21.842857142857138,27.028571428571432,16.0,28.6,81.42857142857143,86.45,51.45,37.45000000000001,46.2,98.20000000000002,189.1,46.2,189.1,153.88,30.33,124.19000000000001,15.870000000000005,64.90999999999998,17.67142857142857,21.842857142857138,51.45,15.0,weather_real
open-meteo:era5_seamless:-23.4:-46.7,2024,6,2024-02-11,7,2,6,42,0.6612634749656386,0.7501537286959042,0,18.62857142857143,23.571428571428573,28.828571428571426,17.8,29.7,76.57142857142857,96.10000000000001,61.10000000000001,47.10000000000001,1.8,47.99999999999999,147.00000000000003,1.8,147.00000000000003,181.28000000000003,37.449999999999996,127.19,-35.65,19.81000000000003,18.62857142857143,23.571428571428573,61.10000000000001,15.0,weather_real
open-meteo:era5_seamless:-23.4:-46.7,2024,7,2024-02-18,7,2,7,49,0.746588114532413,0.6652865452111116,0,18.97142857142857,21.95714285714286,25.82857142857143,17.0,31.4,82.85714285714286,86.80000000000001,51.8,37.8,34.0,35.8,154.29999999999998,34.0,154.29999999999998,113.67,24.229999999999997,119.99000000000001,9.770000000000003,34.309999999999974,18.97142857142857,21.95714285714286,51.8,15.0,weather_real
open-meteo:era5_seamless:-23.4:-46.7,2024,8,2024-02-25,7,2,8,56,0.8211001178128892,0.5707841943569036,0,19.24285714285714,22.657142857142855,26.942857142857147,17.2,28.7,84.0,91.65,56.650000000000006,42.650000000000006,56.2,90.2,149.0,56.2,149.0,130.25000000000003,25.92,126.39000000000003,30.28,22.60999999999997,19.24285714285714,22.657142857142855,56.650000000000006,15.0,weather_real
open-meteo:era5_seamless:-23.4:-46.7,2024,9,2024-03-03,7,3,9,63,0.8837203473619977,0.4680153284438345,0,19.814285714285713,23.314285714285717,27.8,18.1,29.4,82.85714285714286,96.65,61.65,47.65,41.3,97.5,142.8,41.3,142.8,141.83999999999997,28.54,124.25,12.759999999999998,18.55000000000001,19.814285714285713,23.314285714285717,61.65,15.0,weather_real
open-meteo:era5_seamless:-23.4:-46.7,2024,10,2024-03-10,7,3,10,70,0.9335418911179212,0.35846832151248087,0,20.157142857142855,22.94285714285714,27.314285714285717,19.0,28.5,85.85714285714286,96.15,61.15,47.15,65.30000000000001,106.6,197.10000000000002,65.30000000000001,197.10000000000002,128.26,25.520000000000003,115.41000000000001,39.78000000000001,81.69000000000001,20.157142857142855,22.94285714285714,61.15,15.0,weather_real
open-meteo:era5_seamless:-23.4:-46.7,2024,11,2024-03-17,7,3,11,77,0.969843196967294,0.24372971360968387,0,19.52857142857143,23.914285714285715,28.985714285714288,16.9,30.5,78.0,99.80000000000001,64.80000000000001,50.8,8.1,73.4,180.20000000000002,8.1,180.20000000000002,152.52,31.93,118.4,-23.83,61.80000000000001,19.52857142857143,23.914285714285715,64.80000000000001,15.0,weather_real
open-meteo:era5_seamless:-23.4:-46.7,2024,12,2024-03-24,7,3,12,84,0.992098522791769,0.12546123335273648,0,19.12857142857143,22.0,26.142857142857142,16.4,30.7,86.28571428571429,88.44999999999999,53.45,39.45,64.1,72.2,192.10000000000002,64.1,192.10000000000002,99.46000000000001,20.949999999999996,114.75,43.15,77.35000000000002,19.12857142857143,22.0,53.45,15.0,weather_real
open-meteo:era5_seamless:-23.4:-46.7,2024,13,2024-03-31,7,3,13,91,0.9999855506507186,0.005375731557583884,0,17.214285714285715,20.285714285714285,24.328571428571426,15.7,27.5,86.28571428571429,75.4,40.400000000000006,26.400000000000006,28.8,92.89999999999999,166.8,28.8,166.8,106.25999999999999,20.8,108.39999999999998,8.0,58.400000000000034,17.214285714285715,20.285714285714285,40.400000000000006,15.0,weather_real
open-meteo:era5_seamless:-23.4:-46.7,2024,14,2024-04-07,7,4,14,98,0.9933900548258936,-0.11478762552212701,1,17.500000000000004,21.9,27.11428571428571,16.3,29.2,79.14285714285714,86.15,51.15,37.15,1.5,30.300000000000004,119.99999999999999,1.5,119.99999999999999,137.07999999999998,27.31,108.33,-25.81,11.669999999999987,17.500000000000004,21.9,51.15,15.0,weather_real
open-meteo:era5_seamless:-23.4:-46.7,2024,15,2024-04-14,7,4,15,105,0.9724075561219968,-0.23328854407545518,1,18.585714285714285,21.45714285714286,25.371428571428574,17.9,26.3,83.28571428571429,83.85000000000001,48.849999999999994,34.85,33.2,34.70000000000001,135.7,33.2,135.7,102.33,20.41,99.36999999999999,12.790000000000003,36.33,18.585714285714285,21.45714285714286,48.849999999999994,15.0,weather_real
open-meteo:era5_seamless:-23.4:-46.7,2024,16,2024-04-21,7,4,16,112,0.9373419384643772,-0.3484108069446808,1,16.642857142857142,20.071428571428573,24.585714285714285,12.8,27.3,80.71428571428571,74.3,39.3,25.299999999999997,11.5,44.7,94.69999999999999,11.5,94.69999999999999,104.68,20.73,92.75999999999999,-9.23,1.9399999999999977,16.642857142857142,20.071428571428573,39.3,15.0,weather_real
open-meteo:era5_seamless:-23.4:-46.7,2024,17,2024-04-28,7,4,17,119,0.8887010478292915,-0.45848712914008766,1,16.8,21.6,27.0,13.7,28.6,73.0,83.3,48.3,34.3,0.0,11.5,46.8,0.0,46.8,120.7,25.66,102.17999999999998,-25.66,-55.37999999999998,16.8,21.6,48.3,15.0,weather_real
open-meteo:era5_seamless:-23.4:-46.7,2024,18,2024-05-05,7,5,18,126,0.8271893372462497,-0.5619233046832195,1,17.457142857142856,22.928571428571427,29.04285714285714,16.4,29.7,63.857142857142854,92.75,57.74999999999999,43.74999999999999,0.0,0.0,45.9,0.0,45.9,128.48000000000002,29.46,103.7,-29.46,-57.800000000000004,17.457142857142856,22.928571428571427,57.74999999999999,15.0,weather_real
open-meteo:era5_seamless:-23.4:-46.7,2024,19,2024-05-12,7,5,19,133,0.753697664392914,-0.6572212950663319,1,17.17142857142857,22.314285714285713,28.22857142857143,14.6,28.7,63.285714285714285,88.89999999999999,53.9,39.9,0.1,0.1,13.799999999999999,0.1,13.799999999999999,123.89000000000001,28.990000000000002,110.27,-28.89,-96.47,17.17142857142857,22.314285714285713,53.9,15.0,weather_real
open-meteo:era5_seamless:-23.4:-46.7,2024,20,2024-05-19,7,5,20,140,0.6692903895412567,-0.7430009249440493,1,17.514285714285712,20.900000000000002,25.87142857142857,16.0,28.6,69.71428571428571,81.85,46.85,32.85000000000001,3.5,3.6,3.6,3.5,3.6,85.66,21.8,113.27,-18.3,-109.67,17.514285714285712,20.900000000000002,46.85,15.0,weather_real
open-meteo:era5_seamless:-23.4:-46.7,2024,21,2024-05-26,7,5,21,147,0.5751899607119775,-0.8180198708443174,1,15.942857142857141,19.057142857142857,23.614285714285717,13.5,27.5,77.28571428571429,68.45000000000002,34.05000000000001,22.100000000000005,28.0,31.5,31.6,28.0,31.6,76.19,17.9,106.4,10.100000000000001,-74.80000000000001,15.942857142857141,19.057142857142857,34.05000000000001,15.0,weather_real
open-meteo:era5_seamless:-23.4:-46.7,2024,22,2024-06-02,7,6,22,154,0.47275920928627757,-0.881191653407483,1,10.857142857142858,15.014285714285714,19.685714285714287,7.4,23.0,81.14285714285714,36.9,6.7500000000000036,0.5500000000000007,14.799999999999999,42.800000000000004,46.400000000000006,14.799999999999999,46.400000000000006,93.05000000000001,15.83,92.92999999999998,-1.0300000000000011,-46.52999999999997,10.857142857142858,15.014285714285714,6.7500000000000036,15.0,weather_real
open-meteo:era5_seamless:-23.4:-46.7,2024,23,2024-06-09,7,6,23,161,0.36348161248290634,-0.9316013725767187,1,12.528571428571428,17.242857142857144,22.728571428571428,11.4,24.9,78.85714285714286,53.4,18.400000000000002,5.600000000000001,0.7,15.499999999999998,47.0,0.7,47.0,90.2,17.18,81.76,-16.48,-34.760000000000005,12.528571428571428,17.242857142857144,18.400000000000002,15.0,weather_real
open-meteo:era5_seamless:-23.4:-46.7,2024,24,2024-06-16,7,6,24,168,0.24893980855376657,-0.9685189578512204,1,13.114285714285712,18.557142857142853,25.08571428571429,11.2,25.4,64.28571428571429,63.7,28.7,14.7,0.0,0.7,43.50000000000001,0.0,43.50000000000001,108.62,23.759999999999998,80.9,-23.759999999999998,-37.4,13.114285714285712,18.557142857142853,28.7,15.0,weather_real
open-meteo:era5_seamless:-23.4:-46.7,2024,25,2024-06-23,7,6,25,175,0.13079267585675922,-0.9914097417023038,1,12.628571428571428,18.099999999999998,24.685714285714287,10.8,25.8,59.42857142857143,60.599999999999994,25.6,11.600000000000001,0.0,0.0,41.3,0.0,41.3,106.81,24.82,83.35,-24.82,-42.05,12.628571428571428,18.099999999999998,25.6,15.0,weather_real
open-meteo:era5_seamless:-23.4:-46.7,2024,26,2024-06-30,7,6,26,182,0.01075130776352193,-0.9999422030204416,1,14.785714285714288,18.7,23.21428571428571,12.4,26.5,71.57142857142857,62.99999999999999,28.999999999999996,16.999999999999996,2.0999999999999996,2.0999999999999996,2.8,2.0999999999999996,2.8,75.86,18.58,89.94000000000001,-16.479999999999997,-87.14000000000001,14.785714285714288,18.7,28.999999999999996,15.0,weather_real
open-meteo:era5_seamless:-23.4:-46.7,2024,27,2024-07-07,7,7,27,189,-0.10944576864891556,-0.993992768446958,1,11.685714285714285,16.942857142857143,23.11428571428571,9.1,25.6,70.14285714285714,51.8,18.15,6.899999999999999,0.1,2.2,2.2,0.1,2.2,90.7,19.419999999999998,92.44000000000001,-19.319999999999997,-90.24000000000001,11.685714285714285,16.942857142857143,18.15,15.0,weather_real
open-meteo:era5_seamless:-23.4:-46.7,2024,28,2024-07-14,7,7,28,196,-0.2280577712215198,-0.9736476020539838,1,13.514285714285714,16.3,20.62857142857143,12.6,24.8,87.42857142857143,49.5,14.5,4.200000000000003,25.5,25.6,27.7,25.5,27.7,66.17,12.450000000000001,82.08,13.049999999999999,-54.379999999999995,13.514285714285714,16.3,14.5,15.0,weather_real
open-meteo:era5_seamless:-23.4:-46.7,2024,29,2024-07-21,7,7,29,203,-0.34336687399638804,-0.939201357453208,1,12.114285714285714,16.1,21.74285714285714,9.3,23.3,79.57142857142857,48.5,13.500000000000002,2.6499999999999986,0.2,25.700000000000003,27.900000000000002,0.2,27.900000000000002,99.89000000000001,17.78,75.73,-17.580000000000002,-47.83,12.114285714285714,16.1,13.500000000000002,15.0,weather_real
open-meteo:era5_seamless:-23.4:-46.7,2024,30,2024-07-28,7,7,30,210,-0.45370308603134424,-0.8911529104063088,1,10.971428571428572,17.400000000000002,24.41428571428571,8.7,26.6,64.0,53.85000000000001,18.85,6.200000000000003,0.0,0.2,27.100000000000005,0.0,27.100000000000005,113.46000000000001,22.830000000000002,76.36000000000001,-22.830000000000002,-49.260000000000005,10.971428571428572,17.400000000000002,18.85,15.0,weather_real
open-meteo:era5_seamless:-23.4:-46.7,2024,31,2024-08-04,7,8,31,217,-0.5574684374327892,-0.8301981337405212,1,13.385714285714286,17.97142857142857,24.12857142857143,12.8,26.8,72.0,61.300000000000004,26.4,14.399999999999999,2.8,2.8,28.600000000000005,2.8,28.600000000000005,102.72000000000001,21.480000000000004,79.89999999999999,-18.680000000000003,-51.29999999999998,13.385714285714286,17.97142857142857,26.4,15.0,weather_real
open-meteo:era5_seamless:-23.4:-46.7,2024,32,2024-08-11,7,8,32,224,-0.65316012232693,-0.7572198192083127,1,13.171428571428569,17.957142857142856,23.414285714285715,6.0,28.5,63.57142857142857,58.04999999999999,28.649999999999995,18.649999999999995,36.7,39.5,40.0,36.7,40.0,100.19000000000001,23.26,89.08,13.440000000000001,-49.08,13.171428571428569,17.957142857142856,28.649999999999995,15.0,weather_real
open-meteo:era5_seamless:-23.4:-46.7,2024,33,2024-08-18,7,8,33,231,-0.7393922635959241,-0.673274892250183,1,9.714285714285714,16.428571428571427,23.757142857142856,6.1,29.2,67.57142857142857,47.2,18.950000000000003,10.950000000000003,0.0,36.7,39.5,0.0,39.5,129.39000000000001,24.44,97.75999999999999,-24.44,-58.25999999999999,9.714285714285714,16.428571428571427,18.950000000000003,15.0,weather_real
open-meteo:era5_seamless:-23.4:-46.7,2024,34,2024-08-25,7,8,34,238,-0.8149159841660791,-0.5795791048257612,1,13.685714285714285,19.52857142857143,27.014285714285716,9.2,30.4,63.714285714285715,72.44999999999999,40.400000000000006,28.4,18.2,18.2,57.7,18.2,57.7,122.41,28.35,104.14000000000001,-10.150000000000002,-46.44000000000001,13.685714285714285,19.52857142857143,40.400000000000006,15.0,weather_real
open-meteo:era5_seamless:-23.4:-46.7,2024,35,2024-09-01,7,9,35,245,-0.8786374941610001,-0.4774894280028391,1,9.714285714285714,15.914285714285711,23.314285714285713,4.0,29.1,72.0,45.6,18.75,10.75,0.0,18.2,54.900000000000006,0.0,54.900000000000006,149.39999999999998,27.439999999999998,111.35000000000001,-27.439999999999998,-56.45,9.714285714285714,15.914285714285711,18.75,15.0,weather_real
open-meteo:era5_seamless:-23.4:-46.7,2024,36,2024-09-08,7,9,36,252,-0.9296339319682695,-0.3684843993077793,1,15.3,21.7,29.32857142857143,14.2,31.9,65.0,86.2,51.2,37.2,0.7,0.7,40.49999999999999,0.7,40.49999999999999,144.05,31.74,116.11,-31.04,-75.61000000000001,15.3,21.7,51.2,15.0,weather_real
open-meteo:era5_seamless:-23.4:-46.7,2024,37,2024-09-15,7,9,37,259,-0.9671667297977312,-0.2541427094613622,1,17.414285714285715,23.642857142857142,30.47142857142857,15.5,33.0,49.142857142857146,97.60000000000001,62.60000000000001,48.60000000000001,4.0,4.7,22.9,4.0,22.9,146.32000000000002,37.3,133.29,-33.3,-110.38999999999999,17.414285714285715,23.642857142857142,62.60000000000001,15.0,weather_real
open-meteo:era5_seamless:-23.4:-46.7,2024,38,2024-09-22,7,9,38,266,-0.9906923101615609,-0.13612033862266704,1,15.157142857142857,19.514285714285716,24.657142857142855,13.2,30.8,80.42857142857143,69.35,34.349999999999994,22.05,19.2,23.2,41.6,19.2,41.6,115.38000000000001,23.52,124.16,-4.32,-82.56,15.157142857142857,19.514285714285716,34.349999999999994,15.0,weather_real
open-meteo:era5_seamless:-23.4:-46.7,2024,39,2024-09-29,7,9,39,273,-0.9998699583618592,-0.016126573270657762,1,16.457142857142856,22.58571428571429,29.685714285714287,14.0,34.2,67.71428571428571,91.50000000000001,56.5,42.5,2.5,21.7,26.4,2.5,26.4,156.7,34.339999999999996,136.41,-31.839999999999996,-110.00999999999999,16.457142857142856,22.58571428571429,56.5,15.0,weather_real
open-meteo:era5_seamless:-23.4:-46.7,2024,40,2024-10-06,7,10,40,280,-0.9945667569706337,0.1041007489354256,0,16.314285714285713,20.957142857142856,27.642857142857142,13.7,34.9,70.57142857142857,83.85000000000001,48.849999999999994,35.099999999999994,17.6,20.1,43.3,17.6,43.3,147.6,33.07,137.54,-15.469999999999999,-94.24,16.314285714285713,20.957142857142856,48.849999999999994,15.0,weather_real
open-meteo:era5_seamless:-23.4:-46.7,2024,41,2024-10-13,7,10,41,287,-0.9748595108374125,0.22282040779479959,0,16.114285714285717,20.514285714285712,27.11428571428571,14.0,33.8,78.0,81.30000000000001,46.29999999999999,32.3,28.900000000000002,46.50000000000001,72.19999999999999,28.900000000000002,72.19999999999999,145.31,29.769999999999996,129.26000000000002,-0.8699999999999939,-57.06000000000003,16.114285714285717,20.514285714285712,46.29999999999999,15.0,weather_real
open-meteo:era5_seamless:-23.4:-46.7,2024,42,2024-10-20,7,10,42,294,-0.9410336347451197,0.3383130181923076,0,15.657142857142857,19.75714285714286,25.18571428571429,14.8,29.3,81.57142857142857,72.95,37.95,23.950000000000003,26.700000000000003,55.6,76.7,26.700000000000003,76.7,128.41,25.979999999999997,130.49,0.720000000000006,-53.790000000000006,15.657142857142857,19.75714285714286,37.95,15.0,weather_real
open-meteo:era5_seamless:-23.4:-46.7,2024,43,2024-10-27,7,10,43,301,-0.8935790198239952,0.4489059314938798,0,18.214285714285715,21.8,26.257142857142856,15.4,28.7,82.0,85.65,50.65,36.65,32.3,59.0,105.50000000000003,32.3,105.50000000000003,125.00999999999999,25.56,122.86,6.739999999999998,-17.35999999999997,18.214285714285715,21.8,50.65,15.0,weather_real
open-meteo:era5_seamless:-23.4:-46.7,2024,44,2024-11-03,7,11,44,308,-0.8331829385891785,0.5529974600700271,0,16.314285714285713,19.757142857142856,24.557142857142857,14.8,28.0,83.28571428571429,73.05000000000001,38.050000000000004,24.05,32.900000000000006,65.2,120.80000000000001,32.900000000000006,120.80000000000001,129.84,25.060000000000002,115.49999999999999,7.840000000000003,5.300000000000026,16.314285714285713,19.757142857142856,38.050000000000004,15.0,weather_real
open-meteo:era5_seamless:-23.4:-46.7,2024,45,2024-11-10,7,11,45,315,-0.7607200913564104,0.6490800741100398,0,17.5,20.04285714285714,23.271428571428576,14.0,25.7,86.85714285714286,72.7,37.699999999999996,23.699999999999992,90.19999999999999,123.1,185.2,90.19999999999999,185.2,96.27,18.7,103.88,71.49999999999999,81.32,17.5,20.04285714285714,37.699999999999996,15.0,weather_real
open-meteo:era5_seamless:-23.4:-46.7,2024,46,2024-11-17,7,11,46,322,-0.6772399381909491,0.7357622347736527,0,15.714285714285714,19.900000000000002,24.742857142857144,13.5,28.7,80.14285714285714,71.6,36.599999999999994,22.599999999999994,29.5,119.7,208.5,29.5,208.5,139.73,27.590000000000003,99.47000000000001,1.9099999999999966,109.02999999999999,15.714285714285714,19.900000000000002,36.599999999999994,15.0,weather_real
open-meteo:era5_seamless:-23.4:-46.7,2024,47,2024-11-24,7,11,47,329,-0.5839514998576998,0.8117885474764613,0,16.428571428571427,20.428571428571427,25.328571428571426,14.6,28.6,80.71428571428571,76.15,41.15,27.150000000000002,5.699999999999999,35.2,161.5,5.699999999999999,161.5,160.65,30.879999999999995,109.25,-25.179999999999996,52.25,16.428571428571427,20.428571428571427,41.15,15.0,weather_real
open-meteo:era5_seamless:-23.4:-46.7,2024,48,2024-12-01,7,12,48,336,-0.4822058478963526,0.8760579434344281,0,18.2,22.942857142857143,28.25714285714286,14.4,30.4,71.71428571428571,92.6,57.6,43.6,9.6,15.299999999999999,163.29999999999998,9.6,163.29999999999998,161.1,34.33,116.67,-24.729999999999997,46.62999999999998,18.2,22.942857142857143,57.6,15.0,weather_real
open-meteo:era5_seamless:-23.4:-46.7,2024,49,2024-12-08,7,12,49,343,-0.37347653741307074,0.9276396261490467,0,19.185714285714287,22.2,26.014285714285712,17.0,30.1,83.14285714285714,88.19999999999999,53.2,39.2,51.60000000000001,61.2,97.00000000000001,51.60000000000001,97.00000000000001,109.82,23.62,123.64,27.980000000000008,-26.639999999999986,19.185714285714287,22.2,53.2,15.0,weather_real
open-meteo:era5_seamless:-23.4:-46.7,2024,50,2024-12-15,7,12,50,350,-0.2593382659754056,0.9657865518844574,0,17.614285714285717,20.771428571428572,24.82857142857143,15.2,25.8,83.57142857142857,78.55000000000001,43.550000000000004,29.550000000000004,77.7,129.3,161.1,77.7,161.1,125.22999999999999,24.25,120.61,53.45,40.489999999999995,17.614285714285717,20.771428571428572,43.550000000000004,15.0,weather_real
open-meteo:era5_seamless:-23.4:-46.7,2024,51,2024-12-22,7,12,51,357,-0.14144406768794202,0.9899462489023779,0,17.814285714285713,21.757142857142856,26.9,15.2,28.4,79.0,86.5,51.5,37.5,75.6,153.3,215.60000000000002,75.6,215.60000000000002,169.36,33.09,123.44999999999999,42.50999999999999,92.15000000000003,17.814285714285713,21.757142857142856,51.5,15.0,weather_real
open-meteo:era5_seamless:-23.4:-46.7,2024,52,2024-12-29,7,12,52,364,-0.021501372740813793,0.999768818762748,0,18.714285714285715,21.285714285714285,24.785714285714285,17.4,27.4,87.85714285714286,82.25,47.25,33.25,80.8,156.4,287.3,80.8,287.3,111.47,21.55,112.16,59.25,175.14000000000001,18.714285714285715,21.285714285714285,47.25,15.0,weather_real
open-meteo:era5_seamless:-23.4:-46.7,2025,1,2025-01-05,7,1,1,5,0.08590610426133272,0.9963032375991965,0,18.285714285714285,21.9,26.142857142857142,16.8,27.6,82.57142857142857,85.5,50.50000000000001,36.5,31.4,112.2,269.00000000000006,31.4,269.00000000000006,163.08,31.069999999999997,118.23,0.33000000000000185,150.77000000000004,18.285714285714285,21.9,50.50000000000001,15.0,weather_real
open-meteo:era5_seamless:-23.4:-46.7,2025,2,2025-01-12,7,1,2,12,0.20496611396949532,0.9787690698649216,0,17.34285714285714,20.4,24.885714285714283,15.6,28.0,83.57142857142857,77.80000000000001,42.79999999999999,28.799999999999997,44.1,75.5,270.2,44.1,270.2,152.16,28.85,121.06,15.25,149.14,17.34285714285714,20.4,42.79999999999999,15.0,weather_real
open-meteo:era5_seamless:-23.4:-46.7,2025,3,2025-01-19,7,1,3,19,0.321057654185271,0.9470596510722283,0,18.142857142857142,21.728571428571428,26.214285714285715,14.1,28.8,81.0,85.25,50.25,36.25,16.2,60.300000000000004,221.3,16.2,221.3,137.88,27.48,115.90999999999998,-11.280000000000001,105.39000000000003,18.142857142857142,21.728571428571428,50.25,15.0,weather_real
open-meteo:era5_seamless:-23.4:-46.7,2025,4,2025-01-26,7,1,4,26,0.4324994021339788,0.901634220265486,0,20.085714285714285,23.942857142857147,28.642857142857142,19.0,29.7,79.0,100.55000000000001,65.55,51.55,50.1,66.3,151.60000000000002,50.1,151.60000000000002,167.31,34.53,130.47,15.57,21.130000000000024,20.085714285714285,23.942857142857147,65.55,15.0,weather_real
open-meteo:era5_seamless:-23.4:-46.7,2025,5,2025-02-02,7,2,5,33,0.5376773767406141,0.8431506618282,0,19.514285714285712,21.485714285714288,24.928571428571427,18.9,26.6,90.0,85.55,50.550000000000004,36.55000000000001,136.7,186.79999999999995,255.89999999999995,136.7,255.89999999999995,77.37,15.43,114.20000000000002,121.26999999999998,141.69999999999993,19.514285714285712,21.485714285714288,50.550000000000004,15.0,weather_real
open-meteo:era5_seamless:-23.4:-46.7,2025,6,2025-02-09,7,2,6,40,0.6350683134867438,0.7724559775191742,0,19.057142857142853,22.742857142857144,26.871428571428574,17.6,28.4,81.42857142857143,90.75000000000001,55.75,41.750000000000014,22.099999999999998,158.79999999999998,243.09999999999997,22.099999999999998,243.09999999999997,152.68,30.370000000000005,115.60000000000001,-8.270000000000007,127.49999999999996,19.057142857142853,22.742857142857144,55.75,15.0,weather_real
open-meteo:era5_seamless:-23.4:-46.7,2025,7,2025-02-16,7,2,7,47,0.7232617254437388,0.6905740195722293,0,18.942857142857143,23.685714285714283,28.485714285714288,17.9,29.8,77.28571428571429,96.0,61.0,47.0,21.2,43.3,231.6,21.2,231.6,164.42000000000002,33.55,123.09,-12.349999999999998,108.50999999999999,18.942857142857143,23.685714285714283,61.0,15.0,weather_real
open-meteo:era5_seamless:-23.4:-46.7,2025,8,2025-02-23,7,2,8,54,0.8009803309782905,0.5986906625177214,0,20.228571428571428,24.028571428571432,28.857142857142858,19.4,30.7,79.0,101.8,66.8,52.8,19.400000000000002,40.599999999999994,221.9,19.400000000000002,221.9,161.79999999999998,33.48,121.72999999999999,-14.079999999999995,100.17000000000002,20.228571428571428,24.028571428571432,66.8,15.0,weather_real
open-meteo:era5_seamless:-23.4:-46.7,2025,9,2025-03-02,7,3,9,61,0.8670985522812081,0.4981366284784055,0,19.771428571428572,24.38571428571429,29.657142857142855,19.4,30.9,74.28571428571429,103.0,68.0,53.99999999999999,4.3999999999999995,23.800000000000004,111.8,4.3999999999999995,111.8,173.99,36.76,138.8,-32.36,-27.000000000000014,19.771428571428572,24.38571428571429,68.0,15.0,weather_real
open-meteo:era5_seamless:-23.4:-46.7,2025,10,2025-03-09,7,3,10,68,0.9206588168102428,0.3903682146763026,0,18.900000000000002,23.6,29.414285714285715,18.1,30.4,70.57142857142857,99.10000000000001,64.1,50.099999999999994,1.3,5.699999999999999,49.5,1.3,49.5,165.04999999999998,36.2,149.42000000000004,-34.900000000000006,-99.92000000000004,18.900000000000002,23.6,64.1,15.0,weather_real
open-meteo:era5_seamless:-23.4:-46.7,2025,11,2025-03-16,7,3,11,75,0.9608854255574977,0.27694620226893646,0,19.228571428571428,22.357142857142858,27.400000000000002,18.6,29.3,83.42857142857143,93.19999999999999,58.199999999999996,44.199999999999996,45.1,46.400000000000006,70.89999999999999,45.1,70.89999999999999,126.44000000000001,25.630000000000003,141.95000000000002,19.47,-71.05000000000003,19.228571428571428,22.357142857142858,58.199999999999996,15.0,weather_real
open-meteo:era5_seamless:-23.4:-46.7,2025,12,2025-03-23,7,3,12,82,0.9871957872910085,0.15951325197263655,0,17.34285714285714,20.728571428571428,25.571428571428573,15.1,27.9,83.71428571428571,80.19999999999999,45.199999999999996,31.199999999999992,43.4,88.50000000000001,97.9,43.4,97.9,127.02000000000001,24.48,131.9,18.919999999999998,-34.0,17.34285714285714,20.728571428571428,45.199999999999996,15.0,weather_real
open-meteo:era5_seamless:-23.4:-46.7,2025,13,2025-03-30,7,3,13,89,0.9992088560679753,0.03977011384605572,0,17.871428571428574,21.657142857142855,26.38571428571429,17.2,27.5,83.57142857142857,84.89999999999999,49.900000000000006,35.900000000000006,11.0,54.400000000000006,101.39999999999999,11.0,101.39999999999999,127.21000000000001,25.28,122.9,-14.280000000000001,-21.500000000000014,17.871428571428574,21.657142857142855,49.900000000000006,15.0,weather_real
open-meteo:era5_seamless:-23.4:-46.7,2025,14,2025-04-06,7,4,14,96,0.9967506498213929,-0.08054900421874167,1,17.7,20.485714285714288,24.157142857142855,14.9,28.8,84.85714285714286,76.5,41.5,28.0,42.3,53.3,142.1,42.3,142.1,94.07,18.930000000000003,104.08,23.369999999999994,38.019999999999996,17.7,20.485714285714288,41.5,15.0,weather_real
open-meteo:era5_seamless:-23.4:-46.7,2025,15,2025-04-13,7,4,15,103,0.9798567700958665,-0.1997015525660636,1,16.32857142857143,19.785714285714285,24.357142857142858,14.1,27.0,81.28571428571429,72.39999999999999,37.39999999999999,23.399999999999995,20.2,62.50000000000001,126.2,20.2,126.2,110.74999999999999,21.580000000000002,96.37,-1.3800000000000026,29.83,16.32857142857143,19.785714285714285,37.39999999999999,15.0,weather_real
open-meteo:era5_seamless:-23.4:-46.7,2025,16,2025-04-20,7,4,16,110,0.9487718864399473,-0.31596187665790293,1,17.014285714285712,19.814285714285713,24.11428571428571,16.4,26.0,86.71428571428571,73.95000000000002,38.949999999999996,24.95,41.5,61.7,123.5,41.5,123.5,110.71,20.37,94.09,21.13,29.409999999999997,17.014285714285712,19.814285714285713,38.949999999999996,15.0,weather_real
open-meteo:era5_seamless:-23.4:-46.7,2025,17,2025-04-27,7,4,17,117,0.9039461929224011,-0.42764620926777464,1,16.114285714285717,19.014285714285712,23.285714285714285,14.3,25.1,86.42857142857143,67.9,32.900000000000006,18.900000000000002,36.4,77.89999999999999,141.9,36.4,141.9,92.92,17.319999999999997,86.26000000000002,19.080000000000002,55.639999999999986,16.114285714285717,19.014285714285712,32.900000000000006,15.0,weather_real
open-meteo:era5_seamless:-23.4:-46.7,2025,18,2025-05-04,7,5,18,124,0.8460288880917339,-0.533137056031809,1,14.442857142857145,17.657142857142855,22.2,13.1,23.6,84.0,58.24999999999999,23.249999999999996,9.249999999999996,8.5,44.900000000000006,111.3,8.5,111.3,104.7,18.91,82.24000000000001,-10.41,29.059999999999988,14.442857142857145,17.657142857142855,23.249999999999996,15.0,weather_real
open-meteo:era5_seamless:-23.4:-46.7,2025,19,2025-05-11,7,5,19,131,0.7758587728069828,-0.6309066211876704,1,14.971428571428572,19.300000000000004,24.02857142857143,13.3,26.8,75.85714285714286,66.5,31.499999999999996,18.299999999999997,9.9,18.400000000000002,99.7,9.9,99.7,100.63,21.1,84.18,-11.200000000000001,15.519999999999996,14.971428571428572,19.300000000000004,31.499999999999996,15.0,weather_real
open-meteo:era5_seamless:-23.4:-46.7,2025,20,2025-05-18,7,5,20,138,0.6944521021088763,-0.719538934232584,1,13.585714285714287,17.3,21.985714285714284,12.1,24.7,80.14285714285714,54.5,19.499999999999996,6.349999999999998,0.2,10.1,72.60000000000001,0.2,72.60000000000001,99.49,18.560000000000002,81.05,-18.360000000000003,-8.449999999999989,13.585714285714287,17.3,19.499999999999996,15.0,weather_real
open-meteo:era5_seamless:-23.4:-46.7,2025,21,2025-05-25,7,5,21,145,0.6029878670694714,-0.7977503570459932,1,14.514285714285714,18.3,22.900000000000002,13.1,24.9,80.0,60.95,25.950000000000003,11.950000000000003,15.700000000000003,15.900000000000002,35.599999999999994,15.700000000000003,35.599999999999994,92.08999999999999,17.49,81.48,-1.7899999999999956,-45.88000000000001,14.514285714285714,18.3,25.950000000000003,15.0,weather_real
open-meteo:era5_seamless:-23.4:-46.7,2025,22,2025-06-01,7,6,22,152,0.5027907197793043,-0.8644081744776648,1,11.97142857142857,16.385714285714283,21.714285714285715,8.8,24.7,73.42857142857143,47.900000000000006,15.150000000000002,7.100000000000001,2.2,17.900000000000002,28.0,2.2,28.0,97.33,19.770000000000003,82.86999999999999,-17.570000000000004,-54.86999999999999,11.97142857142857,16.385714285714283,15.150000000000002,15.0,weather_real
open-meteo:era5_seamless:-23.4:-46.7,2025,23,2025-06-08,7,6,23,159,0.3953117887649151,-0.9185469991587165,1,14.228571428571428,17.614285714285717,22.457142857142856,13.1,24.6,85.14285714285714,58.39999999999999,23.400000000000002,9.450000000000003,19.7,21.9,47.7,19.7,47.7,70.88,14.04,73.94999999999999,5.66,-26.249999999999986,14.228571428571428,17.614285714285717,23.400000000000002,15.0,weather_real
open-meteo:era5_seamless:-23.4:-46.7,2025,24,2025-06-15,7,6,24,166,0.2821076626819194,-0.9593827529490743,1,10.485714285714286,13.7,17.785714285714285,8.0,21.5,81.0,28.950000000000003,1.75,0.0,8.7,28.400000000000002,46.3,8.7,46.3,78.63,14.1,71.83,-5.4,-25.53,10.485714285714286,13.7,1.75,15.0,weather_real
open-meteo:era5_seamless:-23.4:-46.7,2025,25,2025-06-22,7,6,25,173,0.16481784665719793,-0.9863240225317866,1,11.957142857142856,17.085714285714285,22.728571428571424,9.5,23.7,69.85714285714286,51.4,16.4,4.25,0.0,8.7,31.4,0.0,31.4,92.82000000000001,19.09,71.73,-19.09,-40.330000000000005,11.957142857142856,17.085714285714285,16.4,15.0,weather_real
open-meteo:era5_seamless:-23.4:-46.7,2025,26,2025-06-29,7,6,26,180,0.04514101777397193,-0.9989806246941579,1,12.114285714285716,16.385714285714286,22.085714285714285,4.7,24.8,73.57142857142857,49.7,20.900000000000002,11.350000000000001,23.4,23.4,51.8,23.4,51.8,91.09,19.03,71.09,4.369999999999997,-19.290000000000006,12.114285714285716,16.385714285714286,20.900000000000002,15.0,weather_real
open-meteo:era5_seamless:-23.4:-46.7,2025,27,2025-07-06,7,7,27,187,-0.07518957641475855,-0.9971692572470178,1,10.985714285714284,13.1,16.214285714285715,9.3,19.7,88.14285714285714,25.200000000000003,1.8500000000000014,0.0,6.3,29.699999999999996,47.5,6.3,47.5,54.32,9.669999999999998,65.78,-3.3699999999999983,-18.28,10.985714285714284,13.1,1.8500000000000014,15.0,weather_real
open-meteo:era5_seamless:-23.4:-46.7,2025,28,2025-07-13,7,7,28,194,-0.19443122004766195,-0.9809161537413774,1,10.857142857142858,14.542857142857144,19.75714285714286,8.8,20.8,79.85714285714286,37.15,4.599999999999998,0.0,0.0,6.300000000000001,29.799999999999997,0.0,29.799999999999997,97.22,16.99,70.38,-16.99,-40.58,10.857142857142858,14.542857142857144,4.599999999999998,15.0,weather_real
open-meteo:era5_seamless:-23.4:-46.7,2025,29,2025-07-20,7,7,29,201,-0.3108569682435036,-0.9504567035349151,1,9.342857142857143,14.642857142857142,21.085714285714285,7.1,22.8,71.0,36.5,3.5500000000000025,0.25,0.0,0.0,29.700000000000003,0.0,29.700000000000003,110.30000000000001,20.35,70.52000000000001,-20.35,-40.82000000000001,9.342857142857143,14.642857142857142,3.5500000000000025,15.0,weather_real
open-meteo:era5_seamless:-23.4:-46.7,2025,30,2025-07-27,7,7,30,208,-0.4227806579826773,-0.9062320427107697,1,11.4,16.414285714285715,22.628571428571426,10.5,26.1,76.71428571428571,49.099999999999994,14.099999999999998,3.6999999999999993,0.6,0.6,6.9,0.6,6.9,105.52,20.18,73.10999999999999,-19.58,-66.20999999999998,11.4,16.414285714285715,14.099999999999998,15.0,weather_real
open-meteo:era5_seamless:-23.4:-46.7,2025,31,2025-08-03,7,8,31,215,-0.5285813283559292,-0.8488826652214553,1,9.12857142857143,14.914285714285713,21.271428571428572,5.2,25.1,66.14285714285714,36.39999999999999,9.599999999999998,2.8999999999999986,1.9,2.5,2.5,1.9,2.5,119.68,23.45,85.63000000000001,-21.55,-83.13000000000001,9.12857142857143,14.914285714285713,9.599999999999998,15.0,weather_real
open-meteo:era5_seamless:-23.4:-46.7,2025,32,2025-08-10,7,8,32,222,-0.6267266965083301,-0.7792391467859886,1,10.842857142857143,14.928571428571427,20.057142857142853,6.9,24.3,77.28571428571429,38.14999999999999,8.449999999999996,1.7999999999999972,5.4,7.300000000000001,7.9,5.4,7.9,84.78999999999999,16.68,85.89000000000001,-11.28,-77.99000000000001,10.842857142857143,14.928571428571427,8.449999999999996,15.0,weather_real
open-meteo:era5_seamless:-23.4:-46.7,2025,33,2025-08-17,7,8,33,229,-0.7157953492826642,-0.6983101158835584,1,9.985714285714284,14.285714285714288,20.585714285714285,8.2,23.5,75.85714285714286,37.0,6.900000000000002,1.8000000000000007,0.2,5.6000000000000005,8.1,0.2,8.1,125.68,21.89,87.58999999999997,-21.69,-79.48999999999998,9.985714285714284,14.285714285714288,6.900000000000002,15.0,weather_real
open-meteo:era5_seamless:-23.4:-46.7,2025,34,2025-08-24,7,8,34,236,-0.7944973291665992,-0.6072676460566135,1,15.328571428571427,20.4,27.057142857142857,12.3,30.3,61.714285714285715,78.35,43.349999999999994,29.35,0.0,0.2,7.5,0.0,7.5,127.75000000000001,30.24,99.16000000000001,-30.24,-91.66000000000001,15.328571428571427,20.4,43.349999999999994,15.0,weather_real
open-meteo:era5_seamless:-23.4:-46.7,2025,35,2025-08-31,7,8,35,243,-0.8616928164028522,-0.5074302810827518,1,14.214285714285714,17.671428571428574,24.042857142857144,13.0,28.2,80.85714285714286,63.900000000000006,28.899999999999995,14.899999999999995,15.600000000000001,15.600000000000001,21.200000000000003,15.600000000000001,21.200000000000003,113.7,21.979999999999997,98.4,-6.3799999999999955,-77.2,14.214285714285714,17.671428571428574,28.899999999999995,15.0,weather_real
open-meteo:era5_seamless:-23.4:-46.7,2025,36,2025-09-07,7,9,36,250,-0.9164086366943458,-0.4002439388573056,1,14.685714285714285,18.785714285714285,24.3,14.3,28.1,70.28571428571429,66.45,31.45,17.45,3.0,18.6,20.7,3.0,20.7,119.26,24.87,102.89,-21.87,-82.19,14.685714285714285,18.785714285714285,31.45,15.0,weather_real
open-meteo:era5_seamless:-23.4:-46.7,2025,37,2025-09-14,7,9,37,257,-0.9578523554276669,-0.28726097055059635,1,13.328571428571427,18.642857142857142,26.057142857142857,11.3,29.7,68.71428571428571,67.85,32.849999999999994,18.849999999999998,0.1,3.1,18.900000000000006,0.1,18.900000000000006,148.17000000000002,31.16,114.58999999999999,-31.06,-95.68999999999998,13.328571428571427,18.642857142857142,32.849999999999994,15.0,weather_real
open-meteo:era5_seamless:-23.4:-46.7,2025,38,2025-09-21,7,9,38,264,-0.9854237542919524,-0.17011767832049052,1,15.528571428571428,20.771428571428572,27.614285714285717,13.7,31.9,67.57142857142857,81.0,46.00000000000001,32.0,2.5,2.6,21.200000000000006,2.5,21.200000000000006,145.34,32.529999999999994,119.91999999999999,-30.029999999999994,-98.71999999999998,15.528571428571428,20.771428571428572,46.00000000000001,15.0,weather_real
open-meteo:era5_seamless:-23.4:-46.7,2025,39,2025-09-28,7,9,39,271,-0.9987235240803972,-0.050510617185222886,1,12.942857142857145,16.82857142857143,21.985714285714288,10.2,28.7,75.0,52.24999999999999,18.9,10.0,16.4,18.9,23.499999999999996,16.4,23.499999999999996,116.73999999999998,24.31,119.41,-7.91,-95.91,12.942857142857145,16.82857142857143,18.9,15.0,weather_real
open-meteo:era5_seamless:-23.4:-46.7,2025,40,2025-10-05,7,10,40,278,-0.9975590477788613,0.06982797572987089,0,16.12857142857143,21.471428571428568,28.28571428571429,14.5,31.1,69.14285714285714,85.45,50.45,36.45,5.8999999999999995,22.3,27.5,5.8999999999999995,27.5,148.09,32.52,124.47,-26.620000000000005,-96.97,16.12857142857143,21.471428571428568,50.45,15.0,weather_real
open-meteo:era5_seamless:-23.4:-46.7,2025,41,2025-10-12,7,10,41,285,-0.981947190186646,0.18915526872004093,0,15.228571428571428,19.214285714285715,23.800000000000004,12.7,32.3,78.0,66.6,31.599999999999998,20.0,32.8,38.7,57.6,32.8,57.6,107.47,23.75,121.80999999999999,9.049999999999997,-64.20999999999998,15.228571428571428,19.214285714285715,31.599999999999998,15.0,weather_real
open-meteo:era5_seamless:-23.4:-46.7,2025,42,2025-10-19,7,10,42,292,-0.9521140536681102,0.3057430764672831,0,15.285714285714286,19.728571428571428,25.157142857142855,11.4,31.1,79.0,71.55,38.0,25.999999999999996,12.400000000000002,45.199999999999996,67.6,12.400000000000002,67.6,134.72,27.259999999999998,120.14,-14.859999999999996,-52.540000000000006,15.285714285714286,19.728571428571428,38.0,15.0,weather_real
open-meteo:era5_seamless:-23.4:-46.7,2025,43,2025-10-26,7,10,43,299,-0.9084917035725082,0.41790288888678667,0,12.042857142857143,17.357142857142858,23.9,9.8,31.0,66.14285714285714,55.800000000000004,22.25,13.3,0.0,12.4,51.099999999999994,0.0,51.099999999999994,187.39,35.76,129.01000000000002,-35.76,-77.91000000000003,12.042857142857143,17.357142857142858,22.25,15.0,weather_real
open-meteo:era5_seamless:-23.4:-46.7,2025,44,2025-11-02,7,11,44,306,-0.8517119107469189,0.5240103253675756,0,15.999999999999998,19.400000000000002,24.257142857142856,14.1,27.3,85.28571428571429,70.9,35.9,21.9,64.3,64.3,110.29999999999998,64.3,110.29999999999998,105.99,20.75,116.00000000000001,43.55,-5.700000000000031,15.999999999999998,19.400000000000002,35.9,15.0,weather_real
open-meteo:era5_seamless:-23.4:-46.7,2025,45,2025-11-09,7,11,45,313,-0.7825970017677834,0.6225286602431057,0,15.457142857142857,19.814285714285713,24.41428571428571,13.2,27.6,81.57142857142857,69.55,34.55,21.250000000000004,14.0,78.3,92.9,14.0,92.9,128.69,25.020000000000003,116.56,-11.020000000000003,-23.659999999999997,15.457142857142857,19.814285714285713,34.55,15.0,weather_real
open-meteo:era5_seamless:-23.4:-46.7,2025,46,2025-11-16,7,11,46,320,-0.7021479494046978,0.7120310787787131,0,14.757142857142856,18.928571428571427,24.271428571428576,11.0,28.5,78.14285714285714,66.6,31.599999999999998,18.15,11.5,25.5,97.5,11.5,97.5,146.5,28.09,114.52,-16.59,-17.019999999999996,14.757142857142856,18.928571428571427,31.599999999999998,15.0,weather_real
open-meteo:era5_seamless:-23.4:-46.7,2025,47,2025-11-23,7,11,47,327,-0.6115298757991053,0.7912213413483807,0,15.899999999999997,20.142857142857142,25.400000000000002,13.0,28.7,76.28571428571429,74.55000000000001,39.550000000000004,25.550000000000008,26.099999999999998,37.6,115.89999999999999,26.099999999999998,115.89999999999999,154.26,30.5,116.15000000000002,-4.400000000000002,-0.2500000000000284,15.899999999999997,20.142857142857142,39.550000000000004,15.0,weather_real
open-meteo:era5_seamless:-23.4:-46.7,2025,48,2025-11-30,7,11,48,334,-0.5120551783114646,0.8589525565270845,0,14.457142857142856,19.77142857142857,26.071428571428573,11.8,31.2,74.71428571428571,71.85,36.85,22.85,10.0,36.1,79.3,10.0,79.3,187.86,36.34,126.07,-26.340000000000003,-46.769999999999996,14.457142857142856,19.77142857142857,36.85,15.0,weather_real
open-meteo:era5_seamless:-23.4:-46.7,2025,49,2025-12-07,7,12,49,341,-0.4051645224207563,0.9142437912130223,0,17.457142857142856,21.871428571428574,28.11428571428571,15.0,32.0,78.0,89.5,54.5,40.5,19.8,29.8,74.30000000000001,19.8,74.30000000000001,165.03,33.61,133.94,-13.809999999999999,-59.639999999999986,17.457142857142856,21.871428571428574,54.5,15.0,weather_real
open-meteo:era5_seamless:-23.4:-46.7,2025,50,2025-12-14,7,12,50,348,-0.29240597695107734,0.9562942772197719,0,19.04285714285714,21.7,25.428571428571427,16.6,28.6,79.57142857142857,85.65,50.65,36.65,72.1,91.9,134.29999999999998,72.1,134.29999999999998,124.75,26.259999999999998,132.62,45.839999999999996,1.6799999999999784,19.04285714285714,21.7,50.65,15.0,weather_real
open-meteo:era5_seamless:-23.4:-46.7,2025,51,2025-12-21,7,12,51,355,-0.17541259380427843,0.9844950085880858,0,17.25714285714286,20.785714285714285,25.185714285714287,15.0,29.0,81.42857142857143,78.55000000000001,43.55000000000001,29.550000000000008,31.899999999999995,104.0,138.9,31.899999999999995,138.9,137.45,27.340000000000003,132.01999999999998,4.559999999999992,6.880000000000024,17.25714285714286,20.785714285714285,43.55000000000001,15.0,weather_real
open-meteo:era5_seamless:-23.4:-46.7,2025,52,2025-12-28,7,12,52,362,-0.05587875690537313,0.9984375616565666,0,20.485714285714288,25.485714285714288,30.614285714285717,19.6,32.7,67.57142857142857,108.85,73.85,59.849999999999994,5.6,37.49999999999999,129.4,5.6,129.4,182.22,39.48,139.43,-33.879999999999995,-10.030000000000001,20.485714285714288,25.485714285714288,73.85,15.0,weather_real
open-meteo:era5_seamless:-23.4:-46.7,2026,1,2026-01-04,7,1,1,4,0.06875540848113941,0.9976335468520451,0,20.3,23.685714285714287,28.5,17.9,31.6,79.71428571428571,100.8,65.8,51.8,28.9,34.5,141.2,28.9,141.2,150.92000000000002,31.02,134.35999999999999,-2.120000000000001,6.840000000000003,20.3,23.685714285714287,65.8,15.0,weather_real
open-meteo:era5_seamless:-23.4:-46.7,2026,2,2026-01-11,7,1,2,11,0.18809941761179758,0.9821499931752291,0,17.87142857142857,22.67142857142857,28.099999999999998,15.5,31.5,73.28571428571429,90.9,55.900000000000006,41.900000000000006,18.1,47.00000000000001,105.3,18.1,105.3,172.95,35.82000000000001,137.99,-17.720000000000006,-32.69000000000001,17.87142857142857,22.67142857142857,55.900000000000006,15.0,weather_real
open-meteo:era5_seamless:-23.4:-46.7,2026,3,2026-01-18,7,1,3,18,0.3047192331091634,0.9524422234305676,0,19.071428571428573,22.400000000000002,26.82857142857143,18.2,30.5,79.71428571428571,90.65,55.650000000000006,41.650000000000006,35.6,53.70000000000001,88.89999999999999,35.6,88.89999999999999,132.91000000000003,27.419999999999998,143.91,8.180000000000003,-55.010000000000005,19.071428571428573,22.400000000000002,55.650000000000006,15.0,weather_real
open-meteo:era5_seamless:-23.4:-46.7,2026,4,2026-01-25,7,1,4,25,0.4169258813287287,0.908940487313808,0,16.042857142857144,18.74285714285714,22.557142857142857,14.7,24.8,84.85714285714286,65.1,30.099999999999998,16.099999999999998,38.9,74.50000000000001,126.30000000000003,38.9,126.30000000000003,113.37,21.38,127.36999999999999,17.52,-1.0699999999999648,16.042857142857144,18.74285714285714,30.099999999999998,15.0,weather_real
open-meteo:era5_seamless:-23.4:-46.7,2026,5,2026-02-01,7,2,5,32,0.5230943033491326,0.8522748088519838,0,18.014285714285712,21.61428571428571,26.214285714285715,17.1,27.5,84.71428571428571,84.79999999999998,49.79999999999999,35.8,60.4,99.30000000000001,156.50000000000003,60.4,156.50000000000003,143.8,27.35,120.34000000000002,33.05,36.16000000000001,18.014285714285712,21.61428571428571,49.79999999999999,15.0,weather_real
open-meteo:era5_seamless:-23.4:-46.7,2026,6,2026-02-08,7,2,6,39,0.6216868902665479,0.7832658619336791,0,19.414285714285715,21.485714285714288,25.314285714285713,18.8,26.4,88.85714285714286,86.55000000000001,51.55,37.55,96.4,156.8,231.30000000000004,96.4,231.30000000000004,101.26999999999998,19.8,108.53000000000003,76.60000000000001,122.77000000000001,19.414285714285715,21.485714285714288,51.55,15.0,weather_real
open-meteo:era5_seamless:-23.4:-46.7,2026,7,2026-02-15,7,2,7,46,0.7112757519738152,0.7029130847082615,0,18.871428571428574,22.071428571428573,26.400000000000002,18.0,29.2,81.85714285714286,88.45000000000002,53.45000000000001,39.45,34.3,130.70000000000002,240.8,34.3,240.8,126.29999999999998,25.86,101.02000000000001,8.439999999999998,139.78,18.871428571428574,22.071428571428573,53.45000000000001,15.0,weather_real
open-meteo:era5_seamless:-23.4:-46.7,2026,8,2026-02-22,7,2,8,53,0.7905633969115482,0.612380204990065,0,19.228571428571428,22.97142857142857,27.242857142857144,18.0,30.3,81.71428571428571,92.64999999999999,57.65,43.65,16.200000000000003,50.49999999999999,214.60000000000002,16.200000000000003,214.60000000000002,147.47,29.58,110.02999999999999,-13.379999999999995,104.57000000000004,19.228571428571428,22.97142857142857,57.65,15.0,weather_real
open-meteo:era5_seamless:-23.4:-46.7,2026,9,2026-03-01,7,3,9,60,0.8584015232918917,0.512978386299228,0,17.8,20.485714285714288,24.357142857142858,14.7,27.0,85.42857142857143,77.55,42.55,28.55,53.400000000000006,69.6,209.3,53.400000000000006,209.3,117.32999999999998,22.26,105.30000000000001,31.140000000000004,104.0,17.8,20.485714285714288,42.55,15.0,weather_real
open-meteo:era5_seamless:-23.4:-46.7,2026,10,2026-03-08,7,3,10,67,0.9138076496466615,0.4061472386305789,0,16.642857142857142,20.485714285714288,25.971428571428568,13.5,27.2,83.57142857142857,79.14999999999999,44.150000000000006,30.150000000000002,37.8,91.2,182.2,37.8,182.2,150.53000000000003,28.599999999999998,111.78,9.2,70.41999999999999,16.642857142857142,20.485714285714288,44.150000000000006,15.0,weather_real
open-meteo:era5_seamless:-23.4:-46.7,2026,11,2026-03-15,7,3,11,74,0.9559793438440766,0.2934339689665273,0,17.457142857142856,20.142857142857142,23.21428571428572,14.6,26.5,88.57142857142857,72.35,37.349999999999994,23.34999999999999,66.9,104.7,175.1,66.9,175.1,76.78999999999999,15.4,106.04,51.50000000000001,69.05999999999999,17.457142857142856,20.142857142857142,37.349999999999994,15.0,weather_real
open-meteo:era5_seamless:-23.4:-46.7,2026,12,2026-03-22,7,3,12,81,0.984305844499033,0.17647097349152166,0,17.41428571428571,21.95714285714286,27.042857142857144,16.3,29.2,81.42857142857143,85.6,50.60000000000001,36.60000000000001,23.299999999999997,90.20000000000002,187.8,23.299999999999997,187.8,143.09,28.43,101.16,-5.130000000000003,86.64000000000001,17.41428571428571,21.95714285714286,50.60000000000001,15.0,weather_real
open-meteo:era5_seamless:-23.4:-46.7,2026,13,2026-03-29,7,3,13,88,0.998376906467142,0.056952196034039754,0,17.28571428571429,21.857142857142858,27.371428571428574,15.0,27.9,80.14285714285714,86.3,51.3,37.3,3.4000000000000004,26.699999999999996,131.39999999999998,3.4000000000000004,131.39999999999998,156.14,30.75,110.24000000000001,-27.35,21.159999999999968,17.28571428571429,21.857142857142858,51.3,15.0,weather_real
open-meteo:era5_seamless:-23.4:-46.7,2026,14,2026-04-05,7,4,14,95,0.9979887423155984,-0.06339140486951038,1,17.54285714285714,21.2,25.91428571428571,16.0,27.6,81.71428571428571,82.1,47.1,33.10000000000001,27.1,30.500000000000004,138.9,27.1,138.9,126.18000000000002,24.61,106.69000000000003,2.490000000000002,32.20999999999998,17.54285714285714,21.2,47.1,15.0,weather_real
open-meteo:era5_seamless:-23.4:-46.7,2026,15,2026-04-12,7,4,15,102,0.9831469737221499,-0.1828169249850199,1,17.142857142857142,20.114285714285717,24.014285714285716,14.1,26.3,82.71428571428571,74.05,39.05,25.05,8.1,35.2,62.300000000000004,8.1,62.300000000000004,108.30999999999999,21.22,113.77000000000001,-13.12,-51.470000000000006,17.142857142857142,20.114285714285717,39.05,15.0,weather_real
open-meteo:era5_seamless:-23.4:-46.7,2026,16,2026-04-19,7,4,16,109,0.9540665500578387,-0.2995947563972602,1,15.528571428571428,20.057142857142853,25.557142857142853,14.1,27.3,75.71428571428571,73.8,38.8,24.8,5.1000000000000005,13.2,43.7,5.1000000000000005,43.7,136.68,26.610000000000003,112.07000000000001,-21.51,-68.37,15.528571428571428,20.057142857142853,38.8,15.0,weather_real
open-meteo:era5_seamless:-23.4:-46.7,2026,17,2026-04-26,7,4,17,116,0.9111686353326631,-0.41203363695942635,1,15.200000000000001,19.928571428571423,25.77142857142857,13.8,28.6,75.14285714285714,73.4,38.400000000000006,24.400000000000006,0.0,5.1000000000000005,40.3,0.0,40.3,133.66,26.930000000000003,108.71,-26.930000000000003,-68.41,15.200000000000001,19.928571428571423,38.400000000000006,15.0,weather_real
open-meteo:era5_seamless:-23.4:-46.7,2026,18,2026-05-03,7,5,18,123,0.8550745085896932,-0.518505144391157,1,17.714285714285715,20.7,25.342857142857138,15.2,27.9,82.71428571428571,80.69999999999999,45.699999999999996,31.699999999999996,30.400000000000002,30.400000000000002,45.199999999999996,30.400000000000002,45.199999999999996,89.35000000000001,18.63,100.31999999999998,11.770000000000003,-55.11999999999998,17.714285714285715,20.7,45.699999999999996,15.0,weather_real
open-meteo:era5_seamless:-23.4:-46.7,2026,19,2026-05-10,7,5,19,130,0.7865965660866021,-0.6174672802835514,1,16.428571428571427,20.442857142857143,25.32857142857143,12.9,27.4,72.85714285714286,76.15,41.15,28.15,10.8,41.2,46.30000000000001,10.8,46.30000000000001,94.35,22.080000000000005,101.87999999999998,-11.280000000000005,-55.57999999999997,16.428571428571427,20.442857142857143,41.15,15.0,weather_real
open-meteo:era5_seamless:-23.4:-46.7,2026,20,2026-05-17,7,5,20,137,0.7067265555776158,-0.7074868024503348,1,11.5,16.3,22.314285714285713,8.1,25.2,80.57142857142857,48.35,14.8,6.150000000000002,21.6,32.4,67.5,21.6,67.5,99.53999999999999,17.77,93.03999999999999,3.830000000000002,-25.539999999999992,11.5,16.3,14.8,15.0,weather_real
open-meteo:era5_seamless:-23.4:-46.7,2026,21,2026-05-24,7,5,21,144,0.6166212130956382,-0.7872599821916922,1,14.614285714285716,16.400000000000002,19.1,13.2,22.4,90.71428571428571,48.0,13.349999999999998,3.2499999999999964,41.0,62.60000000000001,103.8,41.0,103.8,47.48,9.08,76.17000000000002,31.92,27.62999999999998,14.614285714285716,16.400000000000002,13.349999999999998,15.0,weather_real
open-meteo:era5_seamless:-23.4:-46.7,2026,22,2026-05-31,7,5,22,151,0.5175855102531889,-0.8556314858488706,1,14.171428571428573,17.0,21.04285714285714,11.9,24.5,86.28571428571429,53.25,18.249999999999996,6.799999999999997,3.2,44.2,78.69999999999999,3.2,78.69999999999999,77.52,13.96,68.02000000000001,-10.760000000000002,10.679999999999978,14.171428571428573,17.0,18.249999999999996,15.0,weather_real
open-meteo:era5_seamless:-23.4:-46.7,2026,23,2026-06-07,7,6,23,158,0.4110537546870351,-0.9116111071930239,1,11.814285714285715,15.0,19.685714285714287,9.0,20.6,83.0,40.25,5.449999999999996,0.0,0.0,3.2,75.80000000000001,0.0,75.80000000000001,92.24,15.690000000000001,60.7,-15.690000000000001,15.100000000000009,11.814285714285715,15.0,5.449999999999996,15.0,weather_real
open-meteo:era5_seamless:-23.4:-46.7,2026,24,2026-06-14,7,6,24,165,0.2985688173637202,-0.9543881083175908,1,12.557142857142859,16.428571428571427,20.857142857142858,8.0,22.8,81.0,46.95,12.300000000000004,2.3000000000000043,21.699999999999996,21.699999999999996,80.9,21.699999999999996,80.9,74.64999999999999,14.19,57.260000000000005,7.509999999999996,23.64,12.557142857142859,16.428571428571427,12.300000000000004,15.0,weather_real
open-meteo:era5_seamless:-23.4:-46.7,2026,25,2026-06-21,7,6,25,172,0.18175978759137534,-0.9833429613388902,1,11.557142857142855,14.914285714285713,19.11428571428571,8.8,22.4,82.42857142857143,37.35,4.65,0.25,8.9,30.599999999999998,59.79999999999999,8.9,59.79999999999999,77.22999999999999,13.93,60.769999999999996,-5.029999999999999,-0.970000000000006,11.557142857142855,14.914285714285713,4.65,15.0,weather_real
open-meteo:era5_seamless:-23.4:-46.7,2026,26,2026-06-28,7,6,26,179,0.062318379354325076,-0.998056320853012,1,11.628571428571428,15.528571428571428,19.742857142857144,9.1,23.9,85.0,39.8,9.599999999999998,1.8999999999999986,55.800000000000004,64.69999999999999,86.89999999999999,55.800000000000004,86.89999999999999,61.3,12.630000000000003,59.550000000000004,43.17,27.349999999999987,11.628571428571428,15.528571428571428,9.599999999999998,15.0,weather_real
open-meteo:era5_seamless:-23.4:-46.7,2026,27,2026-07-05,7,7,27,186,-0.05802556932878035,-0.9983150972033183,1,12.985714285714286,17.142857142857142,22.457142857142856,11.1,24.4,79.42857142857143,54.05,19.050000000000004,7.950000000000003,0.2,56.0,86.6,0.2,86.6,92.89,17.78,63.65,-17.580000000000002,22.949999999999996,12.985714285714286,17.142857142857142,19.050000000000004,15.0,weather_real
open-meteo:era5_seamless:-23.4:-46.7,2026,28,2026-07-12,7,7,28,193,-0.17752914918703497,-0.984115542601034,1,10.87142857142857,15.771428571428572,21.35714285714286,8.8,24.6,77.42857142857143,42.800000000000004,7.8000000000000025,0.3500000000000014,3.3,3.5,73.2,3.3,73.2,93.95,17.720000000000002,64.1,-14.420000000000002,9.100000000000009,10.87142857142857,15.771428571428572,7.8000000000000025,15.0,weather_real
open-meteo:era5_seamless:-23.4:-46.7,2026,29,2026-07-19,7,7,29,200,-0.2944616217868012,-0.9556633054034704,1,9.657142857142857,14.357142857142858,20.114285714285717,7.1,23.0,69.14285714285714,34.2,5.7500000000000036,0.8000000000000007,0.3,3.6,62.099999999999994,0.3,62.099999999999994,102.17,20.380000000000003,73.25999999999999,-20.080000000000002,-11.159999999999997,9.657142857142857,14.357142857142858,5.7500000000000036,15.0,weather_real
open-meteo:era5_seamless:-23.4:-46.7,2026,30,2026-07-26,7,7,30,207,-0.4071294853542516,-0.9133704517637858,1,13.642857142857142,17.342857142857145,22.371428571428574,12.6,25.7,73.14285714285714,56.05,21.2,9.2,15.899999999999999,16.2,19.7,15.899999999999999,19.7,90.55,19.339999999999996,80.46,-3.4399999999999977,-60.75999999999999,13.642857142857142,17.342857142857145,21.2,15.0,weather_real
open-meteo:era5_seamless:-23.4:-46.7,2026,31,2026-08-02,7,8,31,214,-0.5139010013093103,-0.8578494977869301,1,12.114285714285714,17.814285714285713,24.5,10.0,27.7,72.42857142857143,58.15,23.150000000000002,9.700000000000003,0.8,16.7,20.3,0.8,20.3,116.58000000000001,23.02,83.69000000000001,-22.22,-63.390000000000015,12.114285714285714,17.814285714285713,23.150000000000002,15.0,weather_real
open-meteo:era5_seamless:-23.4:-46.7,2026,32,2026-08-09,7,8,32,221,-0.6132298262997502,-0.7899045386224707,1,14.485714285714286,19.5,24.8,10.9,26.2,68.85714285714286,67.5,32.5,18.499999999999996,5.7,6.5,24.499999999999996,5.7,24.499999999999996,93.44,22.24,90.56000000000002,-16.54,-66.06000000000002,14.485714285714286,19.5,32.5,15.0,weather_real
open-meteo:era5_seamless:-23.4:-46.7,2026,33,2026-08-16,7,8,33,228,-0.7036774074790128,-0.7105196029692745,1,14.742857142857144,18.25714285714286,23.11428571428571,12.7,28.2,82.28571428571429,62.5,27.7,17.499999999999996,6.6,12.299999999999999,29.0,6.6,29.0,86.14,17.669999999999998,90.00999999999999,-11.069999999999999,-61.00999999999999,14.742857142857144,18.25714285714286,27.7,15.0,weather_real
open-meteo:era5_seamless:-23.4:-46.7,2026,34,2026-08-23,7,8,34,235,-0.7839338166829201,-0.620844401650647,1,14.128571428571428,20.071428571428573,26.44285714285714,12.0,29.4,65.14285714285714,71.99999999999999,37.0,23.099999999999998,0.3,6.8999999999999995,13.399999999999999,0.3,13.399999999999999,134.24,28.370000000000005,95.91999999999999,-28.070000000000004,-82.51999999999998,14.128571428571428,20.071428571428573,37.0,15.0,weather_real
open-meteo:era5_seamless:-23.4:-46.7,2026,35,2026-08-30,7,8,35,242,-0.8528367217694595,-0.522177676659508,1,15.928571428571429,20.057142857142857,25.91428571428571,13.0,30.8,72.85714285714286,76.44999999999999,41.449999999999996,27.449999999999996,2.8,3.1,15.399999999999997,2.8,15.399999999999997,107.16,23.85,99.11,-21.05,-83.71000000000001,15.928571428571429,20.057142857142857,41.449999999999996,15.0,weather_real
open-meteo:era5_seamless:-23.4:-46.7,2026,36,2026-09-01,2,9,36,244,-0.8702939222685674,-0.49253272872205434,1,16.9,21.15,26.35,15.7,29.5,81.5,23.25,13.25,9.25,33.4,33.9,46.2,33.4,46.2,102.42,23.43,96.42999999999999,9.969999999999999,-50.22999999999999,16.985714285714284,21.5,13.25,15.0,weather_real
open-meteo:era5_seamless:-23.4:-46.8,2022,52,2023-01-01,1,1,52,1,0.017201575418260506,0.9998520419557735,0,17.6,21.4,26.0,17.6,26.0,86.0,11.8,6.800000000000001,4.800000000000001,8.2,8.2,8.2,8.2,8.2,22.54,4.27,4.27,3.9299999999999997,3.9299999999999997,17.6,21.4,6.800000000000001,15.0,weather_real
open-meteo:era5_seamless:-23.4:-46.8,2023,1,2023-01-08,7,1,1,8,0.13718540405660057,0.9905453876091833,0,16.4,19.099999999999998,22.371428571428574,14.7,27.2,85.71428571428571,65.7,30.700000000000006,16.800000000000008,74.9,83.1,83.1,74.9,83.1,96.89999999999999,19.01,23.28,55.89,59.81999999999999,16.4,19.099999999999998,30.700000000000006,15.0,weather_real
open-meteo:era5_seamless:-23.4:-46.8,2023,2,2023-01-15,7,1,2,15,0.2551824131233728,0.9668929289391521,0,18.485714285714288,21.314285714285717,25.114285714285717,17.1,28.5,85.14285714285714,82.6,47.599999999999994,33.6,37.099999999999994,112.00000000000001,120.2,37.099999999999994,120.2,125.61999999999999,23.7,46.98,13.399999999999995,73.22,18.485714285714288,21.314285714285717,47.599999999999994,15.0,weather_real
open-meteo:era5_seamless:-23.4:-46.8,2023,3,2023-01-22,7,1,3,22,0.3694836834473831,0.9292372181882051,0,18.414285714285715,21.814285714285717,26.47142857142857,16.5,28.0,85.0,87.1,52.099999999999994,38.099999999999994,44.800000000000004,81.89999999999999,164.99999999999997,44.800000000000004,164.99999999999997,151.48,29.18,76.16,15.620000000000005,88.83999999999997,18.414285714285715,21.814285714285717,52.099999999999994,15.0,weather_real
open-meteo:era5_seamless:-23.4:-46.8,2023,4,2023-01-29,7,1,4,29,0.4784338202547012,0.8781236129591848,0,18.085714285714285,21.75714285714286,26.500000000000004,16.2,27.5,81.57142857142857,86.05000000000001,51.05,37.05,30.1,74.89999999999999,195.09999999999997,30.1,195.09999999999997,164.22,31.810000000000002,107.97,-1.7100000000000009,87.12999999999997,18.085714285714285,21.75714285714286,51.05,15.0,weather_real
open-meteo:era5_seamless:-23.4:-46.8,2023,5,2023-02-05,7,2,5,36,0.580454927809098,0.8142923779467267,0,19.37142857142857,21.828571428571426,25.71428571428572,18.6,26.7,85.14285714285714,87.80000000000001,52.8,38.8,35.39999999999999,65.5,148.5,35.39999999999999,148.5,105.86999999999999,20.840000000000003,110.28999999999999,14.559999999999988,38.21000000000001,19.37142857142857,21.828571428571426,52.8,15.0,weather_real
open-meteo:era5_seamless:-23.4:-46.8,2023,6,2023-02-12,7,2,6,43,0.6740694616546161,0.7386679638813748,0,18.171428571428574,21.41428571428571,25.742857142857144,17.2,27.5,86.85714285714286,83.7,48.699999999999996,34.7,88.50000000000001,123.89999999999999,210.00000000000003,88.50000000000001,210.00000000000003,127.57,24.75,115.55999999999999,63.750000000000014,94.44000000000004,18.171428571428574,21.41428571428571,48.699999999999996,15.0,weather_real
open-meteo:era5_seamless:-23.4:-46.8,2023,7,2023-02-19,7,2,7,50,0.7579216274973472,0.6523456189565257,0,18.74285714285714,21.685714285714287,25.242857142857144,16.4,28.4,84.42857142857143,83.94999999999999,48.949999999999996,34.95,93.5,182.0,250.8,93.5,250.8,110.55,22.44,108.86,71.06,141.94,18.74285714285714,21.685714285714287,48.949999999999996,15.0,weather_real
open-meteo:era5_seamless:-23.4:-46.8,2023,8,2023-02-26,7,2,8,57,0.8307970168121247,0.5565755266413303,0,18.400000000000002,22.02857142857143,26.914285714285715,17.5,27.6,83.85714285714286,88.6,53.599999999999994,39.599999999999994,47.0,140.49999999999997,278.7,47.0,278.7,150.99,28.88,105.18,18.12,173.51999999999998,18.400000000000002,22.02857142857143,53.599999999999994,15.0,weather_real
open-meteo:era5_seamless:-23.4:-46.8,2023,9,2023-03-05,7,3,9,64,0.8916401947968874,0.45274469960737107,0,18.714285714285715,22.271428571428572,26.871428571428574,17.6,27.8,83.71428571428571,89.55,54.55,40.55,34.900000000000006,81.9,277.09999999999997,34.900000000000006,277.09999999999997,140.94,27.349999999999998,109.58000000000001,7.550000000000008,167.51999999999995,18.714285714285715,22.271428571428572,54.55,15.0,weather_real
open-meteo:era5_seamless:-23.4:-46.8,2023,10,2023-03-12,7,3,10,71,0.9395699859530622,0.342356891994542,0,18.385714285714283,21.67142857142857,26.2,18.1,27.8,84.14285714285714,86.05000000000001,51.05,37.050000000000004,61.099999999999994,96.00000000000001,262.9,61.099999999999994,262.9,124.96,24.480000000000004,107.44000000000001,36.61999999999999,155.45999999999998,18.385714285714283,21.67142857142857,51.05,15.0,weather_real
open-meteo:era5_seamless:-23.4:-46.8,2023,11,2023-03-19,7,3,11,78,0.9738922359149924,0.22701082094141847,0,17.685714285714287,21.042857142857144,25.814285714285713,16.1,27.3,83.42857142857143,82.25,47.25,33.25,27.1,88.2,250.39999999999998,27.1,250.39999999999998,134.62,26.29,109.63999999999999,0.8100000000000023,140.76,17.685714285714287,21.042857142857144,47.25,15.0,weather_real
open-meteo:era5_seamless:-23.4:-46.8,2023,12,2023-03-26,7,3,12,85,0.9941098647022418,0.10837701279187609,0,17.77142857142857,22.557142857142853,27.88571428571429,16.4,29.0,78.57142857142857,89.8,54.800000000000004,40.8,4.4,31.500000000000004,131.7,4.4,131.7,158.78000000000003,32.01,119.30000000000003,-27.61,12.399999999999963,17.77142857142857,22.557142857142853,54.800000000000004,15.0,weather_real
open-meteo:era5_seamless:-23.4:-46.8,2023,13,2023-04-02,7,4,13,92,0.9999300657962057,-0.011826390691832589,1,17.685714285714287,21.099999999999998,25.5,16.2,27.8,83.42857142857143,81.15,46.15,32.14999999999999,25.4,29.799999999999997,125.4,25.4,125.4,113.83,22.72,113.19999999999999,2.6799999999999997,12.200000000000017,17.685714285714287,21.099999999999998,46.15,15.0,weather_real
open-meteo:era5_seamless:-23.4:-46.8,2023,14,2023-04-09,7,4,14,99,0.9912685467787256,-0.13185851571739118,1,16.071428571428573,19.314285714285713,23.514285714285712,14.6,26.4,84.42857142857143,68.55000000000001,33.55,19.55,17.799999999999997,43.2,108.30000000000001,17.799999999999997,108.30000000000001,106.24,20.6,105.09999999999998,-2.8000000000000043,3.2000000000000313,16.071428571428573,19.314285714285713,33.55,15.0,weather_real
open-meteo:era5_seamless:-23.4:-46.8,2023,15,2023-04-16,7,4,15,106,0.9682507501166718,-0.2499809690726521,1,16.114285714285714,19.82857142857143,24.52857142857143,13.1,26.7,82.42857142857143,72.25,37.25,23.249999999999996,11.299999999999999,29.099999999999998,59.5,11.299999999999999,59.5,118.19,22.2,106.18,-10.9,-46.68000000000001,16.114285714285714,19.82857142857143,37.25,15.0,weather_real
open-meteo:era5_seamless:-23.4:-46.8,2023,16,2023-04-23,7,4,16,113,0.9312100364121947,-0.3644830148102912,1,14.342857142857143,18.071428571428573,22.571428571428573,10.3,25.9,79.42857142857143,59.2,24.2,12.999999999999996,45.0,56.3,102.19999999999999,45.0,102.19999999999999,116.89999999999998,22.139999999999997,97.09000000000002,22.860000000000003,5.109999999999971,14.342857142857143,18.071428571428573,24.2,15.0,weather_real
open-meteo:era5_seamless:-23.4:-46.8,2023,17,2023-04-30,7,4,17,120,0.8806828564301475,-0.47370635037968,1,15.199999999999998,18.37142857142857,22.91428571428571,12.3,24.2,82.71428571428571,63.4,28.4,14.399999999999999,4.2,49.2,79.30000000000001,4.2,79.30000000000001,94.59999999999998,17.939999999999998,89.16,-13.739999999999998,-9.859999999999985,15.199999999999998,18.37142857142857,28.4,15.0,weather_real
open-meteo:era5_seamless:-23.4:-46.8,2023,18,2023-05-07,7,5,18,127,0.8174009818249189,-0.5760691233798758,1,16.728571428571428,20.25714285714286,25.028571428571432,15.0,25.9,81.71428571428571,76.14999999999999,41.15,27.15,1.6,5.800000000000001,65.6,1.6,65.6,108.88,20.92,87.54000000000002,-19.32,-21.940000000000026,16.728571428571428,20.25714285714286,41.15,15.0,weather_real
open-meteo:era5_seamless:-23.4:-46.8,2023,19,2023-05-14,7,5,19,134,0.742280907086982,-0.6700888411055113,1,14.528571428571428,17.8,22.314285714285717,11.2,26.2,79.42857142857143,58.949999999999996,23.949999999999996,13.099999999999994,5.1,6.699999999999999,59.5,5.1,59.5,99.61,18.77,85.38,-13.67,-25.879999999999995,14.528571428571428,17.8,23.949999999999996,15.0,weather_real
open-meteo:era5_seamless:-23.4:-46.8,2023,20,2023-05-21,7,5,20,141,0.6564105761979381,-0.7544038410927472,1,10.042857142857143,15.171428571428573,21.699999999999996,9.0,23.2,75.71428571428571,41.1,6.100000000000003,0.0,0.0,5.1,10.899999999999999,0.0,10.899999999999999,118.61,20.560000000000002,84.69999999999999,-20.560000000000002,-73.79999999999998,10.042857142857143,15.171428571428573,6.100000000000003,15.0,weather_real
open-meteo:era5_seamless:-23.4:-46.8,2023,21,2023-05-28,7,5,21,148,0.5610336262283677,-0.8277930117131022,1,12.457142857142857,17.82857142857143,23.714285714285715,10.3,24.7,73.85714285714286,56.60000000000001,21.600000000000005,8.300000000000004,4.1,4.1,11.3,4.1,11.3,97.92999999999999,19.68,85.25000000000001,-15.58,-73.95000000000002,12.457142857142857,17.82857142857143,21.600000000000005,15.0,weather_real
open-meteo:era5_seamless:-23.4:-46.8,2023,22,2023-06-04,7,6,22,155,0.4575313760742512,-0.8891934772070711,1,12.957142857142857,15.942857142857145,20.114285714285717,8.7,22.5,83.28571428571429,45.75,10.750000000000002,0.4499999999999993,22.5,26.6,31.699999999999996,22.5,31.699999999999996,73.86999999999999,13.86,78.75999999999999,8.64,-47.059999999999995,12.957142857142857,15.942857142857145,10.750000000000002,15.0,weather_real
open-meteo:era5_seamless:-23.4:-46.8,2023,23,2023-06-11,7,6,23,162,0.3474028211842774,-0.9377159910299093,1,10.971428571428572,16.342857142857145,22.442857142857147,8.8,24.4,69.42857142857143,46.95,11.950000000000001,1.3000000000000007,0.0,22.5,26.6,0.0,26.6,109.66000000000001,21.51,80.87,-21.51,-54.27,10.971428571428572,16.342857142857145,11.950000000000001,15.0,weather_real
open-meteo:era5_seamless:-23.4:-46.8,2023,24,2023-06-18,7,6,24,169,0.23224292400907015,-0.9726578145718654,1,11.614285714285714,14.485714285714286,17.757142857142856,7.3,25.5,86.57142857142857,32.8,4.699999999999999,1.3999999999999986,34.8,34.8,61.4,34.8,61.4,55.86,10.129999999999999,70.97999999999999,24.669999999999998,-9.579999999999991,11.614285714285714,14.485714285714286,4.699999999999999,15.0,weather_real
open-meteo:era5_seamless:-23.4:-46.8,2023,25,2023-06-25,7,6,25,176,0.11371951458594969,-0.9935128947338007,1,10.028571428571428,15.457142857142857,21.442857142857147,7.2,23.5,73.71428571428571,40.15,6.449999999999999,0.3999999999999986,0.0,34.800000000000004,61.4,0.0,61.4,102.69,19.1,69.57000000000001,-19.1,-8.170000000000009,10.028571428571428,15.457142857142857,6.449999999999999,15.0,weather_real
open-meteo:era5_seamless:-23.4:-46.8,2023,26,2023-07-02,7,7,26,183,-0.00645086419810515,-0.9999791929590823,1,11.87142857142857,16.542857142857144,21.842857142857145,9.7,23.6,76.42857142857143,48.0,12.999999999999996,2.3500000000000014,1.2,1.2,35.99999999999999,1.2,35.99999999999999,97.63,18.55,74.85999999999999,-17.35,-38.85999999999999,11.87142857142857,16.542857142857144,12.999999999999996,15.0,weather_real
open-meteo:era5_seamless:-23.4:-46.8,2023,27,2023-07-09,7,7,27,190,-0.12652781683868314,-0.9919630595773397,1,9.485714285714286,14.742857142857146,20.857142857142858,7.3,23.8,72.14285714285714,36.2,4.5,0.8999999999999986,12.5,13.7,48.5,12.5,48.5,95.33999999999999,18.810000000000002,73.64999999999999,-6.310000000000002,-25.14999999999999,9.485714285714286,14.742857142857146,4.5,15.0,weather_real
open-meteo:era5_seamless:-23.4:-46.8,2023,28,2023-07-16,7,7,28,197,-0.24477230089725957,-0.9695805901076308,1,11.500000000000002,16.62857142857143,22.214285714285715,8.4,25.8,69.42857142857143,48.0,16.849999999999998,8.549999999999997,1.7,14.2,15.399999999999999,1.7,15.399999999999999,102.34,22.340000000000003,82.91999999999999,-20.640000000000004,-67.51999999999998,11.500000000000002,16.62857142857143,16.849999999999998,15.0,weather_real
open-meteo:era5_seamless:-23.4:-46.8,2023,29,2023-07-23,7,7,29,204,-0.3594718130884232,-0.9331559438780432,1,12.557142857142859,16.371428571428574,21.3,10.2,23.9,79.0,48.49999999999999,13.499999999999996,2.4999999999999964,1.5,3.2,16.900000000000002,1.5,16.900000000000002,85.74000000000001,16.2,81.74999999999999,-14.7,-64.84999999999998,12.557142857142859,16.371428571428574,13.499999999999996,15.0,weather_real
open-meteo:era5_seamless:-23.4:-46.8,2023,30,2023-07-30,7,7,30,211,-0.46896519100763184,-0.8832166493127127,1,13.0,17.67142857142857,23.071428571428573,11.0,25.9,72.28571428571429,56.25,21.349999999999998,10.649999999999999,3.9,5.4,19.900000000000002,3.9,19.900000000000002,91.25999999999999,19.209999999999997,81.50999999999999,-15.309999999999997,-61.609999999999985,13.0,17.67142857142857,21.349999999999998,15.0,weather_real
open-meteo:era5_seamless:-23.4:-46.8,2023,31,2023-08-06,7,8,31,218,-0.5716666713027052,-0.8204859638785327,1,11.857142857142856,17.95714285714286,25.714285714285715,10.6,28.0,71.28571428571429,61.5,26.500000000000004,12.500000000000004,0.0,3.9,19.6,0.0,19.6,121.11000000000001,24.080000000000002,87.09,-24.080000000000002,-67.49000000000001,11.857142857142856,17.95714285714286,26.500000000000004,15.0,weather_real
open-meteo:era5_seamless:-23.4:-46.8,2023,32,2023-08-13,7,8,32,225,-0.666088855860977,-0.7458723993404063,1,14.942857142857141,18.914285714285715,25.042857142857144,13.1,29.2,72.14285714285714,69.95000000000002,34.949999999999996,22.5,9.9,9.9,15.3,9.9,15.3,96.18999999999998,22.51,87.13,-12.610000000000001,-71.83,14.942857142857141,18.914285714285715,34.949999999999996,15.0,weather_real
open-meteo:era5_seamless:-23.4:-46.8,2023,33,2023-08-20,7,8,33,232,-0.7508642533989489,-0.6604565640279754,1,15.200000000000001,19.4,24.557142857142853,13.3,27.3,71.0,69.15,34.150000000000006,20.300000000000004,0.8999999999999999,10.799999999999999,14.7,0.8999999999999999,14.7,100.21,22.979999999999997,94.72,-22.08,-80.02,15.200000000000001,19.4,34.150000000000006,15.0,weather_real
open-meteo:era5_seamless:-23.4:-46.8,2023,34,2023-08-27,7,8,34,239,-0.8247650844733614,-0.5654755126737576,1,14.885714285714286,18.957142857142856,24.12857142857143,10.9,30.9,65.42857142857143,66.55000000000001,35.800000000000004,25.800000000000004,28.5,29.400000000000002,40.800000000000004,28.5,40.800000000000004,97.18,26.599999999999998,99.51999999999997,1.9000000000000021,-58.71999999999996,14.885714285714286,18.957142857142856,35.800000000000004,15.0,weather_real
open-meteo:era5_seamless:-23.4:-46.8,2023,35,2023-09-03,7,9,35,246,-0.886721063082993,-0.46230483047981086,1,13.142857142857142,18.042857142857144,24.357142857142858,10.8,29.0,78.57142857142857,61.25,28.05,16.35,5.8999999999999995,34.39999999999999,45.19999999999999,5.8999999999999995,45.19999999999999,119.81,23.879999999999995,103.43,-17.979999999999997,-58.23000000000002,13.142857142857142,18.042857142857144,28.05,15.0,weather_real
open-meteo:era5_seamless:-23.4:-46.8,2023,36,2023-09-10,7,9,36,253,-0.9358348973349941,-0.35243871088460327,1,15.757142857142856,20.314285714285717,26.085714285714285,13.9,31.1,72.85714285714286,76.44999999999999,41.45,27.45,8.4,14.300000000000002,45.400000000000006,8.4,45.400000000000006,118.52000000000002,26.76,105.43,-18.36,-60.03,15.757142857142856,20.314285714285717,41.45,15.0,weather_real
open-meteo:era5_seamless:-23.4:-46.8,2023,37,2023-09-17,7,9,37,260,-0.97139528468375,-0.23746831555846842,1,14.314285714285713,20.785714285714285,27.55714285714285,11.5,31.3,64.42857142857143,76.55,41.55,27.549999999999997,15.899999999999999,24.3,58.900000000000006,15.899999999999999,58.900000000000006,142.68,31.84,116.62,-15.940000000000001,-57.72,14.314285714285713,20.785714285714285,41.55,15.0,weather_real
open-meteo:era5_seamless:-23.4:-46.8,2023,38,2023-09-24,7,9,38,267,-0.9928872135356962,-0.11905873003404988,1,17.02857142857143,23.714285714285715,31.2,15.9,34.9,65.71428571428571,98.80000000000001,63.800000000000004,49.800000000000004,1.0,16.9,50.0,1.0,50.0,148.9,34.26,118.87,-33.26,-68.87,17.02857142857143,23.714285714285715,63.800000000000004,15.0,weather_real
open-meteo:era5_seamless:-23.4:-46.8,2023,39,2023-10-01,7,10,39,274,-0.9999994220246925,0.001075151282798226,0,17.04285714285714,21.657142857142855,27.62857142857143,14.3,34.9,75.85714285714286,86.35000000000001,51.35,38.3,54.7,55.699999999999996,82.7,54.7,82.7,114.71000000000001,26.900000000000002,127.95,27.8,-45.25,17.04285714285714,21.657142857142855,51.35,15.0,weather_real
open-meteo:era5_seamless:-23.4:-46.8,2023,40,2023-10-08,7,10,40,281,-0.9926289059345095,0.121193461470736,0,18.557142857142853,22.642857142857142,27.928571428571427,16.0,30.4,82.0,92.7,57.7,43.7,43.4,98.10000000000002,115.30000000000001,43.4,115.30000000000001,121.83000000000001,25.68,126.41,17.72,-11.109999999999985,18.557142857142853,22.642857142857142,57.7,15.0,weather_real
open-meteo:era5_seamless:-23.4:-46.8,2023,41,2023-10-15,7,10,41,288,-0.9708824104813836,0.23955655912092708,0,15.92857142857143,19.54285714285714,23.74285714285714,14.4,30.0,82.14285714285714,68.85,33.849999999999994,21.0,38.1,81.49999999999999,137.2,38.1,137.2,105.49000000000002,22.1,118.92,16.0,18.279999999999987,15.92857142857143,19.54285714285714,33.849999999999994,15.0,weather_real
open-meteo:era5_seamless:-23.4:-46.8,2023,42,2023-10-22,7,10,42,295,-0.9350748843515574,0.3544502230989869,0,16.457142857142856,19.599999999999998,24.285714285714285,14.3,29.3,83.57142857142857,72.60000000000001,37.60000000000001,23.600000000000005,7.699999999999999,45.79999999999999,143.9,7.699999999999999,143.9,112.49,22.66,108.58999999999999,-14.96,35.31000000000002,16.457142857142856,19.599999999999998,37.60000000000001,15.0,weather_real
open-meteo:era5_seamless:-23.4:-46.8,2023,43,2023-10-29,7,10,43,302,-0.8857249183835637,0.4642104791518923,0,18.2,22.11428571428571,27.3,16.3,31.4,82.14285714285714,89.25,54.25,40.25,60.20000000000001,67.89999999999999,185.8,60.20000000000001,185.8,131.20999999999998,27.140000000000004,103.84000000000002,33.06,81.96,18.2,22.11428571428571,54.25,15.0,weather_real
open-meteo:era5_seamless:-23.4:-46.8,2023,44,2023-11-05,7,11,44,309,-0.8235472349556007,0.5672476988027229,0,17.314285714285717,20.685714285714283,24.97142857142857,13.4,29.0,80.71428571428571,78.0,43.0,29.000000000000004,25.7,85.9,156.0,25.7,156.0,135.36,26.189999999999998,105.14999999999998,-0.48999999999999844,50.85000000000002,17.314285714285717,20.685714285714283,43.0,15.0,weather_real
open-meteo:era5_seamless:-23.4:-46.8,2023,45,2023-11-12,7,11,45,316,-0.7494423368521954,0.6620696215153815,0,16.585714285714285,22.414285714285715,28.857142857142858,11.8,33.3,69.71428571428571,89.05,54.05,40.05,7.9,33.599999999999994,104.7,7.9,104.7,201.21,40.89,121.12,-32.99,-16.42,16.585714285714285,22.414285714285715,54.05,15.0,weather_real
open-meteo:era5_seamless:-23.4:-46.8,2023,46,2023-11-19,7,11,46,323,-0.6644834655228552,0.7473029667054296,0,21.0,26.5,32.728571428571435,18.4,34.5,66.0,118.05000000000001,83.04999999999998,69.04999999999998,17.8,25.7,111.9,17.8,111.9,173.3,42.05,143.75,-24.249999999999996,-31.849999999999994,21.0,26.5,83.04999999999998,15.0,weather_real
open-meteo:era5_seamless:-23.4:-46.8,2023,47,2023-11-26,7,11,47,330,-0.5699010576127624,0.8217133225960589,0,17.32857142857143,20.5,24.37142857142857,13.8,28.8,83.42857142857143,75.94999999999999,40.94999999999999,27.65,28.9,46.7,100.2,28.9,100.2,103.83000000000001,21.76,138.01000000000002,7.139999999999997,-37.81000000000002,17.32857142857143,20.5,40.94999999999999,15.0,weather_real
open-meteo:era5_seamless:-23.4:-46.8,2023,48,2023-12-03,7,12,48,337,-0.46706492487743034,0.8842230238742036,0,18.685714285714287,23.17142857142857,28.342857142857145,17.5,31.5,82.28571428571429,94.6,59.6,45.6,37.400000000000006,66.3,92.8,37.400000000000006,92.8,163.66000000000003,32.81,147.60999999999999,4.590000000000003,-54.80999999999999,18.685714285714287,23.17142857142857,59.6,15.0,weather_real
open-meteo:era5_seamless:-23.4:-46.8,2023,49,2023-12-10,7,12,49,344,-0.3574644155648614,0.9339267592294762,0,18.87142857142857,22.585714285714285,27.471428571428568,16.7,30.9,80.42857142857143,92.19999999999999,57.199999999999996,43.199999999999996,19.800000000000004,57.199999999999996,103.89999999999998,19.800000000000004,103.89999999999998,147.25,30.64,140.7,-10.839999999999996,-36.80000000000001,18.87142857142857,22.585714285714285,57.199999999999996,15.0,weather_real
open-meteo:era5_seamless:-23.4:-46.8,2023,50,2023-12-17,7,12,50,351,-0.2426868445825954,0.9701046827361175,0,18.457142857142856,23.342857142857138,29.071428571428573,15.3,31.7,76.0,96.35000000000002,61.349999999999994,47.35,14.1,33.9,116.40000000000002,14.1,116.40000000000002,179.83,36.84,131.73,-22.740000000000002,-15.32999999999997,18.457142857142856,23.342857142857138,61.349999999999994,15.0,weather_real
open-meteo:era5_seamless:-23.4:-46.8,2023,51,2023-12-24,7,12,51,358,-0.12439450483979998,0.9922328391893008,0,18.928571428571427,23.271428571428572,29.214285714285715,16.9,30.4,75.14285714285714,98.49999999999999,63.49999999999999,49.5,15.1,29.2,96.29999999999998,15.1,96.29999999999998,180.76000000000002,37.73,142.48,-22.629999999999995,-46.18000000000001,18.928571428571427,23.271428571428572,63.49999999999999,15.0,weather_real
open-meteo:era5_seamless:-23.4:-46.8,2023,52,2023-12-31,7,12,52,365,-0.004300592702981974,0.9999907524084426,0,17.985714285714288,23.442857142857143,29.142857142857146,15.9,33.3,68.42857142857143,94.95,59.95,45.95,5.3999999999999995,20.5,54.400000000000006,5.3999999999999995,54.400000000000006,175.26999999999998,39.17,156.33,-33.77,-101.93,17.985714285714288,23.442857142857143,59.95,15.0,weather_real
open-meteo:era5_seamless:-23.4:-46.8,2024,1,2024-01-07,7,1,1,7,0.1201261651823505,0.9927586335250793,0,18.3,22.25714285714286,27.099999999999998,17.2,29.7,77.71428571428571,88.9,53.900000000000006,39.900000000000006,29.299999999999997,34.699999999999996,65.10000000000001,29.299999999999997,65.10000000000001,162.17999999999998,33.05,152.84000000000003,-3.75,-87.74000000000002,18.3,22.25714285714286,53.900000000000006,15.0,weather_real
open-meteo:era5_seamless:-23.4:-46.8,2024,2,2024-01-14,7,1,2,14,0.23851257519407648,0.9711394088771653,0,19.5,23.557142857142857,28.1,17.5,31.7,79.0,96.60000000000001,61.599999999999994,47.60000000000001,56.300000000000004,85.59999999999998,108.49999999999999,56.300000000000004,108.49999999999999,141.88,29.780000000000005,149.95999999999998,26.52,-41.459999999999994,19.5,23.557142857142857,61.599999999999994,15.0,weather_real
open-meteo:era5_seamless:-23.4:-46.8,2024,3,2024-01-21,7,1,3,21,0.3534446712740877,0.9354554315134164,0,20.74285714285714,24.199999999999996,28.585714285714285,19.5,31.6,80.57142857142857,102.65,67.65,53.65,33.6,89.90000000000002,134.5,33.6,134.5,151.94000000000003,31.54,142.42,2.0600000000000023,-7.9199999999999875,20.74285714285714,24.199999999999996,67.65,15.0,weather_real
open-meteo:era5_seamless:-23.4:-46.8,2024,4,2024-01-28,7,1,4,28,0.4632579225674917,0.88622350294858,0,16.342857142857145,19.257142857142856,22.900000000000002,15.1,27.1,85.57142857142857,67.35000000000001,32.35000000000001,18.350000000000005,52.00000000000001,85.60000000000001,172.49999999999994,52.00000000000001,172.49999999999994,114.28999999999999,21.72,124.69,30.28000000000001,47.809999999999945,16.342857142857145,19.257142857142856,32.35000000000001,15.0,weather_real
open-meteo:era5_seamless:-23.4:-46.8,2024,5,2024-02-04,7,2,5,35,0.5663619330814524,0.8241566360566663,0,17.65714285714286,21.857142857142858,27.142857142857142,16.0,28.7,81.28571428571429,86.79999999999998,51.800000000000004,37.8,46.2,98.20000000000002,189.1,46.2,189.1,153.88,30.33,124.30000000000001,15.870000000000005,64.79999999999998,17.65714285714286,21.857142857142858,51.800000000000004,15.0,weather_real
open-meteo:era5_seamless:-23.4:-46.8,2024,6,2024-02-11,7,2,6,42,0.6612634749656386,0.7501537286959042,0,18.6,23.614285714285717,28.87142857142857,17.8,29.7,76.0,96.14999999999999,61.150000000000006,47.15,1.8,47.99999999999999,147.00000000000003,1.8,147.00000000000003,181.28000000000003,37.589999999999996,127.34000000000002,-35.79,19.66000000000001,18.6,23.614285714285717,61.150000000000006,15.0,weather_real
open-meteo:era5_seamless:-23.4:-46.8,2024,7,2024-02-18,7,2,7,49,0.746588114532413,0.6652865452111116,0,18.95714285714286,21.971428571428568,25.857142857142858,17.0,31.3,82.57142857142857,86.85,51.85,37.85,34.0,35.8,154.29999999999998,34.0,154.29999999999998,113.67,24.229999999999997,120.24,9.770000000000003,34.05999999999999,18.95714285714286,21.971428571428568,51.85,15.0,weather_real
open-meteo:era5_seamless:-23.4:-46.8,2024,8,2024-02-25,7,2,8,56,0.8211001178128892,0.5707841943569036,0,19.214285714285715,22.642857142857146,26.91428571428571,17.1,28.6,84.0,91.44999999999999,56.449999999999996,42.45,56.2,90.2,149.0,56.2,149.0,130.25000000000003,25.9,126.58,30.300000000000004,22.42,19.214285714285715,22.642857142857146,56.449999999999996,15.0,weather_real
open-meteo:era5_seamless:-23.4:-46.8,2024,9,2024-03-03,7,3,9,63,0.8837203473619977,0.4680153284438345,0,19.82857142857143,23.357142857142858,27.814285714285717,18.1,29.4,82.42857142857143,96.75000000000001,61.75,47.75,41.3,97.5,142.8,41.3,142.8,141.83999999999997,28.630000000000003,124.47000000000001,12.669999999999995,18.33,19.82857142857143,23.357142857142858,61.75,15.0,weather_real
open-meteo:era5_seamless:-23.4:-46.8,2024,10,2024-03-10,7,3,10,70,0.9335418911179212,0.35846832151248087,0,20.08571428571429,22.957142857142856,27.4,18.5,28.5,85.85714285714286,96.19999999999999,61.199999999999996,47.199999999999996,65.30000000000001,106.6,197.10000000000002,65.30000000000001,197.10000000000002,128.26,25.509999999999998,115.50999999999999,39.79000000000001,81.59000000000003,20.08571428571429,22.957142857142856,61.199999999999996,15.0,weather_real
open-meteo:era5_seamless:-23.4:-46.8,2024,11,2024-03-17,7,3,11,77,0.969843196967294,0.24372971360968387,0,19.314285714285713,23.87142857142857,29.057142857142857,16.7,30.6,78.28571428571429,99.3,64.3,50.3,8.1,73.4,180.20000000000002,8.1,180.20000000000002,152.52,31.93,118.47,-23.83,61.73000000000002,19.314285714285713,23.87142857142857,64.3,15.0,weather_real
open-meteo:era5_seamless:-23.4:-46.8,2024,12,2024-03-24,7,3,12,84,0.992098522791769,0.12546123335273648,0,19.157142857142855,22.042857142857144,26.21428571428572,16.4,30.8,85.71428571428571,88.80000000000001,53.79999999999999,39.79999999999999,64.1,72.2,192.10000000000002,64.1,192.10000000000002,99.46000000000001,21.02,114.92,43.08,77.18000000000002,19.157142857142855,22.042857142857144,53.79999999999999,15.0,weather_real
open-meteo:era5_seamless:-23.4:-46.8,2024,13,2024-03-31,7,3,13,91,0.9999855506507186,0.005375731557583884,0,17.17142857142857,20.3,24.428571428571427,15.7,27.6,85.85714285714286,75.6,40.599999999999994,26.599999999999994,28.8,92.89999999999999,166.8,28.8,166.8,106.25999999999999,20.9,108.61,7.900000000000002,58.19000000000001,17.17142857142857,20.3,40.599999999999994,15.0,weather_real
open-meteo:era5_seamless:-23.4:-46.8,2024,14,2024-04-07,7,4,14,98,0.9933900548258936,-0.11478762552212701,1,17.557142857142857,21.957142857142856,27.185714285714287,16.3,29.3,78.57142857142857,86.60000000000001,51.60000000000001,37.60000000000001,1.5,30.300000000000004,119.99999999999999,1.5,119.99999999999999,137.07999999999998,27.48,108.63,-25.98,11.36999999999999,17.557142857142857,21.957142857142856,51.60000000000001,15.0,weather_real
open-meteo:era5_seamless:-23.4:-46.8,2024,15,2024-04-14,7,4,15,105,0.9724075561219968,-0.23328854407545518,1,18.5,21.442857142857147,25.37142857142857,17.8,26.4,83.28571428571429,83.55000000000001,48.550000000000004,34.55,33.2,34.70000000000001,135.7,33.2,135.7,102.33,20.419999999999998,99.64999999999999,12.780000000000005,36.05,18.5,21.442857142857147,48.550000000000004,15.0,weather_real
open-meteo:era5_seamless:-23.4:-46.8,2024,16,2024-04-21,7,4,16,112,0.9373419384643772,-0.3484108069446808,1,16.642857142857146,20.057142857142857,24.571428571428573,12.7,27.3,80.28571428571429,74.25,39.25,25.249999999999996,11.5,44.7,94.69999999999999,11.5,94.69999999999999,104.68,20.810000000000002,93.19999999999997,-9.310000000000002,1.5000000000000142,16.642857142857146,20.057142857142857,39.25,15.0,weather_real
open-meteo:era5_seamless:-23.4:-46.8,2024,17,2024-04-28,7,4,17,119,0.8887010478292915,-0.45848712914008766,1,16.52857142857143,21.557142857142857,27.085714285714285,13.6,28.7,72.85714285714286,82.65,47.650000000000006,33.650000000000006,0.0,11.5,46.8,0.0,46.8,120.7,25.660000000000004,102.48,-25.660000000000004,-55.68000000000001,16.52857142857143,21.557142857142857,47.650000000000006,15.0,weather_real
open-meteo:era5_seamless:-23.4:-46.8,2024,18,2024-05-05,7,5,18,126,0.8271893372462497,-0.5619233046832195,1,16.97142857142857,22.7,29.014285714285716,15.6,29.6,64.28571428571429,90.95000000000002,55.95,41.95,0.0,0.0,45.9,0.0,45.9,128.48000000000002,29.319999999999997,103.71000000000001,-29.319999999999997,-57.81000000000001,16.97142857142857,22.7,55.95,15.0,weather_real
open-meteo:era5_seamless:-23.4:-46.8,2024,19,2024-05-12,7,5,19,133,0.753697664392914,-0.6572212950663319,1,16.457142857142856,22.128571428571426,28.185714285714287,14.0,28.7,63.57142857142857,86.25,51.25,37.25,0.1,0.1,13.799999999999999,0.1,13.799999999999999,123.89000000000001,28.85,110.07,-28.75,-96.27,16.457142857142856,22.128571428571426,51.25,15.0,weather_real
open-meteo:era5_seamless:-23.4:-46.8,2024,20,2024-05-19,7,5,20,140,0.6692903895412567,-0.7430009249440493,1,17.25714285714286,20.82857142857143,25.814285714285713,16.0,28.5,69.85714285714286,80.75,45.75,31.75,3.5,3.6,3.6,3.5,3.6,85.66,21.73,112.96000000000001,-18.23,-109.36000000000001,17.25714285714286,20.82857142857143,45.75,15.0,weather_real
open-meteo:era5_seamless:-23.4:-46.8,2024,21,2024-05-26,7,5,21,147,0.5751899607119775,-0.8180198708443174,1,15.742857142857144,19.042857142857144,23.671428571428574,13.4,27.4,77.14285714285714,67.95000000000002,33.550000000000004,21.550000000000004,28.0,31.5,31.6,28.0,31.6,76.19,17.940000000000005,106.03999999999999,10.059999999999995,-74.44,15.742857142857144,19.042857142857144,33.550000000000004,15.0,weather_real
open-meteo:era5_seamless:-23.4:-46.8,2024,22,2024-06-02,7,6,22,154,0.47275920928627757,-0.881191653407483,1,10.671428571428573,14.900000000000002,19.599999999999998,8.0,23.0,81.0,35.95,5.949999999999999,0.5,14.799999999999999,42.800000000000004,46.400000000000006,14.799999999999999,46.400000000000006,93.05000000000001,15.800000000000002,92.7,-1.0000000000000036,-46.3,10.671428571428573,14.900000000000002,5.949999999999999,15.0,weather_real
open-meteo:era5_seamless:-23.4:-46.8,2024,23,2024-06-09,7,6,23,161,0.36348161248290634,-0.9316013725767187,1,12.357142857142858,17.15714285714286,22.82857142857143,11.4,24.8,79.28571428571429,53.15000000000001,18.150000000000006,5.2500000000000036,0.7,15.499999999999998,47.0,0.7,47.0,90.2,17.220000000000002,81.65000000000002,-16.520000000000003,-34.65000000000002,12.357142857142858,17.15714285714286,18.150000000000006,15.0,weather_real
open-meteo:era5_seamless:-23.4:-46.8,2024,24,2024-06-16,7,6,24,168,0.24893980855376657,-0.9685189578512204,1,12.528571428571427,18.38571428571429,25.071428571428573,10.4,25.4,64.0,61.599999999999994,26.599999999999998,12.599999999999998,0.0,0.7,43.50000000000001,0.0,43.50000000000001,108.62,23.740000000000002,80.92000000000002,-23.740000000000002,-37.42000000000001,12.528571428571427,18.38571428571429,26.599999999999998,15.0,weather_real
open-meteo:era5_seamless:-23.4:-46.8,2024,25,2024-06-23,7,6,25,175,0.13079267585675922,-0.9914097417023038,1,12.057142857142859,17.9,24.7,10.5,25.8,59.714285714285715,58.650000000000006,23.650000000000002,9.650000000000002,0.0,0.0,41.3,0.0,41.3,106.81,24.74,83.29,-24.74,-41.99000000000001,12.057142857142859,17.9,23.650000000000002,15.0,weather_real
open-meteo:era5_seamless:-23.4:-46.8,2024,26,2024-06-30,7,6,26,182,0.01075130776352193,-0.9999422030204416,1,14.5,18.628571428571426,23.228571428571428,12.4,26.5,71.42857142857143,62.05000000000001,28.050000000000004,16.050000000000004,2.0999999999999996,2.0999999999999996,2.8,2.0999999999999996,2.8,75.86,18.62,89.91999999999999,-16.520000000000003,-87.11999999999999,14.5,18.628571428571426,28.050000000000004,15.0,weather_real
open-meteo:era5_seamless:-23.4:-46.8,2024,27,2024-07-07,7,7,27,189,-0.10944576864891556,-0.993992768446958,1,11.314285714285715,16.885714285714283,23.12857142857143,8.1,25.5,69.71428571428571,50.55,17.3,6.600000000000001,0.1,2.2,2.2,0.1,2.2,90.7,19.51,92.48999999999998,-19.41,-90.28999999999998,11.314285714285715,16.885714285714283,17.3,15.0,weather_real
open-meteo:era5_seamless:-23.4:-46.8,2024,28,2024-07-14,7,7,28,196,-0.2280577712215198,-0.9736476020539838,1,13.385714285714286,16.271428571428572,20.728571428571428,12.5,25.2,86.71428571428571,49.39999999999999,14.400000000000002,4.100000000000001,25.5,25.6,27.7,25.5,27.7,66.17,12.589999999999998,82.24,12.910000000000002,-54.53999999999999,13.385714285714286,16.271428571428572,14.400000000000002,15.0,weather_real
open-meteo:era5_seamless:-23.4:-46.8,2024,29,2024-07-21,7,7,29,203,-0.34336687399638804,-0.939201357453208,1,12.0,16.114285714285714,21.900000000000002,9.0,23.4,78.85714285714286,48.64999999999999,13.649999999999999,2.799999999999997,0.2,25.700000000000003,27.900000000000002,0.2,27.900000000000002,99.89000000000001,17.94,76.14,-17.740000000000002,-48.239999999999995,12.0,16.114285714285714,13.649999999999999,15.0,weather_real
open-meteo:era5_seamless:-23.4:-46.8,2024,30,2024-07-28,7,7,30,210,-0.45370308603134424,-0.8911529104063088,1,10.87142857142857,17.428571428571427,24.457142857142856,9.0,26.6,63.57142857142857,53.65,18.649999999999995,5.649999999999995,0.0,0.2,27.100000000000005,0.0,27.100000000000005,113.46000000000001,22.98,76.95,-22.98,-49.849999999999994,10.87142857142857,17.428571428571427,18.649999999999995,15.0,weather_real
open-meteo:era5_seamless:-23.4:-46.8,2024,31,2024-08-04,7,8,31,217,-0.5574684374327892,-0.8301981337405212,1,13.257142857142858,17.999999999999996,24.25714285714286,12.7,27.0,71.57142857142857,61.3,26.4,14.399999999999999,2.8,2.8,28.600000000000005,2.8,28.600000000000005,102.72000000000001,21.659999999999997,80.55,-18.859999999999996,-51.94999999999999,13.257142857142858,17.999999999999996,26.4,15.0,weather_real
open-meteo:era5_seamless:-23.4:-46.8,2024,32,2024-08-11,7,8,32,224,-0.65316012232693,-0.7572198192083127,1,12.771428571428572,17.900000000000002,23.457142857142856,5.5,28.6,63.142857142857146,56.800000000000004,28.05,18.05,36.7,39.5,40.0,36.7,40.0,100.19000000000001,23.26,89.64,13.440000000000001,-49.64,12.771428571428572,17.900000000000002,28.05,15.0,weather_real
open-meteo:era5_seamless:-23.4:-46.8,2024,33,2024-08-18,7,8,33,231,-0.7393922635959241,-0.673274892250183,1,9.385714285714286,16.214285714285715,23.842857142857145,6.2,29.3,67.71428571428571,46.3,18.15,10.149999999999999,0.0,36.7,39.5,0.0,39.5,129.39000000000001,24.43,98.12,-24.43,-58.620000000000005,9.385714285714286,16.214285714285715,18.15,15.0,weather_real
open-meteo:era5_seamless:-23.4:-46.8,2024,34,2024-08-25,7,8,34,238,-0.8149159841660791,-0.5795791048257612,1,13.542857142857143,19.58571428571429,27.085714285714285,9.3,30.5,62.57142857142857,72.2,40.199999999999996,28.199999999999996,18.2,18.2,57.7,18.2,57.7,122.41,28.57,104.54000000000002,-10.370000000000001,-46.84000000000002,13.542857142857143,19.58571428571429,40.199999999999996,15.0,weather_real
open-meteo:era5_seamless:-23.4:-46.8,2024,35,2024-09-01,7,9,35,245,-0.8786374941610001,-0.4774894280028391,1,9.700000000000001,15.942857142857141,23.485714285714288,3.8,29.3,70.85714285714286,46.15,19.15,11.149999999999999,0.0,18.2,54.900000000000006,0.0,54.900000000000006,149.39999999999998,27.689999999999998,111.83,-27.689999999999998,-56.92999999999999,9.700000000000001,15.942857142857141,19.15,15.0,weather_real
open-meteo:era5_seamless:-23.4:-46.8,2024,36,2024-09-08,7,9,36,252,-0.9296339319682695,-0.3684843993077793,1,15.457142857142857,21.82857142857143,29.485714285714288,14.7,32.0,63.857142857142854,87.29999999999998,52.29999999999999,38.3,0.7,0.7,40.49999999999999,0.7,40.49999999999999,144.05,32.09,116.94,-31.390000000000004,-76.44,15.457142857142857,21.82857142857143,52.29999999999999,15.0,weather_real
open-meteo:era5_seamless:-23.4:-46.8,2024,37,2024-09-15,7,9,37,259,-0.9671667297977312,-0.2541427094613622,1,16.97142857142857,23.5,30.4,15.2,32.8,48.57142857142857,95.80000000000001,60.8,46.8,4.0,4.7,22.9,4.0,22.9,146.32000000000002,37.32,134.07,-33.32,-111.16999999999999,16.97142857142857,23.5,60.8,15.0,weather_real
open-meteo:era5_seamless:-23.4:-46.8,2024,38,2024-09-22,7,9,38,266,-0.9906923101615609,-0.13612033862266704,1,15.142857142857144,19.54285714285714,24.77142857142857,13.1,30.8,79.71428571428571,69.69999999999999,34.69999999999999,22.249999999999993,19.2,23.2,41.6,19.2,41.6,115.38000000000001,23.689999999999998,124.95999999999998,-4.489999999999998,-83.35999999999999,15.142857142857144,19.54285714285714,34.69999999999999,15.0,weather_real
open-meteo:era5_seamless:-23.4:-46.8,2024,39,2024-09-29,7,9,39,273,-0.9998699583618592,-0.016126573270657762,1,16.54285714285714,22.671428571428574,29.87142857142857,13.9,34.3,66.71428571428571,92.44999999999999,57.44999999999999,43.44999999999999,2.5,21.7,26.4,2.5,26.4,156.7,34.67,137.34,-32.17,-110.94,16.54285714285714,22.671428571428574,57.44999999999999,15.0,weather_real
open-meteo:era5_seamless:-23.4:-46.8,2024,40,2024-10-06,7,10,40,280,-0.9945667569706337,0.1041007489354256,0,16.214285714285715,21.0,27.914285714285715,13.5,35.1,69.14285714285714,84.45,49.45,35.55000000000001,17.6,20.1,43.3,17.6,43.3,147.6,33.51,138.54,-15.909999999999997,-95.24,16.214285714285715,21.0,49.45,15.0,weather_real
open-meteo:era5_seamless:-23.4:-46.8,2024,41,2024-10-13,7,10,41,287,-0.9748595108374125,0.22282040779479959,0,16.099999999999998,20.614285714285717,27.314285714285717,13.9,33.9,77.0,81.95,46.95,32.95,28.900000000000002,46.50000000000001,72.19999999999999,28.900000000000002,72.19999999999999,145.31,30.1,130.51999999999998,-1.1999999999999993,-58.31999999999999,16.099999999999998,20.614285714285717,46.95,15.0,weather_real
open-meteo:era5_seamless:-23.4:-46.8,2024,42,2024-10-20,7,10,42,294,-0.9410336347451197,0.3383130181923076,0,15.62857142857143,19.785714285714285,25.34285714285715,14.8,29.6,81.0,73.39999999999999,38.39999999999999,24.4,26.700000000000003,55.6,76.7,26.700000000000003,76.7,128.41,26.26,131.93999999999997,0.4400000000000013,-55.23999999999997,15.62857142857143,19.785714285714285,38.39999999999999,15.0,weather_real
open-meteo:era5_seamless:-23.4:-46.8,2024,43,2024-10-27,7,10,43,301,-0.8935790198239952,0.4489059314938798,0,18.17142857142857,21.8,26.357142857142854,15.3,28.7,82.0,85.85,50.849999999999994,36.849999999999994,32.3,59.0,105.50000000000003,32.3,105.50000000000003,125.00999999999999,25.559999999999995,124.06000000000002,6.740000000000002,-18.559999999999988,18.17142857142857,21.8,50.849999999999994,15.0,weather_real
open-meteo:era5_seamless:-23.4:-46.8,2024,44,2024-11-03,7,11,44,308,-0.8331829385891785,0.5529974600700271,0,16.314285714285713,19.814285714285713,24.685714285714283,14.7,28.1,82.57142857142857,73.5,38.5,24.5,32.900000000000006,65.2,120.80000000000001,32.900000000000006,120.80000000000001,129.84,25.269999999999996,116.48000000000002,7.63000000000001,4.319999999999993,16.314285714285713,19.814285714285713,38.5,15.0,weather_real
open-meteo:era5_seamless:-23.4:-46.8,2024,45,2024-11-10,7,11,45,315,-0.7607200913564104,0.6490800741100398,0,17.5,20.042857142857144,23.17142857142857,13.9,25.5,86.85714285714286,72.35000000000001,37.35,23.35,90.19999999999999,123.1,185.2,90.19999999999999,185.2,96.27,18.630000000000003,104.36000000000001,71.57,80.83999999999997,17.5,20.042857142857144,37.35,15.0,weather_real
open-meteo:era5_seamless:-23.4:-46.8,2024,46,2024-11-17,7,11,46,322,-0.6772399381909491,0.7357622347736527,0,15.571428571428571,19.95714285714286,24.842857142857138,13.2,28.7,79.14285714285714,71.45,36.45,22.450000000000003,29.5,119.7,208.5,29.5,208.5,139.73,27.79,99.87,1.7100000000000009,108.63,15.571428571428571,19.95714285714286,36.45,15.0,weather_real
open-meteo:era5_seamless:-23.4:-46.8,2024,47,2024-11-24,7,11,47,329,-0.5839514998576998,0.8117885474764613,0,16.385714285714286,20.485714285714284,25.442857142857147,14.5,28.6,80.14285714285714,76.39999999999999,41.400000000000006,27.4,5.699999999999999,35.2,161.5,5.699999999999999,161.5,160.65,31.110000000000003,109.88999999999999,-25.410000000000004,51.610000000000014,16.385714285714286,20.485714285714284,41.400000000000006,15.0,weather_real
open-meteo:era5_seamless:-23.4:-46.8,2024,48,2024-12-01,7,12,48,336,-0.4822058478963526,0.8760579434344281,0,17.985714285714288,22.914285714285715,28.25714285714286,14.4,30.3,71.57142857142857,91.85,56.85,42.85,9.6,15.299999999999999,163.29999999999998,9.6,163.29999999999998,161.1,34.3,117.02000000000001,-24.699999999999996,46.27999999999997,17.985714285714288,22.914285714285715,56.85,15.0,weather_real
open-meteo:era5_seamless:-23.4:-46.8,2024,49,2024-12-08,7,12,49,343,-0.37347653741307074,0.9276396261490467,0,19.099999999999998,22.142857142857146,25.900000000000002,17.0,30.0,83.42857142857143,87.5,52.5,38.5,51.60000000000001,61.2,97.00000000000001,51.60000000000001,97.00000000000001,109.82,23.450000000000003,123.94999999999999,28.150000000000006,-26.949999999999974,19.099999999999998,22.142857142857146,52.5,15.0,weather_real
open-meteo:era5_seamless:-23.4:-46.8,2024,50,2024-12-15,7,12,50,350,-0.2593382659754056,0.9657865518844574,0,17.571428571428573,20.728571428571428,24.75714285714286,15.2,25.8,83.57142857142857,78.14999999999999,43.14999999999999,29.149999999999995,77.7,129.3,161.1,77.7,161.1,125.22999999999999,24.18,120.61000000000001,53.52,40.48999999999998,17.571428571428573,20.728571428571428,43.14999999999999,15.0,weather_real
open-meteo:era5_seamless:-23.4:-46.8,2024,51,2024-12-22,7,12,51,357,-0.14144406768794202,0.9899462489023779,0,17.67142857142857,21.728571428571428,26.842857142857138,14.7,28.3,78.85714285714286,85.80000000000001,50.800000000000004,36.800000000000004,75.6,153.3,215.60000000000002,75.6,215.60000000000002,169.36,33.08,123.26000000000002,42.519999999999996,92.34,17.67142857142857,21.728571428571428,50.800000000000004,15.0,weather_real
open-meteo:era5_seamless:-23.4:-46.8,2024,52,2024-12-29,7,12,52,364,-0.021501372740813793,0.999768818762748,0,18.685714285714287,21.28571428571428,24.9,17.3,27.3,87.71428571428571,82.55,47.55000000000001,33.55000000000001,80.8,156.4,287.3,80.8,287.3,111.47,21.570000000000004,111.97000000000001,59.22999999999999,175.32999999999998,18.685714285714287,21.28571428571428,47.55000000000001,15.0,weather_real
open-meteo:era5_seamless:-23.4:-46.8,2025,1,2025-01-05,7,1,1,5,0.08590610426133272,0.9963032375991965,0,18.199999999999996,21.87142857142857,26.142857142857146,16.8,27.6,82.71428571428571,85.2,50.2,36.2,31.4,112.2,269.00000000000006,31.4,269.00000000000006,163.08,30.98,117.98,0.41999999999999815,151.02000000000004,18.199999999999996,21.87142857142857,50.2,15.0,weather_real
open-meteo:era5_seamless:-23.4:-46.8,2025,2,2025-01-12,7,1,2,12,0.20496611396949532,0.9787690698649216,0,17.285714285714285,20.428571428571423,25.014285714285712,15.6,27.9,82.85714285714286,78.04999999999998,43.05,29.049999999999997,44.1,75.5,270.2,44.1,270.2,152.16,29.04,121.06,15.060000000000002,149.14,17.285714285714285,20.428571428571423,43.05,15.0,weather_real
open-meteo:era5_seamless:-23.4:-46.8,2025,3,2025-01-19,7,1,3,19,0.321057654185271,0.9470596510722283,0,18.07142857142857,21.75714285714286,26.242857142857144,14.2,28.9,80.85714285714286,85.1,50.1,36.1,16.2,60.300000000000004,221.3,16.2,221.3,137.88,27.46,115.98,-11.260000000000002,105.32000000000001,18.07142857142857,21.75714285714286,50.1,15.0,weather_real
open-meteo:era5_seamless:-23.4:-46.8,2025,4,2025-01-26,7,1,4,26,0.4324994021339788,0.901634220265486,0,20.085714285714285,23.97142857142857,28.657142857142862,19.0,29.7,79.28571428571429,100.60000000000001,65.60000000000001,51.60000000000001,50.1,66.3,151.60000000000002,50.1,151.60000000000002,167.31,34.39,130.42,15.71,21.180000000000035,20.085714285714285,23.97142857142857,65.60000000000001,15.0,weather_real
open-meteo:era5_seamless:-23.4:-46.8,2025,5,2025-02-02,7,2,5,33,0.5376773767406141,0.8431506618282,0,19.428571428571427,21.4,24.814285714285717,18.6,26.6,90.71428571428571,84.85000000000001,49.85,35.85000000000001,136.7,186.79999999999995,255.89999999999995,136.7,255.89999999999995,77.37,15.23,113.98999999999998,121.46999999999998,141.90999999999997,19.428571428571427,21.4,49.85,15.0,weather_real
open-meteo:era5_seamless:-23.4:-46.8,2025,6,2025-02-09,7,2,6,40,0.6350683134867438,0.7724559775191742,0,19.028571428571432,22.685714285714287,26.814285714285713,17.6,28.4,81.42857142857143,90.45,55.449999999999996,41.45,22.099999999999998,158.79999999999998,243.09999999999997,22.099999999999998,243.09999999999997,152.68,30.240000000000002,115.17999999999999,-8.140000000000004,127.91999999999997,19.028571428571432,22.685714285714287,55.449999999999996,15.0,weather_real
open-meteo:era5_seamless:-23.4:-46.8,2025,7,2025-02-16,7,2,7,47,0.7232617254437388,0.6905740195722293,0,18.82857142857143,23.642857142857142,28.41428571428571,18.0,29.7,77.57142857142857,95.35000000000001,60.35000000000001,46.35000000000001,21.2,43.3,231.6,21.2,231.6,164.42000000000002,33.46,122.42999999999999,-12.260000000000002,109.17,18.82857142857143,23.642857142857142,60.35000000000001,15.0,weather_real
open-meteo:era5_seamless:-23.4:-46.8,2025,8,2025-02-23,7,2,8,54,0.8009803309782905,0.5986906625177214,0,20.085714285714285,23.95714285714286,28.900000000000002,18.9,30.5,79.42857142857143,101.44999999999999,66.44999999999999,52.449999999999996,19.400000000000002,40.599999999999994,221.9,19.400000000000002,221.9,161.79999999999998,33.41,121.19999999999999,-14.009999999999994,100.70000000000002,20.085714285714285,23.95714285714286,66.44999999999999,15.0,weather_real
open-meteo:era5_seamless:-23.4:-46.8,2025,9,2025-03-02,7,3,9,61,0.8670985522812081,0.4981366284784055,0,19.671428571428574,24.38571428571429,29.685714285714287,19.4,30.9,73.71428571428571,102.75,67.75,53.75,4.3999999999999995,23.800000000000004,111.8,4.3999999999999995,111.8,173.99,36.87,138.52,-32.47,-26.720000000000013,19.671428571428574,24.38571428571429,67.75,15.0,weather_real
open-meteo:era5_seamless:-23.4:-46.8,2025,10,2025-03-09,7,3,10,68,0.9206588168102428,0.3903682146763026,0,18.87142857142857,23.657142857142855,29.357142857142858,18.2,30.2,70.28571428571429,98.80000000000001,63.800000000000004,49.8,1.3,5.699999999999999,49.5,1.3,49.5,165.04999999999998,36.32,149.52,-35.02,-100.02000000000001,18.87142857142857,23.657142857142855,63.800000000000004,15.0,weather_real
open-meteo:era5_seamless:-23.4:-46.8,2025,11,2025-03-16,7,3,11,75,0.9608854255574977,0.27694620226893646,0,19.142857142857142,22.400000000000002,27.442857142857143,18.5,29.3,83.14285714285714,93.05,58.05,44.05,45.1,46.400000000000006,70.89999999999999,45.1,70.89999999999999,126.44000000000001,25.770000000000003,142.25000000000003,19.33,-71.35000000000004,19.142857142857142,22.400000000000002,58.05,15.0,weather_real
open-meteo:era5_seamless:-23.4:-46.8,2025,12,2025-03-23,7,3,12,82,0.9871957872910085,0.15951325197263655,0,17.34285714285714,20.771428571428572,25.714285714285715,15.0,27.9,83.28571428571429,80.70000000000002,45.699999999999996,31.7,43.4,88.50000000000001,97.9,43.4,97.9,127.02000000000001,24.68,132.51,18.72,-34.609999999999985,17.34285714285714,20.771428571428572,45.699999999999996,15.0,weather_real
open-meteo:era5_seamless:-23.4:-46.8,2025,13,2025-03-30,7,3,13,89,0.9992088560679753,0.03977011384605572,0,17.95714285714286,21.771428571428572,26.514285714285712,17.3,27.6,82.71428571428571,85.64999999999999,50.650000000000006,36.650000000000006,11.0,54.400000000000006,101.39999999999999,11.0,101.39999999999999,127.21000000000001,25.47,123.57,-14.469999999999999,-22.17,17.95714285714286,21.771428571428572,50.650000000000006,15.0,weather_real
open-meteo:era5_seamless:-23.4:-46.8,2025,14,2025-04-06,7,4,14,96,0.9967506498213929,-0.08054900421874167,1,17.77142857142857,20.514285714285712,24.3,15.0,28.9,84.57142857142857,77.25,42.25,28.550000000000004,42.3,53.3,142.1,42.3,142.1,94.07,19.12,104.8,23.179999999999996,37.3,17.77142857142857,20.514285714285712,42.25,15.0,weather_real
open-meteo:era5_seamless:-23.4:-46.8,2025,15,2025-04-13,7,4,15,103,0.9798567700958665,-0.1997015525660636,1,16.37142857142857,19.82857142857143,24.47142857142857,14.2,27.1,80.85714285714286,72.95,37.95,23.95,20.2,62.50000000000001,126.2,20.2,126.2,110.74999999999999,21.740000000000002,97.18,-1.5400000000000027,29.019999999999996,16.37142857142857,19.82857142857143,37.95,15.0,weather_real
open-meteo:era5_seamless:-23.4:-46.8,2025,16,2025-04-20,7,4,16,110,0.9487718864399473,-0.31596187665790293,1,16.985714285714288,19.842857142857145,24.214285714285715,16.4,26.0,86.85714285714286,74.19999999999999,39.199999999999996,25.199999999999996,41.5,61.7,123.5,41.5,123.5,110.71,20.43,94.72,21.07,28.78,16.985714285714288,19.842857142857145,39.199999999999996,15.0,weather_real
open-meteo:era5_seamless:-23.4:-46.8,2025,17,2025-04-27,7,4,17,117,0.9039461929224011,-0.42764620926777464,1,16.085714285714285,19.02857142857143,23.32857142857143,14.2,25.0,86.0,67.95,32.95,18.95,36.4,77.89999999999999,141.9,36.4,141.9,92.92,17.39,86.80000000000001,19.009999999999998,55.099999999999994,16.085714285714285,19.02857142857143,32.95,15.0,weather_real
open-meteo:era5_seamless:-23.4:-46.8,2025,18,2025-05-04,7,5,18,124,0.8460288880917339,-0.533137056031809,1,14.400000000000002,17.67142857142857,22.314285714285717,13.0,23.7,83.14285714285714,58.50000000000001,23.5,9.5,8.5,44.900000000000006,111.3,8.5,111.3,104.7,19.04,82.81,-10.54,28.489999999999995,14.400000000000002,17.67142857142857,23.5,15.0,weather_real
open-meteo:era5_seamless:-23.4:-46.8,2025,19,2025-05-11,7,5,19,131,0.7758587728069828,-0.6309066211876704,1,14.842857142857143,19.300000000000004,24.114285714285717,13.2,26.7,75.57142857142857,66.35,31.349999999999994,18.049999999999997,9.9,18.400000000000002,99.7,9.9,99.7,100.63,21.18,84.54999999999998,-11.28,15.15000000000002,14.842857142857143,19.300000000000004,31.349999999999994,15.0,weather_real
open-meteo:era5_seamless:-23.4:-46.8,2025,20,2025-05-18,7,5,20,138,0.6944521021088763,-0.719538934232584,1,13.5,17.3,22.128571428571433,12.2,24.8,79.57142857142857,54.699999999999996,19.700000000000003,6.200000000000003,0.2,10.1,72.60000000000001,0.2,72.60000000000001,99.49,18.740000000000002,81.51000000000002,-18.540000000000003,-8.91000000000001,13.5,17.3,19.700000000000003,15.0,weather_real
open-meteo:era5_seamless:-23.4:-46.8,2025,21,2025-05-25,7,5,21,145,0.6029878670694714,-0.7977503570459932,1,14.385714285714286,18.32857142857143,23.085714285714285,12.3,25.0,79.14285714285714,61.14999999999999,26.149999999999995,12.149999999999995,15.700000000000003,15.900000000000002,35.599999999999994,15.700000000000003,35.599999999999994,92.08999999999999,17.72,82.08000000000001,-2.019999999999996,-46.48000000000002,14.385714285714286,18.32857142857143,26.149999999999995,15.0,weather_real
open-meteo:era5_seamless:-23.4:-46.8,2025,22,2025-06-01,7,6,22,152,0.5027907197793043,-0.8644081744776648,1,11.742857142857144,16.32857142857143,21.75714285714286,8.6,24.8,72.42857142857143,47.24999999999999,14.95,7.099999999999998,2.2,17.900000000000002,28.0,2.2,28.0,97.33,19.92,83.55999999999999,-17.720000000000002,-55.55999999999999,11.742857142857144,16.32857142857143,14.95,15.0,weather_real
open-meteo:era5_seamless:-23.4:-46.8,2025,23,2025-06-08,7,6,23,159,0.3953117887649151,-0.9185469991587165,1,14.085714285714285,17.571428571428573,22.485714285714288,13.0,24.6,85.42857142857143,58.0,22.999999999999996,9.099999999999998,19.7,21.9,47.7,19.7,47.7,70.88,13.969999999999999,74.48,5.73,-26.78,14.085714285714285,17.571428571428573,22.999999999999996,15.0,weather_real
open-meteo:era5_seamless:-23.4:-46.8,2025,24,2025-06-15,7,6,24,166,0.2821076626819194,-0.9593827529490743,1,10.485714285714286,13.728571428571428,17.928571428571427,8.1,21.4,80.14285714285714,29.449999999999996,1.9499999999999993,0.0,8.7,28.400000000000002,46.3,8.7,46.3,78.63,14.260000000000002,72.3,-5.560000000000002,-26.0,10.485714285714286,13.728571428571428,1.9499999999999993,15.0,weather_real
open-meteo:era5_seamless:-23.4:-46.8,2025,25,2025-06-22,7,6,25,173,0.16481784665719793,-0.9863240225317866,1,11.757142857142856,17.02857142857143,22.77142857142857,9.6,23.7,69.71428571428571,50.85,15.849999999999998,3.6499999999999986,0.0,8.7,31.4,0.0,31.4,92.82000000000001,19.14,72.08,-19.14,-40.68,11.757142857142856,17.02857142857143,15.849999999999998,15.0,weather_real
open-meteo:era5_seamless:-23.4:-46.8,2025,26,2025-06-29,7,6,26,180,0.04514101777397193,-0.9989806246941579,1,11.642857142857142,16.24285714285714,22.057142857142853,3.4,24.5,73.57142857142857,47.949999999999996,20.15,10.849999999999998,23.4,23.4,51.8,23.4,51.8,91.09,19.009999999999998,71.26,4.390000000000001,-19.460000000000008,11.642857142857142,16.24285714285714,20.15,15.0,weather_real
open-meteo:era5_seamless:-23.4:-46.8,2025,27,2025-07-06,7,7,27,187,-0.07518957641475855,-0.9971692572470178,1,10.8,13.057142857142859,16.314285714285713,9.2,19.8,87.57142857142857,24.9,1.8000000000000007,0.0,6.3,29.699999999999996,47.5,6.3,47.5,54.32,9.870000000000001,66.15,-3.570000000000001,-18.650000000000006,10.8,13.057142857142859,1.8000000000000007,15.0,weather_real
open-meteo:era5_seamless:-23.4:-46.8,2025,28,2025-07-13,7,7,28,194,-0.19443122004766195,-0.9809161537413774,1,10.87142857142857,14.585714285714285,19.885714285714283,8.7,21.0,79.42857142857143,37.650000000000006,5.150000000000002,0.10000000000000142,0.0,6.300000000000001,29.799999999999997,0.0,29.799999999999997,97.22,17.19,70.82,-17.19,-41.019999999999996,10.87142857142857,14.585714285714285,5.150000000000002,15.0,weather_real
open-meteo:era5_seamless:-23.4:-46.8,2025,29,2025-07-20,7,7,29,201,-0.3108569682435036,-0.9504567035349151,1,8.942857142857141,14.628571428571428,21.285714285714285,6.6,22.9,70.42857142857143,35.8,2.9499999999999993,0.0,0.0,0.0,29.700000000000003,0.0,29.700000000000003,110.30000000000001,20.520000000000003,71.07000000000001,-20.520000000000003,-41.370000000000005,8.942857142857141,14.628571428571428,2.9499999999999993,15.0,weather_real
open-meteo:era5_seamless:-23.4:-46.8,2025,30,2025-07-27,7,7,30,208,-0.4227806579826773,-0.9062320427107697,1,11.157142857142857,16.400000000000002,22.75714285714286,9.4,26.2,76.14285714285714,48.699999999999996,13.699999999999996,3.6499999999999986,0.6,0.6,6.9,0.6,6.9,105.52,20.349999999999998,73.86,-19.749999999999996,-66.96,11.157142857142857,16.400000000000002,13.699999999999996,15.0,weather_real
open-meteo:era5_seamless:-23.4:-46.8,2025,31,2025-08-03,7,8,31,215,-0.5285813283559292,-0.8488826652214553,1,8.77142857142857,14.8,21.371428571428574,4.9,25.2,65.71428571428571,35.5,8.750000000000004,2.450000000000003,1.9,2.5,2.5,1.9,2.5,119.68,23.54,86.31,-21.64,-83.81,8.77142857142857,14.8,8.750000000000004,15.0,weather_real
open-meteo:era5_seamless:-23.4:-46.8,2025,32,2025-08-10,7,8,32,222,-0.6267266965083301,-0.7792391467859886,1,10.585714285714287,14.885714285714286,20.114285714285717,6.2,24.3,76.71428571428571,37.45,8.0,1.25,5.4,7.300000000000001,7.9,5.4,7.9,84.78999999999999,16.810000000000002,86.51999999999998,-11.410000000000002,-78.61999999999998,10.585714285714287,14.885714285714286,8.0,15.0,weather_real
open-meteo:era5_seamless:-23.4:-46.8,2025,33,2025-08-17,7,8,33,229,-0.7157953492826642,-0.6983101158835584,1,9.728571428571428,14.299999999999999,20.771428571428572,7.4,23.8,75.14285714285714,36.75,6.9,1.9499999999999993,0.2,5.6000000000000005,8.1,0.2,8.1,125.68,22.15,88.32000000000001,-21.95,-80.22000000000001,9.728571428571428,14.299999999999999,6.9,15.0,weather_real
open-meteo:era5_seamless:-23.4:-46.8,2025,34,2025-08-24,7,8,34,236,-0.7944973291665992,-0.6072676460566135,1,15.257142857142856,20.428571428571427,27.1,12.2,30.3,60.57142857142857,78.25,43.25,29.250000000000004,0.0,0.2,7.5,0.0,7.5,127.75000000000001,30.45,99.91000000000001,-30.45,-92.41000000000001,15.257142857142856,20.428571428571427,43.25,15.0,weather_real
open-meteo:era5_seamless:-23.4:-46.8,2025,35,2025-08-31,7,8,35,243,-0.8616928164028522,-0.5074302810827518,1,14.128571428571428,17.728571428571428,24.25714285714286,12.9,28.3,79.85714285714286,64.35,29.35,15.350000000000001,15.600000000000001,15.600000000000001,21.200000000000003,15.600000000000001,21.200000000000003,113.7,22.26,99.21000000000001,-6.66,-78.01,14.128571428571428,17.728571428571428,29.35,15.0,weather_real
open-meteo:era5_seamless:-23.4:-46.8,2025,36,2025-09-07,7,9,36,250,-0.9164086366943458,-0.4002439388573056,1,14.557142857142855,18.857142857142858,24.528571428571432,14.1,28.3,69.14285714285714,66.8,31.8,17.8,3.0,18.6,20.7,3.0,20.7,119.26,25.27,104.10999999999999,-22.27,-83.40999999999998,14.557142857142855,18.857142857142858,31.8,15.0,weather_real
open-meteo:era5_seamless:-23.4:-46.8,2025,37,2025-09-14,7,9,37,257,-0.9578523554276669,-0.28726097055059635,1,13.185714285714287,18.685714285714287,26.214285714285715,11.1,29.8,67.28571428571429,67.9,32.900000000000006,18.900000000000002,0.1,3.1,18.900000000000006,0.1,18.900000000000006,148.17000000000002,31.540000000000003,115.93,-31.44,-97.03,13.185714285714287,18.685714285714287,32.900000000000006,15.0,weather_real
open-meteo:era5_seamless:-23.4:-46.8,2025,38,2025-09-21,7,9,38,264,-0.9854237542919524,-0.17011767832049052,1,15.42857142857143,20.814285714285713,27.785714285714285,13.5,32.0,66.71428571428571,81.25,46.25000000000001,32.25,2.5,2.6,21.200000000000006,2.5,21.200000000000006,145.34,32.769999999999996,121.27,-30.269999999999996,-100.07,15.42857142857143,20.814285714285713,46.25000000000001,15.0,weather_real
open-meteo:era5_seamless:-23.4:-46.8,2025,39,2025-09-28,7,9,39,271,-0.9987235240803972,-0.050510617185222886,1,12.857142857142858,16.92857142857143,22.17142857142857,10.0,28.7,74.0,52.6,18.949999999999996,9.999999999999996,16.4,18.9,23.499999999999996,16.4,23.499999999999996,116.73999999999998,24.68,120.91,-8.280000000000001,-97.41,12.857142857142858,16.92857142857143,18.949999999999996,15.0,weather_real
open-meteo:era5_seamless:-23.4:-46.8,2025,40,2025-10-05,7,10,40,278,-0.9975590477788613,0.06982797572987089,0,16.057142857142857,21.571428571428573,28.52857142857143,14.1,31.2,68.28571428571429,86.05000000000001,51.05,37.05,5.8999999999999995,22.3,27.5,5.8999999999999995,27.5,148.09,32.81999999999999,125.90000000000002,-26.919999999999995,-98.40000000000002,16.057142857142857,21.571428571428573,51.05,15.0,weather_real
open-meteo:era5_seamless:-23.4:-46.8,2025,41,2025-10-12,7,10,41,285,-0.981947190186646,0.18915526872004093,0,15.200000000000001,19.228571428571428,24.0,12.6,32.4,77.0,67.19999999999999,32.199999999999996,20.399999999999995,32.8,38.7,57.6,32.8,57.6,107.47,24.009999999999998,123.08000000000001,8.79,-65.48000000000002,15.200000000000001,19.228571428571428,32.199999999999996,15.0,weather_real
open-meteo:era5_seamless:-23.4:-46.8,2025,42,2025-10-19,7,10,42,292,-0.9521140536681102,0.3057430764672831,0,15.214285714285717,19.771428571428572,25.27142857142857,11.4,31.2,78.0,71.7,38.0,26.0,12.400000000000002,45.199999999999996,67.6,12.400000000000002,67.6,134.72,27.500000000000004,121.33999999999999,-15.100000000000001,-53.739999999999995,15.214285714285717,19.771428571428572,38.0,15.0,weather_real
open-meteo:era5_seamless:-23.4:-46.8,2025,43,2025-10-26,7,10,43,299,-0.9084917035725082,0.41790288888678667,0,12.0,17.47142857142857,24.128571428571426,9.8,31.2,65.14285714285714,56.449999999999996,22.65,13.549999999999997,0.0,12.4,51.099999999999994,0.0,51.099999999999994,187.39,36.28,130.43,-36.28,-79.33000000000001,12.0,17.47142857142857,22.65,15.0,weather_real
open-meteo:era5_seamless:-23.4:-46.8,2025,44,2025-11-02,7,11,44,306,-0.8517119107469189,0.5240103253675756,0,15.971428571428572,19.428571428571427,24.32857142857143,14.0,27.4,84.71428571428571,71.05,36.05,22.05,64.3,64.3,110.29999999999998,64.3,110.29999999999998,105.99,20.849999999999998,117.18,43.45,-6.880000000000024,15.971428571428572,19.428571428571427,36.05,15.0,weather_real
open-meteo:era5_seamless:-23.4:-46.8,2025,45,2025-11-09,7,11,45,313,-0.7825970017677834,0.6225286602431057,0,15.414285714285715,19.814285714285713,24.442857142857143,13.0,27.5,81.42857142857143,69.5,34.49999999999999,21.149999999999995,14.0,78.3,92.9,14.0,92.9,128.69,25.069999999999997,117.51,-11.069999999999997,-24.61,15.414285714285715,19.814285714285713,34.49999999999999,15.0,weather_real
open-meteo:era5_seamless:-23.4:-46.8,2025,46,2025-11-16,7,11,46,320,-0.7021479494046978,0.7120310787787131,0,14.785714285714286,19.042857142857144,24.442857142857147,10.9,28.5,77.42857142857143,67.30000000000001,32.300000000000004,18.750000000000004,11.5,25.5,97.5,11.5,97.5,146.5,28.35,115.56,-16.85,-18.060000000000002,14.785714285714286,19.042857142857144,32.300000000000004,15.0,weather_real
open-meteo:era5_seamless:-23.4:-46.8,2025,47,2025-11-23,7,11,47,327,-0.6115298757991053,0.7912213413483807,0,15.87142857142857,20.142857142857142,25.428571428571434,13.0,28.6,76.0,74.55,39.55,25.55,26.099999999999998,37.6,115.89999999999999,26.099999999999998,115.89999999999999,154.26,30.55,116.71000000000001,-4.450000000000003,-0.8100000000000165,15.87142857142857,20.142857142857142,39.55,15.0,weather_real
open-meteo:era5_seamless:-23.4:-46.8,2025,48,2025-11-30,7,11,48,334,-0.5120551783114646,0.8589525565270845,0,14.414285714285715,19.87142857142857,26.27142857142857,11.8,31.5,73.85714285714286,72.4,37.400000000000006,23.400000000000006,10.0,36.1,79.3,10.0,79.3,187.86,36.7,126.79,-26.700000000000003,-47.49000000000001,14.414285714285715,19.87142857142857,37.400000000000006,15.0,weather_real
open-meteo:era5_seamless:-23.4:-46.8,2025,49,2025-12-07,7,12,49,341,-0.4051645224207563,0.9142437912130223,0,17.428571428571427,22.014285714285712,28.414285714285715,14.8,32.2,76.85714285714286,90.45,55.45,41.45,19.8,29.8,74.30000000000001,19.8,74.30000000000001,165.03,33.93,134.95,-14.129999999999999,-60.64999999999998,17.428571428571427,22.014285714285712,55.45,15.0,weather_real
open-meteo:era5_seamless:-23.4:-46.8,2025,50,2025-12-14,7,12,50,348,-0.29240597695107734,0.9562942772197719,0,18.800000000000004,21.642857142857142,25.342857142857145,15.7,28.9,79.85714285714286,84.49999999999999,49.5,35.5,72.1,91.9,134.29999999999998,72.1,134.29999999999998,124.75,26.079999999999995,133.21999999999997,46.019999999999996,1.0800000000000125,18.800000000000004,21.642857142857142,49.5,15.0,weather_real
open-meteo:era5_seamless:-23.4:-46.8,2025,51,2025-12-21,7,12,51,355,-0.17541259380427843,0.9844950085880858,0,17.28571428571429,20.8,25.271428571428572,15.0,28.9,80.85714285714286,78.95,43.95,29.95,31.899999999999995,104.0,138.9,31.899999999999995,138.9,137.45,27.53,132.75,4.369999999999994,6.150000000000006,17.28571428571429,20.8,43.95,15.0,weather_real
open-meteo:era5_seamless:-23.4:-46.8,2025,52,2025-12-28,7,12,52,362,-0.05587875690537313,0.9984375616565666,0,20.114285714285717,25.442857142857143,30.628571428571426,19.1,32.7,67.57142857142857,107.6,72.6,58.6,5.6,37.49999999999999,129.4,5.6,129.4,182.22,39.45,139.82999999999998,-33.85,-10.429999999999978,20.114285714285717,25.442857142857143,72.6,15.0,weather_real
open-meteo:era5_seamless:-23.4:-46.8,2026,1,2026-01-04,7,1,1,4,0.06875540848113941,0.9976335468520451,0,20.3,23.714285714285715,28.65714285714285,18.0,31.7,79.28571428571429,101.35,66.35,52.35,28.9,34.5,141.2,28.9,141.2,150.92000000000002,31.08,134.52,-2.1799999999999997,6.679999999999978,20.3,23.714285714285715,66.35,15.0,weather_real
open-meteo:era5_seamless:-23.4:-46.8,2026,2,2026-01-11,7,1,2,11,0.18809941761179758,0.9821499931752291,0,17.8,22.714285714285715,28.22857142857143,15.6,31.5,72.85714285714286,91.1,56.10000000000001,42.1,18.1,47.00000000000001,105.3,18.1,105.3,172.95,36.0,138.29999999999998,-17.9,-32.999999999999986,17.8,22.714285714285715,56.10000000000001,15.0,weather_real
open-meteo:era5_seamless:-23.4:-46.8,2026,3,2026-01-18,7,1,3,18,0.3047192331091634,0.9524422234305676,0,18.957142857142856,22.37142857142857,26.900000000000002,18.2,30.6,79.85714285714286,90.5,55.5,41.50000000000001,35.6,53.70000000000001,88.89999999999999,35.6,88.89999999999999,132.91000000000003,27.320000000000004,144.04999999999995,8.279999999999998,-55.14999999999996,18.957142857142856,22.37142857142857,55.5,15.0,weather_real
open-meteo:era5_seamless:-23.4:-46.8,2026,4,2026-01-25,7,1,4,25,0.4169258813287287,0.908940487313808,0,16.014285714285712,18.785714285714285,22.642857142857142,14.6,25.1,84.0,65.3,30.3,16.3,38.9,74.50000000000001,126.30000000000003,38.9,126.30000000000003,113.37,21.629999999999995,127.79,17.270000000000003,-1.4899999999999807,16.014285714285712,18.785714285714285,30.3,15.0,weather_real
open-meteo:era5_seamless:-23.4:-46.8,2026,5,2026-02-01,7,2,5,32,0.5230943033491326,0.8522748088519838,0,18.07142857142857,21.62857142857143,26.271428571428572,17.2,27.7,85.0,85.19999999999999,50.2,36.2,60.4,99.30000000000001,156.50000000000003,60.4,156.50000000000003,143.8,27.25,120.67,33.15,35.83000000000003,18.07142857142857,21.62857142857143,50.2,15.0,weather_real
open-meteo:era5_seamless:-23.4:-46.8,2026,6,2026-02-08,7,2,6,39,0.6216868902665479,0.7832658619336791,0,19.357142857142858,21.471428571428568,25.342857142857145,18.7,26.7,89.14285714285714,86.44999999999999,51.449999999999996,37.449999999999996,96.4,156.8,231.30000000000004,96.4,231.30000000000004,101.26999999999998,19.72,108.51999999999998,76.68,122.78000000000006,19.357142857142858,21.471428571428568,51.449999999999996,15.0,weather_real
open-meteo:era5_seamless:-23.4:-46.8,2026,7,2026-02-15,7,2,7,46,0.7112757519738152,0.7029130847082615,0,18.814285714285713,22.02857142857143,26.342857142857145,18.0,29.2,82.14285714285714,88.05,53.05,39.05,34.3,130.70000000000002,240.8,34.3,240.8,126.29999999999998,25.759999999999998,100.94,8.54,139.86,18.814285714285713,22.02857142857143,53.05,15.0,weather_real
open-meteo:era5_seamless:-23.4:-46.8,2026,8,2026-02-22,7,2,8,53,0.7905633969115482,0.612380204990065,0,19.17142857142857,22.95714285714286,27.25714285714286,18.1,30.1,81.85714285714286,92.5,57.49999999999999,43.49999999999999,16.200000000000003,50.49999999999999,214.60000000000002,16.200000000000003,214.60000000000002,147.47,29.559999999999995,109.81,-13.359999999999992,104.79000000000002,19.17142857142857,22.95714285714286,57.49999999999999,15.0,weather_real
open-meteo:era5_seamless:-23.4:-46.8,2026,9,2026-03-01,7,3,9,60,0.8584015232918917,0.512978386299228,0,17.8,20.47142857142857,24.38571428571429,14.8,27.0,85.28571428571429,77.64999999999999,42.650000000000006,28.650000000000006,53.400000000000006,69.6,209.3,53.400000000000006,209.3,117.32999999999998,22.349999999999998,105.04999999999998,31.050000000000008,104.25000000000003,17.8,20.47142857142857,42.650000000000006,15.0,weather_real
open-meteo:era5_seamless:-23.4:-46.8,2026,10,2026-03-08,7,3,10,67,0.9138076496466615,0.4061472386305789,0,16.557142857142857,20.5,25.999999999999996,13.4,27.3,83.28571428571429,78.95,43.95,29.95,37.8,91.2,182.2,37.8,182.2,150.53000000000003,28.69,111.85000000000001,9.109999999999996,70.34999999999998,16.557142857142857,20.5,43.95,15.0,weather_real
open-meteo:era5_seamless:-23.4:-46.8,2026,11,2026-03-15,7,3,11,74,0.9559793438440766,0.2934339689665273,0,17.385714285714286,20.085714285714285,23.228571428571428,14.4,26.5,88.85714285714286,72.14999999999999,37.14999999999999,23.149999999999988,66.9,104.7,175.1,66.9,175.1,76.78999999999999,15.410000000000002,106.23999999999997,51.49,68.86000000000003,17.385714285714286,20.085714285714285,37.14999999999999,15.0,weather_real
open-meteo:era5_seamless:-23.4:-46.8,2026,12,2026-03-22,7,3,12,81,0.984305844499033,0.17647097349152166,0,17.357142857142858,21.95714285714286,27.1,16.2,29.3,81.71428571428571,85.6,50.599999999999994,36.599999999999994,23.299999999999997,90.20000000000002,187.8,23.299999999999997,187.8,143.09,28.47,101.43,-5.170000000000002,86.37,17.357142857142858,21.95714285714286,50.599999999999994,15.0,weather_real
open-meteo:era5_seamless:-23.4:-46.8,2026,13,2026-03-29,7,3,13,88,0.998376906467142,0.056952196034039754,0,17.185714285714287,21.885714285714283,27.35714285714286,14.7,27.9,80.0,85.9,50.9,36.9,3.4000000000000004,26.699999999999996,131.39999999999998,3.4000000000000004,131.39999999999998,156.14,30.790000000000006,110.47,-27.390000000000008,20.92999999999998,17.185714285714287,21.885714285714283,50.9,15.0,weather_real
open-meteo:era5_seamless:-23.4:-46.8,2026,14,2026-04-05,7,4,14,95,0.9979887423155984,-0.06339140486951038,1,17.457142857142856,21.199999999999996,25.97142857142857,15.3,27.6,81.57142857142857,82.0,47.0,33.0,27.1,30.500000000000004,138.9,27.1,138.9,126.18000000000002,24.62,106.77000000000001,2.4800000000000004,32.129999999999995,17.457142857142856,21.199999999999996,47.0,15.0,weather_real
open-meteo:era5_seamless:-23.4:-46.8,2026,15,2026-04-12,7,4,15,102,0.9831469737221499,-0.1828169249850199,1,17.157142857142855,20.142857142857142,24.08571428571429,14.1,26.3,82.71428571428571,74.35,39.35,25.35,8.1,35.2,62.300000000000004,8.1,62.300000000000004,108.30999999999999,21.22,113.82999999999998,-13.12,-51.52999999999998,17.157142857142855,20.142857142857142,39.35,15.0,weather_real
open-meteo:era5_seamless:-23.4:-46.8,2026,16,2026-04-19,7,4,16,109,0.9540665500578387,-0.2995947563972602,1,15.514285714285714,20.02857142857143,25.62857142857143,14.2,27.3,76.0,74.0,38.99999999999999,24.999999999999996,5.1000000000000005,13.2,43.7,5.1000000000000005,43.7,136.68,26.68,112.22,-21.58,-68.52,15.514285714285714,20.02857142857143,38.99999999999999,15.0,weather_real
open-meteo:era5_seamless:-23.4:-46.8,2026,17,2026-04-26,7,4,17,116,0.9111686353326631,-0.41203363695942635,1,15.042857142857144,19.9,25.814285714285717,13.8,28.5,74.42857142857143,73.0,38.00000000000001,24.000000000000007,0.0,5.1000000000000005,40.3,0.0,40.3,133.66,27.03,108.93,-27.03,-68.63000000000001,15.042857142857144,19.9,38.00000000000001,15.0,weather_real
open-meteo:era5_seamless:-23.4:-46.8,2026,18,2026-05-03,7,5,18,123,0.8550745085896932,-0.518505144391157,1,17.7,20.757142857142856,25.414285714285715,15.1,27.9,82.57142857142857,80.89999999999999,45.9,31.9,30.400000000000002,30.400000000000002,45.199999999999996,30.400000000000002,45.199999999999996,89.35000000000001,18.77,100.66,11.630000000000003,-55.46,17.7,20.757142857142856,45.9,15.0,weather_real
open-meteo:era5_seamless:-23.4:-46.8,2026,19,2026-05-10,7,5,19,130,0.7865965660866021,-0.6174672802835514,1,16.314285714285713,20.442857142857143,25.37142857142857,13.0,27.4,72.28571428571429,75.9,40.900000000000006,27.900000000000006,10.8,41.2,46.30000000000001,10.8,46.30000000000001,94.35,22.24,102.41999999999999,-11.439999999999998,-56.119999999999976,16.314285714285713,20.442857142857143,40.900000000000006,15.0,weather_real
open-meteo:era5_seamless:-23.4:-46.8,2026,20,2026-05-17,7,5,20,137,0.7067265555776158,-0.7074868024503348,1,11.271428571428572,16.17142857142857,22.285714285714285,7.8,25.2,79.85714285714286,47.45,13.850000000000001,5.550000000000001,21.6,32.4,67.5,21.6,67.5,99.53999999999999,17.81,93.49000000000001,3.7900000000000027,-25.99000000000001,11.271428571428572,16.17142857142857,13.850000000000001,15.0,weather_real
open-meteo:era5_seamless:-23.4:-46.8,2026,21,2026-05-24,7,5,21,144,0.6166212130956382,-0.7872599821916922,1,14.557142857142855,16.37142857142857,19.1,13.2,22.4,90.42857142857143,47.8,13.05,2.8999999999999986,41.0,62.60000000000001,103.8,41.0,103.8,47.48,9.17,76.57000000000001,31.83,27.22999999999999,14.557142857142855,16.37142857142857,13.05,15.0,weather_real
open-meteo:era5_seamless:-23.4:-46.8,2026,22,2026-05-31,7,5,22,151,0.5175855102531889,-0.8556314858488706,1,14.114285714285716,16.95714285714286,21.085714285714285,11.8,24.4,85.42857142857143,53.2,18.199999999999996,6.849999999999998,3.2,44.2,78.69999999999999,3.2,78.69999999999999,77.52,14.059999999999999,68.49,-10.86,10.209999999999994,14.114285714285716,16.95714285714286,18.199999999999996,15.0,weather_real
open-meteo:era5_seamless:-23.4:-46.8,2026,23,2026-06-07,7,6,23,158,0.4110537546870351,-0.9116111071930239,1,11.828571428571427,15.0,19.757142857142856,9.7,20.6,82.71428571428571,40.55,5.549999999999997,0.0,0.0,3.2,75.80000000000001,0.0,75.80000000000001,92.24,15.8,61.11000000000001,-15.8,14.690000000000005,11.828571428571427,15.0,5.549999999999997,15.0,weather_real
open-meteo:era5_seamless:-23.4:-46.8,2026,24,2026-06-14,7,6,24,165,0.2985688173637202,-0.9543881083175908,1,12.228571428571428,16.385714285714283,20.785714285714285,7.5,22.8,81.0,45.550000000000004,11.200000000000003,1.75,21.699999999999996,21.699999999999996,80.9,21.699999999999996,80.9,74.64999999999999,14.129999999999999,57.51,7.569999999999997,23.390000000000008,12.228571428571428,16.385714285714283,11.200000000000003,15.0,weather_real
open-meteo:era5_seamless:-23.4:-46.8,2026,25,2026-06-21,7,6,25,172,0.18175978759137534,-0.9833429613388902,1,11.314285714285715,14.757142857142856,19.02857142857143,8.7,22.1,82.57142857142857,36.199999999999996,3.849999999999998,0.0,8.9,30.599999999999998,59.79999999999999,8.9,59.79999999999999,77.22999999999999,13.809999999999999,60.800000000000004,-4.909999999999998,-1.0000000000000142,11.314285714285715,14.757142857142856,3.849999999999998,15.0,weather_real
open-meteo:era5_seamless:-23.4:-46.8,2026,26,2026-06-28,7,6,26,179,0.062318379354325076,-0.998056320853012,1,11.514285714285716,15.442857142857141,19.74285714285714,8.2,23.9,85.0,39.400000000000006,9.15,2.0,55.800000000000004,64.69999999999999,86.89999999999999,55.800000000000004,86.89999999999999,61.3,12.58,59.459999999999994,43.220000000000006,27.439999999999998,11.514285714285716,15.442857142857141,9.15,15.0,weather_real
open-meteo:era5_seamless:-23.4:-46.8,2026,27,2026-07-05,7,7,27,186,-0.05802556932878035,-0.9983150972033183,1,12.62857142857143,17.014285714285716,22.428571428571427,10.9,24.3,79.0,52.7,17.700000000000003,6.450000000000003,0.2,56.0,86.6,0.2,86.6,92.89,17.74,63.38000000000001,-17.54,23.219999999999985,12.62857142857143,17.014285714285716,17.700000000000003,15.0,weather_real
open-meteo:era5_seamless:-23.4:-46.8,2026,28,2026-07-12,7,7,28,193,-0.17752914918703497,-0.984115542601034,1,10.557142857142859,15.64285714285714,21.357142857142858,8.5,24.5,77.57142857142857,41.7,6.799999999999999,0.05000000000000071,3.3,3.5,73.2,3.3,73.2,93.95,17.64,63.739999999999995,-14.34,9.460000000000008,10.557142857142859,15.64285714285714,6.799999999999999,15.0,weather_real
open-meteo:era5_seamless:-23.4:-46.8,2026,29,2026-07-19,7,7,29,200,-0.2944616217868012,-0.9556633054034704,1,9.299999999999999,14.142857142857142,20.042857142857144,6.3,22.8,69.14285714285714,32.7,4.850000000000001,0.5500000000000007,0.3,3.6,62.099999999999994,0.3,62.099999999999994,102.17,20.32,72.91000000000001,-20.02,-10.810000000000016,9.299999999999999,14.142857142857142,4.850000000000001,15.0,weather_real
open-meteo:era5_seamless:-23.4:-46.8,2026,30,2026-07-26,7,7,30,207,-0.4071294853542516,-0.9133704517637858,1,13.614285714285714,17.3,22.271428571428572,12.5,25.7,72.71428571428571,55.60000000000001,20.850000000000005,8.850000000000005,15.899999999999999,16.2,19.7,15.899999999999999,19.7,90.55,19.349999999999998,80.27000000000001,-3.4499999999999993,-60.57000000000001,13.614285714285714,17.3,20.850000000000005,15.0,weather_real
open-meteo:era5_seamless:-23.4:-46.8,2026,31,2026-08-02,7,8,31,214,-0.5139010013093103,-0.8578494977869301,1,11.92857142857143,17.657142857142855,24.442857142857143,10.7,27.5,72.85714285714286,57.3,22.299999999999997,8.599999999999994,0.8,16.7,20.3,0.8,20.3,116.58000000000001,22.94,83.55,-22.14,-63.25,11.92857142857143,17.657142857142855,22.299999999999997,15.0,weather_real
open-meteo:era5_seamless:-23.4:-46.8,2026,32,2026-08-09,7,8,32,221,-0.6132298262997502,-0.7899045386224707,1,14.357142857142858,19.428571428571434,24.77142857142857,11.5,26.1,69.28571428571429,66.94999999999999,31.949999999999996,17.949999999999996,5.7,6.5,24.499999999999996,5.7,24.499999999999996,93.44,22.119999999999997,90.27000000000002,-16.419999999999998,-65.77000000000002,14.357142857142858,19.428571428571434,31.949999999999996,15.0,weather_real
open-meteo:era5_seamless:-23.4:-46.8,2026,33,2026-08-16,7,8,33,228,-0.7036774074790128,-0.7105196029692745,1,14.628571428571428,18.24285714285714,23.214285714285715,12.6,28.2,81.57142857142857,62.45,27.600000000000005,17.400000000000006,6.6,12.299999999999999,29.0,6.6,29.0,86.14,17.880000000000003,89.97000000000003,-11.280000000000003,-60.97000000000003,14.628571428571428,18.24285714285714,27.600000000000005,15.0,weather_real
open-meteo:era5_seamless:-23.4:-46.8,2026,34,2026-08-23,7,8,34,235,-0.7839338166829201,-0.620844401650647,1,13.957142857142857,20.02857142857143,26.442857142857143,11.8,29.3,64.57142857142857,71.4,36.4,22.549999999999997,0.3,6.8999999999999995,13.399999999999999,0.3,13.399999999999999,134.24,28.5,96.06,-28.2,-82.66,13.957142857142857,20.02857142857143,36.4,15.0,weather_real
open-meteo:era5_seamless:-23.4:-46.8,2026,35,2026-08-30,7,8,35,242,-0.8528367217694595,-0.522177676659508,1,15.742857142857142,20.085714285714285,25.97142857142857,12.8,30.6,72.57142857142857,76.0,41.00000000000001,27.000000000000007,2.8,3.1,15.399999999999997,2.8,15.399999999999997,107.16,23.970000000000002,99.39000000000001,-21.17,-83.99000000000002,15.742857142857142,20.085714285714285,41.00000000000001,15.0,weather_real
open-meteo:era5_seamless:-23.4:-46.8,2026,36,2026-09-01,2,9,36,244,-0.8702939222685674,-0.49253272872205434,1,16.950000000000003,21.200000000000003,26.299999999999997,15.8,29.4,82.0,23.25,13.25,9.25,33.4,33.9,46.2,33.4,46.2,102.42,23.44,96.77,9.959999999999997,-50.56999999999999,16.84285714285714,21.514285714285716,13.25,15.0,weather_real
open-meteo:era5_seamless:-23.5:-46.8,2022,52,2023-01-01,1,1,52,1,0.017201575418260506,0.9998520419557735,0,16.9,20.2,24.4,16.9,24.4,87.0,10.649999999999999,5.649999999999999,3.6499999999999986,8.2,8.2,8.2,8.2,8.2,22.54,4.13,4.13,4.069999999999999,4.069999999999999,16.9,20.2,5.649999999999999,15.0,weather_real
open-meteo:era5_seamless:-23.5:-46.8,2023,1,2023-01-08,7,1,1,8,0.13718540405660057,0.9905453876091833,0,15.12857142857143,17.814285714285717,21.142857142857142,13.4,25.8,86.14285714285714,56.949999999999996,21.95,10.649999999999999,74.9,83.1,83.1,74.9,83.1,96.89999999999999,18.299999999999997,22.43,56.60000000000001,60.669999999999995,15.12857142857143,17.814285714285717,21.95,15.0,weather_real
open-meteo:era5_seamless:-23.5:-46.8,2023,2,2023-01-15,7,1,2,15,0.2551824131233728,0.9668929289391521,0,17.34285714285714,20.157142857142855,23.900000000000002,16.0,27.4,85.57142857142857,74.35000000000001,39.35000000000001,25.350000000000005,37.099999999999994,112.00000000000001,120.2,37.099999999999994,120.2,125.61999999999999,22.99,45.419999999999995,14.109999999999996,74.78,17.34285714285714,20.157142857142855,39.35000000000001,15.0,weather_real
open-meteo:era5_seamless:-23.5:-46.8,2023,3,2023-01-22,7,1,3,22,0.3694836834473831,0.9292372181882051,0,17.285714285714285,20.599999999999998,25.142857142857146,15.5,26.8,85.85714285714286,78.5,43.50000000000001,29.500000000000004,44.800000000000004,81.89999999999999,164.99999999999997,44.800000000000004,164.99999999999997,151.48,28.250000000000004,73.67,16.55,91.32999999999997,17.285714285714285,20.599999999999998,43.50000000000001,15.0,weather_real
open-meteo:era5_seamless:-23.5:-46.8,2023,4,2023-01-29,7,1,4,29,0.4784338202547012,0.8781236129591848,0,16.84285714285714,20.514285714285712,25.37142857142857,14.4,26.1,82.42857142857143,77.75,42.75,28.75,30.1,74.89999999999999,195.09999999999997,30.1,195.09999999999997,164.22,30.75,104.42000000000002,-0.6499999999999986,90.67999999999995,16.84285714285714,20.514285714285712,42.75,15.0,weather_real
open-meteo:era5_seamless:-23.5:-46.8,2023,5,2023-02-05,7,2,5,36,0.580454927809098,0.8142923779467267,0,18.32857142857143,20.742857142857144,24.571428571428566,17.6,25.7,85.14285714285714,80.15,45.150000000000006,31.150000000000006,35.39999999999999,65.5,148.5,35.39999999999999,148.5,105.86999999999999,20.36,106.82000000000002,15.039999999999992,41.67999999999998,18.32857142857143,20.742857142857144,45.150000000000006,15.0,weather_real
open-meteo:era5_seamless:-23.5:-46.8,2023,6,2023-02-12,7,2,6,43,0.6740694616546161,0.7386679638813748,0,17.014285714285712,20.185714285714287,24.528571428571432,15.7,26.1,87.28571428571429,75.4,40.400000000000006,26.400000000000006,88.50000000000001,123.89999999999999,210.00000000000003,88.50000000000001,210.00000000000003,127.57,23.990000000000002,112.06999999999998,64.51000000000002,97.93000000000005,17.014285714285712,20.185714285714287,40.400000000000006,15.0,weather_real
open-meteo:era5_seamless:-23.5:-46.8,2023,7,2023-02-19,7,2,7,50,0.7579216274973472,0.6523456189565257,0,17.52857142857143,20.485714285714288,24.014285714285716,15.1,27.3,85.14285714285714,75.4,40.4,27.400000000000002,93.5,182.0,250.8,93.5,250.8,110.55,21.529999999999998,105.41000000000001,71.97,145.39,17.52857142857143,20.485714285714288,40.4,15.0,weather_real
open-meteo:era5_seamless:-23.5:-46.8,2023,8,2023-02-26,7,2,8,57,0.8307970168121247,0.5565755266413303,0,17.271428571428572,20.885714285714283,25.657142857142855,16.4,26.5,84.28571428571429,80.25,45.25,31.250000000000004,47.0,140.49999999999997,278.7,47.0,278.7,150.99,27.96,101.91000000000003,19.04,176.78999999999996,17.271428571428572,20.885714285714283,45.25,15.0,weather_real
open-meteo:era5_seamless:-23.5:-46.8,2023,9,2023-03-05,7,3,9,64,0.8916401947968874,0.45274469960737107,0,17.7,21.0,25.5,16.9,26.5,84.14285714285714,81.19999999999999,46.19999999999999,32.19999999999999,34.900000000000006,81.9,277.09999999999997,34.900000000000006,277.09999999999997,140.94,26.36,105.86,8.540000000000006,171.23999999999995,17.7,21.0,46.19999999999999,15.0,weather_real
open-meteo:era5_seamless:-23.5:-46.8,2023,10,2023-03-12,7,3,10,71,0.9395699859530622,0.342356891994542,0,17.3,20.45714285714286,24.942857142857143,16.8,26.7,84.42857142857143,77.85,42.849999999999994,28.849999999999998,61.099999999999994,96.00000000000001,262.9,61.099999999999994,262.9,124.96,23.730000000000004,103.79,37.36999999999999,159.10999999999996,17.3,20.45714285714286,42.849999999999994,15.0,weather_real
open-meteo:era5_seamless:-23.5:-46.8,2023,11,2023-03-19,7,3,11,78,0.9738922359149924,0.22701082094141847,0,16.45714285714286,19.75714285714286,24.47142857142857,14.8,25.9,84.85714285714286,73.25,38.25,24.250000000000004,27.1,88.2,250.39999999999998,27.1,250.39999999999998,134.62,25.27,105.77,1.8300000000000018,144.63,16.45714285714286,19.75714285714286,38.25,15.0,weather_real
open-meteo:era5_seamless:-23.5:-46.8,2023,12,2023-03-26,7,3,12,85,0.9941098647022418,0.10837701279187609,0,16.500000000000004,21.257142857142856,26.657142857142855,14.9,28.1,79.42857142857143,81.05000000000001,46.050000000000004,32.050000000000004,4.4,31.500000000000004,131.7,4.4,131.7,158.78000000000003,30.96,115.22,-26.560000000000002,16.47999999999999,16.500000000000004,21.257142857142856,46.050000000000004,15.0,weather_real
open-meteo:era5_seamless:-23.5:-46.8,2023,13,2023-04-02,7,4,13,92,0.9999300657962057,-0.011826390691832589,1,16.414285714285715,19.8,24.099999999999998,14.9,26.5,84.42857142857143,71.80000000000001,36.80000000000001,22.800000000000004,25.4,29.799999999999997,125.4,25.4,125.4,113.83,21.770000000000003,109.17,3.6299999999999955,16.230000000000004,16.414285714285715,19.8,36.80000000000001,15.0,weather_real
open-meteo:era5_seamless:-23.5:-46.8,2023,14,2023-04-09,7,4,14,99,0.9912685467787256,-0.13185851571739118,1,14.785714285714288,17.971428571428568,22.128571428571426,13.1,25.3,85.28571428571429,59.2,24.200000000000003,10.200000000000003,17.799999999999997,43.2,108.30000000000001,17.799999999999997,108.30000000000001,106.24,19.700000000000003,101.08999999999999,-1.9000000000000057,7.210000000000022,14.785714285714288,17.971428571428568,24.200000000000003,15.0,weather_real
open-meteo:era5_seamless:-23.5:-46.8,2023,15,2023-04-16,7,4,15,106,0.9682507501166718,-0.2499809690726521,1,14.971428571428573,18.542857142857144,23.21428571428572,11.4,25.6,83.57142857142857,63.650000000000006,28.65,14.649999999999999,11.299999999999999,29.099999999999998,59.5,11.299999999999999,59.5,118.19,21.32,102.07999999999998,-10.020000000000001,-42.579999999999984,14.971428571428573,18.542857142857144,28.65,15.0,weather_real
open-meteo:era5_seamless:-23.5:-46.8,2023,16,2023-04-23,7,4,16,113,0.9312100364121947,-0.3644830148102912,1,12.914285714285715,16.785714285714285,21.32857142857143,7.8,24.7,80.28571428571429,49.85,16.800000000000004,8.050000000000004,45.0,56.3,102.19999999999999,45.0,102.19999999999999,116.89999999999998,21.18,93.15000000000002,23.82,9.049999999999969,12.914285714285715,16.785714285714285,16.800000000000004,15.0,weather_real
open-meteo:era5_seamless:-23.5:-46.8,2023,17,2023-04-30,7,4,17,120,0.8806828564301475,-0.47370635037968,1,13.885714285714286,17.07142857142857,21.699999999999996,10.6,23.1,83.28571428571429,54.55,19.55,5.800000000000001,4.2,49.2,79.30000000000001,4.2,79.30000000000001,94.59999999999998,17.28,85.45000000000002,-13.080000000000002,-6.150000000000006,13.885714285714286,17.07142857142857,19.55,15.0,weather_real
open-meteo:era5_seamless:-23.5:-46.8,2023,18,2023-05-07,7,5,18,127,0.8174009818249189,-0.5760691233798758,1,15.714285714285714,19.085714285714285,23.785714285714285,14.7,24.6,82.57142857142857,68.25,33.25,19.250000000000004,1.6,5.800000000000001,65.6,1.6,65.6,108.88,20.189999999999998,84.07000000000001,-18.589999999999996,-18.470000000000013,15.714285714285714,19.085714285714285,33.25,15.0,weather_real
open-meteo:era5_seamless:-23.5:-46.8,2023,19,2023-05-14,7,5,19,134,0.742280907086982,-0.6700888411055113,1,13.4,16.54285714285714,20.885714285714283,9.8,25.2,80.57142857142857,50.0,16.25,8.25,5.1,6.699999999999999,59.5,5.1,59.5,99.61,17.880000000000003,81.88000000000001,-12.780000000000003,-22.38000000000001,13.4,16.54285714285714,16.25,15.0,weather_real
open-meteo:era5_seamless:-23.5:-46.8,2023,20,2023-05-21,7,5,20,141,0.6564105761979381,-0.7544038410927472,1,8.557142857142859,13.87142857142857,20.3,7.2,22.0,76.57142857142857,30.999999999999993,0.40000000000000036,0.0,0.0,5.1,10.899999999999999,0.0,10.899999999999999,118.61,19.75,81.31,-19.75,-70.41,8.557142857142859,13.87142857142857,0.40000000000000036,15.0,weather_real
open-meteo:era5_seamless:-23.5:-46.8,2023,21,2023-05-28,7,5,21,148,0.5610336262283677,-0.8277930117131022,1,11.942857142857141,16.9,22.585714285714285,10.6,23.8,73.85714285714286,50.85000000000001,15.849999999999998,2.9499999999999993,4.1,4.1,11.3,4.1,11.3,97.92999999999999,19.13,82.08,-15.03,-70.78,11.942857142857141,16.9,15.849999999999998,15.0,weather_real
open-meteo:era5_seamless:-23.5:-46.8,2023,22,2023-06-04,7,6,22,155,0.4575313760742512,-0.8891934772070711,1,11.757142857142856,14.742857142857142,18.785714285714285,7.8,21.4,84.0,36.9,2.650000000000002,0.0,22.5,26.6,31.699999999999996,22.5,31.699999999999996,73.86999999999999,13.259999999999998,75.69999999999999,9.240000000000002,-43.99999999999999,11.757142857142856,14.742857142857142,2.650000000000002,15.0,weather_real
open-meteo:era5_seamless:-23.5:-46.8,2023,23,2023-06-11,7,6,23,162,0.3474028211842774,-0.9377159910299093,1,10.200000000000001,15.299999999999999,21.385714285714283,8.3,23.6,69.71428571428571,40.55,5.6,0.20000000000000284,0.0,22.5,26.6,0.0,26.6,109.66000000000001,20.88,78.04999999999998,-20.88,-51.44999999999998,10.200000000000001,15.299999999999999,5.6,15.0,weather_real
open-meteo:era5_seamless:-23.5:-46.8,2023,24,2023-06-18,7,6,24,169,0.23224292400907015,-0.9726578145718654,1,10.357142857142858,13.228571428571428,16.47142857142857,5.3,24.5,86.57142857142857,24.05,3.0,1.0,34.8,34.8,61.4,34.8,61.4,55.86,9.76,68.68,25.04,-7.280000000000008,10.357142857142858,13.228571428571428,3.0,15.0,weather_real
open-meteo:era5_seamless:-23.5:-46.8,2023,25,2023-06-25,7,6,25,176,0.11371951458594969,-0.9935128947338007,1,9.4,14.5,20.32857142857143,6.9,22.5,72.85714285714286,34.05,3.099999999999998,0.0,0.0,34.800000000000004,61.4,0.0,61.4,102.69,18.599999999999998,67.34,-18.599999999999998,-5.940000000000005,9.4,14.5,3.099999999999998,15.0,weather_real
open-meteo:era5_seamless:-23.5:-46.8,2023,26,2023-07-02,7,7,26,183,-0.00645086419810515,-0.9999791929590823,1,11.1,15.428571428571429,20.542857142857144,9.0,22.6,76.71428571428571,40.74999999999999,6.299999999999997,0.5500000000000007,1.2,1.2,35.99999999999999,1.2,35.99999999999999,97.63,17.880000000000003,72.52999999999999,-16.680000000000003,-36.529999999999994,11.1,15.428571428571429,6.299999999999997,15.0,weather_real
open-meteo:era5_seamless:-23.5:-46.8,2023,27,2023-07-09,7,7,27,190,-0.12652781683868314,-0.9919630595773397,1,8.528571428571428,13.700000000000001,19.785714285714285,6.5,22.9,71.85714285714286,29.1,2.5999999999999996,0.0,12.5,13.7,48.5,12.5,48.5,95.33999999999999,18.369999999999997,71.49000000000001,-5.869999999999997,-22.99000000000001,8.528571428571428,13.700000000000001,2.5999999999999996,15.0,weather_real
open-meteo:era5_seamless:-23.5:-46.8,2023,28,2023-07-16,7,7,28,197,-0.24477230089725957,-0.9695805901076308,1,10.299999999999999,15.4,21.042857142857144,6.8,24.9,69.85714285714286,39.699999999999996,12.649999999999995,4.649999999999995,1.7,14.2,15.399999999999999,1.7,15.399999999999999,102.34,21.54,80.33,-19.84,-64.93,10.299999999999999,15.4,12.649999999999995,15.0,weather_real
open-meteo:era5_seamless:-23.5:-46.8,2023,29,2023-07-23,7,7,29,204,-0.3594718130884232,-0.9331559438780432,1,11.400000000000002,15.114285714285716,19.885714285714283,9.9,23.0,79.71428571428571,39.5,6.699999999999999,0.0,1.5,3.2,16.900000000000002,1.5,16.900000000000002,85.74000000000001,15.499999999999998,79.02000000000001,-13.999999999999998,-62.120000000000005,11.400000000000002,15.114285714285716,6.699999999999999,15.0,weather_real
open-meteo:era5_seamless:-23.5:-46.8,2023,30,2023-07-30,7,7,30,211,-0.46896519100763184,-0.8832166493127127,1,12.542857142857143,16.62857142857143,21.885714285714283,10.8,25.0,71.57142857142857,50.49999999999999,17.85,7.850000000000001,3.9,5.4,19.900000000000002,3.9,19.900000000000002,91.25999999999999,18.669999999999998,78.77999999999999,-14.769999999999998,-58.87999999999998,12.542857142857143,16.62857142857143,17.85,15.0,weather_real
open-meteo:era5_seamless:-23.5:-46.8,2023,31,2023-08-06,7,8,31,218,-0.5716666713027052,-0.8204859638785327,1,10.714285714285714,16.62857142857143,24.414285714285715,9.5,27.0,72.28571428571429,52.95,17.95,5.300000000000001,0.0,3.9,19.6,0.0,19.6,121.11000000000001,23.259999999999998,84.1,-23.259999999999998,-64.5,10.714285714285714,16.62857142857143,17.95,15.0,weather_real
open-meteo:era5_seamless:-23.5:-46.8,2023,32,2023-08-13,7,8,32,225,-0.666088855860977,-0.7458723993404063,1,13.571428571428571,17.585714285714285,23.771428571428572,12.0,28.2,73.0,60.7,26.65,16.4,9.9,9.9,15.3,9.9,15.3,96.18999999999998,21.59,83.97999999999999,-11.69,-68.67999999999999,13.571428571428571,17.585714285714285,26.65,15.0,weather_real
open-meteo:era5_seamless:-23.5:-46.8,2023,33,2023-08-20,7,8,33,232,-0.7508642533989489,-0.6604565640279754,1,14.085714285714287,18.157142857142855,23.342857142857138,11.9,26.4,71.57142857142857,61.0,26.0,13.8,0.8999999999999999,10.799999999999999,14.7,0.8999999999999999,14.7,100.21,22.25,91.55999999999999,-21.35,-76.85999999999999,14.085714285714287,18.157142857142855,26.0,15.0,weather_real
open-meteo:era5_seamless:-23.5:-46.8,2023,34,2023-08-27,7,8,34,239,-0.8247650844733614,-0.5654755126737576,1,13.485714285714286,17.642857142857146,22.885714285714283,9.5,29.8,66.0,57.300000000000004,29.350000000000005,19.350000000000005,28.5,29.400000000000002,40.800000000000004,28.5,40.800000000000004,97.18,25.599999999999998,95.82999999999998,2.900000000000002,-55.02999999999998,13.485714285714286,17.642857142857146,29.350000000000005,15.0,weather_real
open-meteo:era5_seamless:-23.5:-46.8,2023,35,2023-09-03,7,9,35,246,-0.886721063082993,-0.46230483047981086,1,11.914285714285713,16.67142857142857,22.985714285714288,9.4,27.8,79.85714285714286,52.14999999999999,20.4,10.399999999999999,5.8999999999999995,34.39999999999999,45.19999999999999,5.8999999999999995,45.19999999999999,119.81,22.869999999999997,99.56,-16.97,-54.360000000000014,11.914285714285713,16.67142857142857,20.4,15.0,weather_real
open-meteo:era5_seamless:-23.5:-46.8,2023,36,2023-09-10,7,9,36,253,-0.9358348973349941,-0.35243871088460327,1,14.385714285714284,18.971428571428568,24.771428571428572,12.5,30.0,73.71428571428571,67.05,32.05,19.449999999999996,8.4,14.300000000000002,45.400000000000006,8.4,45.400000000000006,118.52000000000002,25.64,101.36,-17.240000000000002,-55.959999999999994,14.385714285714284,18.971428571428568,32.05,15.0,weather_real
open-meteo:era5_seamless:-23.5:-46.8,2023,37,2023-09-17,7,9,37,260,-0.97139528468375,-0.23746831555846842,1,13.271428571428572,19.728571428571428,26.38571428571429,9.6,30.5,64.28571428571429,68.80000000000001,33.800000000000004,21.150000000000006,15.899999999999999,24.3,58.900000000000006,15.899999999999999,58.900000000000006,142.68,31.04,112.47000000000003,-15.14,-53.57000000000002,13.271428571428572,19.728571428571428,33.800000000000004,15.0,weather_real
open-meteo:era5_seamless:-23.5:-46.8,2023,38,2023-09-24,7,9,38,267,-0.9928872135356962,-0.11905873003404988,1,15.971428571428572,22.500000000000004,29.871428571428567,14.7,34.1,66.71428571428571,90.44999999999999,55.44999999999999,41.449999999999996,1.0,16.9,50.0,1.0,50.0,148.9,33.15,114.66000000000003,-32.15,-64.66000000000003,15.971428571428572,22.500000000000004,55.44999999999999,15.0,weather_real
open-meteo:era5_seamless:-23.5:-46.8,2023,39,2023-10-01,7,10,39,274,-0.9999994220246925,0.001075151282798226,0,15.62857142857143,20.185714285714283,25.985714285714288,12.8,33.7,76.57142857142857,75.65,41.15,29.15,54.7,55.699999999999996,82.7,54.7,82.7,114.71000000000001,25.79,123.52,28.910000000000004,-40.81999999999999,15.62857142857143,20.185714285714283,41.15,15.0,weather_real
open-meteo:era5_seamless:-23.5:-46.8,2023,40,2023-10-08,7,10,40,281,-0.9926289059345095,0.121193461470736,0,17.142857142857146,21.171428571428574,26.6,14.6,29.5,83.14285714285714,83.10000000000001,48.10000000000001,34.10000000000001,43.4,98.10000000000002,115.30000000000001,43.4,115.30000000000001,121.83000000000001,24.76,122.17999999999999,18.639999999999997,-6.879999999999981,17.142857142857146,21.171428571428574,48.10000000000001,15.0,weather_real
open-meteo:era5_seamless:-23.5:-46.8,2023,41,2023-10-15,7,10,41,288,-0.9708824104813836,0.23955655912092708,0,14.599999999999998,18.114285714285714,22.228571428571428,13.0,28.8,83.0,58.900000000000006,24.200000000000006,14.200000000000006,38.1,81.49999999999999,137.2,38.1,137.2,105.49000000000002,21.029999999999998,114.49000000000001,17.070000000000004,22.70999999999998,14.599999999999998,18.114285714285714,24.200000000000006,15.0,weather_real
open-meteo:era5_seamless:-23.5:-46.8,2023,42,2023-10-22,7,10,42,295,-0.9350748843515574,0.3544502230989869,0,15.100000000000003,18.114285714285714,22.685714285714287,12.9,28.0,84.57142857142857,62.24999999999999,27.249999999999996,14.099999999999998,7.699999999999999,45.79999999999999,143.9,7.699999999999999,143.9,112.49,21.480000000000004,104.0,-13.780000000000005,39.900000000000006,15.100000000000003,18.114285714285714,27.249999999999996,15.0,weather_real
open-meteo:era5_seamless:-23.5:-46.8,2023,43,2023-10-29,7,10,43,302,-0.8857249183835637,0.4642104791518923,0,16.914285714285715,20.728571428571428,25.8,15.1,30.4,83.14285714285714,79.5,44.5,30.500000000000004,60.20000000000001,67.89999999999999,185.8,60.20000000000001,185.8,131.20999999999998,26.139999999999997,99.40999999999998,34.06000000000002,86.39000000000003,16.914285714285715,20.728571428571428,44.5,15.0,weather_real
open-meteo:era5_seamless:-23.5:-46.8,2023,44,2023-11-05,7,11,44,309,-0.8235472349556007,0.5672476988027229,0,15.757142857142856,19.314285714285713,23.5,11.8,27.8,81.85714285714286,67.4,32.4,19.25,25.7,85.9,156.0,25.7,156.0,135.36,25.07,100.52,0.629999999999999,55.480000000000004,15.757142857142856,19.314285714285713,32.4,15.0,weather_real
open-meteo:era5_seamless:-23.5:-46.8,2023,45,2023-11-12,7,11,45,316,-0.7494423368521954,0.6620696215153815,0,15.328571428571427,21.142857142857142,27.514285714285712,10.4,32.5,70.28571428571429,79.94999999999999,44.949999999999996,32.3,7.9,33.599999999999994,104.7,7.9,104.7,201.21,39.51,116.11999999999999,-31.61,-11.419999999999987,15.328571428571427,21.142857142857142,44.949999999999996,15.0,weather_real
open-meteo:era5_seamless:-23.5:-46.8,2023,46,2023-11-19,7,11,46,323,-0.6644834655228552,0.7473029667054296,0,19.742857142857144,25.385714285714283,31.785714285714285,17.1,33.8,66.14285714285714,110.35000000000002,75.35,61.349999999999994,17.8,25.7,111.9,17.8,111.9,173.3,41.19,139.00000000000003,-23.389999999999997,-27.100000000000023,19.742857142857144,25.385714285714283,75.35,15.0,weather_real
open-meteo:era5_seamless:-23.5:-46.8,2023,47,2023-11-26,7,11,47,330,-0.5699010576127624,0.8217133225960589,0,16.0,19.17142857142857,22.885714285714283,12.5,27.7,83.85714285714286,66.1,31.45,19.8,28.9,46.7,100.2,28.9,100.2,103.83000000000001,20.910000000000004,133.6,7.989999999999995,-33.39999999999999,16.0,19.17142857142857,31.45,15.0,weather_real
open-meteo:era5_seamless:-23.5:-46.8,2023,48,2023-12-03,7,12,48,337,-0.46706492487743034,0.8842230238742036,0,17.557142857142857,21.885714285714283,27.085714285714285,16.3,30.2,83.0,86.25,51.25,37.25,37.400000000000006,66.3,92.8,37.400000000000006,92.8,163.66000000000003,31.819999999999997,143.14000000000004,5.580000000000009,-50.340000000000046,17.557142857142857,21.885714285714283,51.25,15.0,weather_real
open-meteo:era5_seamless:-23.5:-46.8,2023,49,2023-12-10,7,12,49,344,-0.3574644155648614,0.9339267592294762,0,17.657142857142855,21.285714285714285,26.014285714285712,15.4,29.6,80.57142857142857,82.85000000000001,47.85000000000001,33.85000000000001,19.800000000000004,57.199999999999996,103.89999999999998,19.800000000000004,103.89999999999998,147.25,29.599999999999998,136.7,-9.799999999999994,-32.80000000000001,17.657142857142855,21.285714285714285,47.85000000000001,15.0,weather_real
open-meteo:era5_seamless:-23.5:-46.8,2023,50,2023-12-17,7,12,50,351,-0.2426868445825954,0.9701046827361175,0,17.099999999999998,21.95714285714286,27.71428571428571,13.7,30.2,77.28571428571429,86.85,51.85,37.849999999999994,14.1,33.9,116.40000000000002,14.1,116.40000000000002,179.83,35.52,127.30999999999999,-21.42,-10.909999999999968,17.099999999999998,21.95714285714286,51.85,15.0,weather_real
open-meteo:era5_seamless:-23.5:-46.8,2023,51,2023-12-24,7,12,51,358,-0.12439450483979998,0.9922328391893008,0,17.62857142857143,21.985714285714288,27.857142857142858,15.6,29.2,75.71428571428571,89.19999999999999,54.2,40.199999999999996,15.1,29.2,96.29999999999998,15.1,96.29999999999998,180.76000000000002,36.5,137.68,-21.4,-41.380000000000024,17.62857142857143,21.985714285714288,54.2,15.0,weather_real
open-meteo:era5_seamless:-23.5:-46.8,2023,52,2023-12-31,7,12,52,365,-0.004300592702981974,0.9999907524084426,0,16.685714285714287,22.114285714285717,27.71428571428571,14.1,32.7,69.28571428571429,85.4,50.400000000000006,36.400000000000006,5.3999999999999995,20.5,54.400000000000006,5.3999999999999995,54.400000000000006,175.26999999999998,37.8,151.05,-32.4,-96.65,16.685714285714287,22.114285714285717,50.400000000000006,15.0,weather_real
open-meteo:era5_seamless:-23.5:-46.8,2024,1,2024-01-07,7,1,1,7,0.1201261651823505,0.9927586335250793,0,16.942857142857143,20.814285714285717,25.52857142857143,15.8,28.1,78.85714285714286,78.65,43.650000000000006,29.65000000000001,29.299999999999997,34.699999999999996,65.10000000000001,29.299999999999997,65.10000000000001,162.17999999999998,31.600000000000005,147.08,-2.300000000000008,-81.98,16.942857142857143,20.814285714285717,43.650000000000006,15.0,weather_real
open-meteo:era5_seamless:-23.5:-46.8,2024,2,2024-01-14,7,1,2,14,0.23851257519407648,0.9711394088771653,0,18.442857142857147,22.471428571428568,26.88571428571429,16.3,30.7,78.85714285714286,88.65,53.65,39.65,56.300000000000004,85.59999999999998,108.49999999999999,56.300000000000004,108.49999999999999,141.88,29.18,144.98999999999998,27.120000000000005,-36.489999999999995,18.442857142857147,22.471428571428568,53.65,15.0,weather_real
open-meteo:era5_seamless:-23.5:-46.8,2024,3,2024-01-21,7,1,3,21,0.3534446712740877,0.9354554315134164,0,19.657142857142862,23.085714285714285,27.52857142857143,18.3,30.6,80.42857142857143,95.15,60.15,46.15,33.6,89.90000000000002,134.5,33.6,134.5,151.94000000000003,30.799999999999997,138.08999999999997,2.8000000000000043,-3.589999999999975,19.657142857142862,23.085714285714285,60.15,15.0,weather_real
open-meteo:era5_seamless:-23.5:-46.8,2024,4,2024-01-28,7,1,4,28,0.4632579225674917,0.88622350294858,0,15.157142857142857,17.92857142857143,21.371428571428574,13.9,25.6,86.85714285714286,57.849999999999994,22.849999999999998,9.75,52.00000000000001,85.60000000000001,172.49999999999994,52.00000000000001,172.49999999999994,114.28999999999999,20.52,120.25,31.480000000000008,52.24999999999994,15.157142857142857,17.92857142857143,22.849999999999998,15.0,weather_real
open-meteo:era5_seamless:-23.5:-46.8,2024,5,2024-02-04,7,2,5,35,0.5663619330814524,0.8241566360566663,0,16.685714285714283,20.685714285714283,25.699999999999996,15.3,27.3,82.0,78.35,43.35,29.35,46.2,98.20000000000002,189.1,46.2,189.1,153.88,29.38,120.34000000000002,16.820000000000004,68.75999999999998,16.685714285714283,20.685714285714283,43.35,15.0,weather_real
open-meteo:era5_seamless:-23.5:-46.8,2024,6,2024-02-11,7,2,6,42,0.6612634749656386,0.7501537286959042,0,17.32857142857143,22.3,27.642857142857142,16.7,28.4,77.14285714285714,87.4,52.400000000000006,38.4,1.8,47.99999999999999,147.00000000000003,1.8,147.00000000000003,181.28000000000003,36.39,123.03999999999999,-34.59,23.960000000000036,17.32857142857143,22.3,52.400000000000006,15.0,weather_real
open-meteo:era5_seamless:-23.5:-46.8,2024,7,2024-02-18,7,2,7,49,0.746588114532413,0.6652865452111116,0,17.685714285714287,20.74285714285714,24.542857142857144,15.5,30.4,83.0,77.8,42.8,28.8,34.0,35.8,154.29999999999998,34.0,154.29999999999998,113.67,23.529999999999998,116.01000000000002,10.470000000000002,38.289999999999964,17.685714285714287,20.74285714285714,42.8,15.0,weather_real
open-meteo:era5_seamless:-23.5:-46.8,2024,8,2024-02-25,7,2,8,56,0.8211001178128892,0.5707841943569036,0,17.97142857142857,21.314285714285717,25.599999999999998,16.1,27.4,85.14285714285714,82.5,47.5,33.5,56.2,90.2,149.0,56.2,149.0,130.25000000000003,24.94,122.39999999999999,31.26,26.60000000000001,17.97142857142857,21.314285714285717,47.5,15.0,weather_real
open-meteo:era5_seamless:-23.5:-46.8,2024,9,2024-03-03,7,3,9,63,0.8837203473619977,0.4680153284438345,0,18.571428571428566,22.0,26.5,16.7,28.2,83.71428571428571,87.75,52.74999999999999,38.74999999999999,41.3,97.5,142.8,41.3,142.8,141.83999999999997,27.5,120.24,13.799999999999997,22.560000000000016,18.571428571428566,22.0,52.74999999999999,15.0,weather_real
open-meteo:era5_seamless:-23.5:-46.8,2024,10,2024-03-10,7,3,10,70,0.9335418911179212,0.35846832151248087,0,18.9,21.671428571428574,26.057142857142853,17.6,27.3,86.28571428571429,87.35,52.35,38.35,65.30000000000001,106.6,197.10000000000002,65.30000000000001,197.10000000000002,128.26,24.63,111.44,40.670000000000016,85.66000000000003,18.9,21.671428571428574,52.35,15.0,weather_real
open-meteo:era5_seamless:-23.5:-46.8,2024,11,2024-03-17,7,3,11,77,0.969843196967294,0.24372971360968387,0,18.285714285714285,22.642857142857142,27.74285714285714,15.5,29.5,78.71428571428571,91.10000000000001,56.099999999999994,42.099999999999994,8.1,73.4,180.20000000000002,8.1,180.20000000000002,152.52,30.950000000000003,114.31,-22.85,65.89000000000001,18.285714285714285,22.642857142857142,56.099999999999994,15.0,weather_real
open-meteo:era5_seamless:-23.5:-46.8,2024,12,2024-03-24,7,3,12,84,0.992098522791769,0.12546123335273648,0,18.014285714285716,20.771428571428572,24.928571428571427,15.2,29.7,86.28571428571429,80.3,45.300000000000004,31.4,64.1,72.2,192.10000000000002,64.1,192.10000000000002,99.46000000000001,20.259999999999998,110.89,43.839999999999996,81.21000000000002,18.014285714285716,20.771428571428572,45.300000000000004,15.0,weather_real
open-meteo:era5_seamless:-23.5:-46.8,2024,13,2024-03-31,7,3,13,91,0.9999855506507186,0.005375731557583884,0,15.87142857142857,18.985714285714284,23.071428571428573,14.5,26.3,86.71428571428571,66.29999999999998,31.299999999999994,17.299999999999994,28.8,92.89999999999999,166.8,28.8,166.8,106.25999999999999,20.11,104.86,8.690000000000001,61.94000000000001,15.87142857142857,18.985714285714284,31.299999999999994,15.0,weather_real
open-meteo:era5_seamless:-23.5:-46.8,2024,14,2024-04-07,7,4,14,98,0.9933900548258936,-0.11478762552212701,1,16.27142857142857,20.67142857142857,25.885714285714283,15.1,28.1,79.71428571428571,77.55,42.55,28.549999999999997,1.5,30.300000000000004,119.99999999999999,1.5,119.99999999999999,137.07999999999998,26.519999999999996,104.92,-25.019999999999996,15.079999999999984,16.27142857142857,20.67142857142857,42.55,15.0,weather_real
open-meteo:era5_seamless:-23.5:-46.8,2024,15,2024-04-14,7,4,15,105,0.9724075561219968,-0.23328854407545518,1,17.400000000000002,20.242857142857144,24.1,16.7,25.1,84.14285714285714,75.25,40.25,26.249999999999996,33.2,34.70000000000001,135.7,33.2,135.7,102.33,19.71,96.23,13.490000000000002,39.469999999999985,17.400000000000002,20.242857142857144,40.25,15.0,weather_real
open-meteo:era5_seamless:-23.5:-46.8,2024,16,2024-04-21,7,4,16,112,0.9373419384643772,-0.3484108069446808,1,15.22857142857143,18.685714285714287,23.285714285714285,11.0,26.3,81.42857142857143,64.80000000000001,29.800000000000004,17.850000000000005,11.5,44.7,94.69999999999999,11.5,94.69999999999999,104.68,19.95,89.74000000000001,-8.45,4.9599999999999795,15.22857142857143,18.685714285714287,29.800000000000004,15.0,weather_real
open-meteo:era5_seamless:-23.5:-46.8,2024,17,2024-04-28,7,4,17,119,0.8887010478292915,-0.45848712914008766,1,15.685714285714285,20.5,25.914285714285715,13.4,27.7,73.14285714285714,75.6,40.599999999999994,26.599999999999998,0.0,11.5,46.8,0.0,46.8,120.7,24.9,98.92,-24.9,-52.120000000000005,15.685714285714285,20.5,40.599999999999994,15.0,weather_real
open-meteo:era5_seamless:-23.5:-46.8,2024,18,2024-05-05,7,5,18,126,0.8271893372462497,-0.5619233046832195,1,16.3,21.757142857142856,28.057142857142853,15.2,28.7,64.28571428571429,85.25,50.25,36.25,0.0,0.0,45.9,0.0,45.9,128.48000000000002,28.650000000000002,100.36999999999998,-28.650000000000002,-54.46999999999998,16.3,21.757142857142856,50.25,15.0,weather_real
open-meteo:era5_seamless:-23.5:-46.8,2024,19,2024-05-12,7,5,19,133,0.753697664392914,-0.6572212950663319,1,15.628571428571428,21.071428571428573,27.185714285714283,13.7,27.7,63.285714285714285,79.85,44.849999999999994,30.849999999999994,0.1,0.1,13.799999999999999,0.1,13.799999999999999,123.89000000000001,28.189999999999998,106.94,-28.089999999999996,-93.14,15.628571428571428,21.071428571428573,44.849999999999994,15.0,weather_real
open-meteo:era5_seamless:-23.5:-46.8,2024,20,2024-05-19,7,5,20,140,0.6692903895412567,-0.7430009249440493,1,15.985714285714284,19.485714285714288,24.457142857142856,14.8,27.6,71.0,71.55000000000001,36.55,23.849999999999998,3.5,3.6,3.6,3.5,3.6,85.66,20.820000000000004,109.64999999999998,-17.320000000000004,-106.04999999999998,15.985714285714284,19.485714285714288,36.55,15.0,weather_real
open-meteo:era5_seamless:-23.5:-46.8,2024,21,2024-05-26,7,5,21,147,0.5751899607119775,-0.8180198708443174,1,14.257142857142856,17.7,22.385714285714283,12.1,26.5,77.57142857142857,58.25,25.1,14.75,28.0,31.5,31.6,28.0,31.6,76.19,17.230000000000004,102.86,10.769999999999996,-71.25999999999999,14.257142857142856,17.7,25.1,15.0,weather_real
open-meteo:era5_seamless:-23.5:-46.8,2024,22,2024-06-02,7,6,22,154,0.47275920928627757,-0.881191653407483,1,9.414285714285713,13.62857142857143,18.32857142857143,6.3,22.0,81.28571428571429,27.1,2.0000000000000018,0.0,14.799999999999999,42.800000000000004,46.400000000000006,14.799999999999999,46.400000000000006,93.05000000000001,15.159999999999998,89.55999999999999,-0.35999999999999943,-43.15999999999998,9.414285714285713,13.62857142857143,2.0000000000000018,15.0,weather_real
open-meteo:era5_seamless:-23.5:-46.8,2024,23,2024-06-09,7,6,23,161,0.36348161248290634,-0.9316013725767187,1,11.485714285714286,16.02857142857143,21.599999999999998,10.4,23.7,79.42857142857143,45.8,11.450000000000003,0.6500000000000021,0.7,15.499999999999998,47.0,0.7,47.0,90.2,16.64,78.6,-15.940000000000001,-31.599999999999994,11.485714285714286,16.02857142857143,11.450000000000003,15.0,weather_real
open-meteo:era5_seamless:-23.5:-46.8,2024,24,2024-06-16,7,6,24,168,0.24893980855376657,-0.9685189578512204,1,11.62857142857143,17.32857142857143,24.000000000000004,10.4,24.4,63.714285714285715,54.699999999999996,19.699999999999996,5.699999999999996,0.0,0.7,43.50000000000001,0.0,43.50000000000001,108.62,23.119999999999997,78.12000000000002,-23.119999999999997,-34.62000000000001,11.62857142857143,17.32857142857143,19.699999999999996,15.0,weather_real
open-meteo:era5_seamless:-23.5:-46.8,2024,25,2024-06-23,7,6,25,175,0.13079267585675922,-0.9914097417023038,1,11.057142857142859,16.814285714285713,23.7,9.8,24.9,59.57142857142857,51.65,16.65,3.4499999999999957,0.0,0.0,41.3,0.0,41.3,106.81,24.03,80.64000000000001,-24.03,-39.34000000000002,11.057142857142859,16.814285714285713,16.65,15.0,weather_real
open-meteo:era5_seamless:-23.5:-46.8,2024,26,2024-06-30,7,6,26,182,0.01075130776352193,-0.9999422030204416,1,13.257142857142858,17.271428571428572,21.9,11.0,25.6,72.85714285714286,53.05,20.5,9.399999999999999,2.0999999999999996,2.0999999999999996,2.8,2.0999999999999996,2.8,75.86,17.75,87.0,-15.65,-84.2,13.257142857142858,17.271428571428572,20.5,15.0,weather_real
open-meteo:era5_seamless:-23.5:-46.8,2024,27,2024-07-07,7,7,27,189,-0.10944576864891556,-0.993992768446958,1,10.728571428571428,15.914285714285715,22.071428571428573,7.8,24.6,68.85714285714286,44.800000000000004,12.050000000000004,2.8000000000000043,0.1,2.2,2.2,0.1,2.2,90.7,19.090000000000003,89.67999999999999,-18.990000000000002,-87.47999999999999,10.728571428571428,15.914285714285715,12.050000000000004,15.0,weather_real
open-meteo:era5_seamless:-23.5:-46.8,2024,28,2024-07-14,7,7,28,196,-0.2280577712215198,-0.9736476020539838,1,12.114285714285714,14.828571428571431,19.114285714285717,11.2,23.8,87.85714285714286,39.3,7.0500000000000025,1.4500000000000028,25.5,25.6,27.7,25.5,27.7,66.17,11.84,79.39999999999998,13.66,-51.699999999999974,12.114285714285714,14.828571428571431,7.0500000000000025,15.0,weather_real
open-meteo:era5_seamless:-23.5:-46.8,2024,29,2024-07-21,7,7,29,203,-0.34336687399638804,-0.939201357453208,1,10.72857142857143,14.700000000000003,20.3,7.9,22.0,79.85714285714286,38.599999999999994,5.499999999999998,0.4499999999999993,0.2,25.700000000000003,27.900000000000002,0.2,27.900000000000002,99.89000000000001,17.14,73.04,-16.94,-45.14,10.72857142857143,14.700000000000003,5.499999999999998,15.0,weather_real
open-meteo:era5_seamless:-23.5:-46.8,2024,30,2024-07-28,7,7,30,210,-0.45370308603134424,-0.8911529104063088,1,10.071428571428571,16.228571428571428,23.27142857142857,7.5,25.6,64.57142857142857,46.699999999999996,12.049999999999999,2.75,0.0,0.2,27.100000000000005,0.0,27.100000000000005,113.46000000000001,22.19,73.95,-22.19,-46.849999999999994,10.071428571428571,16.228571428571428,12.049999999999999,15.0,weather_real
open-meteo:era5_seamless:-23.5:-46.8,2024,31,2024-08-04,7,8,31,217,-0.5574684374327892,-0.8301981337405212,1,11.771428571428572,16.67142857142857,22.914285714285715,11.1,25.7,73.0,51.39999999999999,17.95,6.050000000000001,2.8,2.8,28.600000000000005,2.8,28.600000000000005,102.72000000000001,20.72,77.02000000000001,-17.919999999999998,-48.42,11.771428571428572,16.67142857142857,17.95,15.0,weather_real
open-meteo:era5_seamless:-23.5:-46.8,2024,32,2024-08-11,7,8,32,224,-0.65316012232693,-0.7572198192083127,1,11.657142857142858,16.65714285714286,22.3,4.8,27.8,63.857142857142854,48.85,22.55,12.75,36.7,39.5,40.0,36.7,40.0,100.19000000000001,22.510000000000005,86.10000000000001,14.189999999999998,-46.10000000000001,11.657142857142858,16.65714285714286,22.55,15.0,weather_real
open-meteo:era5_seamless:-23.5:-46.8,2024,33,2024-08-18,7,8,33,231,-0.7393922635959241,-0.673274892250183,1,8.657142857142857,15.27142857142857,22.5,4.5,28.2,67.14285714285714,40.7,16.15,8.549999999999997,0.0,36.7,39.5,0.0,39.5,129.39000000000001,23.76,94.71,-23.76,-55.209999999999994,8.657142857142857,15.27142857142857,16.15,15.0,weather_real
open-meteo:era5_seamless:-23.5:-46.8,2024,34,2024-08-25,7,8,34,238,-0.8149159841660791,-0.5795791048257612,1,12.3,18.2,25.75714285714286,7.8,29.7,64.14285714285714,63.199999999999996,32.599999999999994,20.599999999999998,18.2,18.2,57.7,18.2,57.7,122.41,27.459999999999997,100.90000000000002,-9.259999999999998,-43.20000000000002,12.3,18.2,32.599999999999994,15.0,weather_real
open-meteo:era5_seamless:-23.5:-46.8,2024,35,2024-09-01,7,9,35,245,-0.8786374941610001,-0.4774894280028391,1,8.414285714285715,14.471428571428572,21.957142857142856,2.3,28.5,72.14285714285714,37.05,14.400000000000002,6.400000000000002,0.0,18.2,54.900000000000006,0.0,54.900000000000006,149.39999999999998,26.51,107.88999999999999,-26.51,-52.98999999999998,8.414285714285715,14.471428571428572,14.400000000000002,15.0,weather_real
open-meteo:era5_seamless:-23.5:-46.8,2024,36,2024-09-08,7,9,36,252,-0.9296339319682695,-0.3684843993077793,1,14.02857142857143,20.24285714285714,27.857142857142858,12.9,31.1,66.28571428571429,76.6,41.6,27.6,0.7,0.7,40.49999999999999,0.7,40.49999999999999,144.05,30.510000000000005,112.21000000000001,-29.810000000000006,-71.71000000000001,14.02857142857143,20.24285714285714,41.6,15.0,weather_real
open-meteo:era5_seamless:-23.5:-46.8,2024,37,2024-09-15,7,9,37,259,-0.9671667297977312,-0.2541427094613622,1,16.128571428571426,22.457142857142856,29.28571428571429,15.1,32.0,48.285714285714285,88.95,53.95,39.95,4.0,4.7,22.9,4.0,22.9,146.32000000000002,36.480000000000004,129.34,-32.480000000000004,-106.44,16.128571428571426,22.457142857142856,53.95,15.0,weather_real
open-meteo:era5_seamless:-23.5:-46.8,2024,38,2024-09-22,7,9,38,266,-0.9906923101615609,-0.13612033862266704,1,13.62857142857143,18.057142857142857,23.2,11.7,29.7,81.28571428571429,58.9,24.4,15.100000000000001,19.2,23.2,41.6,19.2,41.6,115.38000000000001,22.49,119.94,-3.289999999999999,-78.34,13.62857142857143,18.057142857142857,24.4,15.0,weather_real
open-meteo:era5_seamless:-23.5:-46.8,2024,39,2024-09-29,7,9,39,273,-0.9998699583618592,-0.016126573270657762,1,14.957142857142857,21.157142857142862,28.385714285714283,12.5,33.4,68.71428571428571,81.69999999999999,46.699999999999996,32.849999999999994,2.5,21.7,26.4,2.5,26.4,156.7,33.199999999999996,131.98,-30.699999999999996,-105.57999999999998,14.957142857142857,21.157142857142862,46.699999999999996,15.0,weather_real
open-meteo:era5_seamless:-23.5:-46.8,2024,40,2024-10-06,7,10,40,280,-0.9945667569706337,0.1041007489354256,0,14.742857142857142,19.485714285714288,26.242857142857144,12.1,34.1,70.85714285714286,73.45,38.45,26.150000000000006,17.6,20.1,43.3,17.6,43.3,147.6,31.860000000000007,133.09,-14.260000000000005,-89.79,14.742857142857142,19.485714285714288,38.45,15.0,weather_real
open-meteo:era5_seamless:-23.5:-46.8,2024,41,2024-10-13,7,10,41,287,-0.9748595108374125,0.22282040779479959,0,14.742857142857144,19.1,25.67142857142857,12.6,32.5,78.28571428571429,71.45000000000002,36.45,22.450000000000006,28.900000000000002,46.50000000000001,72.19999999999999,28.900000000000002,72.19999999999999,145.31,28.540000000000003,124.22,0.35999999999999943,-52.02000000000001,14.742857142857144,19.1,36.45,15.0,weather_real
open-meteo:era5_seamless:-23.5:-46.8,2024,42,2024-10-20,7,10,42,294,-0.9410336347451197,0.3383130181923076,0,14.142857142857142,18.242857142857144,23.6,13.1,27.6,82.0,62.10000000000001,27.10000000000001,15.400000000000006,26.700000000000003,55.6,76.7,26.700000000000003,76.7,128.41,25.05,125.78000000000002,1.6500000000000021,-49.08000000000001,14.142857142857142,18.242857142857144,27.10000000000001,15.0,weather_real
open-meteo:era5_seamless:-23.5:-46.8,2024,43,2024-10-27,7,10,43,301,-0.8935790198239952,0.4489059314938798,0,16.985714285714288,20.54285714285714,24.999999999999996,14.1,27.4,82.0,76.94999999999999,41.949999999999996,28.699999999999996,32.3,59.0,105.50000000000003,32.3,105.50000000000003,125.00999999999999,24.72,118.32999999999998,7.579999999999998,-12.829999999999956,16.985714285714288,20.54285714285714,41.949999999999996,15.0,weather_real
open-meteo:era5_seamless:-23.5:-46.8,2024,44,2024-11-03,7,11,44,308,-0.8331829385891785,0.5529974600700271,0,14.985714285714284,18.442857142857143,23.24285714285714,13.2,26.9,83.57142857142857,63.8,28.799999999999997,14.899999999999999,32.900000000000006,65.2,120.80000000000001,32.900000000000006,120.80000000000001,129.84,24.17,111.20000000000002,8.730000000000004,9.599999999999994,14.985714285714284,18.442857142857143,28.799999999999997,15.0,weather_real
open-meteo:era5_seamless:-23.5:-46.8,2024,45,2024-11-10,7,11,45,315,-0.7607200913564104,0.6490800741100398,0,16.2,18.771428571428572,21.885714285714283,12.5,24.5,87.0,63.3,28.3,14.3,90.19999999999999,123.1,185.2,90.19999999999999,185.2,96.27,17.93,100.07999999999997,72.26999999999998,85.12000000000002,16.2,18.771428571428572,28.3,15.0,weather_real
open-meteo:era5_seamless:-23.5:-46.8,2024,46,2024-11-17,7,11,46,322,-0.6772399381909491,0.7357622347736527,0,14.257142857142856,18.54285714285714,23.400000000000002,11.0,27.3,80.28571428571429,61.800000000000004,26.8,14.25,29.5,119.7,208.5,29.5,208.5,139.73,26.650000000000002,95.98999999999998,2.849999999999998,112.51000000000002,14.257142857142856,18.54285714285714,26.8,15.0,weather_real
open-meteo:era5_seamless:-23.5:-46.8,2024,47,2024-11-24,7,11,47,329,-0.5839514998576998,0.8117885474764613,0,15.042857142857143,19.071428571428573,23.95714285714286,13.3,27.6,81.42857142857143,66.5,31.5,17.5,5.699999999999999,35.2,161.5,5.699999999999999,161.5,160.65,29.64,105.14999999999999,-23.94,56.35000000000001,15.042857142857143,19.071428571428573,31.5,15.0,weather_real
open-meteo:era5_seamless:-23.5:-46.8,2024,48,2024-12-01,7,12,48,336,-0.4822058478963526,0.8760579434344281,0,16.82857142857143,21.67142857142857,27.099999999999998,13.0,29.5,72.42857142857143,83.75,48.74999999999999,34.74999999999999,9.6,15.299999999999999,163.29999999999998,9.6,163.29999999999998,161.1,33.33,112.62,-23.729999999999997,50.67999999999998,16.82857142857143,21.67142857142857,48.74999999999999,15.0,weather_real
open-meteo:era5_seamless:-23.5:-46.8,2024,49,2024-12-08,7,12,49,343,-0.37347653741307074,0.9276396261490467,0,17.814285714285717,20.87142857142857,24.614285714285717,15.7,28.9,83.85714285714286,78.5,43.49999999999999,29.499999999999996,51.60000000000001,61.2,97.00000000000001,51.60000000000001,97.00000000000001,109.82,22.65,119.14,28.95000000000001,-22.139999999999986,17.814285714285717,20.87142857142857,43.49999999999999,15.0,weather_real
open-meteo:era5_seamless:-23.5:-46.8,2024,50,2024-12-15,7,12,50,350,-0.2593382659754056,0.9657865518844574,0,16.32857142857143,19.457142857142856,23.414285714285715,13.9,24.3,84.57142857142857,69.10000000000001,34.1,20.1,77.7,129.3,161.1,77.7,161.1,125.22999999999999,23.209999999999997,116.12000000000002,54.49000000000001,44.979999999999976,16.32857142857143,19.457142857142856,34.1,15.0,weather_real
open-meteo:era5_seamless:-23.5:-46.8,2024,51,2024-12-22,7,12,51,357,-0.14144406768794202,0.9899462489023779,0,16.414285714285715,20.442857142857143,25.514285714285712,13.9,27.3,79.57142857142857,76.75,41.74999999999999,27.749999999999996,75.6,153.3,215.60000000000002,75.6,215.60000000000002,169.36,31.95,118.9,43.64999999999999,96.70000000000002,16.414285714285715,20.442857142857143,41.74999999999999,15.0,weather_real
open-meteo:era5_seamless:-23.5:-46.8,2024,52,2024-12-29,7,12,52,364,-0.021501372740813793,0.999768818762748,0,17.5,20.0,23.385714285714283,16.1,25.9,88.28571428571429,73.1,38.1,24.1,80.8,156.4,287.3,80.8,287.3,111.47,20.71,107.84,60.089999999999996,179.46,17.5,20.0,38.1,15.0,weather_real
open-meteo:era5_seamless:-23.5:-46.8,2025,1,2025-01-05,7,1,1,5,0.08590610426133272,0.9963032375991965,0,16.97142857142857,20.599999999999998,24.885714285714283,15.7,26.5,83.28571428571429,76.5,41.50000000000001,27.500000000000004,31.4,112.2,269.00000000000006,31.4,269.00000000000006,163.08,29.92,113.64,1.4799999999999969,155.36000000000007,16.97142857142857,20.599999999999998,41.50000000000001,15.0,weather_real
open-meteo:era5_seamless:-23.5:-46.8,2025,2,2025-01-12,7,1,2,12,0.20496611396949532,0.9787690698649216,0,15.985714285714284,19.071428571428573,23.385714285714283,14.1,26.7,84.42857142857143,67.8,32.800000000000004,18.800000000000004,44.1,75.5,270.2,44.1,270.2,152.16,27.689999999999998,116.56000000000003,16.410000000000004,153.63999999999996,15.985714285714284,19.071428571428573,32.800000000000004,15.0,weather_real
open-meteo:era5_seamless:-23.5:-46.8,2025,3,2025-01-19,7,1,3,19,0.321057654185271,0.9470596510722283,0,16.728571428571428,20.428571428571427,24.88571428571429,11.8,27.8,82.0,75.65,40.65,26.65,16.2,60.300000000000004,221.3,16.2,221.3,137.88,26.32,111.35000000000002,-10.120000000000001,109.94999999999999,16.728571428571428,20.428571428571427,40.65,15.0,weather_real
open-meteo:era5_seamless:-23.5:-46.8,2025,4,2025-01-26,7,1,4,26,0.4324994021339788,0.901634220265486,0,19.028571428571432,22.771428571428572,27.400000000000002,17.9,28.4,79.85714285714286,92.49999999999999,57.5,43.5,50.1,66.3,151.60000000000002,50.1,151.60000000000002,167.31,33.370000000000005,125.53,16.729999999999997,26.07000000000002,19.028571428571432,22.771428571428572,57.5,15.0,weather_real
open-meteo:era5_seamless:-23.5:-46.8,2025,5,2025-02-02,7,2,5,33,0.5376773767406141,0.8431506618282,0,18.342857142857145,20.25714285714286,23.599999999999998,17.9,25.2,90.71428571428571,76.80000000000001,41.800000000000004,27.800000000000004,136.7,186.79999999999995,255.89999999999995,136.7,255.89999999999995,77.37,14.880000000000003,109.83000000000001,121.82,146.06999999999994,18.342857142857145,20.25714285714286,41.800000000000004,15.0,weather_real
open-meteo:era5_seamless:-23.5:-46.8,2025,6,2025-02-09,7,2,6,40,0.6350683134867438,0.7724559775191742,0,18.04285714285714,21.52857142857143,25.571428571428573,16.9,27.0,82.0,82.64999999999999,47.650000000000006,33.650000000000006,22.099999999999998,158.79999999999998,243.09999999999997,22.099999999999998,243.09999999999997,152.68,29.32,111.38,-7.220000000000002,131.71999999999997,18.04285714285714,21.52857142857143,47.650000000000006,15.0,weather_real
open-meteo:era5_seamless:-23.5:-46.8,2025,7,2025-02-16,7,2,7,47,0.7232617254437388,0.6905740195722293,0,17.971428571428568,22.52857142857143,27.27142857142857,16.7,28.7,77.71428571428571,88.35,53.349999999999994,39.349999999999994,21.2,43.3,231.6,21.2,231.6,164.42000000000002,32.63,119.04,-11.430000000000003,112.55999999999999,17.971428571428568,22.52857142857143,53.349999999999994,15.0,weather_real
open-meteo:era5_seamless:-23.5:-46.8,2025,8,2025-02-23,7,2,8,54,0.8009803309782905,0.5986906625177214,0,18.928571428571427,22.71428571428571,27.500000000000004,17.9,29.5,80.28571428571429,92.5,57.49999999999999,43.50000000000001,19.400000000000002,40.599999999999994,221.9,19.400000000000002,221.9,161.79999999999998,32.330000000000005,117.78,-12.930000000000003,104.12,18.928571428571427,22.71428571428571,57.49999999999999,15.0,weather_real
open-meteo:era5_seamless:-23.5:-46.8,2025,9,2025-03-02,7,3,9,61,0.8670985522812081,0.4981366284784055,0,18.271428571428572,22.985714285714288,28.3,17.9,29.5,76.0,93.00000000000001,58.0,44.0,4.3999999999999995,23.800000000000004,111.8,4.3999999999999995,111.8,173.99,35.46,134.18,-31.060000000000002,-22.38000000000001,18.271428571428572,22.985714285714288,58.0,15.0,weather_real
open-meteo:era5_seamless:-23.5:-46.8,2025,10,2025-03-09,7,3,10,68,0.9206588168102428,0.3903682146763026,0,17.385714285714283,22.2,27.885714285714283,16.8,29.0,72.85714285714286,88.45,53.45,39.45,1.3,5.699999999999999,49.5,1.3,49.5,165.04999999999998,34.56999999999999,144.06000000000006,-33.269999999999996,-94.56000000000006,17.385714285714283,22.2,53.45,15.0,weather_real
open-meteo:era5_seamless:-23.5:-46.8,2025,11,2025-03-16,7,3,11,75,0.9608854255574977,0.27694620226893646,0,17.985714285714288,21.028571428571432,25.8,17.1,27.7,84.0,83.25,48.25,34.25,45.1,46.400000000000006,70.89999999999999,45.1,70.89999999999999,126.44000000000001,24.660000000000004,136.63000000000002,20.439999999999998,-65.73000000000003,17.985714285714288,21.028571428571432,48.25,15.0,weather_real
open-meteo:era5_seamless:-23.5:-46.8,2025,12,2025-03-23,7,3,12,82,0.9871957872910085,0.15951325197263655,0,15.971428571428572,19.428571428571427,24.24285714285714,13.7,26.5,84.42857142857143,70.75000000000001,35.75,21.750000000000004,43.4,88.50000000000001,97.9,43.4,97.9,127.02000000000001,23.589999999999996,126.8,19.810000000000002,-28.89999999999999,15.971428571428572,19.428571428571427,35.75,15.0,weather_real
open-meteo:era5_seamless:-23.5:-46.8,2025,13,2025-03-30,7,3,13,89,0.9992088560679753,0.03977011384605572,0,16.714285714285715,20.442857142857143,25.071428571428566,15.9,26.1,84.14285714285714,76.25,41.25000000000001,27.250000000000004,11.0,54.400000000000006,101.39999999999999,11.0,101.39999999999999,127.21000000000001,24.419999999999998,118.12,-13.419999999999998,-16.720000000000013,16.714285714285715,20.442857142857143,41.25000000000001,15.0,weather_real
open-meteo:era5_seamless:-23.5:-46.8,2025,14,2025-04-06,7,4,14,96,0.9967506498213929,-0.08054900421874167,1,16.47142857142857,19.228571428571428,23.057142857142857,13.7,27.7,85.85714285714286,68.35,33.349999999999994,22.149999999999995,42.3,53.3,142.1,42.3,142.1,94.07,18.22,100.27000000000001,24.08,41.829999999999984,16.47142857142857,19.228571428571428,33.349999999999994,15.0,weather_real
open-meteo:era5_seamless:-23.5:-46.8,2025,15,2025-04-13,7,4,15,103,0.9798567700958665,-0.1997015525660636,1,15.028571428571427,18.471428571428568,23.099999999999998,12.3,26.0,82.42857142857143,63.45,28.45,15.0,20.2,62.50000000000001,126.2,20.2,126.2,110.74999999999999,20.740000000000002,92.83000000000003,-0.5400000000000027,33.369999999999976,15.028571428571427,18.471428571428568,28.45,15.0,weather_real
open-meteo:era5_seamless:-23.5:-46.8,2025,16,2025-04-20,7,4,16,110,0.9487718864399473,-0.31596187665790293,1,15.77142857142857,18.557142857142857,22.71428571428572,15.2,24.7,87.42857142857143,64.7,29.700000000000003,15.700000000000003,41.5,61.7,123.5,41.5,123.5,110.71,19.57,90.62,21.93,32.879999999999995,15.77142857142857,18.557142857142857,29.700000000000003,15.0,weather_real
open-meteo:era5_seamless:-23.5:-46.8,2025,17,2025-04-27,7,4,17,117,0.9039461929224011,-0.42764620926777464,1,14.757142857142858,17.671428571428574,21.928571428571427,12.6,23.8,86.85714285714286,58.4,23.4,9.849999999999998,36.4,77.89999999999999,141.9,36.4,141.9,92.92,16.65,82.97000000000001,19.75,58.92999999999999,14.757142857142858,17.671428571428574,23.4,15.0,weather_real
open-meteo:era5_seamless:-23.5:-46.8,2025,18,2025-05-04,7,5,18,124,0.8460288880917339,-0.533137056031809,1,13.028571428571428,16.37142857142857,20.942857142857143,11.3,22.3,84.28571428571429,48.89999999999999,13.899999999999997,2.899999999999995,8.5,44.900000000000006,111.3,8.5,111.3,104.7,18.18,79.0,-9.68,32.3,13.028571428571428,16.37142857142857,13.899999999999997,15.0,weather_real
open-meteo:era5_seamless:-23.5:-46.8,2025,19,2025-05-11,7,5,19,131,0.7758587728069828,-0.6309066211876704,1,13.757142857142856,18.0,22.842857142857145,12.4,25.6,77.14285714285714,58.1,23.25,11.25,9.9,18.400000000000002,99.7,9.9,99.7,100.63,20.29,80.92000000000002,-10.389999999999999,18.779999999999987,13.757142857142856,18.0,23.25,15.0,weather_real
open-meteo:era5_seamless:-23.5:-46.8,2025,20,2025-05-18,7,5,20,138,0.6944521021088763,-0.719538934232584,1,12.242857142857144,16.085714285714285,20.842857142857138,10.1,23.7,80.71428571428571,45.8,10.799999999999999,2.1999999999999993,0.2,10.1,72.60000000000001,0.2,72.60000000000001,99.49,17.91,77.94,-17.71,-5.339999999999989,12.242857142857144,16.085714285714285,10.799999999999999,15.0,weather_real
open-meteo:era5_seamless:-23.5:-46.8,2025,21,2025-05-25,7,5,21,145,0.6029878670694714,-0.7977503570459932,1,13.342857142857142,17.128571428571426,21.67142857142857,11.6,23.8,80.0,52.55,17.55,5.199999999999999,15.700000000000003,15.900000000000002,35.599999999999994,15.700000000000003,35.599999999999994,92.08999999999999,16.959999999999997,78.57,-1.2599999999999945,-42.97,13.342857142857142,17.128571428571426,17.55,15.0,weather_real
open-meteo:era5_seamless:-23.5:-46.8,2025,22,2025-06-01,7,6,22,152,0.5027907197793043,-0.8644081744776648,1,10.471428571428572,15.071428571428571,20.38571428571429,7.6,23.5,73.14285714285714,37.99999999999999,9.799999999999999,3.3999999999999986,2.2,17.900000000000002,28.0,2.2,28.0,97.33,19.049999999999997,79.94000000000001,-16.849999999999998,-51.94000000000001,10.471428571428572,15.071428571428571,9.799999999999999,15.0,weather_real
open-meteo:era5_seamless:-23.5:-46.8,2025,23,2025-06-08,7,6,23,159,0.3953117887649151,-0.9185469991587165,1,13.042857142857144,16.357142857142858,21.157142857142862,12.0,23.6,85.85714285714286,49.699999999999996,14.700000000000003,2.650000000000002,19.7,21.9,47.7,19.7,47.7,70.88,13.440000000000001,71.20999999999998,6.259999999999998,-23.509999999999977,13.042857142857144,16.357142857142858,14.700000000000003,15.0,weather_real
open-meteo:era5_seamless:-23.5:-46.8,2025,24,2025-06-15,7,6,24,166,0.2821076626819194,-0.9593827529490743,1,8.857142857142858,12.314285714285715,16.52857142857143,6.4,20.1,81.85714285714286,18.85,0.0,0.0,8.7,28.400000000000002,46.3,8.7,46.3,78.63,13.33,69.03,-4.630000000000001,-22.730000000000004,8.857142857142858,12.314285714285715,0.0,15.0,weather_real
open-meteo:era5_seamless:-23.5:-46.8,2025,25,2025-06-22,7,6,25,173,0.16481784665719793,-0.9863240225317866,1,10.971428571428572,15.900000000000002,21.62857142857143,9.2,22.5,69.85714285714286,44.099999999999994,9.100000000000001,1.3000000000000007,0.0,8.7,31.4,0.0,31.4,92.82000000000001,18.47,68.83,-18.47,-37.43,10.971428571428572,15.900000000000002,9.100000000000001,15.0,weather_real
open-meteo:era5_seamless:-23.5:-46.8,2025,26,2025-06-29,7,6,26,180,0.04514101777397193,-0.9989806246941579,1,10.585714285714285,14.857142857142858,20.671428571428574,2.1,23.3,74.71428571428571,40.0,13.8,5.350000000000001,23.4,23.4,51.8,23.4,51.8,91.09,17.990000000000002,67.88000000000001,5.409999999999997,-16.080000000000013,10.585714285714285,14.857142857142858,13.8,15.0,weather_real
open-meteo:era5_seamless:-23.5:-46.8,2025,27,2025-07-06,7,7,27,187,-0.07518957641475855,-0.9971692572470178,1,9.542857142857143,11.657142857142858,14.657142857142857,8.0,18.3,88.71428571428571,15.249999999999998,0.1999999999999993,0.0,6.3,29.699999999999996,47.5,6.3,47.5,54.32,9.18,62.68000000000001,-2.88,-15.180000000000007,9.542857142857143,11.657142857142858,0.1999999999999993,15.0,weather_real
open-meteo:era5_seamless:-23.5:-46.8,2025,28,2025-07-13,7,7,28,194,-0.19443122004766195,-0.9809161537413774,1,9.314285714285715,13.200000000000001,18.514285714285712,6.6,19.8,80.85714285714286,27.400000000000002,0.8499999999999979,0.0,0.0,6.300000000000001,29.799999999999997,0.0,29.799999999999997,97.22,16.27,67.17,-16.27,-37.370000000000005,9.314285714285715,13.200000000000001,0.8499999999999979,15.0,weather_real
open-meteo:era5_seamless:-23.5:-46.8,2025,29,2025-07-20,7,7,29,201,-0.3108569682435036,-0.9504567035349151,1,7.971428571428572,13.285714285714288,19.814285714285713,6.2,21.6,71.42857142857143,27.25,0.9500000000000011,0.0,0.0,0.0,29.700000000000003,0.0,29.700000000000003,110.30000000000001,19.59,67.23999999999998,-19.59,-37.53999999999998,7.971428571428572,13.285714285714288,0.9500000000000011,15.0,weather_real
open-meteo:era5_seamless:-23.5:-46.8,2025,30,2025-07-27,7,7,30,208,-0.4227806579826773,-0.9062320427107697,1,10.214285714285714,15.185714285714287,21.357142857142858,9.2,25.2,77.0,40.5,7.0500000000000025,0.8000000000000007,0.6,0.6,6.9,0.6,6.9,105.52,19.5,70.14,-18.9,-63.24,10.214285714285714,15.185714285714287,7.0500000000000025,15.0,weather_real
open-meteo:era5_seamless:-23.5:-46.8,2025,31,2025-08-03,7,8,31,215,-0.5285813283559292,-0.8488826652214553,1,7.3999999999999995,13.485714285714286,20.014285714285712,3.8,24.0,66.28571428571429,26.700000000000003,4.700000000000001,1.3500000000000014,1.9,2.5,2.5,1.9,2.5,119.68,22.580000000000002,82.40999999999998,-20.680000000000003,-79.90999999999998,7.3999999999999995,13.485714285714286,4.700000000000001,15.0,weather_real
open-meteo:era5_seamless:-23.5:-46.8,2025,32,2025-08-10,7,8,32,222,-0.6267266965083301,-0.7792391467859886,1,9.542857142857144,13.614285714285716,18.74285714285714,5.4,23.2,77.85714285714286,29.750000000000007,4.2500000000000036,0.0,5.4,7.300000000000001,7.9,5.4,7.9,84.78999999999999,15.99,82.66000000000001,-10.59,-74.76,9.542857142857144,13.614285714285716,4.2500000000000036,15.0,weather_real
open-meteo:era5_seamless:-23.5:-46.8,2025,33,2025-08-17,7,8,33,229,-0.7157953492826642,-0.6983101158835584,1,8.485714285714286,12.885714285714284,19.071428571428573,6.3,22.3,76.71428571428571,26.45,2.8000000000000007,0.0,0.2,5.6000000000000005,8.1,0.2,8.1,125.68,20.900000000000002,84.14,-20.700000000000003,-76.04,8.485714285714286,12.885714285714284,2.8000000000000007,15.0,weather_real
open-meteo:era5_seamless:-23.5:-46.8,2025,34,2025-08-24,7,8,34,236,-0.7944973291665992,-0.6072676460566135,1,13.671428571428573,19.01428571428571,25.72857142857143,11.1,29.2,62.142857142857146,67.9,32.900000000000006,20.05,0.0,0.2,7.5,0.0,7.5,127.75000000000001,29.08,95.28999999999998,-29.08,-87.78999999999998,13.671428571428573,19.01428571428571,32.900000000000006,15.0,weather_real
open-meteo:era5_seamless:-23.5:-46.8,2025,35,2025-08-31,7,8,35,243,-0.8616928164028522,-0.5074302810827518,1,12.842857142857143,16.2,22.385714285714283,11.5,25.9,81.42857142857143,53.3,18.3,4.75,15.600000000000001,15.600000000000001,21.200000000000003,15.600000000000001,21.200000000000003,113.7,20.94,94.28000000000002,-5.34,-73.08000000000001,12.842857142857143,16.2,18.3,15.0,weather_real
open-meteo:era5_seamless:-23.5:-46.8,2025,36,2025-09-07,7,9,36,250,-0.9164086366943458,-0.4002439388573056,1,13.014285714285714,17.414285714285715,22.928571428571423,12.0,26.3,70.85714285714286,55.8,20.8,9.75,3.0,18.6,20.7,3.0,20.7,119.26,23.97,98.64999999999998,-20.97,-77.94999999999997,13.014285714285714,17.414285714285715,20.8,15.0,weather_real
open-meteo:era5_seamless:-23.5:-46.8,2025,37,2025-09-14,7,9,37,257,-0.9578523554276669,-0.28726097055059635,1,11.72857142857143,17.157142857142855,24.54285714285714,8.9,28.4,68.71428571428571,56.95,21.95,9.899999999999999,0.1,3.1,18.900000000000006,0.1,18.900000000000006,148.17000000000002,29.94,109.99,-29.84,-91.08999999999999,11.72857142857143,17.157142857142855,21.95,15.0,weather_real
open-meteo:era5_seamless:-23.5:-46.8,2025,38,2025-09-21,7,9,38,264,-0.9854237542919524,-0.17011767832049052,1,14.12857142857143,19.385714285714283,26.3,12.3,31.1,68.0,71.5,36.5,22.5,2.5,2.6,21.200000000000006,2.5,21.200000000000006,145.34,31.43,115.27,-28.93,-94.07,14.12857142857143,19.385714285714283,36.5,15.0,weather_real
open-meteo:era5_seamless:-23.5:-46.8,2025,39,2025-09-28,7,9,39,271,-0.9987235240803972,-0.050510617185222886,1,11.4,15.471428571428573,20.685714285714287,8.7,27.6,75.28571428571429,42.3,11.85,7.199999999999999,16.4,18.9,23.499999999999996,16.4,23.499999999999996,116.73999999999998,23.400000000000002,114.98,-7.0000000000000036,-91.48,11.4,15.471428571428573,11.85,15.0,weather_real
open-meteo:era5_seamless:-23.5:-46.8,2025,40,2025-10-05,7,10,40,278,-0.9975590477788613,0.06982797572987089,0,14.685714285714287,20.014285714285712,26.942857142857143,13.5,29.7,70.0,75.7,40.699999999999996,26.699999999999996,5.8999999999999995,22.3,27.5,5.8999999999999995,27.5,148.09,31.32,119.82,-25.42,-92.32,14.685714285714287,20.014285714285712,40.699999999999996,15.0,weather_real
open-meteo:era5_seamless:-23.5:-46.8,2025,41,2025-10-12,7,10,41,285,-0.981947190186646,0.18915526872004093,0,13.742857142857142,17.785714285714285,22.47142857142857,11.3,31.5,78.28571428571429,56.75,22.95,13.849999999999998,32.8,38.7,57.6,32.8,57.6,107.47,22.86,117.28,9.939999999999998,-59.68,13.742857142857142,17.785714285714285,22.95,15.0,weather_real
open-meteo:era5_seamless:-23.5:-46.8,2025,42,2025-10-19,7,10,42,292,-0.9521140536681102,0.3057430764672831,0,13.8,18.414285714285715,23.94285714285714,10.2,30.1,78.85714285714286,62.10000000000001,29.65,17.65,12.400000000000002,45.199999999999996,67.6,12.400000000000002,67.6,134.72,26.43,116.03999999999999,-14.029999999999998,-48.44,13.8,18.414285714285715,29.65,15.0,weather_real
open-meteo:era5_seamless:-23.5:-46.8,2025,43,2025-10-26,7,10,43,299,-0.9084917035725082,0.41790288888678667,0,10.785714285714286,16.228571428571428,22.942857142857143,8.7,30.2,66.0,48.05,16.8,9.45,0.0,12.4,51.099999999999994,0.0,51.099999999999994,187.39,34.87,124.83,-34.87,-73.73,10.785714285714286,16.228571428571428,16.8,15.0,weather_real
open-meteo:era5_seamless:-23.5:-46.8,2025,44,2025-11-02,7,11,44,306,-0.8517119107469189,0.5240103253675756,0,14.685714285714285,18.057142857142853,22.82857142857143,13.3,26.3,85.14285714285714,61.3,26.299999999999997,13.25,64.3,64.3,110.29999999999998,64.3,110.29999999999998,105.99,20.08,112.44,44.22,-2.140000000000015,14.685714285714285,18.057142857142853,26.299999999999997,15.0,weather_real
open-meteo:era5_seamless:-23.5:-46.8,2025,45,2025-11-09,7,11,45,313,-0.7825970017677834,0.6225286602431057,0,14.171428571428569,18.5,23.071428571428573,11.7,26.5,82.14285714285714,60.35,25.450000000000003,14.700000000000003,14.0,78.3,92.9,14.0,92.9,128.69,24.139999999999997,113.03,-10.139999999999997,-20.129999999999995,14.171428571428569,18.5,25.450000000000003,15.0,weather_real
open-meteo:era5_seamless:-23.5:-46.8,2025,46,2025-11-16,7,11,46,320,-0.7021479494046978,0.7120310787787131,0,13.257142857142854,17.557142857142857,22.928571428571427,9.2,27.2,78.28571428571429,56.65,21.650000000000006,10.800000000000004,11.5,25.5,97.5,11.5,97.5,146.5,27.099999999999998,110.99,-15.599999999999998,-13.489999999999995,13.257142857142854,17.557142857142857,21.650000000000006,15.0,weather_real
open-meteo:era5_seamless:-23.5:-46.8,2025,47,2025-11-23,7,11,47,327,-0.6115298757991053,0.7912213413483807,0,14.557142857142855,18.785714285714285,24.057142857142857,11.1,27.5,76.85714285714286,65.15,30.15,16.5,26.099999999999998,37.6,115.89999999999999,26.099999999999998,115.89999999999999,154.26,29.319999999999997,112.22999999999998,-3.219999999999999,3.670000000000016,14.557142857142855,18.785714285714285,30.15,15.0,weather_real
open-meteo:era5_seamless:-23.5:-46.8,2025,48,2025-11-30,7,11,48,334,-0.5120551783114646,0.8589525565270845,0,13.057142857142855,18.4,24.742857142857144,10.2,30.0,75.14285714285714,62.3,27.3,14.3,10.0,36.1,79.3,10.0,79.3,187.86,35.16,121.64,-25.159999999999997,-42.34,13.057142857142855,18.4,27.3,15.0,weather_real
open-meteo:era5_seamless:-23.5:-46.8,2025,49,2025-12-07,7,12,49,341,-0.4051645224207563,0.9142437912130223,0,16.014285714285712,20.571428571428577,26.914285714285715,13.3,30.5,78.14285714285714,80.25,45.25,31.250000000000004,19.8,29.8,74.30000000000001,19.8,74.30000000000001,165.03,32.6,129.42000000000002,-12.8,-55.120000000000005,16.014285714285712,20.571428571428577,45.25,15.0,weather_real
open-meteo:era5_seamless:-23.5:-46.8,2025,50,2025-12-14,7,12,50,348,-0.29240597695107734,0.9562942772197719,0,17.728571428571428,20.485714285714288,24.271428571428572,15.0,27.4,79.71428571428571,77.0,42.00000000000001,28.000000000000004,72.1,91.9,134.29999999999998,72.1,134.29999999999998,124.75,25.43,128.23,46.669999999999995,6.069999999999993,17.728571428571428,20.485714285714288,42.00000000000001,15.0,weather_real
open-meteo:era5_seamless:-23.5:-46.8,2025,51,2025-12-21,7,12,51,355,-0.17541259380427843,0.9844950085880858,0,15.914285714285711,19.514285714285712,23.942857142857143,13.7,27.7,81.42857142857143,69.5,34.5,21.5,31.899999999999995,104.0,138.9,31.899999999999995,138.9,137.45,26.59,127.97000000000001,5.309999999999995,10.929999999999993,15.914285714285711,19.514285714285712,34.5,15.0,weather_real
open-meteo:era5_seamless:-23.5:-46.8,2025,52,2025-12-28,7,12,52,362,-0.05587875690537313,0.9984375616565666,0,19.157142857142855,24.342857142857145,29.571428571428577,17.8,31.5,67.42857142857143,100.54999999999998,65.55,51.550000000000004,5.6,37.49999999999999,129.4,5.6,129.4,182.22,38.63,135.65,-33.03,-6.25,19.157142857142855,24.342857142857145,65.55,15.0,weather_real
open-meteo:era5_seamless:-23.5:-46.8,2026,1,2026-01-04,7,1,1,4,0.06875540848113941,0.9976335468520451,0,19.12857142857143,22.514285714285712,27.442857142857143,16.6,30.5,79.57142857142857,93.0,57.99999999999999,43.99999999999999,28.9,34.5,141.2,28.9,141.2,150.92000000000002,30.22,130.91,-1.3200000000000003,10.289999999999992,19.12857142857143,22.514285714285712,57.99999999999999,15.0,weather_real
open-meteo:era5_seamless:-23.5:-46.8,2026,2,2026-01-11,7,1,2,11,0.18809941761179758,0.9821499931752291,0,16.614285714285714,21.542857142857144,27.028571428571432,14.3,30.8,73.14285714285714,82.75,47.75,33.75,18.1,47.00000000000001,105.3,18.1,105.3,172.95,35.06,134.72,-16.96,-29.42,16.614285714285714,21.542857142857144,47.75,15.0,weather_real
open-meteo:era5_seamless:-23.5:-46.8,2026,3,2026-01-18,7,1,3,18,0.3047192331091634,0.9524422234305676,0,17.985714285714284,21.357142857142858,25.957142857142856,17.4,30.1,79.71428571428571,83.79999999999998,48.800000000000004,34.8,35.6,53.70000000000001,88.89999999999999,35.6,88.89999999999999,132.91000000000003,26.849999999999994,140.57,8.750000000000007,-51.67,17.985714285714284,21.357142857142858,48.800000000000004,15.0,weather_real
open-meteo:era5_seamless:-23.5:-46.8,2026,4,2026-01-25,7,1,4,25,0.4169258813287287,0.908940487313808,0,14.700000000000001,17.485714285714288,21.1,13.2,23.3,85.28571428571429,55.3,20.299999999999997,7.949999999999999,38.9,74.50000000000001,126.30000000000003,38.9,126.30000000000003,113.37,20.43,124.06,18.47,2.2400000000000233,14.700000000000001,17.485714285714288,20.299999999999997,15.0,weather_real
open-meteo:era5_seamless:-23.5:-46.8,2026,5,2026-02-01,7,2,5,32,0.5230943033491326,0.8522748088519838,0,16.9,20.428571428571427,25.057142857142857,16.2,26.5,85.14285714285714,76.85,41.85,27.849999999999998,60.4,99.30000000000001,156.50000000000003,60.4,156.50000000000003,143.8,26.45,116.97,33.95,39.53000000000003,16.9,20.428571428571427,41.85,15.0,weather_real
open-meteo:era5_seamless:-23.5:-46.8,2026,6,2026-02-08,7,2,6,39,0.6216868902665479,0.7832658619336791,0,18.17142857142857,20.314285714285713,24.14285714285714,17.5,25.3,89.14285714285714,78.1,43.099999999999994,29.099999999999994,96.4,156.8,231.30000000000004,96.4,231.30000000000004,101.26999999999998,19.23,105.35000000000001,77.17,125.95000000000003,18.17142857142857,20.314285714285713,43.099999999999994,15.0,weather_real
open-meteo:era5_seamless:-23.5:-46.8,2026,7,2026-02-15,7,2,7,46,0.7112757519738152,0.7029130847082615,0,17.785714285714285,20.900000000000002,25.128571428571426,17.0,28.0,82.28571428571429,80.20000000000002,45.199999999999996,31.2,34.3,130.70000000000002,240.8,34.3,240.8,126.29999999999998,25.060000000000002,97.63,9.239999999999995,143.17000000000002,17.785714285714285,20.900000000000002,45.199999999999996,15.0,weather_real
open-meteo:era5_seamless:-23.5:-46.8,2026,8,2026-02-22,7,2,8,53,0.7905633969115482,0.612380204990065,0,18.17142857142857,21.75714285714286,26.014285714285712,16.8,28.9,82.28571428571429,84.65,49.650000000000006,35.650000000000006,16.200000000000003,50.49999999999999,214.60000000000002,16.200000000000003,214.60000000000002,147.47,28.64,106.56999999999996,-12.439999999999998,108.03000000000006,18.17142857142857,21.75714285714286,49.650000000000006,15.0,weather_real
open-meteo:era5_seamless:-23.5:-46.8,2026,9,2026-03-01,7,3,9,60,0.8584015232918917,0.512978386299228,0,16.428571428571427,19.17142857142857,23.0,12.8,26.0,85.85714285714286,68.00000000000001,33.000000000000014,19.25000000000001,53.400000000000006,69.6,209.3,53.400000000000006,209.3,117.32999999999998,21.36,101.77,32.040000000000006,107.53000000000002,16.428571428571427,19.17142857142857,33.000000000000014,15.0,weather_real
open-meteo:era5_seamless:-23.5:-46.8,2026,10,2026-03-08,7,3,10,67,0.9138076496466615,0.4061472386305789,0,15.185714285714285,19.12857142857143,24.62857142857143,11.8,26.2,84.28571428571429,69.35000000000001,34.35,20.35,37.8,91.2,182.2,37.8,182.2,150.53000000000003,27.59,108.03,10.209999999999997,74.16999999999999,15.185714285714285,19.12857142857143,34.35,15.0,weather_real
open-meteo:era5_seamless:-23.5:-46.8,2026,11,2026-03-15,7,3,11,74,0.9559793438440766,0.2934339689665273,0,16.314285714285713,18.900000000000002,21.97142857142857,13.3,25.4,89.14285714285714,64.0,29.000000000000004,15.000000000000004,66.9,104.7,175.1,66.9,175.1,76.78999999999999,14.959999999999999,102.42000000000002,51.940000000000005,72.67999999999998,16.314285714285713,18.900000000000002,29.000000000000004,15.0,weather_real
open-meteo:era5_seamless:-23.5:-46.8,2026,12,2026-03-22,7,3,12,81,0.984305844499033,0.17647097349152166,0,16.34285714285714,20.7,25.828571428571426,14.5,28.0,82.0,77.6,42.6,28.6,23.299999999999997,90.20000000000002,187.8,23.299999999999997,187.8,143.09,27.62,97.74000000000002,-4.320000000000004,90.05999999999999,16.34285714285714,20.7,42.6,15.0,weather_real
open-meteo:era5_seamless:-23.5:-46.8,2026,13,2026-03-29,7,3,13,88,0.998376906467142,0.056952196034039754,0,16.07142857142857,20.514285714285712,26.11428571428571,14.7,26.7,81.28571428571429,77.64999999999999,42.64999999999999,28.65,3.4000000000000004,26.699999999999996,131.39999999999998,3.4000000000000004,131.39999999999998,156.14,29.73,106.66,-26.33,24.73999999999998,16.07142857142857,20.514285714285712,42.64999999999999,15.0,weather_real
open-meteo:era5_seamless:-23.5:-46.8,2026,14,2026-04-05,7,4,14,95,0.9979887423155984,-0.06339140486951038,1,16.32857142857143,19.942857142857143,24.7,15.0,26.5,82.14285714285714,73.60000000000001,38.6,24.600000000000005,27.1,30.500000000000004,138.9,27.1,138.9,126.18000000000002,23.779999999999998,103.34000000000003,3.320000000000004,35.559999999999974,16.32857142857143,19.942857142857143,38.6,15.0,weather_real
open-meteo:era5_seamless:-23.5:-46.8,2026,15,2026-04-12,7,4,15,102,0.9831469737221499,-0.1828169249850199,1,15.857142857142856,18.885714285714283,22.885714285714283,12.6,24.8,83.0,65.6,30.599999999999994,16.599999999999994,8.1,35.2,62.300000000000004,8.1,62.300000000000004,108.30999999999999,20.480000000000004,110.13999999999999,-12.380000000000004,-47.83999999999998,15.857142857142856,18.885714285714283,30.599999999999994,15.0,weather_real
open-meteo:era5_seamless:-23.5:-46.8,2026,16,2026-04-19,7,4,16,109,0.9540665500578387,-0.2995947563972602,1,14.185714285714287,18.857142857142858,24.385714285714283,12.4,26.4,76.42857142857143,65.0,29.999999999999993,15.999999999999993,5.1000000000000005,13.2,43.7,5.1000000000000005,43.7,136.68,25.81,108.43,-20.709999999999997,-64.73,14.185714285714287,18.857142857142858,29.999999999999993,15.0,weather_real
open-meteo:era5_seamless:-23.5:-46.8,2026,17,2026-04-26,7,4,17,116,0.9111686353326631,-0.41203363695942635,1,13.771428571428572,18.67142857142857,24.542857142857144,11.9,27.7,75.0,64.10000000000001,29.100000000000005,15.100000000000005,0.0,5.1000000000000005,40.3,0.0,40.3,133.66,26.159999999999997,105.26000000000002,-26.159999999999997,-64.96000000000002,13.771428571428572,18.67142857142857,29.100000000000005,15.0,weather_real
open-meteo:era5_seamless:-23.5:-46.8,2026,18,2026-05-03,7,5,18,123,0.8550745085896932,-0.518505144391157,1,16.45714285714286,19.4,24.057142857142857,13.8,26.5,83.42857142857143,71.8,36.8,23.55,30.400000000000002,30.400000000000002,45.199999999999996,30.400000000000002,45.199999999999996,89.35000000000001,17.959999999999997,97.11000000000001,12.440000000000005,-51.91000000000002,16.45714285714286,19.4,36.8,15.0,weather_real
open-meteo:era5_seamless:-23.5:-46.8,2026,19,2026-05-10,7,5,19,130,0.7865965660866021,-0.6174672802835514,1,15.085714285714287,19.142857142857142,24.2,11.3,26.5,73.42857142857143,67.5,33.2,21.200000000000003,10.8,41.2,46.30000000000001,10.8,46.30000000000001,94.35,21.400000000000002,98.67,-10.600000000000001,-52.36999999999999,15.085714285714287,19.142857142857142,33.2,15.0,weather_real
open-meteo:era5_seamless:-23.5:-46.8,2026,20,2026-05-17,7,5,20,137,0.7067265555776158,-0.7074868024503348,1,10.385714285714286,14.985714285714286,20.95714285714286,6.9,23.9,80.71428571428571,39.7,9.650000000000006,2.650000000000002,21.6,32.4,67.5,21.6,67.5,99.53999999999999,17.15,90.06000000000002,4.450000000000003,-22.560000000000016,10.385714285714286,14.985714285714286,9.650000000000006,15.0,weather_real
open-meteo:era5_seamless:-23.5:-46.8,2026,21,2026-05-24,7,5,21,144,0.6166212130956382,-0.7872599821916922,1,13.299999999999999,14.985714285714284,17.57142857142857,11.8,20.7,91.28571428571429,38.050000000000004,5.650000000000002,0.3999999999999986,41.0,62.60000000000001,103.8,41.0,103.8,47.48,8.66,73.59,32.34,30.209999999999994,13.299999999999999,14.985714285714284,5.650000000000002,15.0,weather_real
open-meteo:era5_seamless:-23.5:-46.8,2026,22,2026-05-31,7,5,22,151,0.5175855102531889,-0.8556314858488706,1,12.742857142857142,15.6,19.642857142857142,10.0,23.1,86.28571428571429,43.35,9.75,2.1999999999999993,3.2,44.2,78.69999999999999,3.2,78.69999999999999,77.52,13.410000000000004,65.58,-10.210000000000004,13.11999999999999,12.742857142857142,15.6,9.75,15.0,weather_real
open-meteo:era5_seamless:-23.5:-46.8,2026,23,2026-06-07,7,6,23,158,0.4110537546870351,-0.9116111071930239,1,10.557142857142855,13.714285714285712,18.428571428571427,8.3,19.4,83.42857142857143,31.449999999999996,0.8499999999999996,0.0,0.0,3.2,75.80000000000001,0.0,75.80000000000001,92.24,15.100000000000001,58.37,-15.100000000000001,17.430000000000014,10.557142857142855,13.714285714285712,0.8499999999999996,15.0,weather_real
open-meteo:era5_seamless:-23.5:-46.8,2026,24,2026-06-14,7,6,24,165,0.2985688173637202,-0.9543881083175908,1,11.64285714285714,15.342857142857143,19.714285714285715,7.7,21.5,81.14285714285714,39.75,5.85,0.0,21.699999999999996,21.699999999999996,80.9,21.699999999999996,80.9,74.64999999999999,13.730000000000002,55.099999999999994,7.9699999999999935,25.80000000000001,11.64285714285714,15.342857142857143,5.85,15.0,weather_real
open-meteo:era5_seamless:-23.5:-46.8,2026,25,2026-06-21,7,6,25,172,0.18175978759137534,-0.9833429613388902,1,10.0,13.4,17.714285714285715,6.5,21.1,83.0,27.0,0.8000000000000007,0.0,8.9,30.599999999999998,59.79999999999999,8.9,59.79999999999999,77.22999999999999,13.25,58.34,-4.35,1.4599999999999866,10.0,13.4,0.8000000000000007,15.0,weather_real
open-meteo:era5_seamless:-23.5:-46.8,2026,26,2026-06-28,7,6,26,179,0.062318379354325076,-0.998056320853012,1,10.328571428571427,14.142857142857142,18.400000000000002,7.8,22.8,84.85714285714286,30.549999999999997,4.0,0.1999999999999993,55.800000000000004,64.69999999999999,86.89999999999999,55.800000000000004,86.89999999999999,61.3,12.069999999999999,57.17,43.730000000000004,29.72999999999999,10.328571428571427,14.142857142857142,4.0,15.0,weather_real
open-meteo:era5_seamless:-23.5:-46.8,2026,27,2026-07-05,7,7,27,186,-0.05802556932878035,-0.9983150972033183,1,11.514285714285714,15.8,21.02857142857143,10.1,23.2,79.42857142857143,43.89999999999999,10.899999999999999,2.3999999999999986,0.2,56.0,86.6,0.2,86.6,92.89,17.11,61.11,-16.91,25.489999999999995,11.514285714285714,15.8,10.899999999999999,15.0,weather_real
open-meteo:era5_seamless:-23.5:-46.8,2026,28,2026-07-12,7,7,28,193,-0.17752914918703497,-0.984115542601034,1,9.485714285714286,14.442857142857141,20.114285714285717,7.6,23.4,77.85714285714286,33.6,2.849999999999998,0.0,3.3,3.5,73.2,3.3,73.2,93.95,16.97,61.35,-13.669999999999998,11.850000000000001,9.485714285714286,14.442857142857141,2.849999999999998,15.0,weather_real
open-meteo:era5_seamless:-23.5:-46.8,2026,29,2026-07-19,7,7,29,200,-0.2944616217868012,-0.9556633054034704,1,7.7,12.671428571428569,18.8,5.9,21.7,70.28571428571429,22.749999999999993,0.8999999999999986,0.0,0.3,3.6,62.099999999999994,0.3,62.099999999999994,102.17,19.27,69.94000000000001,-18.97,-7.840000000000018,7.7,12.671428571428569,0.8999999999999986,15.0,weather_real
open-meteo:era5_seamless:-23.5:-46.8,2026,30,2026-07-26,7,7,30,207,-0.4071294853542516,-0.9133704517637858,1,11.771428571428572,15.757142857142858,21.11428571428571,11.2,24.8,74.14285714285714,45.1,11.600000000000001,2.150000000000002,15.899999999999999,16.2,19.7,15.899999999999999,19.7,90.55,18.42,76.82000000000001,-2.520000000000003,-57.120000000000005,11.771428571428572,15.757142857142858,11.600000000000001,15.0,weather_real
open-meteo:era5_seamless:-23.5:-46.8,2026,31,2026-08-02,7,8,31,214,-0.5139010013093103,-0.8578494977869301,1,10.77142857142857,16.442857142857143,23.285714285714285,9.3,26.5,72.71428571428571,49.2,14.200000000000001,3.75,0.8,16.7,20.3,0.8,20.3,116.58000000000001,22.17,79.94,-21.37,-59.64,10.77142857142857,16.442857142857143,14.200000000000001,15.0,weather_real
open-meteo:era5_seamless:-23.5:-46.8,2026,32,2026-08-09,7,8,32,221,-0.6132298262997502,-0.7899045386224707,1,13.314285714285715,18.285714285714285,23.62857142857143,10.6,25.2,69.42857142857143,59.3,24.3,10.3,5.7,6.5,24.499999999999996,5.7,24.499999999999996,93.44,21.5,86.71,-15.8,-62.209999999999994,13.314285714285715,18.285714285714285,24.3,15.0,weather_real
open-meteo:era5_seamless:-23.5:-46.8,2026,33,2026-08-16,7,8,33,228,-0.7036774074790128,-0.7105196029692745,1,13.35714285714286,16.84285714285714,21.671428571428574,11.2,27.3,82.85714285714286,52.6,20.700000000000003,10.700000000000003,6.6,12.299999999999999,29.0,6.6,29.0,86.14,16.97,86.29,-10.37,-57.290000000000006,13.35714285714286,16.84285714285714,20.700000000000003,15.0,weather_real
open-meteo:era5_seamless:-23.5:-46.8,2026,34,2026-08-23,7,8,34,235,-0.7839338166829201,-0.620844401650647,1,13.0,18.74285714285714,25.185714285714283,10.5,28.5,65.57142857142857,63.64999999999999,28.649999999999995,17.349999999999998,0.3,6.8999999999999995,13.399999999999999,0.3,13.399999999999999,134.24,27.509999999999998,92.61000000000001,-27.209999999999997,-79.21000000000001,13.0,18.74285714285714,28.649999999999995,15.0,weather_real
open-meteo:era5_seamless:-23.5:-46.8,2026,35,2026-08-30,7,8,35,242,-0.8528367217694595,-0.522177676659508,1,14.400000000000002,18.785714285714285,24.728571428571428,11.5,29.8,72.85714285714286,66.95,31.950000000000003,20.35,2.8,3.1,15.399999999999997,2.8,15.399999999999997,107.16,23.229999999999997,95.94000000000003,-20.429999999999996,-80.54000000000003,14.400000000000002,18.785714285714285,31.950000000000003,15.0,weather_real
open-meteo:era5_seamless:-23.5:-46.8,2026,36,2026-09-01,2,9,36,244,-0.8702939222685674,-0.49253272872205434,1,15.45,19.85,24.85,14.2,27.6,82.0,20.299999999999997,10.299999999999997,6.299999999999997,33.4,33.9,46.2,33.4,46.2,102.42,22.82,93.35000000000001,10.579999999999998,-47.150000000000006,15.457142857142859,20.25714285714286,10.299999999999997,15.0,weather_real
open-meteo:era5_seamless:-23.6:-46.8,2022,52,2023-01-01,1,1,52,1,0.017201575418260506,0.9998520419557735,0,18.2,21.3,25.5,18.2,25.5,88.0,11.850000000000001,6.850000000000001,4.850000000000001,8.2,8.2,8.2,8.2,8.2,22.54,4.19,4.19,4.009999999999999,4.009999999999999,18.2,21.3,6.850000000000001,15.0,weather_real
open-meteo:era5_seamless:-23.6:-46.8,2023,1,2023-01-08,7,1,1,8,0.13718540405660057,0.9905453876091833,0,16.371428571428574,18.971428571428568,22.214285714285715,14.9,26.8,87.28571428571429,65.05000000000001,30.05,16.400000000000002,74.9,83.1,83.1,74.9,83.1,96.89999999999999,18.580000000000002,22.77,56.32000000000001,60.33,16.371428571428574,18.971428571428568,30.05,15.0,weather_real
open-meteo:era5_seamless:-23.6:-46.8,2023,2,2023-01-15,7,1,2,15,0.2551824131233728,0.9668929289391521,0,18.685714285714287,21.428571428571423,25.057142857142857,17.2,28.6,85.71428571428571,83.10000000000001,48.099999999999994,34.099999999999994,37.099999999999994,112.00000000000001,120.2,37.099999999999994,120.2,125.61999999999999,23.85,46.62,13.249999999999993,73.58000000000001,18.685714285714287,21.428571428571423,48.099999999999994,15.0,weather_real
open-meteo:era5_seamless:-23.6:-46.8,2023,3,2023-01-22,7,1,3,22,0.3694836834473831,0.9292372181882051,0,18.585714285714285,21.785714285714285,26.24285714285714,16.9,27.8,86.14285714285714,86.9,51.9,37.89999999999999,44.800000000000004,81.89999999999999,164.99999999999997,44.800000000000004,164.99999999999997,151.48,28.939999999999998,75.56,15.860000000000007,89.43999999999997,18.585714285714285,21.785714285714285,51.9,15.0,weather_real
open-meteo:era5_seamless:-23.6:-46.8,2023,4,2023-01-29,7,1,4,29,0.4784338202547012,0.8781236129591848,0,18.157142857142855,21.7,26.357142857142858,15.7,26.7,83.28571428571429,85.79999999999998,50.8,36.8,30.1,74.89999999999999,195.09999999999997,30.1,195.09999999999997,164.22,31.300000000000004,106.86000000000001,-1.2000000000000028,88.23999999999995,18.157142857142855,21.7,50.8,15.0,weather_real
open-meteo:era5_seamless:-23.6:-46.8,2023,5,2023-02-05,7,2,5,36,0.580454927809098,0.8142923779467267,0,19.728571428571428,22.157142857142855,25.9,18.9,26.9,84.14285714285714,89.7,54.7,40.7,35.39999999999999,65.5,148.5,35.39999999999999,148.5,105.86999999999999,21.39,109.89000000000001,14.009999999999991,38.609999999999985,19.728571428571428,22.157142857142855,54.7,15.0,weather_real
open-meteo:era5_seamless:-23.6:-46.8,2023,6,2023-02-12,7,2,6,43,0.6740694616546161,0.7386679638813748,0,18.37142857142857,21.357142857142858,25.471428571428568,16.9,26.9,88.28571428571429,83.44999999999999,48.45,34.449999999999996,88.50000000000001,123.89999999999999,210.00000000000003,88.50000000000001,210.00000000000003,127.57,24.44,115.11,64.06000000000002,94.89000000000003,18.37142857142857,21.357142857142858,48.45,15.0,weather_real
open-meteo:era5_seamless:-23.6:-46.8,2023,7,2023-02-19,7,2,7,50,0.7579216274973472,0.6523456189565257,0,18.87142857142857,21.771428571428572,25.214285714285715,16.2,28.5,85.14285714285714,84.29999999999998,49.3,35.3,93.5,182.0,250.8,93.5,250.8,110.55,22.27,108.47999999999999,71.23,142.32000000000002,18.87142857142857,21.771428571428572,49.3,15.0,weather_real
open-meteo:era5_seamless:-23.6:-46.8,2023,8,2023-02-26,7,2,8,57,0.8307970168121247,0.5565755266413303,0,18.714285714285715,22.12857142857143,26.8,17.7,27.8,84.71428571428571,89.3,54.3,40.3,47.0,140.49999999999997,278.7,47.0,278.7,150.99,28.810000000000002,105.23000000000002,18.189999999999998,173.46999999999997,18.714285714285715,22.12857142857143,54.3,15.0,weather_real
open-meteo:era5_seamless:-23.6:-46.8,2023,9,2023-03-05,7,3,9,64,0.8916401947968874,0.45274469960737107,0,19.0,22.17142857142857,26.5,17.8,27.7,85.14285714285714,89.25,54.25000000000001,40.25000000000001,34.900000000000006,81.9,277.09999999999997,34.900000000000006,277.09999999999997,140.94,26.92,108.83000000000001,7.980000000000004,168.26999999999995,19.0,22.17142857142857,54.25000000000001,15.0,weather_real
open-meteo:era5_seamless:-23.6:-46.8,2023,10,2023-03-12,7,3,10,71,0.9395699859530622,0.342356891994542,0,18.87142857142857,21.785714285714285,26.01428571428571,18.7,27.8,84.71428571428571,87.1,52.09999999999999,38.09999999999999,61.099999999999994,96.00000000000001,262.9,61.099999999999994,262.9,124.96,24.43,106.79,36.669999999999995,156.10999999999996,18.87142857142857,21.785714285714285,52.09999999999999,15.0,weather_real
open-meteo:era5_seamless:-23.6:-46.8,2023,11,2023-03-19,7,3,11,78,0.9738922359149924,0.22701082094141847,0,17.785714285714285,20.85714285714286,25.47142857142857,16.3,26.7,86.28571428571429,81.4,46.4,32.4,27.1,88.2,250.39999999999998,27.1,250.39999999999998,134.62,25.52,108.11999999999999,1.5800000000000018,142.27999999999997,17.785714285714285,20.85714285714286,46.4,15.0,weather_real
open-meteo:era5_seamless:-23.6:-46.8,2023,12,2023-03-26,7,3,12,85,0.9941098647022418,0.10837701279187609,0,17.842857142857145,22.400000000000002,27.67142857142857,16.3,29.5,81.57142857142857,89.3,54.3,40.3,4.4,31.500000000000004,131.7,4.4,131.7,158.78000000000003,31.36,117.51,-26.96,14.189999999999984,17.842857142857145,22.400000000000002,54.3,15.0,weather_real
open-meteo:era5_seamless:-23.6:-46.8,2023,13,2023-04-02,7,4,13,92,0.9999300657962057,-0.011826390691832589,1,17.67142857142857,20.842857142857138,24.900000000000002,16.2,27.4,86.28571428571429,79.0,44.0,30.0,25.4,29.799999999999997,125.4,25.4,125.4,113.83,21.84,110.93000000000002,3.5599999999999987,14.469999999999985,17.67142857142857,20.842857142857138,44.0,15.0,weather_real
open-meteo:era5_seamless:-23.6:-46.8,2023,14,2023-04-09,7,4,14,99,0.9912685467787256,-0.13185851571739118,1,16.071428571428573,19.028571428571432,22.88571428571429,14.7,26.2,87.14285714285714,66.35,31.349999999999998,17.349999999999998,17.799999999999997,43.2,108.30000000000001,17.799999999999997,108.30000000000001,106.24,19.669999999999998,101.85999999999999,-1.870000000000001,6.440000000000026,16.071428571428573,19.028571428571432,31.349999999999998,15.0,weather_real
open-meteo:era5_seamless:-23.6:-46.8,2023,15,2023-04-16,7,4,15,106,0.9682507501166718,-0.2499809690726521,1,16.328571428571426,19.671428571428574,24.085714285714285,12.7,26.8,85.14285714285714,71.45,36.45,22.45,11.299999999999999,29.099999999999998,59.5,11.299999999999999,59.5,118.19,21.549999999999997,102.83,-10.249999999999998,-43.33,16.328571428571426,19.671428571428574,36.45,15.0,weather_real
open-meteo:era5_seamless:-23.6:-46.8,2023,16,2023-04-23,7,4,16,113,0.9312100364121947,-0.3644830148102912,1,14.314285714285713,18.02857142857143,22.45714285714286,9.3,25.9,80.85714285714286,58.70000000000001,24.150000000000002,13.5,45.0,56.3,102.19999999999999,45.0,102.19999999999999,116.89999999999998,21.8,94.22,23.2,7.97999999999999,14.314285714285713,18.02857142857143,24.150000000000002,15.0,weather_real
open-meteo:era5_seamless:-23.6:-46.8,2023,17,2023-04-30,7,4,17,120,0.8806828564301475,-0.47370635037968,1,15.157142857142857,18.228571428571428,22.714285714285715,12.3,24.1,84.71428571428571,62.55000000000001,27.550000000000004,13.550000000000004,4.2,49.2,79.30000000000001,4.2,79.30000000000001,94.59999999999998,17.569999999999997,86.56000000000003,-13.369999999999997,-7.260000000000019,15.157142857142857,18.228571428571428,27.550000000000004,15.0,weather_real
open-meteo:era5_seamless:-23.6:-46.8,2023,18,2023-05-07,7,5,18,127,0.8174009818249189,-0.5760691233798758,1,17.071428571428573,20.24285714285714,24.828571428571426,16.8,26.0,84.0,76.65,41.650000000000006,27.650000000000006,1.6,5.800000000000001,65.6,1.6,65.6,108.88,20.48,85.42,-18.88,-19.820000000000007,17.071428571428573,20.24285714285714,41.650000000000006,15.0,weather_real
open-meteo:era5_seamless:-23.6:-46.8,2023,19,2023-05-14,7,5,19,134,0.742280907086982,-0.6700888411055113,1,14.514285714285714,17.557142857142857,21.585714285714285,11.2,26.5,82.85714285714286,56.35,21.350000000000005,11.700000000000003,5.1,6.699999999999999,59.5,5.1,59.5,99.61,17.86,83.07000000000001,-12.76,-23.570000000000007,14.514285714285714,17.557142857142857,21.350000000000005,15.0,weather_real
open-meteo:era5_seamless:-23.6:-46.8,2023,20,2023-05-21,7,5,20,141,0.6564105761979381,-0.7544038410927472,1,10.071428571428571,15.071428571428573,21.114285714285717,8.7,23.0,78.71428571428571,39.15,4.699999999999996,0.0,0.0,5.1,10.899999999999999,0.0,10.899999999999999,118.61,19.970000000000002,82.12999999999998,-19.970000000000002,-71.22999999999999,10.071428571428571,15.071428571428573,4.699999999999996,15.0,weather_real
open-meteo:era5_seamless:-23.6:-46.8,2023,21,2023-05-28,7,5,21,148,0.5610336262283677,-0.8277930117131022,1,13.342857142857143,18.128571428571426,23.699999999999996,12.0,25.3,76.28571428571429,59.64999999999999,24.650000000000002,10.650000000000002,4.1,4.1,11.3,4.1,11.3,97.92999999999999,19.369999999999997,82.85000000000001,-15.269999999999998,-71.55000000000001,13.342857142857143,18.128571428571426,24.650000000000002,15.0,weather_real
open-meteo:era5_seamless:-23.6:-46.8,2023,22,2023-06-04,7,6,22,155,0.4575313760742512,-0.8891934772070711,1,12.985714285714286,15.87142857142857,19.685714285714283,9.5,22.7,85.71428571428571,44.35,9.350000000000005,0.4499999999999993,22.5,26.6,31.699999999999996,22.5,31.699999999999996,73.86999999999999,13.190000000000001,76.13999999999999,9.309999999999999,-44.43999999999999,12.985714285714286,15.87142857142857,9.350000000000005,15.0,weather_real
open-meteo:era5_seamless:-23.6:-46.8,2023,23,2023-06-11,7,6,23,162,0.3474028211842774,-0.9377159910299093,1,11.785714285714286,16.585714285714285,22.571428571428573,10.2,24.9,71.57142857142857,50.24999999999999,15.249999999999993,2.9499999999999957,0.0,22.5,26.6,0.0,26.6,109.66000000000001,21.310000000000002,78.91,-21.310000000000002,-52.309999999999995,11.785714285714286,16.585714285714285,15.249999999999993,15.0,weather_real
open-meteo:era5_seamless:-23.6:-46.8,2023,24,2023-06-18,7,6,24,169,0.23224292400907015,-0.9726578145718654,1,11.871428571428572,14.428571428571429,17.514285714285712,7.4,25.3,87.28571428571429,32.85,5.100000000000001,2.5,34.8,34.8,61.4,34.8,61.4,55.86,9.969999999999999,69.62,24.83,-8.220000000000006,11.871428571428572,14.428571428571429,5.100000000000001,15.0,weather_real
open-meteo:era5_seamless:-23.6:-46.8,2023,25,2023-06-25,7,6,25,176,0.11371951458594969,-0.9935128947338007,1,10.828571428571427,15.557142857142855,21.614285714285717,8.6,23.9,75.57142857142857,43.55,9.249999999999996,1.1999999999999957,0.0,34.800000000000004,61.4,0.0,61.4,102.69,18.81,68.13999999999999,-18.81,-6.739999999999988,10.828571428571427,15.557142857142855,9.249999999999996,15.0,weather_real
open-meteo:era5_seamless:-23.6:-46.8,2023,26,2023-07-02,7,7,26,183,-0.00645086419810515,-0.9999791929590823,1,12.499999999999998,16.5,21.485714285714284,11.2,24.0,78.85714285714286,48.949999999999996,13.949999999999998,2.149999999999995,1.2,1.2,35.99999999999999,1.2,35.99999999999999,97.63,18.0,73.61999999999999,-16.8,-37.62,12.499999999999998,16.5,13.949999999999998,15.0,weather_real
open-meteo:era5_seamless:-23.6:-46.8,2023,27,2023-07-09,7,7,27,190,-0.12652781683868314,-0.9919630595773397,1,10.185714285714285,15.014285714285714,20.885714285714283,7.7,24.0,73.14285714285714,38.75,6.4499999999999975,1.4499999999999993,12.5,13.7,48.5,12.5,48.5,95.33999999999999,18.69,72.63,-6.190000000000001,-24.129999999999995,10.185714285714285,15.014285714285714,6.4499999999999975,15.0,weather_real
open-meteo:era5_seamless:-23.6:-46.8,2023,28,2023-07-16,7,7,28,197,-0.24477230089725957,-0.9695805901076308,1,11.87142857142857,16.685714285714287,22.14285714285714,8.6,26.2,71.42857142857143,49.05,18.45,10.0,1.7,14.2,15.399999999999999,1.7,15.399999999999999,102.34,22.039999999999996,81.58,-20.339999999999996,-66.18,11.87142857142857,16.685714285714287,18.45,15.0,weather_real
open-meteo:era5_seamless:-23.6:-46.8,2023,29,2023-07-23,7,7,29,204,-0.3594718130884232,-0.9331559438780432,1,12.657142857142857,16.128571428571426,20.67142857142857,11.3,24.2,82.0,46.65,12.350000000000001,2.6499999999999986,1.5,3.2,16.900000000000002,1.5,16.900000000000002,85.74000000000001,15.43,79.96000000000001,-13.93,-63.06,12.657142857142857,16.128571428571426,12.350000000000001,15.0,weather_real
open-meteo:era5_seamless:-23.6:-46.8,2023,30,2023-07-30,7,7,30,211,-0.46896519100763184,-0.8832166493127127,1,13.685714285714285,17.614285714285714,22.857142857142858,11.7,26.1,74.42857142857143,57.89999999999999,23.749999999999993,13.749999999999993,3.9,5.4,19.900000000000002,3.9,19.900000000000002,91.25999999999999,18.61,79.46999999999998,-14.709999999999999,-59.56999999999998,13.685714285714285,17.614285714285714,23.749999999999993,15.0,weather_real
open-meteo:era5_seamless:-23.6:-46.8,2023,31,2023-08-06,7,8,31,218,-0.5716666713027052,-0.8204859638785327,1,12.014285714285714,17.571428571428573,25.157142857142855,10.9,28.1,75.0,60.10000000000001,25.1,11.25,0.0,3.9,19.6,0.0,19.6,121.11000000000001,23.25,84.56999999999998,-23.25,-64.96999999999997,12.014285714285714,17.571428571428573,25.1,15.0,weather_real
open-meteo:era5_seamless:-23.6:-46.8,2023,32,2023-08-13,7,8,32,225,-0.666088855860977,-0.7458723993404063,1,14.6,18.571428571428573,24.58571428571429,12.9,29.2,75.28571428571429,67.15,32.45,21.5,9.9,9.9,15.3,9.9,15.3,96.18999999999998,21.519999999999996,83.86,-11.619999999999996,-68.56,14.6,18.571428571428573,32.45,15.0,weather_real
open-meteo:era5_seamless:-23.6:-46.8,2023,33,2023-08-20,7,8,33,232,-0.7508642533989489,-0.6604565640279754,1,15.357142857142858,19.214285714285715,24.28571428571429,12.8,27.7,73.85714285714286,68.75,33.75,20.9,0.8999999999999999,10.799999999999999,14.7,0.8999999999999999,14.7,100.21,22.42,91.66,-21.520000000000003,-76.96,15.357142857142858,19.214285714285715,33.75,15.0,weather_real
open-meteo:era5_seamless:-23.6:-46.8,2023,34,2023-08-27,7,8,34,239,-0.8247650844733614,-0.5654755126737576,1,14.871428571428572,18.885714285714283,23.785714285714285,10.5,31.1,67.28571428571429,65.30000000000001,35.7,25.700000000000003,28.5,29.400000000000002,40.800000000000004,28.5,40.800000000000004,97.18,26.169999999999998,96.37,2.330000000000002,-55.57,14.871428571428572,18.885714285714283,35.7,15.0,weather_real
open-meteo:era5_seamless:-23.6:-46.8,2023,35,2023-09-03,7,9,35,246,-0.886721063082993,-0.46230483047981086,1,13.085714285714285,17.585714285714285,23.685714285714283,10.6,29.0,81.57142857142857,58.7,26.25,15.100000000000001,5.8999999999999995,34.39999999999999,45.19999999999999,5.8999999999999995,45.19999999999999,119.81,22.95,100.32,-17.05,-55.120000000000005,13.085714285714285,17.585714285714285,26.25,15.0,weather_real
open-meteo:era5_seamless:-23.6:-46.8,2023,36,2023-09-10,7,9,36,253,-0.9358348973349941,-0.35243871088460327,1,15.771428571428572,19.942857142857143,25.45714285714286,13.5,31.1,76.42857142857143,74.30000000000001,39.300000000000004,26.200000000000003,8.4,14.300000000000002,45.400000000000006,8.4,45.400000000000006,118.52000000000002,25.52,101.97,-17.119999999999997,-56.56999999999999,15.771428571428572,19.942857142857143,39.300000000000004,15.0,weather_real
open-meteo:era5_seamless:-23.6:-46.8,2023,37,2023-09-17,7,9,37,260,-0.97139528468375,-0.23746831555846842,1,14.542857142857143,20.728571428571428,27.32857142857143,11.1,31.8,67.14285714285714,76.55000000000001,41.550000000000004,28.200000000000003,15.899999999999999,24.3,58.900000000000006,15.899999999999999,58.900000000000006,142.68,31.249999999999996,113.37,-15.349999999999998,-54.47,14.542857142857143,20.728571428571428,41.550000000000004,15.0,weather_real
open-meteo:era5_seamless:-23.6:-46.8,2023,38,2023-09-24,7,9,38,267,-0.9928872135356962,-0.11905873003404988,1,17.3,23.342857142857138,30.400000000000002,16.1,35.2,70.42857142857143,96.95,61.95000000000001,47.95,1.0,16.9,50.0,1.0,50.0,148.9,32.989999999999995,114.58000000000001,-31.989999999999995,-64.58000000000001,17.3,23.342857142857138,61.95000000000001,15.0,weather_real
open-meteo:era5_seamless:-23.6:-46.8,2023,39,2023-10-01,7,10,39,274,-0.9999994220246925,0.001075151282798226,0,16.557142857142857,20.942857142857147,26.400000000000002,13.8,34.0,79.42857142857143,80.35000000000001,45.349999999999994,32.95,54.7,55.699999999999996,82.7,54.7,82.7,114.71000000000001,25.459999999999997,123.25000000000001,29.240000000000006,-40.55000000000001,16.557142857142857,20.942857142857147,45.349999999999994,15.0,weather_real
open-meteo:era5_seamless:-23.6:-46.8,2023,40,2023-10-08,7,10,40,281,-0.9926289059345095,0.121193461470736,0,18.17142857142857,22.11428571428571,27.442857142857147,15.7,30.7,84.57142857142857,89.64999999999999,54.64999999999999,40.64999999999999,43.4,98.10000000000002,115.30000000000001,43.4,115.30000000000001,121.83000000000001,25.130000000000003,122.21,18.269999999999996,-6.909999999999982,18.17142857142857,22.11428571428571,54.64999999999999,15.0,weather_real
open-meteo:era5_seamless:-23.6:-46.8,2023,41,2023-10-15,7,10,41,288,-0.9708824104813836,0.23955655912092708,0,15.55714285714286,19.0,22.985714285714288,13.9,30.1,84.85714285714286,64.9,29.900000000000006,18.650000000000006,38.1,81.49999999999999,137.2,38.1,137.2,105.49000000000002,20.96,114.41999999999999,17.14,22.78,15.55714285714286,19.0,29.900000000000006,15.0,weather_real
open-meteo:era5_seamless:-23.6:-46.8,2023,42,2023-10-22,7,10,42,295,-0.9350748843515574,0.3544502230989869,0,16.114285714285714,18.95714285714286,23.32857142857143,14.1,29.0,87.0,68.05,33.05,19.15,7.699999999999999,45.79999999999999,143.9,7.699999999999999,143.9,112.49,21.310000000000002,103.77,-13.610000000000003,40.13000000000001,16.114285714285714,18.95714285714286,33.05,15.0,weather_real
open-meteo:era5_seamless:-23.6:-46.8,2023,43,2023-10-29,7,10,43,302,-0.8857249183835637,0.4642104791518923,0,18.04285714285714,21.742857142857144,26.585714285714282,16.2,31.4,84.28571428571429,86.19999999999999,51.2,37.2,60.20000000000001,67.89999999999999,185.8,60.20000000000001,185.8,131.20999999999998,26.53,99.97999999999999,33.67000000000001,85.82000000000002,18.04285714285714,21.742857142857144,51.2,15.0,weather_real
open-meteo:era5_seamless:-23.6:-46.8,2023,44,2023-11-05,7,11,44,309,-0.8235472349556007,0.5672476988027229,0,16.942857142857143,20.428571428571427,24.357142857142858,13.3,29.2,82.85714285714286,74.55000000000001,39.550000000000004,25.550000000000004,25.7,85.9,156.0,25.7,156.0,135.36,25.560000000000002,101.35,0.13999999999999702,54.650000000000006,16.942857142857143,20.428571428571427,39.550000000000004,15.0,weather_real
open-meteo:era5_seamless:-23.6:-46.8,2023,45,2023-11-12,7,11,45,316,-0.7494423368521954,0.6620696215153815,0,16.542857142857144,22.157142857142855,28.371428571428574,11.6,33.8,72.85714285714286,87.2,52.2,38.75,7.9,33.599999999999994,104.7,7.9,104.7,201.21,39.92,117.11999999999998,-32.02,-12.419999999999973,16.542857142857144,22.157142857142855,52.2,15.0,weather_real
open-meteo:era5_seamless:-23.6:-46.8,2023,46,2023-11-19,7,11,46,323,-0.6644834655228552,0.7473029667054296,0,21.128571428571426,26.457142857142856,32.8,18.2,35.0,68.42857142857143,118.74999999999999,83.75,69.75,17.8,25.7,111.9,17.8,111.9,173.3,41.58,140.59,-23.779999999999998,-28.689999999999998,21.128571428571426,26.457142857142856,83.75,15.0,weather_real
open-meteo:era5_seamless:-23.6:-46.8,2023,47,2023-11-26,7,11,47,330,-0.5699010576127624,0.8217133225960589,0,17.114285714285717,20.12857142857143,23.728571428571428,13.6,28.9,85.28571428571429,72.94999999999999,37.95,25.499999999999993,28.9,46.7,100.2,28.9,100.2,103.83000000000001,20.979999999999997,135.30999999999997,7.920000000000002,-35.10999999999997,17.114285714285717,20.12857142857143,37.95,15.0,weather_real
open-meteo:era5_seamless:-23.6:-46.8,2023,48,2023-12-03,7,12,48,337,-0.46706492487743034,0.8842230238742036,0,18.914285714285715,23.04285714285714,27.985714285714288,17.4,30.9,84.0,94.15,59.15,45.15,37.400000000000006,66.3,92.8,37.400000000000006,92.8,163.66000000000003,32.37,144.81,5.030000000000008,-52.010000000000005,18.914285714285715,23.04285714285714,59.15,15.0,weather_real
open-meteo:era5_seamless:-23.6:-46.8,2023,49,2023-12-10,7,12,49,344,-0.3574644155648614,0.9339267592294762,0,18.857142857142858,22.28571428571428,26.74285714285714,16.4,31.0,82.57142857142857,89.6,54.60000000000001,40.6,19.800000000000004,57.199999999999996,103.89999999999998,19.800000000000004,103.89999999999998,147.25,29.62,137.96000000000004,-9.819999999999997,-34.06000000000006,18.857142857142858,22.28571428571428,54.60000000000001,15.0,weather_real
open-meteo:era5_seamless:-23.6:-46.8,2023,50,2023-12-17,7,12,50,351,-0.2426868445825954,0.9701046827361175,0,18.32857142857143,22.757142857142856,28.185714285714287,15.1,30.5,80.42857142857143,92.8,57.80000000000001,43.800000000000004,14.1,33.9,116.40000000000002,14.1,116.40000000000002,179.83,35.42,128.04,-21.32,-11.639999999999972,18.32857142857143,22.757142857142856,57.80000000000001,15.0,weather_real
open-meteo:era5_seamless:-23.6:-46.8,2023,51,2023-12-24,7,12,51,358,-0.12439450483979998,0.9922328391893008,0,18.771428571428572,22.785714285714285,28.157142857142855,17.0,29.6,79.42857142857143,94.25,59.25,45.25,15.1,29.2,96.29999999999998,15.1,96.29999999999998,180.76000000000002,36.03,137.67,-20.93,-41.370000000000005,18.771428571428572,22.785714285714285,59.25,15.0,weather_real
open-meteo:era5_seamless:-23.6:-46.8,2023,52,2023-12-31,7,12,52,365,-0.004300592702981974,0.9999907524084426,0,17.828571428571426,22.814285714285717,27.871428571428567,15.3,33.3,74.14285714285714,89.95,54.95,40.95,5.3999999999999995,20.5,54.400000000000006,5.3999999999999995,54.400000000000006,175.26999999999998,36.9,149.70000000000002,-31.5,-95.30000000000001,17.828571428571426,22.814285714285717,54.95,15.0,weather_real
open-meteo:era5_seamless:-23.6:-46.8,2024,1,2024-01-07,7,1,1,7,0.1201261651823505,0.9927586335250793,0,18.04285714285714,21.542857142857144,25.814285714285717,16.9,28.4,83.0,83.5,48.50000000000001,34.50000000000001,29.299999999999997,34.699999999999996,65.10000000000001,29.299999999999997,65.10000000000001,162.17999999999998,31.029999999999998,144.83000000000004,-1.7300000000000004,-79.73000000000003,18.04285714285714,21.542857142857144,48.50000000000001,15.0,weather_real
open-meteo:era5_seamless:-23.6:-46.8,2024,2,2024-01-14,7,1,2,14,0.23851257519407648,0.9711394088771653,0,19.657142857142855,23.499999999999996,27.571428571428573,17.4,31.3,80.57142857142857,95.3,60.3,46.3,56.300000000000004,85.59999999999998,108.49999999999999,56.300000000000004,108.49999999999999,141.88,29.37,143.13,26.930000000000003,-34.63000000000001,19.657142857142855,23.499999999999996,60.3,15.0,weather_real
open-meteo:era5_seamless:-23.6:-46.8,2024,3,2024-01-21,7,1,3,21,0.3534446712740877,0.9354554315134164,0,20.985714285714284,24.32857142857143,28.714285714285715,19.2,31.7,81.0,103.94999999999999,68.94999999999999,54.949999999999996,33.6,89.90000000000002,134.5,33.6,134.5,151.94000000000003,31.59,137.69,2.0100000000000016,-3.1899999999999977,20.985714285714284,24.32857142857143,68.94999999999999,15.0,weather_real
open-meteo:era5_seamless:-23.6:-46.8,2024,4,2024-01-28,7,1,4,28,0.4632579225674917,0.88622350294858,0,16.37142857142857,18.928571428571427,22.14285714285714,15.2,26.2,89.14285714285714,64.8,29.8,15.8,52.00000000000001,85.60000000000001,172.49999999999994,52.00000000000001,172.49999999999994,114.28999999999999,20.43,120.11,31.570000000000007,52.389999999999944,16.37142857142857,18.928571428571427,29.8,15.0,weather_real
open-meteo:era5_seamless:-23.6:-46.8,2024,5,2024-02-04,7,2,5,35,0.5663619330814524,0.8241566360566663,0,17.957142857142856,21.842857142857145,26.5,16.5,27.8,83.42857142857143,85.6,50.6,36.60000000000001,46.2,98.20000000000002,189.1,46.2,189.1,153.88,29.79,121.50999999999999,16.410000000000004,67.59,17.957142857142856,21.842857142857145,50.6,15.0,weather_real
open-meteo:era5_seamless:-23.6:-46.8,2024,6,2024-02-11,7,2,6,42,0.6612634749656386,0.7501537286959042,0,18.75714285714286,23.357142857142858,28.485714285714284,18.1,29.2,79.14285714285714,95.35,60.349999999999994,46.349999999999994,1.8,47.99999999999999,147.00000000000003,1.8,147.00000000000003,181.28000000000003,36.59,124.4,-34.790000000000006,22.600000000000023,18.75714285714286,23.357142857142858,60.349999999999994,15.0,weather_real
open-meteo:era5_seamless:-23.6:-46.8,2024,7,2024-02-18,7,2,7,49,0.746588114532413,0.6652865452111116,0,18.957142857142856,21.842857142857138,25.557142857142853,17.1,31.6,84.57142857142857,85.79999999999998,50.79999999999999,36.79999999999999,34.0,35.8,154.29999999999998,34.0,154.29999999999998,113.67,23.78,116.96999999999998,10.219999999999999,37.33,18.957142857142856,21.842857142857138,50.79999999999999,15.0,weather_real
open-meteo:era5_seamless:-23.6:-46.8,2024,8,2024-02-25,7,2,8,56,0.8211001178128892,0.5707841943569036,0,19.357142857142858,22.414285714285715,26.428571428571427,17.5,28.5,86.42857142857143,90.25,55.25,41.25000000000001,56.2,90.2,149.0,56.2,149.0,130.25000000000003,25.25,123.61,30.950000000000003,25.39,19.357142857142858,22.414285714285715,55.25,15.0,weather_real
open-meteo:era5_seamless:-23.6:-46.8,2024,9,2024-03-03,7,3,9,63,0.8837203473619977,0.4680153284438345,0,19.8,23.057142857142857,27.38571428571429,18.0,29.2,85.0,95.14999999999998,60.15,46.15,41.3,97.5,142.8,41.3,142.8,141.83999999999997,27.770000000000003,121.39999999999999,13.529999999999994,21.40000000000002,19.8,23.057142857142857,60.15,15.0,weather_real
open-meteo:era5_seamless:-23.6:-46.8,2024,10,2024-03-10,7,3,10,70,0.9335418911179212,0.35846832151248087,0,20.12857142857143,22.699999999999996,26.95714285714286,19.3,28.5,87.57142857142857,94.79999999999998,59.8,45.8,65.30000000000001,106.6,197.10000000000002,65.30000000000001,197.10000000000002,128.26,24.9,112.55000000000001,40.40000000000001,84.55000000000001,20.12857142857143,22.699999999999996,59.8,15.0,weather_real
open-meteo:era5_seamless:-23.6:-46.8,2024,11,2024-03-17,7,3,11,77,0.969843196967294,0.24372971360968387,0,19.62857142857143,23.8,28.7,16.8,30.9,79.85714285714286,99.15,64.15,50.150000000000006,8.1,73.4,180.20000000000002,8.1,180.20000000000002,152.52,31.480000000000004,115.76,-23.380000000000003,64.44000000000001,19.62857142857143,23.8,64.15,15.0,weather_real
open-meteo:era5_seamless:-23.6:-46.8,2024,12,2024-03-24,7,3,12,84,0.992098522791769,0.12546123335273648,0,19.314285714285717,21.914285714285715,25.87142857142857,16.4,31.0,87.71428571428571,88.15,53.15,39.15,64.1,72.2,192.10000000000002,64.1,192.10000000000002,99.46000000000001,20.479999999999997,112.28000000000003,43.62,79.82,19.314285714285717,21.914285714285715,53.15,15.0,weather_real
open-meteo:era5_seamless:-23.6:-46.8,2024,13,2024-03-31,7,3,13,91,0.9999855506507186,0.005375731557583884,0,17.214285714285715,20.099999999999998,24.0,16.0,27.3,87.57142857142857,74.25,39.25,25.25,28.8,92.89999999999999,166.8,28.8,166.8,106.25999999999999,20.29,106.12,8.510000000000002,60.68000000000001,17.214285714285715,20.099999999999998,39.25,15.0,weather_real
open-meteo:era5_seamless:-23.6:-46.8,2024,14,2024-04-07,7,4,14,98,0.9933900548258936,-0.11478762552212701,1,17.8,21.757142857142856,26.771428571428572,16.6,29.0,81.28571428571429,86.0,51.0,37.0,1.5,30.300000000000004,119.99999999999999,1.5,119.99999999999999,137.07999999999998,26.75,106.3,-25.25,13.699999999999989,17.8,21.757142857142856,51.0,15.0,weather_real
open-meteo:era5_seamless:-23.6:-46.8,2024,15,2024-04-14,7,4,15,105,0.9724075561219968,-0.23328854407545518,1,18.671428571428574,21.342857142857138,25.17142857142857,18.0,26.2,85.85714285714286,83.45000000000002,48.45,34.45,33.2,34.70000000000001,135.7,33.2,135.7,102.33,19.869999999999997,97.33999999999999,13.330000000000005,38.36,18.671428571428574,21.342857142857138,48.45,15.0,weather_real
open-meteo:era5_seamless:-23.6:-46.8,2024,16,2024-04-21,7,4,16,112,0.9373419384643772,-0.3484108069446808,1,16.45714285714286,19.814285714285717,24.214285714285715,12.3,27.6,83.0,72.35,37.349999999999994,23.699999999999996,11.5,44.7,94.69999999999999,11.5,94.69999999999999,104.68,20.160000000000004,90.47999999999999,-8.660000000000004,4.219999999999999,16.45714285714286,19.814285714285717,37.349999999999994,15.0,weather_real
open-meteo:era5_seamless:-23.6:-46.8,2024,17,2024-04-28,7,4,17,119,0.8887010478292915,-0.45848712914008766,1,17.17142857142857,21.62857142857143,26.957142857142856,14.1,28.8,75.71428571428571,84.45,49.45,35.45,0.0,11.5,46.8,0.0,46.8,120.7,25.22,99.92,-25.22,-53.120000000000005,17.17142857142857,21.62857142857143,49.45,15.0,weather_real
open-meteo:era5_seamless:-23.6:-46.8,2024,18,2024-05-05,7,5,18,126,0.8271893372462497,-0.5619233046832195,1,17.985714285714288,23.08571428571429,29.228571428571428,17.0,29.9,66.57142857142857,95.25,60.25,46.25,0.0,0.0,45.9,0.0,45.9,128.48000000000002,29.080000000000002,101.47000000000001,-29.080000000000002,-55.570000000000014,17.985714285714288,23.08571428571429,60.25,15.0,weather_real
open-meteo:era5_seamless:-23.6:-46.8,2024,19,2024-05-12,7,5,19,133,0.753697664392914,-0.6572212950663319,1,17.442857142857143,22.48571428571429,28.442857142857143,15.4,28.9,64.42857142857143,90.6,55.6,41.6,0.1,0.1,13.799999999999999,0.1,13.799999999999999,123.89000000000001,28.900000000000002,108.63999999999999,-28.8,-94.83999999999999,17.442857142857143,22.48571428571429,55.6,15.0,weather_real
open-meteo:era5_seamless:-23.6:-46.8,2024,20,2024-05-19,7,5,20,140,0.6692903895412567,-0.7430009249440493,1,17.457142857142856,20.485714285714284,25.08571428571429,15.7,28.8,73.71428571428571,78.89999999999999,43.900000000000006,30.4,3.5,3.6,3.6,3.5,3.6,85.66,20.88,111.24000000000001,-17.38,-107.64000000000001,17.457142857142856,20.485714285714284,43.900000000000006,15.0,weather_real
open-meteo:era5_seamless:-23.6:-46.8,2024,21,2024-05-26,7,5,21,147,0.5751899607119775,-0.8180198708443174,1,15.64285714285714,18.814285714285713,23.21428571428572,13.1,27.8,79.0,66.0,31.8,20.85,28.0,31.5,31.6,28.0,31.6,76.19,17.45,104.49000000000002,10.55,-72.89000000000001,15.64285714285714,18.814285714285713,31.8,15.0,weather_real
open-meteo:era5_seamless:-23.6:-46.8,2024,22,2024-06-02,7,6,22,154,0.47275920928627757,-0.881191653407483,1,10.814285714285715,14.885714285714286,19.428571428571427,8.0,23.2,82.28571428571429,35.849999999999994,6.499999999999995,0.4499999999999993,14.799999999999999,42.800000000000004,46.400000000000006,14.799999999999999,46.400000000000006,93.05000000000001,15.55,91.02,-0.7500000000000018,-44.61999999999999,10.814285714285715,14.885714285714286,6.499999999999995,15.0,weather_real
open-meteo:era5_seamless:-23.6:-46.8,2024,23,2024-06-09,7,6,23,161,0.36348161248290634,-0.9316013725767187,1,13.085714285714285,17.357142857142858,22.642857142857142,12.0,25.0,81.0,55.05,20.05,7.75,0.7,15.499999999999998,47.0,0.7,47.0,90.2,16.86,79.85000000000001,-16.16,-32.85000000000001,13.085714285714285,17.357142857142858,20.05,15.0,weather_real
open-meteo:era5_seamless:-23.6:-46.8,2024,24,2024-06-16,7,6,24,168,0.24893980855376657,-0.9685189578512204,1,13.542857142857143,18.657142857142855,25.228571428571424,12.0,25.7,65.85714285714286,65.7,30.7,16.7,0.0,0.7,43.50000000000001,0.0,43.50000000000001,108.62,23.55,79.25,-23.55,-35.74999999999999,13.542857142857143,18.657142857142855,30.7,15.0,weather_real
open-meteo:era5_seamless:-23.6:-46.8,2024,25,2024-06-23,7,6,25,175,0.13079267585675922,-0.9914097417023038,1,13.114285714285714,18.314285714285713,24.985714285714288,11.6,26.1,61.0,63.35000000000001,28.350000000000005,14.350000000000005,0.0,0.0,41.3,0.0,41.3,106.81,24.7,82.31,-24.7,-41.010000000000005,13.114285714285714,18.314285714285713,28.350000000000005,15.0,weather_real
open-meteo:era5_seamless:-23.6:-46.8,2024,26,2024-06-30,7,6,26,182,0.01075130776352193,-0.9999422030204416,1,14.785714285714286,18.400000000000002,22.657142857142855,11.8,26.9,75.14285714285714,61.050000000000004,27.700000000000003,15.700000000000003,2.0999999999999996,2.0999999999999996,2.8,2.0999999999999996,2.8,75.86,17.759999999999998,88.44999999999996,-15.659999999999998,-85.64999999999996,14.785714285714286,18.400000000000002,27.700000000000003,15.0,weather_real
open-meteo:era5_seamless:-23.6:-46.8,2024,27,2024-07-07,7,7,27,189,-0.10944576864891556,-0.993992768446958,1,12.157142857142858,16.9,23.02857142857143,9.5,25.5,71.57142857142857,53.150000000000006,18.950000000000003,7.800000000000004,0.1,2.2,2.2,0.1,2.2,90.7,19.089999999999996,90.93,-18.989999999999995,-88.73,12.157142857142858,16.9,18.950000000000003,15.0,weather_real
open-meteo:era5_seamless:-23.6:-46.8,2024,28,2024-07-14,7,7,28,196,-0.2280577712215198,-0.9736476020539838,1,13.157142857142857,15.671428571428569,19.714285714285715,12.2,24.4,90.0,45.04999999999998,11.349999999999994,3.399999999999995,25.5,25.6,27.7,25.5,27.7,66.17,11.649999999999999,79.99000000000002,13.850000000000001,-52.29000000000002,13.157142857142857,15.671428571428569,11.349999999999994,15.0,weather_real
open-meteo:era5_seamless:-23.6:-46.8,2024,29,2024-07-21,7,7,29,203,-0.34336687399638804,-0.939201357453208,1,11.900000000000002,15.557142857142855,20.757142857142856,9.3,22.4,82.85714285714286,44.3,9.8,1.3499999999999979,0.2,25.700000000000003,27.900000000000002,0.2,27.900000000000002,99.89000000000001,17.02,73.02,-16.82,-45.11999999999999,11.900000000000002,15.557142857142855,9.8,15.0,weather_real
open-meteo:era5_seamless:-23.6:-46.8,2024,30,2024-07-28,7,7,30,210,-0.45370308603134424,-0.8911529104063088,1,11.385714285714286,17.271428571428572,24.114285714285717,9.5,26.5,68.28571428571429,54.25,19.249999999999996,6.799999999999997,0.0,0.2,27.100000000000005,0.0,27.100000000000005,113.46000000000001,22.160000000000004,73.47999999999999,-22.160000000000004,-46.37999999999998,11.385714285714286,17.271428571428572,19.249999999999996,15.0,weather_real
open-meteo:era5_seamless:-23.6:-46.8,2024,31,2024-08-04,7,8,31,217,-0.5574684374327892,-0.8301981337405212,1,13.157142857142857,17.642857142857142,23.471428571428568,12.7,26.3,76.42857142857143,58.199999999999996,24.0,12.0,2.8,2.8,28.600000000000005,2.8,28.600000000000005,102.72000000000001,20.439999999999998,76.30000000000001,-17.639999999999997,-47.7,13.157142857142857,17.642857142857142,24.0,15.0,weather_real
open-meteo:era5_seamless:-23.6:-46.8,2024,32,2024-08-11,7,8,32,224,-0.65316012232693,-0.7572198192083127,1,13.042857142857143,17.871428571428574,23.228571428571428,6.2,28.9,66.28571428571429,56.95,28.4,18.4,36.7,39.5,40.0,36.7,40.0,100.19000000000001,22.85,85.92,13.850000000000001,-45.92,13.042857142857143,17.871428571428574,28.4,15.0,weather_real
open-meteo:era5_seamless:-23.6:-46.8,2024,33,2024-08-18,7,8,33,231,-0.7393922635959241,-0.673274892250183,1,10.528571428571427,16.7,23.371428571428574,6.3,29.4,68.0,49.15,22.35,14.350000000000001,0.0,36.7,39.5,0.0,39.5,129.39000000000001,24.299999999999997,95.24000000000001,-24.299999999999997,-55.74000000000001,10.528571428571427,16.7,22.35,15.0,weather_real
open-meteo:era5_seamless:-23.6:-46.8,2024,34,2024-08-25,7,8,34,238,-0.8149159841660791,-0.5795791048257612,1,13.57142857142857,19.17142857142857,26.214285714285715,8.8,30.7,67.14285714285714,69.25,37.849999999999994,25.849999999999998,18.2,18.2,57.7,18.2,57.7,122.41,27.380000000000003,101.40999999999998,-9.180000000000003,-43.70999999999998,13.57142857142857,19.17142857142857,37.849999999999994,15.0,weather_real
open-meteo:era5_seamless:-23.6:-46.8,2024,35,2024-09-01,7,9,35,245,-0.8786374941610001,-0.4774894280028391,1,9.842857142857142,15.48571428571429,22.45714285714286,3.6,29.6,74.71428571428571,43.050000000000004,18.6,10.600000000000001,0.0,18.2,54.900000000000006,0.0,54.900000000000006,149.39999999999998,26.57,108.74999999999999,-26.57,-53.84999999999998,9.842857142857142,15.48571428571429,18.6,15.0,weather_real
open-meteo:era5_seamless:-23.6:-46.8,2024,36,2024-09-08,7,9,36,252,-0.9296339319682695,-0.3684843993077793,1,15.299999999999999,20.97142857142857,27.942857142857143,14.1,32.1,70.57142857142857,81.35,46.35,32.35,0.7,0.7,40.49999999999999,0.7,40.49999999999999,144.05,29.939999999999998,112.28000000000002,-29.24,-71.78000000000003,15.299999999999999,20.97142857142857,46.35,15.0,weather_real
open-meteo:era5_seamless:-23.6:-46.8,2024,37,2024-09-15,7,9,37,259,-0.9671667297977312,-0.2541427094613622,1,17.485714285714284,23.557142857142853,30.271428571428572,16.2,33.1,50.857142857142854,97.14999999999999,62.150000000000006,48.150000000000006,4.0,4.7,22.9,4.0,22.9,146.32000000000002,36.74999999999999,129.29,-32.74999999999999,-106.38999999999999,17.485714285714284,23.557142857142853,62.150000000000006,15.0,weather_real
open-meteo:era5_seamless:-23.6:-46.8,2024,38,2024-09-22,7,9,38,266,-0.9906923101615609,-0.13612033862266704,1,14.757142857142856,18.885714285714283,23.828571428571426,12.8,30.5,84.28571428571429,65.05000000000001,30.05,18.8,19.2,23.2,41.6,19.2,41.6,115.38000000000001,22.209999999999997,119.33000000000001,-3.009999999999998,-77.73000000000002,14.757142857142856,18.885714285714283,30.05,15.0,weather_real
open-meteo:era5_seamless:-23.6:-46.8,2024,39,2024-09-29,7,9,39,273,-0.9998699583618592,-0.016126573270657762,1,16.22857142857143,21.84285714285715,28.714285714285715,13.5,33.9,73.14285714285714,87.29999999999998,52.3,38.3,2.5,21.7,26.4,2.5,26.4,156.7,32.599999999999994,130.86,-30.099999999999994,-104.46000000000001,16.22857142857143,21.84285714285715,52.3,15.0,weather_real
open-meteo:era5_seamless:-23.6:-46.8,2024,40,2024-10-06,7,10,40,280,-0.9945667569706337,0.1041007489354256,0,15.685714285714283,20.142857142857142,26.600000000000005,13.3,34.9,74.85714285714286,78.00000000000001,43.000000000000014,30.050000000000008,17.6,20.1,43.3,17.6,43.3,147.6,31.130000000000003,131.75,-13.530000000000001,-88.45,15.685714285714283,20.142857142857142,43.000000000000014,15.0,weather_real
open-meteo:era5_seamless:-23.6:-46.8,2024,41,2024-10-13,7,10,41,287,-0.9748595108374125,0.22282040779479959,0,15.799999999999999,19.842857142857145,25.8,13.7,32.0,81.85714285714286,75.6,40.6,26.6,28.900000000000002,46.50000000000001,72.19999999999999,28.900000000000002,72.19999999999999,145.31,27.85,121.82,1.0500000000000007,-49.620000000000005,15.799999999999999,19.842857142857145,40.6,15.0,weather_real
open-meteo:era5_seamless:-23.6:-46.8,2024,42,2024-10-20,7,10,42,294,-0.9410336347451197,0.3383130181923076,0,15.142857142857142,18.87142857142857,23.714285714285715,14.3,27.1,85.28571428571429,66.0,31.000000000000004,17.75,26.700000000000003,55.6,76.7,26.700000000000003,76.7,128.41,24.410000000000004,123.08999999999999,2.289999999999999,-46.389999999999986,15.142857142857142,18.87142857142857,31.000000000000004,15.0,weather_real
open-meteo:era5_seamless:-23.6:-46.8,2024,43,2024-10-27,7,10,43,301,-0.8935790198239952,0.4489059314938798,0,18.142857142857142,21.62857142857143,25.900000000000002,15.3,28.6,83.71428571428571,84.15,49.150000000000006,35.150000000000006,32.3,59.0,105.50000000000003,32.3,105.50000000000003,125.00999999999999,25.070000000000004,116.32999999999997,7.229999999999993,-10.829999999999941,18.142857142857142,21.62857142857143,49.150000000000006,15.0,weather_real
open-meteo:era5_seamless:-23.6:-46.8,2024,44,2024-11-03,7,11,44,308,-0.8331829385891785,0.5529974600700271,0,16.214285714285715,19.38571428571429,23.871428571428574,14.6,27.8,86.0,70.30000000000001,35.30000000000001,21.300000000000008,32.900000000000006,65.2,120.80000000000001,32.900000000000006,120.80000000000001,129.84,24.019999999999996,109.88000000000001,8.88000000000001,10.920000000000002,16.214285714285715,19.38571428571429,35.30000000000001,15.0,weather_real
open-meteo:era5_seamless:-23.6:-46.8,2024,45,2024-11-10,7,11,45,315,-0.7607200913564104,0.6490800741100398,0,17.485714285714288,19.928571428571427,22.928571428571427,14.0,25.8,88.0,71.45,36.45,22.45,90.19999999999999,123.1,185.2,90.19999999999999,185.2,96.27,18.3,99.86999999999998,71.89999999999999,85.33000000000001,17.485714285714288,19.928571428571427,36.45,15.0,weather_real
open-meteo:era5_seamless:-23.6:-46.8,2024,46,2024-11-17,7,11,46,322,-0.6772399381909491,0.7357622347736527,0,15.457142857142859,19.414285714285715,24.11428571428571,12.2,27.9,82.71428571428571,68.5,33.5,19.599999999999998,29.5,119.7,208.5,29.5,208.5,139.73,26.68,96.54,2.8200000000000003,111.96,15.457142857142859,19.414285714285715,33.5,15.0,weather_real
open-meteo:era5_seamless:-23.6:-46.8,2024,47,2024-11-24,7,11,47,329,-0.5839514998576998,0.8117885474764613,0,16.185714285714283,19.985714285714284,24.65714285714285,14.3,28.8,84.14285714285714,72.95,37.95,23.95,5.699999999999999,35.2,161.5,5.699999999999999,161.5,160.65,29.440000000000005,105.18,-23.740000000000006,56.31999999999999,16.185714285714283,19.985714285714284,37.95,15.0,weather_real
open-meteo:era5_seamless:-23.6:-46.8,2024,48,2024-12-01,7,12,48,336,-0.4822058478963526,0.8760579434344281,0,18.171428571428574,22.728571428571428,27.942857142857143,14.2,30.6,75.14285714285714,91.4,56.4,42.4,9.6,15.299999999999999,163.29999999999998,9.6,163.29999999999998,161.1,33.57,113.09000000000002,-23.97,50.209999999999965,18.171428571428574,22.728571428571428,56.4,15.0,weather_real
open-meteo:era5_seamless:-23.6:-46.8,2024,49,2024-12-08,7,12,49,343,-0.37347653741307074,0.9276396261490467,0,18.928571428571427,21.97142857142857,25.5,16.6,29.8,84.85714285714286,85.5,50.50000000000001,36.50000000000001,51.60000000000001,61.2,97.00000000000001,51.60000000000001,97.00000000000001,109.82,23.05,119.58,28.550000000000008,-22.579999999999984,18.928571428571427,21.97142857142857,50.50000000000001,15.0,weather_real
open-meteo:era5_seamless:-23.6:-46.8,2024,50,2024-12-15,7,12,50,350,-0.2593382659754056,0.9657865518844574,0,17.528571428571432,20.54285714285714,24.32857142857143,15.2,25.9,85.28571428571429,76.5,41.5,27.499999999999996,77.7,129.3,161.1,77.7,161.1,125.22999999999999,23.700000000000003,117.08,54.0,44.019999999999996,17.528571428571432,20.54285714285714,41.5,15.0,weather_real
open-meteo:era5_seamless:-23.6:-46.8,2024,51,2024-12-22,7,12,51,357,-0.14144406768794202,0.9899462489023779,0,17.94285714285714,21.628571428571426,26.37142857142857,15.6,28.1,80.57142857142857,85.1,50.099999999999994,36.099999999999994,75.6,153.3,215.60000000000002,75.6,215.60000000000002,169.36,32.64,120.57000000000002,42.959999999999994,95.03,17.94285714285714,21.628571428571426,50.099999999999994,15.0,weather_real
open-meteo:era5_seamless:-23.6:-46.8,2024,52,2024-12-29,7,12,52,364,-0.021501372740813793,0.999768818762748,0,18.728571428571428,21.12857142857143,24.25714285714286,17.2,26.9,89.28571428571429,80.44999999999999,45.449999999999996,31.449999999999992,80.8,156.4,287.3,80.8,287.3,111.47,21.009999999999998,109.63000000000002,59.79,177.67,18.728571428571428,21.12857142857143,45.449999999999996,15.0,weather_real
open-meteo:era5_seamless:-23.6:-46.8,2025,1,2025-01-05,7,1,1,5,0.08590610426133272,0.9963032375991965,0,18.37142857142857,21.82857142857143,25.928571428571423,16.9,27.9,83.85714285714286,85.05000000000001,50.05,36.05,31.4,112.2,269.00000000000006,31.4,269.00000000000006,163.08,30.69,115.98,0.7099999999999973,153.02000000000004,18.37142857142857,21.82857142857143,50.05,15.0,weather_real
open-meteo:era5_seamless:-23.6:-46.8,2025,2,2025-01-12,7,1,2,12,0.20496611396949532,0.9787690698649216,0,17.25714285714286,20.071428571428573,24.071428571428573,15.5,27.4,86.28571428571429,74.65,39.65,25.650000000000002,44.1,75.5,270.2,44.1,270.2,152.16,27.79,118.84,16.310000000000002,151.35999999999999,17.25714285714286,20.071428571428573,39.65,15.0,weather_real
open-meteo:era5_seamless:-23.6:-46.8,2025,3,2025-01-19,7,1,3,19,0.321057654185271,0.9470596510722283,0,18.042857142857144,21.557142857142857,25.900000000000002,13.2,29.3,83.14285714285714,83.79999999999998,48.8,34.8,16.2,60.300000000000004,221.3,16.2,221.3,137.88,26.75,113.09,-10.55,108.21000000000001,18.042857142857144,21.557142857142857,48.8,15.0,weather_real
open-meteo:era5_seamless:-23.6:-46.8,2025,4,2025-01-26,7,1,4,26,0.4324994021339788,0.901634220265486,0,20.514285714285712,24.057142857142857,28.428571428571427,19.4,29.5,80.57142857142857,101.30000000000001,66.30000000000001,52.3,50.1,66.3,151.60000000000002,50.1,151.60000000000002,167.31,34.230000000000004,127.79,15.869999999999997,23.810000000000016,20.514285714285712,24.057142857142857,66.30000000000001,15.0,weather_real
open-meteo:era5_seamless:-23.6:-46.8,2025,5,2025-02-02,7,2,5,33,0.5376773767406141,0.8431506618282,0,19.657142857142855,21.514285714285712,24.8,19.3,26.2,90.42857142857143,85.6,50.6,36.599999999999994,136.7,186.79999999999995,255.89999999999995,136.7,255.89999999999995,77.37,15.369999999999997,111.89999999999999,121.32999999999998,143.99999999999994,19.657142857142855,21.514285714285712,50.6,15.0,weather_real
open-meteo:era5_seamless:-23.6:-46.8,2025,6,2025-02-09,7,2,6,40,0.6350683134867438,0.7724559775191742,0,19.342857142857145,22.8,26.7,18.4,28.2,82.42857142857143,91.14999999999999,56.15,42.15,22.099999999999998,158.79999999999998,243.09999999999997,22.099999999999998,243.09999999999997,152.68,30.07,113.93999999999998,-7.970000000000002,129.15999999999997,19.342857142857145,22.8,56.15,15.0,weather_real
open-meteo:era5_seamless:-23.6:-46.8,2025,7,2025-02-16,7,2,7,47,0.7232617254437388,0.6905740195722293,0,19.557142857142857,23.785714285714285,28.357142857142858,18.0,30.1,79.0,97.69999999999999,62.699999999999996,48.699999999999996,21.2,43.3,231.6,21.2,231.6,164.42000000000002,33.33,122.14000000000001,-12.129999999999999,109.45999999999998,19.557142857142857,23.785714285714285,62.699999999999996,15.0,weather_real
open-meteo:era5_seamless:-23.6:-46.8,2025,8,2025-02-23,7,2,8,54,0.8009803309782905,0.5986906625177214,0,20.5,23.828571428571426,28.32857142857143,19.2,31.0,81.85714285714286,100.9,65.9,51.900000000000006,19.400000000000002,40.599999999999994,221.9,19.400000000000002,221.9,161.79999999999998,32.67,120.28,-13.27,101.62,20.5,23.828571428571426,65.9,15.0,weather_real
open-meteo:era5_seamless:-23.6:-46.8,2025,9,2025-03-02,7,3,9,61,0.8670985522812081,0.4981366284784055,0,19.714285714285715,24.0,29.142857142857142,19.4,30.1,79.0,100.99999999999999,66.0,52.0,4.3999999999999995,23.800000000000004,111.8,4.3999999999999995,111.8,173.99,35.44,136.13000000000002,-31.04,-24.330000000000027,19.714285714285715,24.0,66.0,15.0,weather_real
open-meteo:era5_seamless:-23.6:-46.8,2025,10,2025-03-09,7,3,10,68,0.9206588168102428,0.3903682146763026,0,18.685714285714287,22.957142857142856,28.271428571428572,18.2,29.6,77.28571428571429,94.35,59.35000000000001,45.35000000000001,1.3,5.699999999999999,49.5,1.3,49.5,165.04999999999998,33.92,144.48999999999998,-32.620000000000005,-94.98999999999998,18.685714285714287,22.957142857142856,59.35000000000001,15.0,weather_real
open-meteo:era5_seamless:-23.6:-46.8,2025,11,2025-03-16,7,3,11,75,0.9608854255574977,0.27694620226893646,0,19.2,21.885714285714283,26.228571428571428,18.2,28.1,86.85714285714286,89.0,54.0,40.0,45.1,46.400000000000006,70.89999999999999,45.1,70.89999999999999,126.44000000000001,24.49,136.3,20.610000000000003,-65.40000000000002,19.2,21.885714285714283,54.0,15.0,weather_real
open-meteo:era5_seamless:-23.6:-46.8,2025,12,2025-03-23,7,3,12,82,0.9871957872910085,0.15951325197263655,0,17.27142857142857,20.457142857142856,25.0,15.1,27.3,85.85714285714286,77.95,42.95,28.950000000000003,43.4,88.50000000000001,97.9,43.4,97.9,127.02000000000001,23.750000000000004,126.14000000000001,19.649999999999995,-28.24000000000001,17.27142857142857,20.457142857142856,42.95,15.0,weather_real
open-meteo:era5_seamless:-23.6:-46.8,2025,13,2025-03-30,7,3,13,89,0.9992088560679753,0.03977011384605572,0,18.185714285714287,21.5,25.900000000000002,17.5,27.0,86.14285714285714,84.30000000000001,49.300000000000004,35.300000000000004,11.0,54.400000000000006,101.39999999999999,11.0,101.39999999999999,127.21000000000001,24.54,117.50999999999998,-13.54,-16.109999999999985,18.185714285714287,21.5,49.300000000000004,15.0,weather_real
open-meteo:era5_seamless:-23.6:-46.8,2025,14,2025-04-06,7,4,14,96,0.9967506498213929,-0.08054900421874167,1,17.657142857142855,20.400000000000002,24.128571428571426,14.8,28.6,87.0,76.25,41.250000000000014,28.000000000000007,42.3,53.3,142.1,42.3,142.1,94.07,18.4,100.47999999999999,23.9,41.620000000000005,17.657142857142855,20.400000000000002,41.250000000000014,15.0,weather_real
open-meteo:era5_seamless:-23.6:-46.8,2025,15,2025-04-13,7,4,15,103,0.9798567700958665,-0.1997015525660636,1,16.314285714285713,19.571428571428573,24.071428571428573,13.6,27.1,83.71428571428571,71.35,36.35000000000001,22.350000000000005,20.2,62.50000000000001,126.2,20.2,126.2,110.74999999999999,20.97,93.45,-0.7699999999999996,32.75,16.314285714285713,19.571428571428573,36.35000000000001,15.0,weather_real
open-meteo:era5_seamless:-23.6:-46.8,2025,16,2025-04-20,7,4,16,110,0.9487718864399473,-0.31596187665790293,1,16.97142857142857,19.657142857142862,23.657142857142855,16.5,25.7,88.57142857142857,72.19999999999999,37.2,23.2,41.5,61.7,123.5,41.5,123.5,110.71,19.810000000000002,91.46,21.689999999999998,32.040000000000006,16.97142857142857,19.657142857142862,37.2,15.0,weather_real
open-meteo:era5_seamless:-23.6:-46.8,2025,17,2025-04-27,7,4,17,117,0.9039461929224011,-0.42764620926777464,1,16.0,18.685714285714283,22.75714285714286,14.0,24.8,88.14285714285714,65.65,30.650000000000006,16.650000000000006,36.4,77.89999999999999,141.9,36.4,141.9,92.92,16.77,83.77,19.63,58.13000000000001,16.0,18.685714285714283,30.650000000000006,15.0,weather_real
open-meteo:era5_seamless:-23.6:-46.8,2025,18,2025-05-04,7,5,18,124,0.8460288880917339,-0.533137056031809,1,14.385714285714286,17.485714285714288,21.814285714285713,12.9,23.2,85.71428571428571,56.7,21.700000000000003,7.850000000000001,8.5,44.900000000000006,111.3,8.5,111.3,104.7,18.37,79.67,-9.870000000000001,31.629999999999995,14.385714285714286,17.485714285714288,21.700000000000003,15.0,weather_real
open-meteo:era5_seamless:-23.6:-46.8,2025,19,2025-05-11,7,5,19,131,0.7758587728069828,-0.6309066211876704,1,15.2,19.228571428571428,23.74285714285714,13.8,26.9,78.71428571428571,66.3,31.299999999999994,18.549999999999994,9.9,18.400000000000002,99.7,9.9,99.7,100.63,20.569999999999997,81.83,-10.669999999999996,17.870000000000005,15.2,19.228571428571428,31.299999999999994,15.0,weather_real
open-meteo:era5_seamless:-23.6:-46.8,2025,20,2025-05-18,7,5,20,138,0.6944521021088763,-0.719538934232584,1,13.471428571428572,17.242857142857144,21.928571428571427,10.8,25.0,82.71428571428571,53.900000000000006,18.900000000000006,6.600000000000005,0.2,10.1,72.60000000000001,0.2,72.60000000000001,99.49,18.02,78.70000000000002,-17.82,-6.1000000000000085,13.471428571428572,17.242857142857144,18.900000000000006,15.0,weather_real
open-meteo:era5_seamless:-23.6:-46.8,2025,21,2025-05-25,7,5,21,145,0.6029878670694714,-0.7977503570459932,1,14.585714285714285,18.2,22.542857142857144,12.6,25.1,82.57142857142857,59.95,24.950000000000003,11.0,15.700000000000003,15.900000000000002,35.599999999999994,15.700000000000003,35.599999999999994,92.08999999999999,16.97,79.26,-1.269999999999996,-43.66000000000001,14.585714285714285,18.2,24.950000000000003,15.0,weather_real
open-meteo:era5_seamless:-23.6:-46.8,2025,22,2025-06-01,7,6,22,152,0.5027907197793043,-0.8644081744776648,1,12.085714285714285,16.32857142857143,21.414285714285715,8.9,24.6,74.71428571428571,47.25,15.450000000000003,7.900000000000002,2.2,17.900000000000002,28.0,2.2,28.0,97.33,19.479999999999997,80.81,-17.279999999999998,-52.81,12.085714285714285,16.32857142857143,15.450000000000003,15.0,weather_real
open-meteo:era5_seamless:-23.6:-46.8,2025,23,2025-06-08,7,6,23,159,0.3953117887649151,-0.9185469991587165,1,14.585714285714287,17.599999999999998,22.15714285714285,13.9,24.9,86.57142857142857,58.599999999999994,23.599999999999994,9.799999999999997,19.7,21.9,47.7,19.7,47.7,70.88,13.66,71.92000000000002,6.039999999999999,-24.220000000000013,14.585714285714287,17.599999999999998,23.599999999999994,15.0,weather_real
open-meteo:era5_seamless:-23.6:-46.8,2025,24,2025-06-15,7,6,24,166,0.2821076626819194,-0.9593827529490743,1,10.185714285714287,13.485714285714286,17.442857142857143,7.5,21.2,83.42857142857143,26.699999999999996,1.0500000000000007,0.0,8.7,28.400000000000002,46.3,8.7,46.3,78.63,13.419999999999998,69.88000000000001,-4.719999999999999,-23.580000000000013,10.185714285714287,13.485714285714286,1.0500000000000007,15.0,weather_real
open-meteo:era5_seamless:-23.6:-46.8,2025,25,2025-06-22,7,6,25,173,0.16481784665719793,-0.9863240225317866,1,12.271428571428572,17.02857142857143,22.785714285714285,10.4,23.8,72.85714285714286,52.7,17.7,4.649999999999999,0.0,8.7,31.4,0.0,31.4,92.82000000000001,18.599999999999994,69.66,-18.599999999999994,-38.26,12.271428571428572,17.02857142857143,17.7,15.0,weather_real
open-meteo:era5_seamless:-23.6:-46.8,2025,26,2025-06-29,7,6,26,180,0.04514101777397193,-0.9989806246941579,1,11.928571428571429,16.142857142857142,21.5,3.9,24.2,75.85714285714286,47.00000000000001,18.900000000000002,9.350000000000001,23.4,23.4,51.8,23.4,51.8,91.09,18.439999999999998,68.82000000000001,4.960000000000001,-17.02000000000001,11.928571428571429,16.142857142857142,18.900000000000002,15.0,weather_real
open-meteo:era5_seamless:-23.6:-46.8,2025,27,2025-07-06,7,7,27,187,-0.07518957641475855,-0.9971692572470178,1,10.642857142857142,12.657142857142857,15.399999999999997,9.3,19.3,90.71428571428571,21.15,0.9499999999999993,0.0,6.3,29.699999999999996,47.5,6.3,47.5,54.32,9.02,63.25,-2.7199999999999998,-15.75,10.642857142857142,12.657142857142857,0.9499999999999993,15.0,weather_real
open-meteo:era5_seamless:-23.6:-46.8,2025,28,2025-07-13,7,7,28,194,-0.19443122004766195,-0.9809161537413774,1,10.671428571428573,14.257142857142858,19.32857142857143,8.1,20.8,83.71428571428571,35.0,4.050000000000001,0.0,0.0,6.300000000000001,29.799999999999997,0.0,29.799999999999997,97.22,16.16,67.62,-16.16,-37.82000000000001,10.671428571428573,14.257142857142858,4.050000000000001,15.0,weather_real
open-meteo:era5_seamless:-23.6:-46.8,2025,29,2025-07-20,7,7,29,201,-0.3108569682435036,-0.9504567035349151,1,9.457142857142856,14.400000000000002,20.47142857142857,7.5,22.5,74.28571428571429,34.75000000000001,3.200000000000003,0.0,0.0,0.0,29.700000000000003,0.0,29.700000000000003,110.30000000000001,19.539999999999996,67.38999999999999,-19.539999999999996,-37.68999999999998,9.457142857142856,14.400000000000002,3.200000000000003,15.0,weather_real
open-meteo:era5_seamless:-23.6:-46.8,2025,30,2025-07-27,7,7,30,208,-0.4227806579826773,-0.9062320427107697,1,11.7,16.3,22.028571428571432,10.4,26.3,79.28571428571429,48.05,13.049999999999999,3.5500000000000007,0.6,0.6,6.9,0.6,6.9,105.52,19.490000000000002,69.97,-18.89,-63.07,11.7,16.3,13.049999999999999,15.0,weather_real
open-meteo:era5_seamless:-23.6:-46.8,2025,31,2025-08-03,7,8,31,215,-0.5285813283559292,-0.8488826652214553,1,8.87142857142857,14.614285714285714,20.8,5.6,25.1,68.71428571428571,33.85,8.900000000000002,2.900000000000002,1.9,2.5,2.5,1.9,2.5,119.68,22.75,82.45999999999998,-20.85,-79.95999999999998,8.87142857142857,14.614285714285714,8.900000000000002,15.0,weather_real
open-meteo:era5_seamless:-23.6:-46.8,2025,32,2025-08-10,7,8,32,222,-0.6267266965083301,-0.7792391467859886,1,10.757142857142856,14.528571428571428,19.442857142857143,6.9,24.1,81.0,35.7,7.199999999999999,1.1499999999999986,5.4,7.300000000000001,7.9,5.4,7.9,84.78999999999999,15.79,82.49000000000001,-10.389999999999999,-74.59,10.757142857142856,14.528571428571428,7.199999999999999,15.0,weather_real
open-meteo:era5_seamless:-23.6:-46.8,2025,33,2025-08-17,7,8,33,229,-0.7157953492826642,-0.6983101158835584,1,9.714285714285714,13.814285714285713,19.45714285714286,7.6,23.1,79.85714285714286,32.1,4.700000000000001,0.6000000000000014,0.2,5.6000000000000005,8.1,0.2,8.1,125.68,20.560000000000002,83.66999999999999,-20.360000000000003,-75.57,9.714285714285714,13.814285714285713,4.700000000000001,15.0,weather_real
open-meteo:era5_seamless:-23.6:-46.8,2025,34,2025-08-24,7,8,34,236,-0.7944973291665992,-0.6072676460566135,1,15.157142857142857,19.95714285714286,26.385714285714283,12.4,30.3,64.71428571428571,75.4,40.400000000000006,26.600000000000005,0.0,0.2,7.5,0.0,7.5,127.75000000000001,29.11,95.04,-29.11,-87.54,15.157142857142857,19.95714285714286,40.400000000000006,15.0,weather_real
open-meteo:era5_seamless:-23.6:-46.8,2025,35,2025-08-31,7,8,35,243,-0.8616928164028522,-0.5074302810827518,1,13.914285714285715,16.900000000000002,22.414285714285715,12.9,25.0,84.71428571428571,57.15,22.15,8.149999999999999,15.600000000000001,15.600000000000001,21.200000000000003,15.600000000000001,21.200000000000003,113.7,20.310000000000002,93.25000000000001,-4.710000000000001,-72.05000000000001,13.914285714285715,16.900000000000002,22.15,15.0,weather_real
open-meteo:era5_seamless:-23.6:-46.8,2025,36,2025-09-07,7,9,36,250,-0.9164086366943458,-0.4002439388573056,1,14.257142857142856,18.285714285714285,23.414285714285715,13.6,27.4,74.85714285714286,61.85,26.85,14.900000000000002,3.0,18.6,20.7,3.0,20.7,119.26,23.540000000000003,97.21,-20.540000000000003,-76.50999999999999,14.257142857142856,18.285714285714285,26.85,15.0,weather_real
open-meteo:era5_seamless:-23.6:-46.8,2025,37,2025-09-14,7,9,37,257,-0.9578523554276669,-0.28726097055059635,1,12.928571428571429,17.914285714285715,24.82857142857143,10.5,28.7,72.57142857142857,62.15,27.15,13.8,0.1,3.1,18.900000000000006,0.1,18.900000000000006,148.17000000000002,29.470000000000002,108.39,-29.37,-89.49,12.928571428571429,17.914285714285715,27.15,15.0,weather_real
open-meteo:era5_seamless:-23.6:-46.8,2025,38,2025-09-21,7,9,38,264,-0.9854237542919524,-0.17011767832049052,1,15.285714285714286,20.24285714285714,26.814285714285717,13.4,32.4,71.0,77.35,42.349999999999994,28.34999999999999,2.5,2.6,21.200000000000006,2.5,21.200000000000006,145.34,31.39,113.74,-28.89,-92.53999999999999,15.285714285714286,20.24285714285714,42.349999999999994,15.0,weather_real
open-meteo:era5_seamless:-23.6:-46.8,2025,39,2025-09-28,7,9,39,271,-0.9987235240803972,-0.050510617185222886,1,12.542857142857143,16.314285714285713,21.285714285714285,10.1,28.4,78.0,48.400000000000006,15.9,9.2,16.4,18.9,23.499999999999996,16.4,23.499999999999996,116.73999999999998,23.160000000000004,113.68,-6.760000000000005,-90.18,12.542857142857143,16.314285714285713,15.9,15.0,weather_real
open-meteo:era5_seamless:-23.6:-46.8,2025,40,2025-10-05,7,10,40,278,-0.9975590477788613,0.06982797572987089,0,16.0,20.82857142857143,27.2,14.7,30.2,73.71428571428571,81.19999999999999,46.199999999999996,32.2,5.8999999999999995,22.3,27.5,5.8999999999999995,27.5,148.09,30.860000000000007,118.34,-24.960000000000008,-90.84,16.0,20.82857142857143,46.199999999999996,15.0,weather_real
open-meteo:era5_seamless:-23.6:-46.8,2025,41,2025-10-12,7,10,41,285,-0.981947190186646,0.18915526872004093,0,14.957142857142857,18.714285714285715,23.142857142857142,12.5,32.5,80.14285714285714,63.35,28.35000000000001,17.800000000000008,32.8,38.7,57.6,32.8,57.6,107.47,22.71,116.19999999999999,10.089999999999996,-58.59999999999999,14.957142857142857,18.714285714285715,28.35000000000001,15.0,weather_real
open-meteo:era5_seamless:-23.6:-46.8,2025,42,2025-10-19,7,10,42,292,-0.9521140536681102,0.3057430764672831,0,14.914285714285715,19.257142857142856,24.442857142857143,11.2,30.6,81.42857142857143,67.75,34.45,22.450000000000003,12.400000000000002,45.199999999999996,67.6,12.400000000000002,67.6,134.72,26.319999999999997,115.31,-13.919999999999995,-47.71000000000001,14.914285714285715,19.257142857142856,34.45,15.0,weather_real
open-meteo:era5_seamless:-23.6:-46.8,2025,43,2025-10-26,7,10,43,299,-0.9084917035725082,0.41790288888678667,0,11.942857142857145,17.042857142857144,23.385714285714283,10.1,30.7,70.71428571428571,53.650000000000006,20.550000000000004,11.800000000000004,0.0,12.4,51.099999999999994,0.0,51.099999999999994,187.39,34.33,123.51,-34.33,-72.41000000000001,11.942857142857145,17.042857142857144,20.550000000000004,15.0,weather_real
open-meteo:era5_seamless:-23.6:-46.8,2025,44,2025-11-02,7,11,44,306,-0.8517119107469189,0.5240103253675756,0,15.814285714285713,18.97142857142857,23.45714285714286,14.6,27.4,87.0,67.44999999999999,32.45,18.45,64.3,64.3,110.29999999999998,64.3,110.29999999999998,105.99,20.17,111.73,44.129999999999995,-1.430000000000021,15.814285714285713,18.97142857142857,32.45,15.0,weather_real
open-meteo:era5_seamless:-23.6:-46.8,2025,45,2025-11-09,7,11,45,313,-0.7825970017677834,0.6225286602431057,0,15.385714285714286,19.52857142857143,24.02857142857143,13.0,27.9,83.28571428571429,67.95,32.95,20.4,14.0,78.3,92.9,14.0,92.9,128.69,24.499999999999996,112.9,-10.499999999999996,-20.0,15.385714285714286,19.52857142857143,32.95,15.0,weather_real
open-meteo:era5_seamless:-23.6:-46.8,2025,46,2025-11-16,7,11,46,320,-0.7021479494046978,0.7120310787787131,0,14.414285714285715,18.45714285714286,23.471428571428568,10.5,27.7,80.57142857142857,62.599999999999994,27.6,15.149999999999999,11.5,25.5,97.5,11.5,97.5,146.5,27.07,110.77999999999999,-15.57,-13.279999999999987,14.414285714285715,18.45714285714286,27.6,15.0,weather_real
open-meteo:era5_seamless:-23.6:-46.8,2025,47,2025-11-23,7,11,47,327,-0.6115298757991053,0.7912213413483807,0,15.885714285714286,19.8,24.714285714285715,12.4,28.2,79.14285714285714,72.1,37.1,23.099999999999998,26.099999999999998,37.6,115.89999999999999,26.099999999999998,115.89999999999999,154.26,29.47,112.67999999999999,-3.370000000000001,3.219999999999999,15.885714285714286,19.8,37.1,15.0,weather_real
open-meteo:era5_seamless:-23.6:-46.8,2025,48,2025-11-30,7,11,48,334,-0.5120551783114646,0.8589525565270845,0,14.400000000000002,19.25714285714286,25.185714285714283,11.9,30.2,78.28571428571429,68.55,33.55,19.549999999999997,10.0,36.1,79.3,10.0,79.3,187.86,34.95,122.03,-24.950000000000003,-42.730000000000004,14.400000000000002,19.25714285714286,33.55,15.0,weather_real
open-meteo:era5_seamless:-23.6:-46.8,2025,49,2025-12-07,7,12,49,341,-0.4051645224207563,0.9142437912130223,0,17.142857142857142,21.342857142857145,27.185714285714287,14.8,29.9,81.28571428571429,85.14999999999999,50.150000000000006,36.150000000000006,19.8,29.8,74.30000000000001,19.8,74.30000000000001,165.03,32.260000000000005,129.12,-12.460000000000004,-54.81999999999999,17.142857142857142,21.342857142857145,50.150000000000006,15.0,weather_real
open-meteo:era5_seamless:-23.6:-46.8,2025,50,2025-12-14,7,12,50,348,-0.29240597695107734,0.9562942772197719,0,19.057142857142857,21.78571428571429,25.542857142857144,16.4,27.9,79.85714285714286,86.1,51.1,37.1,72.1,91.9,134.29999999999998,72.1,134.29999999999998,124.75,26.4,128.8,45.699999999999996,5.499999999999972,19.057142857142857,21.78571428571429,51.1,15.0,weather_real
open-meteo:era5_seamless:-23.6:-46.8,2025,51,2025-12-21,7,12,51,355,-0.17541259380427843,0.9844950085880858,0,17.085714285714282,20.62857142857143,24.842857142857145,14.9,28.5,82.85714285714286,76.75,41.75,27.75,31.899999999999995,104.0,138.9,31.899999999999995,138.9,137.45,26.95,128.67,4.949999999999996,10.230000000000018,17.085714285714282,20.62857142857143,41.75,15.0,weather_real
open-meteo:era5_seamless:-23.6:-46.8,2025,52,2025-12-28,7,12,52,362,-0.05587875690537313,0.9984375616565666,0,20.814285714285713,25.571428571428573,30.557142857142853,19.3,32.6,69.28571428571429,109.8,74.80000000000001,60.800000000000004,5.6,37.49999999999999,129.4,5.6,129.4,182.22,39.27,137.2,-33.67,-7.799999999999983,20.814285714285713,25.571428571428573,74.80000000000001,15.0,weather_real
open-meteo:era5_seamless:-23.6:-46.8,2026,1,2026-01-04,7,1,1,4,0.06875540848113941,0.9976335468520451,0,20.3,23.557142857142857,28.0,17.4,30.9,81.71428571428571,99.05000000000001,64.05,50.05,28.9,34.5,141.2,28.9,141.2,150.92000000000002,30.39,132.95999999999998,-1.490000000000002,8.240000000000009,20.3,23.557142857142857,64.05,15.0,weather_real
open-meteo:era5_seamless:-23.6:-46.8,2026,2,2026-01-11,7,1,2,11,0.18809941761179758,0.9821499931752291,0,17.814285714285713,22.4,27.62857142857143,15.4,31.7,76.85714285714286,89.05,54.05,40.05,18.1,47.00000000000001,105.3,18.1,105.3,172.95,34.93000000000001,136.03,-16.830000000000005,-30.730000000000004,17.814285714285713,22.4,54.05,15.0,weather_real
open-meteo:era5_seamless:-23.6:-46.8,2026,3,2026-01-18,7,1,3,18,0.3047192331091634,0.9524422234305676,0,19.314285714285713,22.499999999999996,26.885714285714283,18.8,31.0,81.28571428571429,91.70000000000002,56.7,42.7,35.6,53.70000000000001,88.89999999999999,35.6,88.89999999999999,132.91000000000003,27.11,141.53,8.490000000000002,-52.63000000000001,19.314285714285713,22.499999999999996,56.7,15.0,weather_real
open-meteo:era5_seamless:-23.6:-46.8,2026,4,2026-01-25,7,1,4,25,0.4169258813287287,0.908940487313808,0,15.928571428571429,18.428571428571427,21.742857142857144,14.6,24.1,87.57142857142857,61.849999999999994,26.85,12.950000000000003,38.9,74.50000000000001,126.30000000000003,38.9,126.30000000000003,113.37,20.23,124.29,18.669999999999998,2.0100000000000193,15.928571428571429,18.428571428571427,26.85,15.0,weather_real
open-meteo:era5_seamless:-23.6:-46.8,2026,5,2026-02-01,7,2,5,32,0.5230943033491326,0.8522748088519838,0,18.228571428571428,21.642857142857146,26.042857142857144,17.5,27.5,86.0,84.95,49.95,35.95,60.4,99.30000000000001,156.50000000000003,60.4,156.50000000000003,143.8,27.13,117.55999999999999,33.269999999999996,38.94000000000004,18.228571428571428,21.642857142857146,49.95,15.0,weather_real
open-meteo:era5_seamless:-23.6:-46.8,2026,6,2026-02-08,7,2,6,39,0.6216868902665479,0.7832658619336791,0,19.414285714285715,21.52857142857143,25.214285714285715,18.7,26.2,89.42857142857143,86.2,51.2,37.2,96.4,156.8,231.30000000000004,96.4,231.30000000000004,101.26999999999998,19.78,106.69000000000001,76.62,124.61000000000003,19.414285714285715,21.52857142857143,51.2,15.0,weather_real
open-meteo:era5_seamless:-23.6:-46.8,2026,7,2026-02-15,7,2,7,46,0.7112757519738152,0.7029130847082615,0,19.228571428571428,22.142857142857142,26.2,18.4,29.3,83.14285714285714,89.0,54.0,40.00000000000001,34.3,130.70000000000002,240.8,34.3,240.8,126.29999999999998,25.589999999999996,99.31,8.71,141.49,19.228571428571428,22.142857142857142,54.0,15.0,weather_real
open-meteo:era5_seamless:-23.6:-46.8,2026,8,2026-02-22,7,2,8,53,0.7905633969115482,0.612380204990065,0,19.5,22.814285714285717,27.01428571428571,18.3,30.0,84.14285714285714,92.79999999999998,57.79999999999998,43.79999999999998,16.200000000000003,50.49999999999999,214.60000000000002,16.200000000000003,214.60000000000002,147.47,28.92,108.57000000000002,-12.719999999999999,106.03,19.5,22.814285714285717,57.79999999999998,15.0,weather_real
open-meteo:era5_seamless:-23.6:-46.8,2026,9,2026-03-01,7,3,9,60,0.8584015232918917,0.512978386299228,0,17.714285714285715,20.24285714285714,23.87142857142857,14.7,27.0,87.42857142857143,75.54999999999998,40.54999999999999,26.549999999999994,53.400000000000006,69.6,209.3,53.400000000000006,209.3,117.32999999999998,21.56,103.69000000000003,31.840000000000007,105.60999999999999,17.714285714285715,20.24285714285714,40.54999999999999,15.0,weather_real
open-meteo:era5_seamless:-23.6:-46.8,2026,10,2026-03-08,7,3,10,67,0.9138076496466615,0.4061472386305789,0,16.528571428571432,20.214285714285715,25.471428571428568,13.4,27.5,85.0,77.0,42.0,28.0,37.8,91.2,182.2,37.8,182.2,150.53000000000003,28.020000000000003,109.61000000000001,9.779999999999994,72.58999999999997,16.528571428571432,20.214285714285715,42.0,15.0,weather_real
open-meteo:era5_seamless:-23.6:-46.8,2026,11,2026-03-15,7,3,11,74,0.9559793438440766,0.2934339689665273,0,17.485714285714288,20.057142857142857,22.985714285714288,14.7,26.9,90.0,71.65,36.650000000000006,22.650000000000006,66.9,104.7,175.1,66.9,175.1,76.78999999999999,15.21,103.64000000000003,51.690000000000005,71.45999999999997,17.485714285714288,20.057142857142857,36.650000000000006,15.0,weather_real
open-meteo:era5_seamless:-23.6:-46.8,2026,12,2026-03-22,7,3,12,81,0.984305844499033,0.17647097349152166,0,17.82857142857143,21.900000000000002,26.88571428571429,16.2,28.9,83.0,86.5,51.5,37.5,23.299999999999997,90.20000000000002,187.8,23.299999999999997,187.8,143.09,28.0,98.90999999999998,-4.700000000000003,88.89000000000003,17.82857142857143,21.900000000000002,51.5,15.0,weather_real
open-meteo:era5_seamless:-23.6:-46.8,2026,13,2026-03-29,7,3,13,88,0.998376906467142,0.056952196034039754,0,17.599999999999998,21.685714285714287,27.114285714285717,16.6,27.7,83.14285714285714,86.5,51.5,37.5,3.4000000000000004,26.699999999999996,131.39999999999998,3.4000000000000004,131.39999999999998,156.14,30.06,108.15000000000002,-26.659999999999997,23.249999999999957,17.599999999999998,21.685714285714287,51.5,15.0,weather_real
open-meteo:era5_seamless:-23.6:-46.8,2026,14,2026-04-05,7,4,14,95,0.9979887423155984,-0.06339140486951038,1,17.77142857142857,21.1,25.642857142857146,16.3,27.6,83.14285714285714,81.95000000000002,46.949999999999996,32.95,27.1,30.500000000000004,138.9,27.1,138.9,126.18000000000002,24.150000000000002,104.91,2.9499999999999993,33.99000000000001,17.77142857142857,21.1,46.949999999999996,15.0,weather_real
open-meteo:era5_seamless:-23.6:-46.8,2026,15,2026-04-12,7,4,15,102,0.9831469737221499,-0.1828169249850199,1,17.157142857142855,20.085714285714285,23.88571428571429,14.2,25.6,84.14285714285714,73.65,38.65,24.649999999999995,8.1,35.2,62.300000000000004,8.1,62.300000000000004,108.30999999999999,20.8,111.70999999999998,-12.700000000000001,-49.409999999999975,17.157142857142855,20.085714285714285,38.65,15.0,weather_real
open-meteo:era5_seamless:-23.6:-46.8,2026,16,2026-04-19,7,4,16,109,0.9540665500578387,-0.2995947563972602,1,15.7,20.0,25.328571428571426,13.8,27.5,78.85714285714286,73.6,38.599999999999994,24.599999999999994,5.1000000000000005,13.2,43.7,5.1000000000000005,43.7,136.68,26.03,109.78,-20.93,-66.08,15.7,20.0,38.599999999999994,15.0,weather_real
open-meteo:era5_seamless:-23.6:-46.8,2026,17,2026-04-26,7,4,17,116,0.9111686353326631,-0.41203363695942635,1,15.328571428571433,19.814285714285713,25.428571428571423,13.7,29.1,76.85714285714286,72.65,37.65,23.65,0.0,5.1000000000000005,40.3,0.0,40.3,133.66,26.42,106.48,-26.42,-66.18,15.328571428571433,19.814285714285713,37.65,15.0,weather_real
open-meteo:era5_seamless:-23.6:-46.8,2026,18,2026-05-03,7,5,18,123,0.8550745085896932,-0.518505144391157,1,17.571428571428573,20.414285714285715,24.914285714285715,14.8,27.3,84.85714285714286,78.69999999999999,43.699999999999996,29.7,30.400000000000002,30.400000000000002,45.199999999999996,30.400000000000002,45.199999999999996,89.35000000000001,18.009999999999998,98.03,12.390000000000004,-52.830000000000005,17.571428571428573,20.414285714285715,43.699999999999996,15.0,weather_real
open-meteo:era5_seamless:-23.6:-46.8,2026,19,2026-05-10,7,5,19,130,0.7865965660866021,-0.6174672802835514,1,16.42857142857143,20.328571428571426,25.214285714285715,12.0,27.5,75.14285714285714,75.75000000000001,40.800000000000004,28.8,10.8,41.2,46.30000000000001,10.8,46.30000000000001,94.35,21.62,99.44,-10.82,-53.139999999999986,16.42857142857143,20.328571428571426,40.800000000000004,15.0,weather_real
open-meteo:era5_seamless:-23.6:-46.8,2026,20,2026-05-17,7,5,20,137,0.7067265555776158,-0.7074868024503348,1,11.700000000000001,16.2,21.857142857142854,8.3,24.7,82.57142857142857,47.45,14.549999999999997,6.049999999999997,21.6,32.4,67.5,21.6,67.5,99.53999999999999,17.39,90.90000000000002,4.210000000000001,-23.40000000000002,11.700000000000001,16.2,14.549999999999997,15.0,weather_real
open-meteo:era5_seamless:-23.6:-46.8,2026,21,2026-05-24,7,5,21,144,0.6166212130956382,-0.7872599821916922,1,14.299999999999997,15.942857142857147,18.342857142857138,12.6,21.2,92.42857142857143,44.24999999999999,10.299999999999997,1.7999999999999972,41.0,62.60000000000001,103.8,41.0,103.8,47.48,8.6,74.25999999999998,32.4,29.54000000000002,14.299999999999997,15.942857142857147,10.299999999999997,15.0,weather_real
open-meteo:era5_seamless:-23.6:-46.8,2026,22,2026-05-31,7,5,22,151,0.5175855102531889,-0.8556314858488706,1,13.928571428571429,16.61428571428571,20.428571428571427,11.6,24.2,87.85714285714286,50.25,15.250000000000004,5.100000000000001,3.2,44.2,78.69999999999999,3.2,78.69999999999999,77.52,13.43,66.02,-10.23,12.679999999999993,13.928571428571429,16.61428571428571,15.250000000000004,15.0,weather_real
open-meteo:era5_seamless:-23.6:-46.8,2026,23,2026-06-07,7,6,23,158,0.4110537546870351,-0.9116111071930239,1,11.757142857142858,14.828571428571431,19.314285714285713,8.9,20.5,84.71428571428571,38.75,4.1,0.0,0.0,3.2,75.80000000000001,0.0,75.80000000000001,92.24,15.23,58.6,-15.23,17.20000000000001,11.757142857142858,14.828571428571431,4.1,15.0,weather_real
open-meteo:era5_seamless:-23.6:-46.8,2026,24,2026-06-14,7,6,24,165,0.2985688173637202,-0.9543881083175908,1,13.142857142857142,16.571428571428573,20.942857142857147,9.4,22.2,82.14285714285714,49.3,14.3,3.0500000000000007,21.699999999999996,21.699999999999996,80.9,21.699999999999996,80.9,74.64999999999999,14.1,55.62,7.599999999999996,25.28000000000001,13.142857142857142,16.571428571428573,14.3,15.0,weather_real
open-meteo:era5_seamless:-23.6:-46.8,2026,25,2026-06-21,7,6,25,172,0.18175978759137534,-0.9833429613388902,1,11.428571428571429,14.614285714285714,18.785714285714285,8.3,22.4,83.85714285714286,35.75,3.299999999999999,0.4499999999999993,8.9,30.599999999999998,59.79999999999999,8.9,59.79999999999999,77.22999999999999,13.5,59.11000000000001,-4.6,0.6899999999999835,11.428571428571429,14.614285714285714,3.299999999999999,15.0,weather_real
open-meteo:era5_seamless:-23.6:-46.8,2026,26,2026-06-28,7,6,26,179,0.062318379354325076,-0.998056320853012,1,11.5,15.271428571428572,19.37142857142857,9.2,24.2,86.0,38.05,9.300000000000002,2.650000000000002,55.800000000000004,64.69999999999999,86.89999999999999,55.800000000000004,86.89999999999999,61.3,12.29,58.15999999999999,43.510000000000005,28.740000000000002,11.5,15.271428571428572,9.300000000000002,15.0,weather_real
open-meteo:era5_seamless:-23.6:-46.8,2026,27,2026-07-05,7,7,27,186,-0.05802556932878035,-0.9983150972033183,1,13.257142857142856,16.95714285714286,21.97142857142857,11.6,24.5,80.71428571428571,53.30000000000001,19.000000000000004,9.150000000000002,0.2,56.0,86.6,0.2,86.6,92.89,17.43,62.4,-17.23,24.199999999999996,13.257142857142856,16.95714285714286,19.000000000000004,15.0,weather_real
open-meteo:era5_seamless:-23.6:-46.8,2026,28,2026-07-12,7,7,28,193,-0.17752914918703497,-0.984115542601034,1,11.057142857142859,15.6,21.12857142857143,9.6,24.7,79.42857142857143,42.65,7.9499999999999975,0.6999999999999993,3.3,3.5,73.2,3.3,73.2,93.95,17.26,62.58,-13.96,10.620000000000005,11.057142857142859,15.6,7.9499999999999975,15.0,weather_real
open-meteo:era5_seamless:-23.6:-46.8,2026,29,2026-07-19,7,7,29,200,-0.2944616217868012,-0.9556633054034704,1,9.614285714285714,14.157142857142857,19.87142857142857,7.4,22.9,70.71428571428571,33.2,5.550000000000001,0.8500000000000014,0.3,3.6,62.099999999999994,0.3,62.099999999999994,102.17,19.959999999999997,71.6,-19.659999999999997,-9.5,9.614285714285714,14.157142857142857,5.550000000000001,15.0,weather_real
open-meteo:era5_seamless:-23.6:-46.8,2026,30,2026-07-26,7,7,30,207,-0.4071294853542516,-0.9133704517637858,1,13.485714285714284,17.12857142857143,22.24285714285714,12.3,26.1,74.57142857142857,55.05,20.500000000000004,8.950000000000003,15.899999999999999,16.2,19.7,15.899999999999999,19.7,90.55,19.009999999999998,78.85000000000001,-3.1099999999999994,-59.150000000000006,13.485714285714284,17.12857142857143,20.500000000000004,15.0,weather_real
open-meteo:era5_seamless:-23.6:-46.8,2026,31,2026-08-02,7,8,31,214,-0.5139010013093103,-0.8578494977869301,1,12.385714285714286,17.671428571428574,24.371428571428574,10.2,27.7,74.14285714285714,58.64999999999999,23.65,10.450000000000003,0.8,16.7,20.3,0.8,20.3,116.58000000000001,22.59,81.87,-21.79,-61.57000000000001,12.385714285714286,17.671428571428574,23.65,15.0,weather_real
open-meteo:era5_seamless:-23.6:-46.8,2026,32,2026-08-09,7,8,32,221,-0.6132298262997502,-0.7899045386224707,1,14.72857142857143,19.571428571428573,24.657142857142855,12.3,26.6,70.85714285714286,67.85,32.849999999999994,18.849999999999998,5.7,6.5,24.499999999999996,5.7,24.499999999999996,93.44,21.919999999999998,88.97,-16.22,-64.47,14.72857142857143,19.571428571428573,32.849999999999994,15.0,weather_real
open-meteo:era5_seamless:-23.6:-46.8,2026,33,2026-08-16,7,8,33,228,-0.7036774074790128,-0.7105196029692745,1,14.457142857142859,17.7,22.271428571428572,12.0,28.4,85.14285714285714,58.55,25.299999999999997,15.299999999999997,6.6,12.299999999999999,29.0,6.6,29.0,86.14,16.74,87.94000000000001,-10.139999999999999,-58.94000000000001,14.457142857142859,17.7,25.299999999999997,15.0,weather_real
open-meteo:era5_seamless:-23.6:-46.8,2026,34,2026-08-23,7,8,34,235,-0.7839338166829201,-0.620844401650647,1,14.114285714285716,19.685714285714287,25.87142857142857,11.9,29.6,69.14285714285714,69.95,34.95,21.900000000000002,0.3,6.8999999999999995,13.399999999999999,0.3,13.399999999999999,134.24,27.46,93.25999999999999,-27.16,-79.85999999999999,14.114285714285716,19.685714285714287,34.95,15.0,weather_real
open-meteo:era5_seamless:-23.6:-46.8,2026,35,2026-08-30,7,8,35,242,-0.8528367217694595,-0.522177676659508,1,15.742857142857142,19.857142857142858,25.58571428571429,12.6,30.9,74.71428571428571,74.65,39.650000000000006,26.85000000000001,2.8,3.1,15.399999999999997,2.8,15.399999999999997,107.16,23.400000000000002,96.45000000000002,-20.6,-81.05000000000003,15.742857142857142,19.857142857142858,39.650000000000006,15.0,weather_real
open-meteo:era5_seamless:-23.6:-46.8,2026,36,2026-09-01,2,9,36,244,-0.8702939222685674,-0.49253272872205434,1,16.35,20.75,25.4,15.1,27.6,83.5,21.75,11.75,7.75,33.4,33.9,46.2,33.4,46.2,102.42,23.230000000000004,93.67,10.169999999999995,-47.47,16.77142857142857,21.4,11.75,15.0,weather_real
